2023-03-20 09:28:53,617 - freqtrade.loggers - INFO - Verbosity set to 0
2023-03-20 09:28:53,619 - freqtrade.configuration.configuration - INFO - Runmode set to dry_run.
2023-03-20 09:28:53,619 - freqtrade.configuration.configuration - INFO - Parameter --db-url detected ...
2023-03-20 09:28:53,620 - freqtrade.configuration.configuration - INFO - Dry run is enabled
2023-03-20 09:28:53,620 - freqtrade.configuration.configuration - INFO - Using DB: "sqlite:////freqtrade/user_data/tradesv3.sqlite"
2023-03-20 09:28:53,620 - freqtrade.configuration.configuration - INFO - Using max_open_trades: 3 ...
2023-03-20 09:28:53,793 - freqtrade.configuration.configuration - INFO - Using user-data directory: /freqtrade/user_data ...
2023-03-20 09:28:53,795 - freqtrade.configuration.configuration - INFO - Using data directory: /freqtrade/user_data/data/kucoin ...
2023-03-20 09:28:53,801 - freqtrade.exchange.check_exchange - INFO - Checking exchange...
2023-03-20 09:28:53,861 - freqtrade.exchange.check_exchange - WARNING - Exchange "kucoin" is known to the the ccxt library, available for the bot, but not officially supported by the Freqtrade development team. It may work flawlessly (please report back) or have serious issues. Use it at your own discretion.
2023-03-20 09:28:53,865 - freqtrade.configuration.configuration - INFO - Using pairlist from configuration.
2023-03-20 09:28:53,976 - freqtrade.resolvers.iresolver - INFO - Using resolved strategy SampleStrategy from '/freqtrade/user_data/strategies/sample_strategy.py'...
2023-03-20 09:28:53,978 - freqtrade.strategy.hyper - INFO - Found no parameter file.
2023-03-20 09:28:53,980 - freqtrade.resolvers.strategy_resolver - INFO - Override strategy 'stake_currency' with value in config file: USDT.
2023-03-20 09:28:53,981 - freqtrade.resolvers.strategy_resolver - INFO - Override strategy 'stake_amount' with value in config file: unlimited.
2023-03-20 09:28:53,981 - freqtrade.resolvers.strategy_resolver - INFO - Override strategy 'unfilledtimeout' with value in config file: {'entry': 10, 'exit': 10, 'exit_timeout_count': 0, 'unit': 'minutes'}.
2023-03-20 09:28:53,985 - freqtrade.resolvers.strategy_resolver - INFO - Override strategy 'max_open_trades' with value in config file: 3.
2023-03-20 09:28:53,986 - freqtrade.resolvers.strategy_resolver - INFO - Strategy using minimal_roi: {'60': 0.01, '30': 0.02, '0': 0.04}
2023-03-20 09:28:53,986 - freqtrade.resolvers.strategy_resolver - INFO - Strategy using timeframe: 5m
2023-03-20 09:28:53,987 - freqtrade.resolvers.strategy_resolver - INFO - Strategy using stoploss: -0.1
2023-03-20 09:28:53,988 - freqtrade.resolvers.strategy_resolver - INFO - Strategy using trailing_stop: False
2023-03-20 09:28:53,989 - freqtrade.resolvers.strategy_resolver - INFO - Strategy using trailing_stop_positive_offset: 0.0
2023-03-20 09:28:53,989 - freqtrade.resolvers.strategy_resolver - INFO - Strategy using trailing_only_offset_is_reached: False
2023-03-20 09:28:53,990 - freqtrade.resolvers.strategy_resolver - INFO - Strategy using use_custom_stoploss: False
2023-03-20 09:28:53,991 - freqtrade.resolvers.strategy_resolver - INFO - Strategy using process_only_new_candles: True
2023-03-20 09:28:53,992 - freqtrade.resolvers.strategy_resolver - INFO - Strategy using order_types: {'entry': 'limit', 'exit': 'limit', 'stoploss': 'market', 'stoploss_on_exchange': False}
2023-03-20 09:28:53,992 - freqtrade.resolvers.strategy_resolver - INFO - Strategy using order_time_in_force: {'entry': 'GTC', 'exit': 'GTC'}
2023-03-20 09:28:53,993 - freqtrade.resolvers.strategy_resolver - INFO - Strategy using stake_currency: USDT
2023-03-20 09:28:53,994 - freqtrade.resolvers.strategy_resolver - INFO - Strategy using stake_amount: unlimited
2023-03-20 09:28:54,000 - freqtrade.resolvers.strategy_resolver - INFO - Strategy using protections: []
2023-03-20 09:28:54,001 - freqtrade.resolvers.strategy_resolver - INFO - Strategy using startup_candle_count: 30
2023-03-20 09:28:54,001 - freqtrade.resolvers.strategy_resolver - INFO - Strategy using unfilledtimeout: {'entry': 10, 'exit': 10, 'exit_timeout_count': 0, 'unit': 'minutes'}
2023-03-20 09:28:54,002 - freqtrade.resolvers.strategy_resolver - INFO - Strategy using use_exit_signal: True
2023-03-20 09:28:54,003 - freqtrade.resolvers.strategy_resolver - INFO - Strategy using exit_profit_only: False
2023-03-20 09:28:54,005 - freqtrade.resolvers.strategy_resolver - INFO - Strategy using ignore_roi_if_entry_signal: False
2023-03-20 09:28:54,006 - freqtrade.resolvers.strategy_resolver - INFO - Strategy using exit_profit_offset: 0.0
2023-03-20 09:28:54,007 - freqtrade.resolvers.strategy_resolver - INFO - Strategy using disable_dataframe_checks: False
2023-03-20 09:28:54,008 - freqtrade.resolvers.strategy_resolver - INFO - Strategy using ignore_buying_expired_candle_after: 0
2023-03-20 09:28:54,013 - freqtrade.resolvers.strategy_resolver - INFO - Strategy using position_adjustment_enable: False
2023-03-20 09:28:54,014 - freqtrade.resolvers.strategy_resolver - INFO - Strategy using max_entry_position_adjustment: -1
2023-03-20 09:28:54,015 - freqtrade.resolvers.strategy_resolver - INFO - Strategy using max_open_trades: 3
2023-03-20 09:28:54,016 - freqtrade.configuration.config_validation - INFO - Validating configuration ...
2023-03-20 09:28:54,056 - freqtrade.exchange.exchange - INFO - Instance is running with dry_run enabled
2023-03-20 09:28:54,057 - freqtrade.exchange.exchange - INFO - Using CCXT 2.7.12
2023-03-20 09:28:54,080 - freqtrade.exchange.exchange - INFO - Using Exchange "KuCoin"
2023-03-20 09:28:56,882 - freqtrade.resolvers.exchange_resolver - INFO - Using resolved exchange 'Kucoin'...
2023-03-20 09:28:57,061 - freqtrade.wallets - INFO - Wallets synced.
2023-03-20 09:28:57,104 - freqtrade.resolvers.iresolver - INFO - Using resolved pairlist VolumePairList from '/freqtrade/freqtrade/plugins/pairlist/VolumePairList.py'...
2023-03-20 09:28:57,269 - freqtrade.rpc.rpc_manager - INFO - Enabling rpc.api_server
2023-03-20 09:28:58,258 - freqtrade.rpc.api_server.webserver - INFO - Starting HTTP Server at 0.0.0.0:8080
2023-03-20 09:28:58,261 - freqtrade.rpc.api_server.webserver - WARNING - SECURITY WARNING - Local Rest Server listening to external connections
2023-03-20 09:28:58,261 - freqtrade.rpc.api_server.webserver - WARNING - SECURITY WARNING - This is insecure please set to your loopback,e.g 127.0.0.1 in config.json
2023-03-20 09:28:58,261 - freqtrade.rpc.api_server.webserver - INFO - Starting Local Rest Server.
2023-03-20 09:28:58,299 - uvicorn.error - INFO - Started server process [1]
2023-03-20 09:28:58,301 - uvicorn.error - INFO - Waiting for application startup.
2023-03-20 09:28:58,302 - uvicorn.error - INFO - Application startup complete.
2023-03-20 09:28:58,304 - uvicorn.error - INFO - Uvicorn running on http://0.0.0.0:8080 (Press CTRL+C to quit)
2023-03-20 09:28:58,332 - freqtrade.resolvers.iresolver - INFO - Using resolved pairlist VolumePairList from '/freqtrade/freqtrade/plugins/pairlist/VolumePairList.py'...
2023-03-20 09:28:59,079 - freqtrade.plugins.pairlistmanager - INFO - Whitelist with 20 pairs: ['BTC/USDT', 'ETH/USDT', 'SOL/USDT', 'XRP/USDT', 'FTM/USDT', 'CFX/USDT', 'MATIC/USDT', 'VRA/USDT', 'AGIX/USDT', 'STX/USDT', 'SHIB/USDT', 'OP/USDT', 'LTC/USDT', 'BNB/USDT', 'ADA/USDT', 'TON/USDT', 'USDC/USDT', 'DOGE/USDT', 'RNDR/USDT', 'ACH/USDT']
2023-03-20 09:28:59,080 - freqtrade.strategy.hyper - INFO - No params for buy found, using default values.
2023-03-20 09:28:59,081 - freqtrade.strategy.hyper - INFO - Strategy Parameter(default): buy_rsi = 30
2023-03-20 09:28:59,081 - freqtrade.strategy.hyper - INFO - Strategy Parameter(default): exit_short_rsi = 30
2023-03-20 09:28:59,082 - freqtrade.strategy.hyper - INFO - No params for sell found, using default values.
2023-03-20 09:28:59,083 - freqtrade.strategy.hyper - INFO - Strategy Parameter(default): sell_rsi = 70
2023-03-20 09:28:59,083 - freqtrade.strategy.hyper - INFO - Strategy Parameter(default): short_rsi = 70
2023-03-20 09:28:59,083 - freqtrade.strategy.hyper - INFO - No params for protection found, using default values.
2023-03-20 09:28:59,084 - freqtrade.plugins.protectionmanager - INFO - No protection Handlers defined.
2023-03-20 09:28:59,087 - freqtrade.rpc.rpc_manager - INFO - Sending rpc message: {'type': status, 'status': 'running'}
2023-03-20 09:28:59,088 - freqtrade.worker - INFO - Changing state to: RUNNING
2023-03-20 09:28:59,088 - freqtrade.rpc.rpc_manager - INFO - Sending rpc message: {'type': warning, 'status': 'Dry run is enabled. All trades are simulated.'}
2023-03-20 09:28:59,089 - freqtrade.rpc.rpc_manager - INFO - Sending rpc message: {'type': startup, 'status': "*Exchange:* `kucoin`\n*Stake per trade:* `unlimited USDT`\n*Minimum ROI:* `{'60': 0.01, '30': 0.02, '0': 0.04}`\n*Stoploss:* `-0.1`\n*Position adjustment:* `Off`\n*Timeframe:* `5m`\n*Strategy:* `SampleStrategy`"}
2023-03-20 09:28:59,089 - freqtrade.rpc.rpc_manager - INFO - Sending rpc message: {'type': startup, 'status': "Searching for USDT pairs to buy and sell based on [{'VolumePairList': 'VolumePairList - top 20 volume pairs.'}]"}
2023-03-20 09:29:04,101 - freqtrade.worker - INFO - Bot heartbeat. PID=1, version='2023.1', state='RUNNING'
2023-03-20 09:29:19,196 - uvicorn.error - INFO - ('172.18.0.1', 45858) - "WebSocket /api/v1/message/ws?token=eyJhbGciOiJIUzI1NiIsInR5cCI6IkpXVCJ9.eyJpZGVudGl0eSI6eyJ1IjoiZnJlcXRyYWRlciJ9LCJleHAiOjE2NzkzMDU0NTgsImlhdCI6MTY3OTMwNDU1OCwidHlwZSI6ImFjY2VzcyJ9.l9ECrJFPeqAaa7LQavPhH5nKk6-KBNgSmY2SVwyiILY" [accepted]
2023-03-20 09:29:19,200 - freqtrade.rpc.api_server.ws.channel - INFO - Connected to channel - WebSocketChannel(d89e23c1, ('172.18.0.1', 45858))
2023-03-20 09:29:19,203 - uvicorn.error - INFO - connection open
2023-03-20 09:30:06,012 - freqtrade.worker - INFO - Bot heartbeat. PID=1, version='2023.1', state='RUNNING'
2023-03-20 09:30:06,657 - freqtrade.exchange.common - WARNING - Kucoin 429 error, avoid triggering DDosProtection backoff delay. 3 tries left before giving up
2023-03-20 09:31:06,067 - freqtrade.worker - INFO - Bot heartbeat. PID=1, version='2023.1', state='RUNNING'
2023-03-20 09:32:06,131 - freqtrade.worker - INFO - Bot heartbeat. PID=1, version='2023.1', state='RUNNING'
2023-03-20 09:33:06,194 - freqtrade.worker - INFO - Bot heartbeat. PID=1, version='2023.1', state='RUNNING'
2023-03-20 09:34:06,256 - freqtrade.worker - INFO - Bot heartbeat. PID=1, version='2023.1', state='RUNNING'
2023-03-20 09:35:11,009 - freqtrade.worker - INFO - Bot heartbeat. PID=1, version='2023.1', state='RUNNING'
2023-03-20 09:36:11,061 - freqtrade.worker - INFO - Bot heartbeat. PID=1, version='2023.1', state='RUNNING'
2023-03-20 09:37:11,119 - freqtrade.worker - INFO - Bot heartbeat. PID=1, version='2023.1', state='RUNNING'
2023-03-20 09:38:11,173 - freqtrade.worker - INFO - Bot heartbeat. PID=1, version='2023.1', state='RUNNING'
2023-03-20 09:39:11,239 - freqtrade.worker - INFO - Bot heartbeat. PID=1, version='2023.1', state='RUNNING'
2023-03-20 09:40:16,013 - freqtrade.worker - INFO - Bot heartbeat. PID=1, version='2023.1', state='RUNNING'
2023-03-20 09:41:16,081 - freqtrade.worker - INFO - Bot heartbeat. PID=1, version='2023.1', state='RUNNING'
2023-03-20 09:42:16,146 - freqtrade.worker - INFO - Bot heartbeat. PID=1, version='2023.1', state='RUNNING'
2023-03-20 09:43:16,210 - freqtrade.worker - INFO - Bot heartbeat. PID=1, version='2023.1', state='RUNNING'
2023-03-20 09:44:16,275 - freqtrade.worker - INFO - Bot heartbeat. PID=1, version='2023.1', state='RUNNING'
2023-03-20 09:45:17,252 - freqtrade.rpc.api_server.ws.channel - INFO - Disconnected from channel - WebSocketChannel(d89e23c1, ('172.18.0.1', 45858))
2023-03-20 09:45:17,254 - uvicorn.error - INFO - connection closed
2023-03-20 09:45:21,017 - freqtrade.worker - INFO - Bot heartbeat. PID=1, version='2023.1', state='RUNNING'
2023-03-20 09:46:21,073 - freqtrade.worker - INFO - Bot heartbeat. PID=1, version='2023.1', state='RUNNING'
2023-03-20 09:47:21,148 - freqtrade.worker - INFO - Bot heartbeat. PID=1, version='2023.1', state='RUNNING'
2023-03-20 09:48:21,219 - freqtrade.worker - INFO - Bot heartbeat. PID=1, version='2023.1', state='RUNNING'
2023-03-20 09:49:21,288 - freqtrade.worker - INFO - Bot heartbeat. PID=1, version='2023.1', state='RUNNING'
2023-03-20 09:50:26,021 - freqtrade.worker - INFO - Bot heartbeat. PID=1, version='2023.1', state='RUNNING'
2023-03-20 09:51:26,080 - freqtrade.worker - INFO - Bot heartbeat. PID=1, version='2023.1', state='RUNNING'
2023-03-20 09:57:12,869 - freqtrade.loggers - INFO - Verbosity set to 0
2023-03-20 09:57:12,871 - freqtrade.configuration.configuration - INFO - Runmode set to dry_run.
2023-03-20 09:57:12,871 - freqtrade.configuration.configuration - INFO - Parameter --db-url detected ...
2023-03-20 09:57:12,872 - freqtrade.configuration.configuration - INFO - Dry run is enabled
2023-03-20 09:57:12,872 - freqtrade.configuration.configuration - INFO - Using DB: "sqlite:////freqtrade/user_data/tradesv3.sqlite"
2023-03-20 09:57:12,872 - freqtrade.configuration.configuration - INFO - Using max_open_trades: 3 ...
2023-03-20 09:57:12,913 - freqtrade.configuration.configuration - INFO - Using user-data directory: /freqtrade/user_data ...
2023-03-20 09:57:12,914 - freqtrade.configuration.configuration - INFO - Using data directory: /freqtrade/user_data/data/kucoin ...
2023-03-20 09:57:12,918 - freqtrade.exchange.check_exchange - INFO - Checking exchange...
2023-03-20 09:57:12,933 - freqtrade.exchange.check_exchange - WARNING - Exchange "kucoin" is known to the the ccxt library, available for the bot, but not officially supported by the Freqtrade development team. It may work flawlessly (please report back) or have serious issues. Use it at your own discretion.
2023-03-20 09:57:12,934 - freqtrade.configuration.configuration - INFO - Using pairlist from configuration.
2023-03-20 09:57:13,030 - freqtrade.resolvers.iresolver - INFO - Using resolved strategy SampleStrategy from '/freqtrade/user_data/strategies/sample_strategy.py'...
2023-03-20 09:57:13,032 - freqtrade.strategy.hyper - INFO - Found no parameter file.
2023-03-20 09:57:13,035 - freqtrade.resolvers.strategy_resolver - INFO - Override strategy 'stake_currency' with value in config file: USDT.
2023-03-20 09:57:13,035 - freqtrade.resolvers.strategy_resolver - INFO - Override strategy 'stake_amount' with value in config file: unlimited.
2023-03-20 09:57:13,036 - freqtrade.resolvers.strategy_resolver - INFO - Override strategy 'unfilledtimeout' with value in config file: {'entry': 10, 'exit': 10, 'exit_timeout_count': 0, 'unit': 'minutes'}.
2023-03-20 09:57:13,037 - freqtrade.resolvers.strategy_resolver - INFO - Override strategy 'max_open_trades' with value in config file: 3.
2023-03-20 09:57:13,038 - freqtrade.resolvers.strategy_resolver - INFO - Strategy using minimal_roi: {'60': 0.01, '30': 0.02, '0': 0.04}
2023-03-20 09:57:13,039 - freqtrade.resolvers.strategy_resolver - INFO - Strategy using timeframe: 5m
2023-03-20 09:57:13,040 - freqtrade.resolvers.strategy_resolver - INFO - Strategy using stoploss: -0.1
2023-03-20 09:57:13,040 - freqtrade.resolvers.strategy_resolver - INFO - Strategy using trailing_stop: False
2023-03-20 09:57:13,041 - freqtrade.resolvers.strategy_resolver - INFO - Strategy using trailing_stop_positive_offset: 0.0
2023-03-20 09:57:13,042 - freqtrade.resolvers.strategy_resolver - INFO - Strategy using trailing_only_offset_is_reached: False
2023-03-20 09:57:13,043 - freqtrade.resolvers.strategy_resolver - INFO - Strategy using use_custom_stoploss: False
2023-03-20 09:57:13,043 - freqtrade.resolvers.strategy_resolver - INFO - Strategy using process_only_new_candles: True
2023-03-20 09:57:13,044 - freqtrade.resolvers.strategy_resolver - INFO - Strategy using order_types: {'entry': 'limit', 'exit': 'limit', 'stoploss': 'market', 'stoploss_on_exchange': False}
2023-03-20 09:57:13,045 - freqtrade.resolvers.strategy_resolver - INFO - Strategy using order_time_in_force: {'entry': 'GTC', 'exit': 'GTC'}
2023-03-20 09:57:13,046 - freqtrade.resolvers.strategy_resolver - INFO - Strategy using stake_currency: USDT
2023-03-20 09:57:13,046 - freqtrade.resolvers.strategy_resolver - INFO - Strategy using stake_amount: unlimited
2023-03-20 09:57:13,047 - freqtrade.resolvers.strategy_resolver - INFO - Strategy using protections: []
2023-03-20 09:57:13,048 - freqtrade.resolvers.strategy_resolver - INFO - Strategy using startup_candle_count: 30
2023-03-20 09:57:13,049 - freqtrade.resolvers.strategy_resolver - INFO - Strategy using unfilledtimeout: {'entry': 10, 'exit': 10, 'exit_timeout_count': 0, 'unit': 'minutes'}
2023-03-20 09:57:13,050 - freqtrade.resolvers.strategy_resolver - INFO - Strategy using use_exit_signal: True
2023-03-20 09:57:13,050 - freqtrade.resolvers.strategy_resolver - INFO - Strategy using exit_profit_only: False
2023-03-20 09:57:13,051 - freqtrade.resolvers.strategy_resolver - INFO - Strategy using ignore_roi_if_entry_signal: False
2023-03-20 09:57:13,052 - freqtrade.resolvers.strategy_resolver - INFO - Strategy using exit_profit_offset: 0.0
2023-03-20 09:57:13,053 - freqtrade.resolvers.strategy_resolver - INFO - Strategy using disable_dataframe_checks: False
2023-03-20 09:57:13,054 - freqtrade.resolvers.strategy_resolver - INFO - Strategy using ignore_buying_expired_candle_after: 0
2023-03-20 09:57:13,055 - freqtrade.resolvers.strategy_resolver - INFO - Strategy using position_adjustment_enable: False
2023-03-20 09:57:13,055 - freqtrade.resolvers.strategy_resolver - INFO - Strategy using max_entry_position_adjustment: -1
2023-03-20 09:57:13,056 - freqtrade.resolvers.strategy_resolver - INFO - Strategy using max_open_trades: 3
2023-03-20 09:57:13,057 - freqtrade.configuration.config_validation - INFO - Validating configuration ...
2023-03-20 09:57:13,101 - freqtrade.exchange.exchange - INFO - Instance is running with dry_run enabled
2023-03-20 09:57:13,102 - freqtrade.exchange.exchange - INFO - Using CCXT 2.7.12
2023-03-20 09:57:13,137 - freqtrade.exchange.exchange - INFO - Using Exchange "KuCoin"
2023-03-20 09:57:16,022 - freqtrade.resolvers.exchange_resolver - INFO - Using resolved exchange 'Kucoin'...
2023-03-20 09:57:16,160 - freqtrade.wallets - INFO - Wallets synced.
2023-03-20 09:57:16,198 - freqtrade.resolvers.iresolver - INFO - Using resolved pairlist VolumePairList from '/freqtrade/freqtrade/plugins/pairlist/VolumePairList.py'...
2023-03-20 09:57:16,347 - freqtrade.rpc.rpc_manager - INFO - Enabling rpc.api_server
2023-03-20 09:57:17,335 - freqtrade.rpc.api_server.webserver - INFO - Starting HTTP Server at 0.0.0.0:8080
2023-03-20 09:57:17,335 - freqtrade.rpc.api_server.webserver - WARNING - SECURITY WARNING - Local Rest Server listening to external connections
2023-03-20 09:57:17,335 - freqtrade.rpc.api_server.webserver - WARNING - SECURITY WARNING - This is insecure please set to your loopback,e.g 127.0.0.1 in config.json
2023-03-20 09:57:17,336 - freqtrade.rpc.api_server.webserver - INFO - Starting Local Rest Server.
2023-03-20 09:57:17,370 - uvicorn.error - INFO - Started server process [1]
2023-03-20 09:57:17,371 - uvicorn.error - INFO - Waiting for application startup.
2023-03-20 09:57:17,372 - uvicorn.error - INFO - Application startup complete.
2023-03-20 09:57:17,374 - uvicorn.error - INFO - Uvicorn running on http://0.0.0.0:8080 (Press CTRL+C to quit)
2023-03-20 09:57:17,394 - freqtrade.resolvers.iresolver - INFO - Using resolved pairlist VolumePairList from '/freqtrade/freqtrade/plugins/pairlist/VolumePairList.py'...
2023-03-20 09:57:18,010 - freqtrade.plugins.pairlistmanager - INFO - Whitelist with 20 pairs: ['BTC/USDT', 'ETH/USDT', 'SOL/USDT', 'XRP/USDT', 'FTM/USDT', 'CFX/USDT', 'MATIC/USDT', 'VRA/USDT', 'AGIX/USDT', 'STX/USDT', 'SHIB/USDT', 'OP/USDT', 'LTC/USDT', 'BNB/USDT', 'ADA/USDT', 'TON/USDT', 'USDC/USDT', 'DOGE/USDT', 'ACH/USDT', 'RNDR/USDT']
2023-03-20 09:57:18,011 - freqtrade.strategy.hyper - INFO - No params for buy found, using default values.
2023-03-20 09:57:18,011 - freqtrade.strategy.hyper - INFO - Strategy Parameter(default): buy_rsi = 30
2023-03-20 09:57:18,011 - freqtrade.strategy.hyper - INFO - Strategy Parameter(default): exit_short_rsi = 30
2023-03-20 09:57:18,011 - freqtrade.strategy.hyper - INFO - No params for sell found, using default values.
2023-03-20 09:57:18,012 - freqtrade.strategy.hyper - INFO - Strategy Parameter(default): sell_rsi = 70
2023-03-20 09:57:18,012 - freqtrade.strategy.hyper - INFO - Strategy Parameter(default): short_rsi = 70
2023-03-20 09:57:18,012 - freqtrade.strategy.hyper - INFO - No params for protection found, using default values.
2023-03-20 09:57:18,012 - freqtrade.plugins.protectionmanager - INFO - No protection Handlers defined.
2023-03-20 09:57:18,013 - freqtrade.rpc.rpc_manager - INFO - Sending rpc message: {'type': status, 'status': 'running'}
2023-03-20 09:57:18,013 - freqtrade.worker - INFO - Changing state to: RUNNING
2023-03-20 09:57:18,013 - freqtrade.rpc.rpc_manager - INFO - Sending rpc message: {'type': warning, 'status': 'Dry run is enabled. All trades are simulated.'}
2023-03-20 09:57:18,013 - freqtrade.rpc.rpc_manager - INFO - Sending rpc message: {'type': startup, 'status': "*Exchange:* `kucoin`\n*Stake per trade:* `unlimited USDT`\n*Minimum ROI:* `{'60': 0.01, '30': 0.02, '0': 0.04}`\n*Stoploss:* `-0.1`\n*Position adjustment:* `Off`\n*Timeframe:* `5m`\n*Strategy:* `SampleStrategy`"}
2023-03-20 09:57:18,013 - freqtrade.rpc.rpc_manager - INFO - Sending rpc message: {'type': startup, 'status': "Searching for USDT pairs to buy and sell based on [{'VolumePairList': 'VolumePairList - top 20 volume pairs.'}]"}
2023-03-20 09:57:20,900 - freqtrade.wallets - INFO - Wallets synced.
2023-03-20 09:57:21,172 - freqtrade.freqtradebot - INFO - Long signal found: about create a new trade for TON/USDT with stake_amount: 330.0 ...
2023-03-20 09:57:21,444 - freqtrade.freqtradebot - INFO - Order #dry_run_buy_1679306241.173413 was created for TON/USDT and status is open.
2023-03-20 09:57:21,514 - freqtrade.wallets - INFO - Wallets synced.
2023-03-20 09:57:21,515 - freqtrade.rpc.rpc_manager - INFO - Sending rpc message: {'trade_id': 1, 'type': entry, 'buy_tag': None, 'enter_tag': None, 'exchange': 'Kucoin', 'pair': 'TON/USDT', 'leverage': 1.0, 'direction': 'Long', 'limit': 2.3608, 'open_rate': 2.3608, 'order_type': 'limit', 'stake_amount': 330.0, 'stake_currency': 'USDT', 'fiat_currency': 'USD', 'amount': 139.7831, 'open_date': datetime.datetime(2023, 3, 20, 9, 57, 21, 445265), 'current_rate': 2.3608, 'sub_trade': False}
2023-03-20 09:57:23,021 - freqtrade.worker - INFO - Bot heartbeat. PID=1, version='2023.1', state='RUNNING'
2023-03-20 09:57:23,417 - freqtrade.freqtradebot - INFO - Found open order for Trade(id=1, pair=TON/USDT, amount=139.78312436, is_short=False, leverage=1.0, open_rate=2.36080000, open_since=2023-03-20 09:57:21)
2023-03-20 09:57:28,402 - freqtrade.freqtradebot - INFO - Found open order for Trade(id=1, pair=TON/USDT, amount=139.78312436, is_short=False, leverage=1.0, open_rate=2.36080000, open_since=2023-03-20 09:57:21)
2023-03-20 09:57:33,463 - freqtrade.freqtradebot - INFO - Found open order for Trade(id=1, pair=TON/USDT, amount=139.78312436, is_short=False, leverage=1.0, open_rate=2.36080000, open_since=2023-03-20 09:57:21)
2023-03-20 09:57:38,494 - freqtrade.freqtradebot - INFO - Found open order for Trade(id=1, pair=TON/USDT, amount=139.78312436, is_short=False, leverage=1.0, open_rate=2.36080000, open_since=2023-03-20 09:57:21)
2023-03-20 09:57:43,514 - freqtrade.freqtradebot - INFO - Found open order for Trade(id=1, pair=TON/USDT, amount=139.78312436, is_short=False, leverage=1.0, open_rate=2.36080000, open_since=2023-03-20 09:57:21)
2023-03-20 09:57:48,496 - freqtrade.freqtradebot - INFO - Found open order for Trade(id=1, pair=TON/USDT, amount=139.78312436, is_short=False, leverage=1.0, open_rate=2.36080000, open_since=2023-03-20 09:57:21)
2023-03-20 09:57:53,461 - freqtrade.freqtradebot - INFO - Found open order for Trade(id=1, pair=TON/USDT, amount=139.78312436, is_short=False, leverage=1.0, open_rate=2.36080000, open_since=2023-03-20 09:57:21)
2023-03-20 09:57:58,526 - freqtrade.freqtradebot - INFO - Found open order for Trade(id=1, pair=TON/USDT, amount=139.78312436, is_short=False, leverage=1.0, open_rate=2.36080000, open_since=2023-03-20 09:57:21)
2023-03-20 09:58:03,497 - freqtrade.freqtradebot - INFO - Found open order for Trade(id=1, pair=TON/USDT, amount=139.78312436, is_short=False, leverage=1.0, open_rate=2.36080000, open_since=2023-03-20 09:57:21)
2023-03-20 09:58:08,485 - freqtrade.freqtradebot - INFO - Found open order for Trade(id=1, pair=TON/USDT, amount=139.78312436, is_short=False, leverage=1.0, open_rate=2.36080000, open_since=2023-03-20 09:57:21)
2023-03-20 09:58:13,468 - freqtrade.freqtradebot - INFO - Found open order for Trade(id=1, pair=TON/USDT, amount=139.78312436, is_short=False, leverage=1.0, open_rate=2.36080000, open_since=2023-03-20 09:57:21)
2023-03-20 09:58:18,498 - freqtrade.freqtradebot - INFO - Found open order for Trade(id=1, pair=TON/USDT, amount=139.78312436, is_short=False, leverage=1.0, open_rate=2.36080000, open_since=2023-03-20 09:57:21)
2023-03-20 09:58:23,082 - freqtrade.worker - INFO - Bot heartbeat. PID=1, version='2023.1', state='RUNNING'
2023-03-20 09:58:24,176 - freqtrade.freqtradebot - INFO - Found open order for Trade(id=1, pair=TON/USDT, amount=139.78312436, is_short=False, leverage=1.0, open_rate=2.36080000, open_since=2023-03-20 09:57:21)
2023-03-20 09:58:28,511 - freqtrade.freqtradebot - INFO - Found open order for Trade(id=1, pair=TON/USDT, amount=139.78312436, is_short=False, leverage=1.0, open_rate=2.36080000, open_since=2023-03-20 09:57:21)
2023-03-20 09:58:33,543 - freqtrade.freqtradebot - INFO - Found open order for Trade(id=1, pair=TON/USDT, amount=139.78312436, is_short=False, leverage=1.0, open_rate=2.36080000, open_since=2023-03-20 09:57:21)
2023-03-20 09:58:38,560 - freqtrade.freqtradebot - INFO - Found open order for Trade(id=1, pair=TON/USDT, amount=139.78312436, is_short=False, leverage=1.0, open_rate=2.36080000, open_since=2023-03-20 09:57:21)
2023-03-20 09:58:43,704 - freqtrade.freqtradebot - INFO - Found open order for Trade(id=1, pair=TON/USDT, amount=139.78312436, is_short=False, leverage=1.0, open_rate=2.36080000, open_since=2023-03-20 09:57:21)
2023-03-20 09:58:48,682 - freqtrade.freqtradebot - INFO - Found open order for Trade(id=1, pair=TON/USDT, amount=139.78312436, is_short=False, leverage=1.0, open_rate=2.36080000, open_since=2023-03-20 09:57:21)
2023-03-20 09:58:52,082 - uvicorn.error - INFO - ('172.19.0.1', 37136) - "WebSocket /api/v1/message/ws?token=eyJhbGciOiJIUzI1NiIsInR5cCI6IkpXVCJ9.eyJpZGVudGl0eSI6eyJ1IjoiZnJlcXRyYWRlciJ9LCJleHAiOjE2NzkzMDYzNjIsImlhdCI6MTY3OTMwNTQ2MiwidHlwZSI6ImFjY2VzcyJ9.l4ys7up6AyP1vw0hsDCfDtbQY8qaENNPSo1tlTbwZc0" [accepted]
2023-03-20 09:58:52,089 - freqtrade.rpc.api_server.ws.channel - INFO - Connected to channel - WebSocketChannel(29a1c1ae, ('172.19.0.1', 37136))
2023-03-20 09:58:52,101 - uvicorn.error - INFO - connection open
2023-03-20 09:58:53,520 - freqtrade.freqtradebot - INFO - Found open order for Trade(id=1, pair=TON/USDT, amount=139.78312436, is_short=False, leverage=1.0, open_rate=2.36080000, open_since=2023-03-20 09:57:21)
2023-03-20 09:58:58,591 - freqtrade.freqtradebot - INFO - Found open order for Trade(id=1, pair=TON/USDT, amount=139.78312436, is_short=False, leverage=1.0, open_rate=2.36080000, open_since=2023-03-20 09:57:21)
2023-03-20 09:59:03,536 - freqtrade.freqtradebot - INFO - Found open order for Trade(id=1, pair=TON/USDT, amount=139.78312436, is_short=False, leverage=1.0, open_rate=2.36080000, open_since=2023-03-20 09:57:21)
2023-03-20 09:59:08,526 - freqtrade.freqtradebot - INFO - Found open order for Trade(id=1, pair=TON/USDT, amount=139.78312436, is_short=False, leverage=1.0, open_rate=2.36080000, open_since=2023-03-20 09:57:21)
2023-03-20 09:59:13,536 - freqtrade.freqtradebot - INFO - Found open order for Trade(id=1, pair=TON/USDT, amount=139.78312436, is_short=False, leverage=1.0, open_rate=2.36080000, open_since=2023-03-20 09:57:21)
2023-03-20 09:59:18,558 - freqtrade.freqtradebot - INFO - Found open order for Trade(id=1, pair=TON/USDT, amount=139.78312436, is_short=False, leverage=1.0, open_rate=2.36080000, open_since=2023-03-20 09:57:21)
2023-03-20 09:59:23,136 - freqtrade.worker - INFO - Bot heartbeat. PID=1, version='2023.1', state='RUNNING'
2023-03-20 09:59:23,569 - freqtrade.freqtradebot - INFO - Found open order for Trade(id=1, pair=TON/USDT, amount=139.78312436, is_short=False, leverage=1.0, open_rate=2.36080000, open_since=2023-03-20 09:57:21)
2023-03-20 09:59:26,122 - freqtrade.rpc.api_server.ws.channel - INFO - Disconnected from channel - WebSocketChannel(29a1c1ae, ('172.19.0.1', 37136))
2023-03-20 09:59:26,125 - uvicorn.error - INFO - connection closed
2023-03-20 09:59:28,586 - freqtrade.freqtradebot - INFO - Found open order for Trade(id=1, pair=TON/USDT, amount=139.78312436, is_short=False, leverage=1.0, open_rate=2.36080000, open_since=2023-03-20 09:57:21)
2023-03-20 09:59:33,609 - freqtrade.freqtradebot - INFO - Found open order for Trade(id=1, pair=TON/USDT, amount=139.78312436, is_short=False, leverage=1.0, open_rate=2.36080000, open_since=2023-03-20 09:57:21)
2023-03-20 09:59:38,587 - freqtrade.freqtradebot - INFO - Found open order for Trade(id=1, pair=TON/USDT, amount=139.78312436, is_short=False, leverage=1.0, open_rate=2.36080000, open_since=2023-03-20 09:57:21)
2023-03-20 09:59:43,641 - freqtrade.freqtradebot - INFO - Found open order for Trade(id=1, pair=TON/USDT, amount=139.78312436, is_short=False, leverage=1.0, open_rate=2.36080000, open_since=2023-03-20 09:57:21)
2023-03-20 09:59:48,605 - freqtrade.freqtradebot - INFO - Found open order for Trade(id=1, pair=TON/USDT, amount=139.78312436, is_short=False, leverage=1.0, open_rate=2.36080000, open_since=2023-03-20 09:57:21)
2023-03-20 09:59:53,560 - freqtrade.freqtradebot - INFO - Found open order for Trade(id=1, pair=TON/USDT, amount=139.78312436, is_short=False, leverage=1.0, open_rate=2.36080000, open_since=2023-03-20 09:57:21)
2023-03-20 09:59:58,573 - freqtrade.freqtradebot - INFO - Found open order for Trade(id=1, pair=TON/USDT, amount=139.78312436, is_short=False, leverage=1.0, open_rate=2.36080000, open_since=2023-03-20 09:57:21)
2023-03-20 10:00:01,844 - freqtrade.exchange.common - WARNING - Kucoin 429 error, avoid triggering DDosProtection backoff delay. 3 tries left before giving up
2023-03-20 10:00:02,616 - freqtrade.exchange.common - WARNING - Kucoin 429 error, avoid triggering DDosProtection backoff delay. 2 tries left before giving up
2023-03-20 10:00:04,776 - freqtrade.freqtradebot - INFO - Found open order for Trade(id=1, pair=TON/USDT, amount=139.78312436, is_short=False, leverage=1.0, open_rate=2.36080000, open_since=2023-03-20 09:57:21)
2023-03-20 10:00:10,071 - freqtrade.freqtradebot - INFO - Found open order for Trade(id=1, pair=TON/USDT, amount=139.78312436, is_short=False, leverage=1.0, open_rate=2.36080000, open_since=2023-03-20 09:57:21)
2023-03-20 10:00:13,853 - freqtrade.freqtradebot - INFO - Found open order for Trade(id=1, pair=TON/USDT, amount=139.78312436, is_short=False, leverage=1.0, open_rate=2.36080000, open_since=2023-03-20 09:57:21)
2023-03-20 10:00:18,345 - freqtrade.freqtradebot - INFO - Found open order for Trade(id=1, pair=TON/USDT, amount=139.78312436, is_short=False, leverage=1.0, open_rate=2.36080000, open_since=2023-03-20 09:57:21)
2023-03-20 10:00:22,717 - freqtrade.freqtradebot - INFO - Found open order for Trade(id=1, pair=TON/USDT, amount=139.78312436, is_short=False, leverage=1.0, open_rate=2.36080000, open_since=2023-03-20 09:57:21)
2023-03-20 10:00:26,013 - freqtrade.worker - INFO - Bot heartbeat. PID=1, version='2023.1', state='RUNNING'
2023-03-20 10:00:27,469 - freqtrade.freqtradebot - INFO - Found open order for Trade(id=1, pair=TON/USDT, amount=139.78312436, is_short=False, leverage=1.0, open_rate=2.36080000, open_since=2023-03-20 09:57:21)
2023-03-20 10:00:32,369 - freqtrade.freqtradebot - INFO - Found open order for Trade(id=1, pair=TON/USDT, amount=139.78312436, is_short=False, leverage=1.0, open_rate=2.36080000, open_since=2023-03-20 09:57:21)
2023-03-20 10:00:36,406 - freqtrade.freqtradebot - INFO - Found open order for Trade(id=1, pair=TON/USDT, amount=139.78312436, is_short=False, leverage=1.0, open_rate=2.36080000, open_since=2023-03-20 09:57:21)
2023-03-20 10:00:41,441 - freqtrade.freqtradebot - INFO - Found open order for Trade(id=1, pair=TON/USDT, amount=139.78312436, is_short=False, leverage=1.0, open_rate=2.36080000, open_since=2023-03-20 09:57:21)
2023-03-20 10:00:46,435 - freqtrade.freqtradebot - INFO - Found open order for Trade(id=1, pair=TON/USDT, amount=139.78312436, is_short=False, leverage=1.0, open_rate=2.36080000, open_since=2023-03-20 09:57:21)
2023-03-20 10:00:51,477 - freqtrade.freqtradebot - INFO - Found open order for Trade(id=1, pair=TON/USDT, amount=139.78312436, is_short=False, leverage=1.0, open_rate=2.36080000, open_since=2023-03-20 09:57:21)
2023-03-20 10:00:56,465 - freqtrade.freqtradebot - INFO - Found open order for Trade(id=1, pair=TON/USDT, amount=139.78312436, is_short=False, leverage=1.0, open_rate=2.36080000, open_since=2023-03-20 09:57:21)
2023-03-20 10:01:01,494 - freqtrade.freqtradebot - INFO - Found open order for Trade(id=1, pair=TON/USDT, amount=139.78312436, is_short=False, leverage=1.0, open_rate=2.36080000, open_since=2023-03-20 09:57:21)
2023-03-20 10:01:06,509 - freqtrade.freqtradebot - INFO - Found open order for Trade(id=1, pair=TON/USDT, amount=139.78312436, is_short=False, leverage=1.0, open_rate=2.36080000, open_since=2023-03-20 09:57:21)
2023-03-20 10:01:11,502 - freqtrade.freqtradebot - INFO - Found open order for Trade(id=1, pair=TON/USDT, amount=139.78312436, is_short=False, leverage=1.0, open_rate=2.36080000, open_since=2023-03-20 09:57:21)
2023-03-20 10:01:16,473 - freqtrade.freqtradebot - INFO - Found open order for Trade(id=1, pair=TON/USDT, amount=139.78312436, is_short=False, leverage=1.0, open_rate=2.36080000, open_since=2023-03-20 09:57:21)
2023-03-20 10:01:21,505 - freqtrade.freqtradebot - INFO - Found open order for Trade(id=1, pair=TON/USDT, amount=139.78312436, is_short=False, leverage=1.0, open_rate=2.36080000, open_since=2023-03-20 09:57:21)
2023-03-20 10:01:26,069 - freqtrade.worker - INFO - Bot heartbeat. PID=1, version='2023.1', state='RUNNING'
2023-03-20 10:01:26,472 - freqtrade.freqtradebot - INFO - Found open order for Trade(id=1, pair=TON/USDT, amount=139.78312436, is_short=False, leverage=1.0, open_rate=2.36080000, open_since=2023-03-20 09:57:21)
2023-03-20 10:01:31,475 - freqtrade.freqtradebot - INFO - Found open order for Trade(id=1, pair=TON/USDT, amount=139.78312436, is_short=False, leverage=1.0, open_rate=2.36080000, open_since=2023-03-20 09:57:21)
2023-03-20 10:01:36,499 - freqtrade.freqtradebot - INFO - Found open order for Trade(id=1, pair=TON/USDT, amount=139.78312436, is_short=False, leverage=1.0, open_rate=2.36080000, open_since=2023-03-20 09:57:21)
2023-03-20 10:01:41,473 - freqtrade.freqtradebot - INFO - Found open order for Trade(id=1, pair=TON/USDT, amount=139.78312436, is_short=False, leverage=1.0, open_rate=2.36080000, open_since=2023-03-20 09:57:21)
2023-03-20 10:01:46,475 - freqtrade.freqtradebot - INFO - Found open order for Trade(id=1, pair=TON/USDT, amount=139.78312436, is_short=False, leverage=1.0, open_rate=2.36080000, open_since=2023-03-20 09:57:21)
2023-03-20 10:01:51,506 - freqtrade.freqtradebot - INFO - Found open order for Trade(id=1, pair=TON/USDT, amount=139.78312436, is_short=False, leverage=1.0, open_rate=2.36080000, open_since=2023-03-20 09:57:21)
2023-03-20 10:01:56,530 - freqtrade.freqtradebot - INFO - Found open order for Trade(id=1, pair=TON/USDT, amount=139.78312436, is_short=False, leverage=1.0, open_rate=2.36080000, open_since=2023-03-20 09:57:21)
2023-03-20 10:02:01,468 - freqtrade.freqtradebot - INFO - Found open order for Trade(id=1, pair=TON/USDT, amount=139.78312436, is_short=False, leverage=1.0, open_rate=2.36080000, open_since=2023-03-20 09:57:21)
2023-03-20 10:02:06,499 - freqtrade.freqtradebot - INFO - Found open order for Trade(id=1, pair=TON/USDT, amount=139.78312436, is_short=False, leverage=1.0, open_rate=2.36080000, open_since=2023-03-20 09:57:21)
2023-03-20 10:02:11,530 - freqtrade.freqtradebot - INFO - Found open order for Trade(id=1, pair=TON/USDT, amount=139.78312436, is_short=False, leverage=1.0, open_rate=2.36080000, open_since=2023-03-20 09:57:21)
2023-03-20 10:02:16,517 - freqtrade.freqtradebot - INFO - Found open order for Trade(id=1, pair=TON/USDT, amount=139.78312436, is_short=False, leverage=1.0, open_rate=2.36080000, open_since=2023-03-20 09:57:21)
2023-03-20 10:02:21,498 - freqtrade.freqtradebot - INFO - Found open order for Trade(id=1, pair=TON/USDT, amount=139.78312436, is_short=False, leverage=1.0, open_rate=2.36080000, open_since=2023-03-20 09:57:21)
2023-03-20 10:02:26,124 - freqtrade.worker - INFO - Bot heartbeat. PID=1, version='2023.1', state='RUNNING'
2023-03-20 10:02:26,557 - freqtrade.freqtradebot - INFO - Found open order for Trade(id=1, pair=TON/USDT, amount=139.78312436, is_short=False, leverage=1.0, open_rate=2.36080000, open_since=2023-03-20 09:57:21)
2023-03-20 10:02:31,549 - freqtrade.freqtradebot - INFO - Found open order for Trade(id=1, pair=TON/USDT, amount=139.78312436, is_short=False, leverage=1.0, open_rate=2.36080000, open_since=2023-03-20 09:57:21)
2023-03-20 10:02:36,554 - freqtrade.freqtradebot - INFO - Found open order for Trade(id=1, pair=TON/USDT, amount=139.78312436, is_short=False, leverage=1.0, open_rate=2.36080000, open_since=2023-03-20 09:57:21)
2023-03-20 10:02:41,565 - freqtrade.freqtradebot - INFO - Found open order for Trade(id=1, pair=TON/USDT, amount=139.78312436, is_short=False, leverage=1.0, open_rate=2.36080000, open_since=2023-03-20 09:57:21)
2023-03-20 10:02:46,494 - freqtrade.freqtradebot - INFO - Found open order for Trade(id=1, pair=TON/USDT, amount=139.78312436, is_short=False, leverage=1.0, open_rate=2.36080000, open_since=2023-03-20 09:57:21)
2023-03-20 10:02:51,561 - freqtrade.freqtradebot - INFO - Found open order for Trade(id=1, pair=TON/USDT, amount=139.78312436, is_short=False, leverage=1.0, open_rate=2.36080000, open_since=2023-03-20 09:57:21)
2023-03-20 10:02:56,584 - freqtrade.freqtradebot - INFO - Found open order for Trade(id=1, pair=TON/USDT, amount=139.78312436, is_short=False, leverage=1.0, open_rate=2.36080000, open_since=2023-03-20 09:57:21)
2023-03-20 10:03:01,597 - freqtrade.freqtradebot - INFO - Found open order for Trade(id=1, pair=TON/USDT, amount=139.78312436, is_short=False, leverage=1.0, open_rate=2.36080000, open_since=2023-03-20 09:57:21)
2023-03-20 10:03:06,580 - freqtrade.freqtradebot - INFO - Found open order for Trade(id=1, pair=TON/USDT, amount=139.78312436, is_short=False, leverage=1.0, open_rate=2.36080000, open_since=2023-03-20 09:57:21)
2023-03-20 10:03:11,624 - freqtrade.freqtradebot - INFO - Found open order for Trade(id=1, pair=TON/USDT, amount=139.78312436, is_short=False, leverage=1.0, open_rate=2.36080000, open_since=2023-03-20 09:57:21)
2023-03-20 10:03:16,688 - freqtrade.freqtradebot - INFO - Found open order for Trade(id=1, pair=TON/USDT, amount=139.78312436, is_short=False, leverage=1.0, open_rate=2.36080000, open_since=2023-03-20 09:57:21)
2023-03-20 10:03:21,632 - freqtrade.freqtradebot - INFO - Found open order for Trade(id=1, pair=TON/USDT, amount=139.78312436, is_short=False, leverage=1.0, open_rate=2.36080000, open_since=2023-03-20 09:57:21)
2023-03-20 10:03:26,181 - freqtrade.worker - INFO - Bot heartbeat. PID=1, version='2023.1', state='RUNNING'
2023-03-20 10:03:26,837 - freqtrade.freqtradebot - INFO - Found open order for Trade(id=1, pair=TON/USDT, amount=139.78312436, is_short=False, leverage=1.0, open_rate=2.36080000, open_since=2023-03-20 09:57:21)
2023-03-20 10:03:31,599 - freqtrade.freqtradebot - INFO - Found open order for Trade(id=1, pair=TON/USDT, amount=139.78312436, is_short=False, leverage=1.0, open_rate=2.36080000, open_since=2023-03-20 09:57:21)
2023-03-20 10:03:36,588 - freqtrade.freqtradebot - INFO - Found open order for Trade(id=1, pair=TON/USDT, amount=139.78312436, is_short=False, leverage=1.0, open_rate=2.36080000, open_since=2023-03-20 09:57:21)
2023-03-20 10:03:41,655 - freqtrade.freqtradebot - INFO - Found open order for Trade(id=1, pair=TON/USDT, amount=139.78312436, is_short=False, leverage=1.0, open_rate=2.36080000, open_since=2023-03-20 09:57:21)
2023-03-20 10:03:46,656 - freqtrade.freqtradebot - INFO - Found open order for Trade(id=1, pair=TON/USDT, amount=139.78312436, is_short=False, leverage=1.0, open_rate=2.36080000, open_since=2023-03-20 09:57:21)
2023-03-20 10:03:51,654 - freqtrade.freqtradebot - INFO - Found open order for Trade(id=1, pair=TON/USDT, amount=139.78312436, is_short=False, leverage=1.0, open_rate=2.36080000, open_since=2023-03-20 09:57:21)
2023-03-20 10:03:56,660 - freqtrade.freqtradebot - INFO - Found open order for Trade(id=1, pair=TON/USDT, amount=139.78312436, is_short=False, leverage=1.0, open_rate=2.36080000, open_since=2023-03-20 09:57:21)
2023-03-20 10:04:01,718 - freqtrade.freqtradebot - INFO - Found open order for Trade(id=1, pair=TON/USDT, amount=139.78312436, is_short=False, leverage=1.0, open_rate=2.36080000, open_since=2023-03-20 09:57:21)
2023-03-20 10:04:06,706 - freqtrade.freqtradebot - INFO - Found open order for Trade(id=1, pair=TON/USDT, amount=139.78312436, is_short=False, leverage=1.0, open_rate=2.36080000, open_since=2023-03-20 09:57:21)
2023-03-20 10:04:11,658 - freqtrade.freqtradebot - INFO - Found open order for Trade(id=1, pair=TON/USDT, amount=139.78312436, is_short=False, leverage=1.0, open_rate=2.36080000, open_since=2023-03-20 09:57:21)
2023-03-20 10:04:16,613 - freqtrade.freqtradebot - INFO - Found open order for Trade(id=1, pair=TON/USDT, amount=139.78312436, is_short=False, leverage=1.0, open_rate=2.36080000, open_since=2023-03-20 09:57:21)
2023-03-20 10:04:21,650 - freqtrade.freqtradebot - INFO - Found open order for Trade(id=1, pair=TON/USDT, amount=139.78312436, is_short=False, leverage=1.0, open_rate=2.36080000, open_since=2023-03-20 09:57:21)
2023-03-20 10:04:26,251 - freqtrade.worker - INFO - Bot heartbeat. PID=1, version='2023.1', state='RUNNING'
2023-03-20 10:04:26,696 - freqtrade.freqtradebot - INFO - Found open order for Trade(id=1, pair=TON/USDT, amount=139.78312436, is_short=False, leverage=1.0, open_rate=2.36080000, open_since=2023-03-20 09:57:21)
2023-03-20 10:04:31,690 - freqtrade.freqtradebot - INFO - Found open order for Trade(id=1, pair=TON/USDT, amount=139.78312436, is_short=False, leverage=1.0, open_rate=2.36080000, open_since=2023-03-20 09:57:21)
2023-03-20 10:04:36,680 - freqtrade.freqtradebot - INFO - Found open order for Trade(id=1, pair=TON/USDT, amount=139.78312436, is_short=False, leverage=1.0, open_rate=2.36080000, open_since=2023-03-20 09:57:21)
2023-03-20 10:04:41,697 - freqtrade.freqtradebot - INFO - Found open order for Trade(id=1, pair=TON/USDT, amount=139.78312436, is_short=False, leverage=1.0, open_rate=2.36080000, open_since=2023-03-20 09:57:21)
2023-03-20 10:04:46,675 - freqtrade.freqtradebot - INFO - Found open order for Trade(id=1, pair=TON/USDT, amount=139.78312436, is_short=False, leverage=1.0, open_rate=2.36080000, open_since=2023-03-20 09:57:21)
2023-03-20 10:04:51,722 - freqtrade.freqtradebot - INFO - Found open order for Trade(id=1, pair=TON/USDT, amount=139.78312436, is_short=False, leverage=1.0, open_rate=2.36080000, open_since=2023-03-20 09:57:21)
2023-03-20 10:04:56,691 - freqtrade.freqtradebot - INFO - Found open order for Trade(id=1, pair=TON/USDT, amount=139.78312436, is_short=False, leverage=1.0, open_rate=2.36080000, open_since=2023-03-20 09:57:21)
2023-03-20 10:05:05,042 - freqtrade.freqtradebot - INFO - Found open order for Trade(id=1, pair=TON/USDT, amount=139.78312436, is_short=False, leverage=1.0, open_rate=2.36080000, open_since=2023-03-20 09:57:21)
2023-03-20 10:05:08,664 - freqtrade.freqtradebot - INFO - Found open order for Trade(id=1, pair=TON/USDT, amount=139.78312436, is_short=False, leverage=1.0, open_rate=2.36080000, open_since=2023-03-20 09:57:21)
2023-03-20 10:05:12,481 - freqtrade.freqtradebot - INFO - Found open order for Trade(id=1, pair=TON/USDT, amount=139.78312436, is_short=False, leverage=1.0, open_rate=2.36080000, open_since=2023-03-20 09:57:21)
2023-03-20 10:05:17,238 - freqtrade.freqtradebot - INFO - Found open order for Trade(id=1, pair=TON/USDT, amount=139.78312436, is_short=False, leverage=1.0, open_rate=2.36080000, open_since=2023-03-20 09:57:21)
2023-03-20 10:05:22,550 - freqtrade.freqtradebot - INFO - Found open order for Trade(id=1, pair=TON/USDT, amount=139.78312436, is_short=False, leverage=1.0, open_rate=2.36080000, open_since=2023-03-20 09:57:21)
2023-03-20 10:05:26,856 - freqtrade.freqtradebot - INFO - Found open order for Trade(id=1, pair=TON/USDT, amount=139.78312436, is_short=False, leverage=1.0, open_rate=2.36080000, open_since=2023-03-20 09:57:21)
2023-03-20 10:05:31,020 - freqtrade.worker - INFO - Bot heartbeat. PID=1, version='2023.1', state='RUNNING'
2023-03-20 10:05:31,990 - freqtrade.freqtradebot - INFO - Found open order for Trade(id=1, pair=TON/USDT, amount=139.78312436, is_short=False, leverage=1.0, open_rate=2.36080000, open_since=2023-03-20 09:57:21)
2023-03-20 10:05:36,508 - freqtrade.freqtradebot - INFO - Found open order for Trade(id=1, pair=TON/USDT, amount=139.78312436, is_short=False, leverage=1.0, open_rate=2.36080000, open_since=2023-03-20 09:57:21)
2023-03-20 10:05:41,445 - freqtrade.freqtradebot - INFO - Found open order for Trade(id=1, pair=TON/USDT, amount=139.78312436, is_short=False, leverage=1.0, open_rate=2.36080000, open_since=2023-03-20 09:57:21)
2023-03-20 10:05:46,438 - freqtrade.freqtradebot - INFO - Found open order for Trade(id=1, pair=TON/USDT, amount=139.78312436, is_short=False, leverage=1.0, open_rate=2.36080000, open_since=2023-03-20 09:57:21)
2023-03-20 10:05:51,483 - freqtrade.freqtradebot - INFO - Found open order for Trade(id=1, pair=TON/USDT, amount=139.78312436, is_short=False, leverage=1.0, open_rate=2.36080000, open_since=2023-03-20 09:57:21)
2023-03-20 10:05:56,518 - freqtrade.freqtradebot - INFO - Found open order for Trade(id=1, pair=TON/USDT, amount=139.78312436, is_short=False, leverage=1.0, open_rate=2.36080000, open_since=2023-03-20 09:57:21)
2023-03-20 10:06:01,468 - freqtrade.freqtradebot - INFO - Found open order for Trade(id=1, pair=TON/USDT, amount=139.78312436, is_short=False, leverage=1.0, open_rate=2.36080000, open_since=2023-03-20 09:57:21)
2023-03-20 10:06:06,530 - freqtrade.freqtradebot - INFO - Found open order for Trade(id=1, pair=TON/USDT, amount=139.78312436, is_short=False, leverage=1.0, open_rate=2.36080000, open_since=2023-03-20 09:57:21)
2023-03-20 10:06:11,472 - freqtrade.freqtradebot - INFO - Found open order for Trade(id=1, pair=TON/USDT, amount=139.78312436, is_short=False, leverage=1.0, open_rate=2.36080000, open_since=2023-03-20 09:57:21)
2023-03-20 10:06:16,474 - freqtrade.freqtradebot - INFO - Found open order for Trade(id=1, pair=TON/USDT, amount=139.78312436, is_short=False, leverage=1.0, open_rate=2.36080000, open_since=2023-03-20 09:57:21)
2023-03-20 10:06:21,545 - freqtrade.freqtradebot - INFO - Found open order for Trade(id=1, pair=TON/USDT, amount=139.78312436, is_short=False, leverage=1.0, open_rate=2.36080000, open_since=2023-03-20 09:57:21)
2023-03-20 10:06:26,522 - freqtrade.freqtradebot - INFO - Found open order for Trade(id=1, pair=TON/USDT, amount=139.78312436, is_short=False, leverage=1.0, open_rate=2.36080000, open_since=2023-03-20 09:57:21)
2023-03-20 10:06:31,077 - freqtrade.worker - INFO - Bot heartbeat. PID=1, version='2023.1', state='RUNNING'
2023-03-20 10:06:31,954 - freqtrade.freqtradebot - INFO - Found open order for Trade(id=1, pair=TON/USDT, amount=139.78312436, is_short=False, leverage=1.0, open_rate=2.36080000, open_since=2023-03-20 09:57:21)
2023-03-20 10:06:36,475 - freqtrade.freqtradebot - INFO - Found open order for Trade(id=1, pair=TON/USDT, amount=139.78312436, is_short=False, leverage=1.0, open_rate=2.36080000, open_since=2023-03-20 09:57:21)
2023-03-20 10:06:41,507 - freqtrade.freqtradebot - INFO - Found open order for Trade(id=1, pair=TON/USDT, amount=139.78312436, is_short=False, leverage=1.0, open_rate=2.36080000, open_since=2023-03-20 09:57:21)
2023-03-20 10:06:46,503 - freqtrade.freqtradebot - INFO - Found open order for Trade(id=1, pair=TON/USDT, amount=139.78312436, is_short=False, leverage=1.0, open_rate=2.36080000, open_since=2023-03-20 09:57:21)
2023-03-20 10:06:51,479 - freqtrade.freqtradebot - INFO - Found open order for Trade(id=1, pair=TON/USDT, amount=139.78312436, is_short=False, leverage=1.0, open_rate=2.36080000, open_since=2023-03-20 09:57:21)
2023-03-20 10:06:56,527 - freqtrade.freqtradebot - INFO - Found open order for Trade(id=1, pair=TON/USDT, amount=139.78312436, is_short=False, leverage=1.0, open_rate=2.36080000, open_since=2023-03-20 09:57:21)
2023-03-20 10:07:01,525 - freqtrade.freqtradebot - INFO - Found open order for Trade(id=1, pair=TON/USDT, amount=139.78312436, is_short=False, leverage=1.0, open_rate=2.36080000, open_since=2023-03-20 09:57:21)
2023-03-20 10:07:06,537 - freqtrade.freqtradebot - INFO - Found open order for Trade(id=1, pair=TON/USDT, amount=139.78312436, is_short=False, leverage=1.0, open_rate=2.36080000, open_since=2023-03-20 09:57:21)
2023-03-20 10:07:11,549 - freqtrade.freqtradebot - INFO - Found open order for Trade(id=1, pair=TON/USDT, amount=139.78312436, is_short=False, leverage=1.0, open_rate=2.36080000, open_since=2023-03-20 09:57:21)
2023-03-20 10:07:16,560 - freqtrade.freqtradebot - INFO - Found open order for Trade(id=1, pair=TON/USDT, amount=139.78312436, is_short=False, leverage=1.0, open_rate=2.36080000, open_since=2023-03-20 09:57:21)
2023-03-20 10:07:21,533 - freqtrade.freqtradebot - INFO - Found open order for Trade(id=1, pair=TON/USDT, amount=139.78312436, is_short=False, leverage=1.0, open_rate=2.36080000, open_since=2023-03-20 09:57:21)
2023-03-20 10:07:22,053 - freqtrade.freqtradebot - INFO - Buy order cancelled due to timeout for Trade(id=1, pair=TON/USDT, amount=139.78312436, is_short=False, leverage=1.0, open_rate=2.36080000, open_since=2023-03-20 09:57:21).
2023-03-20 10:07:22,054 - freqtrade.freqtradebot - INFO - Buy order fully cancelled. Removing Trade(id=1, pair=TON/USDT, amount=139.78312436, is_short=False, leverage=1.0, open_rate=2.36080000, open_since=2023-03-20 09:57:21) from database.
2023-03-20 10:07:22,082 - freqtrade.wallets - INFO - Wallets synced.
2023-03-20 10:07:22,084 - freqtrade.rpc.rpc_manager - INFO - Sending rpc message: {'trade_id': 1, 'type': entry_cancel, 'buy_tag': None, 'enter_tag': None, 'exchange': 'Kucoin', 'pair': 'TON/USDT', 'leverage': 1.0, 'direction': 'Long', 'limit': 2.3608, 'order_type': 'limit', 'stake_amount': 330.0, 'stake_currency': 'USDT', 'fiat_currency': 'USD', 'amount': 139.78312436462218, 'open_date': datetime.datetime(2023, 3, 20, 9, 57, 21, 445265), 'current_rate': 2.3683, 'reason': 'cancelled due to timeout, fully cancelled', 'sub_trade': False}
2023-03-20 10:07:31,129 - freqtrade.worker - INFO - Bot heartbeat. PID=1, version='2023.1', state='RUNNING'
2023-03-20 10:08:31,193 - freqtrade.worker - INFO - Bot heartbeat. PID=1, version='2023.1', state='RUNNING'
2023-03-20 10:09:31,257 - freqtrade.worker - INFO - Bot heartbeat. PID=1, version='2023.1', state='RUNNING'
2023-03-20 10:10:36,028 - freqtrade.worker - INFO - Bot heartbeat. PID=1, version='2023.1', state='RUNNING'
2023-03-20 10:11:36,091 - freqtrade.worker - INFO - Bot heartbeat. PID=1, version='2023.1', state='RUNNING'
2023-03-20 10:12:36,153 - freqtrade.worker - INFO - Bot heartbeat. PID=1, version='2023.1', state='RUNNING'
2023-03-20 10:13:36,215 - freqtrade.worker - INFO - Bot heartbeat. PID=1, version='2023.1', state='RUNNING'
2023-03-20 10:14:36,273 - freqtrade.worker - INFO - Bot heartbeat. PID=1, version='2023.1', state='RUNNING'
2023-03-20 10:15:41,037 - freqtrade.worker - INFO - Bot heartbeat. PID=1, version='2023.1', state='RUNNING'
2023-03-20 10:16:41,108 - freqtrade.worker - INFO - Bot heartbeat. PID=1, version='2023.1', state='RUNNING'
2023-03-20 10:17:41,166 - freqtrade.worker - INFO - Bot heartbeat. PID=1, version='2023.1', state='RUNNING'
2023-03-20 10:18:41,223 - freqtrade.worker - INFO - Bot heartbeat. PID=1, version='2023.1', state='RUNNING'
2023-03-20 10:19:41,282 - freqtrade.worker - INFO - Bot heartbeat. PID=1, version='2023.1', state='RUNNING'
2023-03-20 10:20:46,041 - freqtrade.worker - INFO - Bot heartbeat. PID=1, version='2023.1', state='RUNNING'
2023-03-20 10:21:46,108 - freqtrade.worker - INFO - Bot heartbeat. PID=1, version='2023.1', state='RUNNING'
2023-03-20 10:22:46,180 - freqtrade.worker - INFO - Bot heartbeat. PID=1, version='2023.1', state='RUNNING'
2023-03-20 10:23:46,243 - freqtrade.worker - INFO - Bot heartbeat. PID=1, version='2023.1', state='RUNNING'
2023-03-20 10:24:46,312 - freqtrade.worker - INFO - Bot heartbeat. PID=1, version='2023.1', state='RUNNING'
2023-03-20 10:25:51,032 - freqtrade.worker - INFO - Bot heartbeat. PID=1, version='2023.1', state='RUNNING'
2023-03-20 10:26:51,099 - freqtrade.worker - INFO - Bot heartbeat. PID=1, version='2023.1', state='RUNNING'
2023-03-20 10:27:22,031 - freqtrade.plugins.pairlistmanager - INFO - Whitelist with 20 pairs: ['BTC/USDT', 'ETH/USDT', 'SOL/USDT', 'XRP/USDT', 'FTM/USDT', 'CFX/USDT', 'MATIC/USDT', 'VRA/USDT', 'AGIX/USDT', 'STX/USDT', 'SHIB/USDT', 'OP/USDT', 'LTC/USDT', 'BNB/USDT', 'ADA/USDT', 'USDC/USDT', 'TON/USDT', 'DOGE/USDT', 'ACH/USDT', 'RNDR/USDT']
2023-03-20 10:27:51,166 - freqtrade.worker - INFO - Bot heartbeat. PID=1, version='2023.1', state='RUNNING'
2023-03-20 10:28:51,231 - freqtrade.worker - INFO - Bot heartbeat. PID=1, version='2023.1', state='RUNNING'
2023-03-20 10:29:51,304 - freqtrade.worker - INFO - Bot heartbeat. PID=1, version='2023.1', state='RUNNING'
2023-03-20 10:30:56,053 - freqtrade.worker - INFO - Bot heartbeat. PID=1, version='2023.1', state='RUNNING'
2023-03-20 10:31:56,237 - freqtrade.worker - INFO - Bot heartbeat. PID=1, version='2023.1', state='RUNNING'
2023-03-20 10:32:56,320 - freqtrade.worker - INFO - Bot heartbeat. PID=1, version='2023.1', state='RUNNING'
2023-03-20 10:33:56,387 - freqtrade.worker - INFO - Bot heartbeat. PID=1, version='2023.1', state='RUNNING'
2023-03-20 10:34:56,448 - freqtrade.worker - INFO - Bot heartbeat. PID=1, version='2023.1', state='RUNNING'
2023-03-20 10:36:01,050 - freqtrade.worker - INFO - Bot heartbeat. PID=1, version='2023.1', state='RUNNING'
2023-03-20 10:37:01,109 - freqtrade.worker - INFO - Bot heartbeat. PID=1, version='2023.1', state='RUNNING'
2023-03-20 10:37:35,163 - uvicorn.error - INFO - ('172.19.0.1', 32832) - "WebSocket /api/v1/message/ws?token=eyJhbGciOiJIUzI1NiIsInR5cCI6IkpXVCJ9.eyJpZGVudGl0eSI6eyJ1IjoiZnJlcXRyYWRlciJ9LCJleHAiOjE2NzkzMDk1NTQsImlhdCI6MTY3OTMwODY1NCwidHlwZSI6ImFjY2VzcyJ9.iutWA4I_xOrhgUxYkZPBFP88YbQmNKVsdt94MB_poBw" [accepted]
2023-03-20 10:37:35,179 - freqtrade.rpc.api_server.ws.channel - INFO - Connected to channel - WebSocketChannel(4785a434, ('172.19.0.1', 32832))
2023-03-20 10:37:35,196 - uvicorn.error - INFO - connection open
2023-03-20 10:38:01,684 - freqtrade.worker - INFO - Bot heartbeat. PID=1, version='2023.1', state='RUNNING'
2023-03-20 10:39:01,945 - freqtrade.worker - INFO - Bot heartbeat. PID=1, version='2023.1', state='RUNNING'
2023-03-20 10:40:06,005 - freqtrade.worker - INFO - Bot heartbeat. PID=1, version='2023.1', state='RUNNING'
2023-03-20 10:41:06,077 - freqtrade.worker - INFO - Bot heartbeat. PID=1, version='2023.1', state='RUNNING'
2023-03-20 10:42:06,156 - freqtrade.worker - INFO - Bot heartbeat. PID=1, version='2023.1', state='RUNNING'
2023-03-20 10:43:06,244 - freqtrade.worker - INFO - Bot heartbeat. PID=1, version='2023.1', state='RUNNING'
2023-03-20 10:44:06,326 - freqtrade.worker - INFO - Bot heartbeat. PID=1, version='2023.1', state='RUNNING'
2023-03-20 10:45:11,008 - freqtrade.worker - INFO - Bot heartbeat. PID=1, version='2023.1', state='RUNNING'
2023-03-20 10:46:03,801 - freqtrade.rpc.api_server.ws.channel - INFO - Disconnected from channel - WebSocketChannel(4785a434, ('172.19.0.1', 32832))
2023-03-20 10:46:03,842 - uvicorn.error - INFO - connection closed
2023-03-20 10:46:11,073 - freqtrade.worker - INFO - Bot heartbeat. PID=1, version='2023.1', state='RUNNING'
2023-03-20 10:47:26,464 - freqtrade.worker - INFO - Bot heartbeat. PID=1, version='2023.1', state='RUNNING'
2023-03-20 10:56:58,580 - freqtrade.strategy.interface - WARNING - Outdated history for pair BTC/USDT. Last tick is 16 minutes old
2023-03-20 10:56:59,535 - freqtrade.strategy.interface - WARNING - Outdated history for pair ETH/USDT. Last tick is 16 minutes old
2023-03-20 10:57:01,166 - freqtrade.strategy.interface - WARNING - Outdated history for pair SOL/USDT. Last tick is 17 minutes old
2023-03-20 10:57:01,821 - freqtrade.strategy.interface - WARNING - Outdated history for pair XRP/USDT. Last tick is 17 minutes old
2023-03-20 10:57:02,916 - freqtrade.strategy.interface - WARNING - Outdated history for pair FTM/USDT. Last tick is 17 minutes old
2023-03-20 10:57:04,184 - freqtrade.strategy.interface - WARNING - Outdated history for pair CFX/USDT. Last tick is 17 minutes old
2023-03-20 10:57:12,529 - freqtrade.strategy.interface - WARNING - Outdated history for pair MATIC/USDT. Last tick is 17 minutes old
2023-03-20 10:57:36,810 - freqtrade.strategy.interface - WARNING - Outdated history for pair VRA/USDT. Last tick is 17 minutes old
2023-03-20 10:58:16,914 - freqtrade.strategy.interface - WARNING - Outdated history for pair AGIX/USDT. Last tick is 18 minutes old
2023-03-20 10:58:47,128 - freqtrade.strategy.interface - WARNING - Outdated history for pair STX/USDT. Last tick is 18 minutes old
2023-03-20 10:59:25,513 - freqtrade.strategy.interface - WARNING - Outdated history for pair SHIB/USDT. Last tick is 19 minutes old
2023-03-20 10:59:48,537 - freqtrade.strategy.interface - WARNING - Outdated history for pair OP/USDT. Last tick is 19 minutes old
2023-03-20 11:00:15,122 - freqtrade.strategy.interface - WARNING - Outdated history for pair LTC/USDT. Last tick is 20 minutes old
2023-03-20 11:00:33,039 - freqtrade.strategy.interface - WARNING - Outdated history for pair BNB/USDT. Last tick is 20 minutes old
2023-03-20 11:01:24,629 - freqtrade.loggers - INFO - Verbosity set to 0
2023-03-20 11:01:24,631 - freqtrade.configuration.configuration - INFO - Runmode set to dry_run.
2023-03-20 11:01:24,632 - freqtrade.configuration.configuration - INFO - Parameter --db-url detected ...
2023-03-20 11:01:24,632 - freqtrade.configuration.configuration - INFO - Dry run is enabled
2023-03-20 11:01:24,632 - freqtrade.configuration.configuration - INFO - Using DB: "sqlite:////freqtrade/user_data/tradesv3.sqlite"
2023-03-20 11:01:24,633 - freqtrade.configuration.configuration - INFO - Using max_open_trades: 3 ...
2023-03-20 11:01:24,783 - freqtrade.configuration.configuration - INFO - Using user-data directory: /freqtrade/user_data ...
2023-03-20 11:01:24,784 - freqtrade.configuration.configuration - INFO - Using data directory: /freqtrade/user_data/data/kucoin ...
2023-03-20 11:01:24,787 - freqtrade.exchange.check_exchange - INFO - Checking exchange...
2023-03-20 11:01:24,802 - freqtrade.exchange.check_exchange - WARNING - Exchange "kucoin" is known to the the ccxt library, available for the bot, but not officially supported by the Freqtrade development team. It may work flawlessly (please report back) or have serious issues. Use it at your own discretion.
2023-03-20 11:01:24,802 - freqtrade.configuration.configuration - INFO - Using pairlist from configuration.
2023-03-20 11:01:24,874 - freqtrade.resolvers.iresolver - INFO - Using resolved strategy SampleStrategy from '/freqtrade/user_data/strategies/sample_strategy.py'...
2023-03-20 11:01:24,874 - freqtrade.strategy.hyper - INFO - Found no parameter file.
2023-03-20 11:01:24,876 - freqtrade.resolvers.strategy_resolver - INFO - Override strategy 'stake_currency' with value in config file: USDT.
2023-03-20 11:01:24,876 - freqtrade.resolvers.strategy_resolver - INFO - Override strategy 'stake_amount' with value in config file: unlimited.
2023-03-20 11:01:24,876 - freqtrade.resolvers.strategy_resolver - INFO - Override strategy 'unfilledtimeout' with value in config file: {'entry': 10, 'exit': 10, 'exit_timeout_count': 0, 'unit': 'minutes'}.
2023-03-20 11:01:24,876 - freqtrade.resolvers.strategy_resolver - INFO - Override strategy 'max_open_trades' with value in config file: 3.
2023-03-20 11:01:24,877 - freqtrade.resolvers.strategy_resolver - INFO - Strategy using minimal_roi: {'60': 0.01, '30': 0.02, '0': 0.04}
2023-03-20 11:01:24,877 - freqtrade.resolvers.strategy_resolver - INFO - Strategy using timeframe: 5m
2023-03-20 11:01:24,877 - freqtrade.resolvers.strategy_resolver - INFO - Strategy using stoploss: -0.1
2023-03-20 11:01:24,877 - freqtrade.resolvers.strategy_resolver - INFO - Strategy using trailing_stop: False
2023-03-20 11:01:24,877 - freqtrade.resolvers.strategy_resolver - INFO - Strategy using trailing_stop_positive_offset: 0.0
2023-03-20 11:01:24,878 - freqtrade.resolvers.strategy_resolver - INFO - Strategy using trailing_only_offset_is_reached: False
2023-03-20 11:01:24,878 - freqtrade.resolvers.strategy_resolver - INFO - Strategy using use_custom_stoploss: False
2023-03-20 11:01:24,878 - freqtrade.resolvers.strategy_resolver - INFO - Strategy using process_only_new_candles: True
2023-03-20 11:01:24,878 - freqtrade.resolvers.strategy_resolver - INFO - Strategy using order_types: {'entry': 'limit', 'exit': 'limit', 'stoploss': 'market', 'stoploss_on_exchange': False}
2023-03-20 11:01:24,878 - freqtrade.resolvers.strategy_resolver - INFO - Strategy using order_time_in_force: {'entry': 'GTC', 'exit': 'GTC'}
2023-03-20 11:01:24,879 - freqtrade.resolvers.strategy_resolver - INFO - Strategy using stake_currency: USDT
2023-03-20 11:01:24,879 - freqtrade.resolvers.strategy_resolver - INFO - Strategy using stake_amount: unlimited
2023-03-20 11:01:24,879 - freqtrade.resolvers.strategy_resolver - INFO - Strategy using protections: []
2023-03-20 11:01:24,879 - freqtrade.resolvers.strategy_resolver - INFO - Strategy using startup_candle_count: 30
2023-03-20 11:01:24,879 - freqtrade.resolvers.strategy_resolver - INFO - Strategy using unfilledtimeout: {'entry': 10, 'exit': 10, 'exit_timeout_count': 0, 'unit': 'minutes'}
2023-03-20 11:01:24,880 - freqtrade.resolvers.strategy_resolver - INFO - Strategy using use_exit_signal: True
2023-03-20 11:01:24,880 - freqtrade.resolvers.strategy_resolver - INFO - Strategy using exit_profit_only: False
2023-03-20 11:01:24,880 - freqtrade.resolvers.strategy_resolver - INFO - Strategy using ignore_roi_if_entry_signal: False
2023-03-20 11:01:24,880 - freqtrade.resolvers.strategy_resolver - INFO - Strategy using exit_profit_offset: 0.0
2023-03-20 11:01:24,881 - freqtrade.resolvers.strategy_resolver - INFO - Strategy using disable_dataframe_checks: False
2023-03-20 11:01:24,881 - freqtrade.resolvers.strategy_resolver - INFO - Strategy using ignore_buying_expired_candle_after: 0
2023-03-20 11:01:24,881 - freqtrade.resolvers.strategy_resolver - INFO - Strategy using position_adjustment_enable: False
2023-03-20 11:01:24,881 - freqtrade.resolvers.strategy_resolver - INFO - Strategy using max_entry_position_adjustment: -1
2023-03-20 11:01:24,881 - freqtrade.resolvers.strategy_resolver - INFO - Strategy using max_open_trades: 3
2023-03-20 11:01:24,882 - freqtrade.configuration.config_validation - INFO - Validating configuration ...
2023-03-20 11:01:24,928 - freqtrade.exchange.exchange - INFO - Instance is running with dry_run enabled
2023-03-20 11:01:24,928 - freqtrade.exchange.exchange - INFO - Using CCXT 2.7.12
2023-03-20 11:01:24,954 - freqtrade.exchange.exchange - INFO - Using Exchange "KuCoin"
2023-03-20 11:01:28,723 - freqtrade.resolvers.exchange_resolver - INFO - Using resolved exchange 'Kucoin'...
2023-03-20 11:01:28,835 - freqtrade.wallets - INFO - Wallets synced.
2023-03-20 11:01:28,879 - freqtrade.resolvers.iresolver - INFO - Using resolved pairlist VolumePairList from '/freqtrade/freqtrade/plugins/pairlist/VolumePairList.py'...
2023-03-20 11:01:28,989 - freqtrade.rpc.rpc_manager - INFO - Enabling rpc.api_server
2023-03-20 11:01:29,682 - freqtrade.rpc.api_server.webserver - INFO - Starting HTTP Server at 0.0.0.0:8080
2023-03-20 11:01:29,683 - freqtrade.rpc.api_server.webserver - WARNING - SECURITY WARNING - Local Rest Server listening to external connections
2023-03-20 11:01:29,683 - freqtrade.rpc.api_server.webserver - WARNING - SECURITY WARNING - This is insecure please set to your loopback,e.g 127.0.0.1 in config.json
2023-03-20 11:01:29,683 - freqtrade.rpc.api_server.webserver - INFO - Starting Local Rest Server.
2023-03-20 11:01:29,713 - uvicorn.error - INFO - Started server process [1]
2023-03-20 11:01:29,714 - uvicorn.error - INFO - Waiting for application startup.
2023-03-20 11:01:29,715 - uvicorn.error - INFO - Application startup complete.
2023-03-20 11:01:29,716 - uvicorn.error - INFO - Uvicorn running on http://0.0.0.0:8080 (Press CTRL+C to quit)
2023-03-20 11:01:29,741 - freqtrade.resolvers.iresolver - INFO - Using resolved pairlist VolumePairList from '/freqtrade/freqtrade/plugins/pairlist/VolumePairList.py'...
2023-03-20 11:01:30,302 - freqtrade.plugins.pairlistmanager - INFO - Whitelist with 20 pairs: ['BTC/USDT', 'ETH/USDT', 'SOL/USDT', 'XRP/USDT', 'FTM/USDT', 'CFX/USDT', 'MATIC/USDT', 'VRA/USDT', 'STX/USDT', 'AGIX/USDT', 'SHIB/USDT', 'OP/USDT', 'LTC/USDT', 'BNB/USDT', 'ADA/USDT', 'USDC/USDT', 'TON/USDT', 'DOGE/USDT', 'ACH/USDT', 'GALAX/USDT']
2023-03-20 11:01:30,303 - freqtrade.strategy.hyper - INFO - No params for buy found, using default values.
2023-03-20 11:01:30,304 - freqtrade.strategy.hyper - INFO - Strategy Parameter(default): buy_rsi = 30
2023-03-20 11:01:30,304 - freqtrade.strategy.hyper - INFO - Strategy Parameter(default): exit_short_rsi = 30
2023-03-20 11:01:30,304 - freqtrade.strategy.hyper - INFO - No params for sell found, using default values.
2023-03-20 11:01:30,305 - freqtrade.strategy.hyper - INFO - Strategy Parameter(default): sell_rsi = 70
2023-03-20 11:01:30,305 - freqtrade.strategy.hyper - INFO - Strategy Parameter(default): short_rsi = 70
2023-03-20 11:01:30,305 - freqtrade.strategy.hyper - INFO - No params for protection found, using default values.
2023-03-20 11:01:30,306 - freqtrade.plugins.protectionmanager - INFO - No protection Handlers defined.
2023-03-20 11:01:30,306 - freqtrade.rpc.rpc_manager - INFO - Sending rpc message: {'type': status, 'status': 'running'}
2023-03-20 11:01:30,307 - freqtrade.worker - INFO - Changing state to: RUNNING
2023-03-20 11:01:30,307 - freqtrade.rpc.rpc_manager - INFO - Sending rpc message: {'type': warning, 'status': 'Dry run is enabled. All trades are simulated.'}
2023-03-20 11:01:30,307 - freqtrade.rpc.rpc_manager - INFO - Sending rpc message: {'type': startup, 'status': "*Exchange:* `kucoin`\n*Stake per trade:* `unlimited USDT`\n*Minimum ROI:* `{'60': 0.01, '30': 0.02, '0': 0.04}`\n*Stoploss:* `-0.1`\n*Position adjustment:* `Off`\n*Timeframe:* `5m`\n*Strategy:* `SampleStrategy`"}
2023-03-20 11:01:30,307 - freqtrade.rpc.rpc_manager - INFO - Sending rpc message: {'type': startup, 'status': "Searching for USDT pairs to buy and sell based on [{'VolumePairList': 'VolumePairList - top 20 volume pairs.'}]"}
2023-03-20 11:01:35,323 - freqtrade.worker - INFO - Bot heartbeat. PID=1, version='2023.1', state='RUNNING'
2023-03-20 11:02:35,385 - freqtrade.worker - INFO - Bot heartbeat. PID=1, version='2023.1', state='RUNNING'
2023-03-20 11:03:35,448 - freqtrade.worker - INFO - Bot heartbeat. PID=1, version='2023.1', state='RUNNING'
2023-03-20 11:04:35,515 - freqtrade.worker - INFO - Bot heartbeat. PID=1, version='2023.1', state='RUNNING'
2023-03-20 11:05:36,023 - freqtrade.worker - INFO - Bot heartbeat. PID=1, version='2023.1', state='RUNNING'
2023-03-20 11:06:36,100 - freqtrade.worker - INFO - Bot heartbeat. PID=1, version='2023.1', state='RUNNING'
2023-03-20 11:07:36,164 - freqtrade.worker - INFO - Bot heartbeat. PID=1, version='2023.1', state='RUNNING'
2023-03-20 11:08:36,268 - freqtrade.worker - INFO - Bot heartbeat. PID=1, version='2023.1', state='RUNNING'
2023-03-20 11:09:36,335 - freqtrade.worker - INFO - Bot heartbeat. PID=1, version='2023.1', state='RUNNING'
2023-03-20 11:10:41,038 - freqtrade.worker - INFO - Bot heartbeat. PID=1, version='2023.1', state='RUNNING'
2023-03-20 11:11:41,104 - freqtrade.worker - INFO - Bot heartbeat. PID=1, version='2023.1', state='RUNNING'
2023-03-20 11:12:41,168 - freqtrade.worker - INFO - Bot heartbeat. PID=1, version='2023.1', state='RUNNING'
2023-03-20 11:13:41,226 - freqtrade.worker - INFO - Bot heartbeat. PID=1, version='2023.1', state='RUNNING'
2023-03-20 11:14:41,292 - freqtrade.worker - INFO - Bot heartbeat. PID=1, version='2023.1', state='RUNNING'
2023-03-20 11:15:06,362 - freqtrade.exchange.common - WARNING - Kucoin 429 error, avoid triggering DDosProtection backoff delay. 3 tries left before giving up
2023-03-20 11:15:46,043 - freqtrade.worker - INFO - Bot heartbeat. PID=1, version='2023.1', state='RUNNING'
2023-03-20 11:16:46,108 - freqtrade.worker - INFO - Bot heartbeat. PID=1, version='2023.1', state='RUNNING'
2023-03-20 11:17:46,167 - freqtrade.worker - INFO - Bot heartbeat. PID=1, version='2023.1', state='RUNNING'
2023-03-20 11:18:46,239 - freqtrade.worker - INFO - Bot heartbeat. PID=1, version='2023.1', state='RUNNING'
2023-03-20 11:19:46,306 - freqtrade.worker - INFO - Bot heartbeat. PID=1, version='2023.1', state='RUNNING'
2023-03-20 11:20:51,042 - freqtrade.worker - INFO - Bot heartbeat. PID=1, version='2023.1', state='RUNNING'
2023-03-20 11:21:51,106 - freqtrade.worker - INFO - Bot heartbeat. PID=1, version='2023.1', state='RUNNING'
2023-03-20 11:22:51,174 - freqtrade.worker - INFO - Bot heartbeat. PID=1, version='2023.1', state='RUNNING'
2023-03-20 11:23:51,234 - freqtrade.worker - INFO - Bot heartbeat. PID=1, version='2023.1', state='RUNNING'
2023-03-20 11:24:51,302 - freqtrade.worker - INFO - Bot heartbeat. PID=1, version='2023.1', state='RUNNING'
2023-03-20 11:25:56,050 - freqtrade.worker - INFO - Bot heartbeat. PID=1, version='2023.1', state='RUNNING'
2023-03-20 11:26:56,112 - freqtrade.worker - INFO - Bot heartbeat. PID=1, version='2023.1', state='RUNNING'
2023-03-20 11:27:56,167 - freqtrade.worker - INFO - Bot heartbeat. PID=1, version='2023.1', state='RUNNING'
2023-03-20 11:28:56,224 - freqtrade.worker - INFO - Bot heartbeat. PID=1, version='2023.1', state='RUNNING'
2023-03-20 11:29:56,280 - freqtrade.worker - INFO - Bot heartbeat. PID=1, version='2023.1', state='RUNNING'
2023-03-20 11:31:01,047 - freqtrade.worker - INFO - Bot heartbeat. PID=1, version='2023.1', state='RUNNING'
2023-03-20 11:31:33,817 - freqtrade.plugins.pairlistmanager - INFO - Whitelist with 20 pairs: ['BTC/USDT', 'ETH/USDT', 'SOL/USDT', 'FTM/USDT', 'XRP/USDT', 'CFX/USDT', 'MATIC/USDT', 'VRA/USDT', 'STX/USDT', 'AGIX/USDT', 'SHIB/USDT', 'OP/USDT', 'LTC/USDT', 'BNB/USDT', 'USDC/USDT', 'ADA/USDT', 'TON/USDT', 'DOGE/USDT', 'ACH/USDT', 'XMR/USDT']
2023-03-20 11:32:01,105 - freqtrade.worker - INFO - Bot heartbeat. PID=1, version='2023.1', state='RUNNING'
2023-03-20 11:33:01,168 - freqtrade.worker - INFO - Bot heartbeat. PID=1, version='2023.1', state='RUNNING'
2023-03-20 11:34:01,237 - freqtrade.worker - INFO - Bot heartbeat. PID=1, version='2023.1', state='RUNNING'
2023-03-20 11:35:06,007 - freqtrade.worker - INFO - Bot heartbeat. PID=1, version='2023.1', state='RUNNING'
2023-03-20 11:36:06,061 - freqtrade.worker - INFO - Bot heartbeat. PID=1, version='2023.1', state='RUNNING'
2023-03-20 11:37:06,121 - freqtrade.worker - INFO - Bot heartbeat. PID=1, version='2023.1', state='RUNNING'
2023-03-20 11:38:06,193 - freqtrade.worker - INFO - Bot heartbeat. PID=1, version='2023.1', state='RUNNING'
2023-03-20 11:39:06,268 - freqtrade.worker - INFO - Bot heartbeat. PID=1, version='2023.1', state='RUNNING'
2023-03-20 11:40:11,009 - freqtrade.worker - INFO - Bot heartbeat. PID=1, version='2023.1', state='RUNNING'
2023-03-20 11:41:11,064 - freqtrade.worker - INFO - Bot heartbeat. PID=1, version='2023.1', state='RUNNING'
2023-03-20 11:42:11,127 - freqtrade.worker - INFO - Bot heartbeat. PID=1, version='2023.1', state='RUNNING'
2023-03-20 11:43:11,189 - freqtrade.worker - INFO - Bot heartbeat. PID=1, version='2023.1', state='RUNNING'
2023-03-20 11:44:11,246 - freqtrade.worker - INFO - Bot heartbeat. PID=1, version='2023.1', state='RUNNING'
2023-03-20 11:45:16,014 - freqtrade.worker - INFO - Bot heartbeat. PID=1, version='2023.1', state='RUNNING'
2023-03-20 11:46:16,072 - freqtrade.worker - INFO - Bot heartbeat. PID=1, version='2023.1', state='RUNNING'
2023-03-20 11:47:16,135 - freqtrade.worker - INFO - Bot heartbeat. PID=1, version='2023.1', state='RUNNING'
2023-03-20 11:48:16,194 - freqtrade.worker - INFO - Bot heartbeat. PID=1, version='2023.1', state='RUNNING'
2023-03-20 11:49:16,252 - freqtrade.worker - INFO - Bot heartbeat. PID=1, version='2023.1', state='RUNNING'
2023-03-20 11:50:21,020 - freqtrade.worker - INFO - Bot heartbeat. PID=1, version='2023.1', state='RUNNING'
2023-03-20 11:51:21,083 - freqtrade.worker - INFO - Bot heartbeat. PID=1, version='2023.1', state='RUNNING'
2023-03-20 11:52:21,139 - freqtrade.worker - INFO - Bot heartbeat. PID=1, version='2023.1', state='RUNNING'
2023-03-20 11:53:21,195 - freqtrade.worker - INFO - Bot heartbeat. PID=1, version='2023.1', state='RUNNING'
2023-03-20 11:54:21,250 - freqtrade.worker - INFO - Bot heartbeat. PID=1, version='2023.1', state='RUNNING'
2023-03-20 11:55:26,019 - freqtrade.worker - INFO - Bot heartbeat. PID=1, version='2023.1', state='RUNNING'
2023-03-20 11:56:26,072 - freqtrade.worker - INFO - Bot heartbeat. PID=1, version='2023.1', state='RUNNING'
2023-03-20 11:57:26,125 - freqtrade.worker - INFO - Bot heartbeat. PID=1, version='2023.1', state='RUNNING'
2023-03-20 11:58:26,170 - freqtrade.worker - INFO - Bot heartbeat. PID=1, version='2023.1', state='RUNNING'
2023-03-20 11:59:26,211 - freqtrade.worker - INFO - Bot heartbeat. PID=1, version='2023.1', state='RUNNING'
2023-03-20 12:00:12,246 - freqtrade.exchange.common - WARNING - Kucoin 429 error, avoid triggering DDosProtection backoff delay. 2 tries left before giving up
2023-03-20 12:00:31,017 - freqtrade.worker - INFO - Bot heartbeat. PID=1, version='2023.1', state='RUNNING'
2023-03-20 12:01:31,063 - freqtrade.worker - INFO - Bot heartbeat. PID=1, version='2023.1', state='RUNNING'
2023-03-20 12:01:35,243 - freqtrade.plugins.pairlistmanager - INFO - Whitelist with 20 pairs: ['BTC/USDT', 'ETH/USDT', 'SOL/USDT', 'FTM/USDT', 'XRP/USDT', 'CFX/USDT', 'MATIC/USDT', 'VRA/USDT', 'STX/USDT', 'AGIX/USDT', 'SHIB/USDT', 'OP/USDT', 'LTC/USDT', 'BNB/USDT', 'USDC/USDT', 'ADA/USDT', 'TON/USDT', 'DOGE/USDT', 'ACH/USDT', 'GALAX/USDT']
2023-03-20 12:02:31,432 - freqtrade.worker - INFO - Bot heartbeat. PID=1, version='2023.1', state='RUNNING'
2023-03-20 12:03:31,495 - freqtrade.worker - INFO - Bot heartbeat. PID=1, version='2023.1', state='RUNNING'
2023-03-20 12:04:31,544 - freqtrade.worker - INFO - Bot heartbeat. PID=1, version='2023.1', state='RUNNING'
2023-03-20 12:05:36,026 - freqtrade.worker - INFO - Bot heartbeat. PID=1, version='2023.1', state='RUNNING'
2023-03-20 12:06:36,075 - freqtrade.worker - INFO - Bot heartbeat. PID=1, version='2023.1', state='RUNNING'
2023-03-20 12:07:36,116 - freqtrade.worker - INFO - Bot heartbeat. PID=1, version='2023.1', state='RUNNING'
2023-03-20 12:08:36,145 - freqtrade.worker - INFO - Bot heartbeat. PID=1, version='2023.1', state='RUNNING'
2023-03-20 12:09:36,192 - freqtrade.worker - INFO - Bot heartbeat. PID=1, version='2023.1', state='RUNNING'
2023-03-20 12:10:41,029 - freqtrade.worker - INFO - Bot heartbeat. PID=1, version='2023.1', state='RUNNING'
2023-03-20 12:11:41,077 - freqtrade.worker - INFO - Bot heartbeat. PID=1, version='2023.1', state='RUNNING'
2023-03-20 12:12:41,123 - freqtrade.worker - INFO - Bot heartbeat. PID=1, version='2023.1', state='RUNNING'
2023-03-20 12:13:41,171 - freqtrade.worker - INFO - Bot heartbeat. PID=1, version='2023.1', state='RUNNING'
2023-03-20 12:14:41,315 - freqtrade.worker - INFO - Bot heartbeat. PID=1, version='2023.1', state='RUNNING'
2023-03-20 12:15:06,380 - freqtrade.exchange.common - WARNING - Kucoin 429 error, avoid triggering DDosProtection backoff delay. 3 tries left before giving up
2023-03-20 12:15:46,042 - freqtrade.worker - INFO - Bot heartbeat. PID=1, version='2023.1', state='RUNNING'
2023-03-20 12:16:46,120 - freqtrade.worker - INFO - Bot heartbeat. PID=1, version='2023.1', state='RUNNING'
2023-03-20 12:17:46,184 - freqtrade.worker - INFO - Bot heartbeat. PID=1, version='2023.1', state='RUNNING'
2023-03-20 12:18:46,240 - freqtrade.worker - INFO - Bot heartbeat. PID=1, version='2023.1', state='RUNNING'
2023-03-20 12:19:46,308 - freqtrade.worker - INFO - Bot heartbeat. PID=1, version='2023.1', state='RUNNING'
2023-03-20 12:20:51,070 - freqtrade.worker - INFO - Bot heartbeat. PID=1, version='2023.1', state='RUNNING'
2023-03-20 12:21:51,138 - freqtrade.worker - INFO - Bot heartbeat. PID=1, version='2023.1', state='RUNNING'
2023-03-20 12:22:51,202 - freqtrade.worker - INFO - Bot heartbeat. PID=1, version='2023.1', state='RUNNING'
2023-03-20 12:23:51,265 - freqtrade.worker - INFO - Bot heartbeat. PID=1, version='2023.1', state='RUNNING'
2023-03-20 12:24:51,321 - freqtrade.worker - INFO - Bot heartbeat. PID=1, version='2023.1', state='RUNNING'
2023-03-20 12:25:56,048 - freqtrade.worker - INFO - Bot heartbeat. PID=1, version='2023.1', state='RUNNING'
2023-03-20 12:26:56,108 - freqtrade.worker - INFO - Bot heartbeat. PID=1, version='2023.1', state='RUNNING'
2023-03-20 12:27:56,169 - freqtrade.worker - INFO - Bot heartbeat. PID=1, version='2023.1', state='RUNNING'
2023-03-20 12:28:56,222 - freqtrade.worker - INFO - Bot heartbeat. PID=1, version='2023.1', state='RUNNING'
2023-03-20 12:29:56,288 - freqtrade.worker - INFO - Bot heartbeat. PID=1, version='2023.1', state='RUNNING'
2023-03-20 12:31:01,056 - freqtrade.worker - INFO - Bot heartbeat. PID=1, version='2023.1', state='RUNNING'
2023-03-20 12:32:01,115 - freqtrade.worker - INFO - Bot heartbeat. PID=1, version='2023.1', state='RUNNING'
2023-03-20 12:33:01,176 - freqtrade.worker - INFO - Bot heartbeat. PID=1, version='2023.1', state='RUNNING'
2023-03-20 12:34:01,232 - freqtrade.worker - INFO - Bot heartbeat. PID=1, version='2023.1', state='RUNNING'
2023-03-20 12:35:06,009 - freqtrade.worker - INFO - Bot heartbeat. PID=1, version='2023.1', state='RUNNING'
2023-03-20 12:36:06,065 - freqtrade.worker - INFO - Bot heartbeat. PID=1, version='2023.1', state='RUNNING'
2023-03-20 12:37:06,113 - freqtrade.worker - INFO - Bot heartbeat. PID=1, version='2023.1', state='RUNNING'
2023-03-20 12:38:06,169 - freqtrade.worker - INFO - Bot heartbeat. PID=1, version='2023.1', state='RUNNING'
2023-03-20 12:39:06,232 - freqtrade.worker - INFO - Bot heartbeat. PID=1, version='2023.1', state='RUNNING'
2023-03-20 12:40:11,011 - freqtrade.worker - INFO - Bot heartbeat. PID=1, version='2023.1', state='RUNNING'
2023-03-20 12:41:11,058 - freqtrade.worker - INFO - Bot heartbeat. PID=1, version='2023.1', state='RUNNING'
2023-03-20 12:42:11,116 - freqtrade.worker - INFO - Bot heartbeat. PID=1, version='2023.1', state='RUNNING'
2023-03-20 12:43:11,168 - freqtrade.worker - INFO - Bot heartbeat. PID=1, version='2023.1', state='RUNNING'
2023-03-20 12:44:11,228 - freqtrade.worker - INFO - Bot heartbeat. PID=1, version='2023.1', state='RUNNING'
2023-03-20 12:45:16,012 - freqtrade.worker - INFO - Bot heartbeat. PID=1, version='2023.1', state='RUNNING'
2023-03-20 12:46:16,073 - freqtrade.worker - INFO - Bot heartbeat. PID=1, version='2023.1', state='RUNNING'
2023-03-20 12:47:16,142 - freqtrade.worker - INFO - Bot heartbeat. PID=1, version='2023.1', state='RUNNING'
2023-03-20 12:48:16,202 - freqtrade.worker - INFO - Bot heartbeat. PID=1, version='2023.1', state='RUNNING'
2023-03-20 12:49:16,270 - freqtrade.worker - INFO - Bot heartbeat. PID=1, version='2023.1', state='RUNNING'
2023-03-20 12:50:21,021 - freqtrade.worker - INFO - Bot heartbeat. PID=1, version='2023.1', state='RUNNING'
2023-03-20 12:51:21,075 - freqtrade.worker - INFO - Bot heartbeat. PID=1, version='2023.1', state='RUNNING'
2023-03-20 12:52:21,132 - freqtrade.worker - INFO - Bot heartbeat. PID=1, version='2023.1', state='RUNNING'
2023-03-20 12:53:21,199 - freqtrade.worker - INFO - Bot heartbeat. PID=1, version='2023.1', state='RUNNING'
2023-03-20 12:54:21,257 - freqtrade.worker - INFO - Bot heartbeat. PID=1, version='2023.1', state='RUNNING'
2023-03-20 12:55:26,021 - freqtrade.worker - INFO - Bot heartbeat. PID=1, version='2023.1', state='RUNNING'
2023-03-20 12:56:26,069 - freqtrade.worker - INFO - Bot heartbeat. PID=1, version='2023.1', state='RUNNING'
2023-03-20 12:57:26,126 - freqtrade.worker - INFO - Bot heartbeat. PID=1, version='2023.1', state='RUNNING'
2023-03-20 12:58:26,185 - freqtrade.worker - INFO - Bot heartbeat. PID=1, version='2023.1', state='RUNNING'
2023-03-20 12:59:26,253 - freqtrade.worker - INFO - Bot heartbeat. PID=1, version='2023.1', state='RUNNING'
2023-03-20 13:00:31,024 - freqtrade.worker - INFO - Bot heartbeat. PID=1, version='2023.1', state='RUNNING'
2023-03-20 13:01:31,081 - freqtrade.worker - INFO - Bot heartbeat. PID=1, version='2023.1', state='RUNNING'
2023-03-20 13:01:40,027 - freqtrade.plugins.pairlistmanager - INFO - Whitelist with 20 pairs: ['BTC/USDT', 'ETH/USDT', 'SOL/USDT', 'FTM/USDT', 'XRP/USDT', 'CFX/USDT', 'MATIC/USDT', 'VRA/USDT', 'STX/USDT', 'AGIX/USDT', 'SHIB/USDT', 'OP/USDT', 'LTC/USDT', 'BNB/USDT', 'USDC/USDT', 'ADA/USDT', 'DOGE/USDT', 'TON/USDT', 'ACH/USDT', 'AVAX/USDT']
2023-03-20 13:02:31,139 - freqtrade.worker - INFO - Bot heartbeat. PID=1, version='2023.1', state='RUNNING'
2023-03-20 13:03:31,199 - freqtrade.worker - INFO - Bot heartbeat. PID=1, version='2023.1', state='RUNNING'
2023-03-20 13:04:31,278 - freqtrade.worker - INFO - Bot heartbeat. PID=1, version='2023.1', state='RUNNING'
2023-03-20 13:05:36,023 - freqtrade.worker - INFO - Bot heartbeat. PID=1, version='2023.1', state='RUNNING'
2023-03-20 13:06:36,090 - freqtrade.worker - INFO - Bot heartbeat. PID=1, version='2023.1', state='RUNNING'
2023-03-20 13:07:36,152 - freqtrade.worker - INFO - Bot heartbeat. PID=1, version='2023.1', state='RUNNING'
2023-03-20 13:08:36,214 - freqtrade.worker - INFO - Bot heartbeat. PID=1, version='2023.1', state='RUNNING'
2023-03-20 13:09:36,278 - freqtrade.worker - INFO - Bot heartbeat. PID=1, version='2023.1', state='RUNNING'
2023-03-20 13:10:41,031 - freqtrade.worker - INFO - Bot heartbeat. PID=1, version='2023.1', state='RUNNING'
2023-03-20 13:11:41,086 - freqtrade.worker - INFO - Bot heartbeat. PID=1, version='2023.1', state='RUNNING'
2023-03-20 13:12:41,154 - freqtrade.worker - INFO - Bot heartbeat. PID=1, version='2023.1', state='RUNNING'
2023-03-20 13:13:41,220 - freqtrade.worker - INFO - Bot heartbeat. PID=1, version='2023.1', state='RUNNING'
2023-03-20 13:14:41,285 - freqtrade.worker - INFO - Bot heartbeat. PID=1, version='2023.1', state='RUNNING'
2023-03-20 13:15:06,452 - freqtrade.exchange.common - WARNING - Kucoin 429 error, avoid triggering DDosProtection backoff delay. 3 tries left before giving up
2023-03-20 13:15:46,031 - freqtrade.worker - INFO - Bot heartbeat. PID=1, version='2023.1', state='RUNNING'
2023-03-20 13:16:46,089 - freqtrade.worker - INFO - Bot heartbeat. PID=1, version='2023.1', state='RUNNING'
2023-03-20 13:17:46,148 - freqtrade.worker - INFO - Bot heartbeat. PID=1, version='2023.1', state='RUNNING'
2023-03-20 13:18:46,204 - freqtrade.worker - INFO - Bot heartbeat. PID=1, version='2023.1', state='RUNNING'
2023-03-20 13:19:46,270 - freqtrade.worker - INFO - Bot heartbeat. PID=1, version='2023.1', state='RUNNING'
2023-03-20 13:20:51,047 - freqtrade.worker - INFO - Bot heartbeat. PID=1, version='2023.1', state='RUNNING'
2023-03-20 13:21:51,100 - freqtrade.worker - INFO - Bot heartbeat. PID=1, version='2023.1', state='RUNNING'
2023-03-20 13:22:51,169 - freqtrade.worker - INFO - Bot heartbeat. PID=1, version='2023.1', state='RUNNING'
2023-03-20 13:23:51,234 - freqtrade.worker - INFO - Bot heartbeat. PID=1, version='2023.1', state='RUNNING'
2023-03-20 13:24:51,295 - freqtrade.worker - INFO - Bot heartbeat. PID=1, version='2023.1', state='RUNNING'
2023-03-20 13:25:56,055 - freqtrade.worker - INFO - Bot heartbeat. PID=1, version='2023.1', state='RUNNING'
2023-03-20 13:26:56,116 - freqtrade.worker - INFO - Bot heartbeat. PID=1, version='2023.1', state='RUNNING'
2023-03-20 13:27:56,179 - freqtrade.worker - INFO - Bot heartbeat. PID=1, version='2023.1', state='RUNNING'
2023-03-20 13:28:56,233 - freqtrade.worker - INFO - Bot heartbeat. PID=1, version='2023.1', state='RUNNING'
2023-03-20 13:29:56,293 - freqtrade.worker - INFO - Bot heartbeat. PID=1, version='2023.1', state='RUNNING'
2023-03-20 13:31:01,051 - freqtrade.worker - INFO - Bot heartbeat. PID=1, version='2023.1', state='RUNNING'
2023-03-20 13:31:41,961 - freqtrade.plugins.pairlistmanager - INFO - Whitelist with 20 pairs: ['BTC/USDT', 'ETH/USDT', 'SOL/USDT', 'FTM/USDT', 'CFX/USDT', 'XRP/USDT', 'MATIC/USDT', 'VRA/USDT', 'STX/USDT', 'AGIX/USDT', 'SHIB/USDT', 'OP/USDT', 'LTC/USDT', 'BNB/USDT', 'USDC/USDT', 'ADA/USDT', 'DOGE/USDT', 'TON/USDT', 'ACH/USDT', 'AVAX/USDT']
2023-03-20 13:32:01,114 - freqtrade.worker - INFO - Bot heartbeat. PID=1, version='2023.1', state='RUNNING'
2023-03-20 13:33:01,172 - freqtrade.worker - INFO - Bot heartbeat. PID=1, version='2023.1', state='RUNNING'
2023-03-20 13:34:01,233 - freqtrade.worker - INFO - Bot heartbeat. PID=1, version='2023.1', state='RUNNING'
2023-03-20 13:35:06,006 - freqtrade.worker - INFO - Bot heartbeat. PID=1, version='2023.1', state='RUNNING'
2023-03-20 13:36:06,065 - freqtrade.worker - INFO - Bot heartbeat. PID=1, version='2023.1', state='RUNNING'
2023-03-20 13:37:06,126 - freqtrade.worker - INFO - Bot heartbeat. PID=1, version='2023.1', state='RUNNING'
2023-03-20 13:38:06,191 - freqtrade.worker - INFO - Bot heartbeat. PID=1, version='2023.1', state='RUNNING'
2023-03-20 13:39:06,254 - freqtrade.worker - INFO - Bot heartbeat. PID=1, version='2023.1', state='RUNNING'
2023-03-20 13:40:11,010 - freqtrade.worker - INFO - Bot heartbeat. PID=1, version='2023.1', state='RUNNING'
2023-03-20 13:41:11,077 - freqtrade.worker - INFO - Bot heartbeat. PID=1, version='2023.1', state='RUNNING'
2023-03-20 13:42:11,139 - freqtrade.worker - INFO - Bot heartbeat. PID=1, version='2023.1', state='RUNNING'
2023-03-20 14:43:17,387 - freqtrade.strategy.interface - WARNING - Outdated history for pair BTC/USDT. Last tick is 68 minutes old
2023-03-20 14:43:17,715 - freqtrade.strategy.interface - WARNING - Outdated history for pair ETH/USDT. Last tick is 68 minutes old
2023-03-20 14:43:17,882 - freqtrade.strategy.interface - WARNING - Outdated history for pair SOL/USDT. Last tick is 68 minutes old
2023-03-20 14:43:17,929 - freqtrade.strategy.interface - WARNING - Outdated history for pair FTM/USDT. Last tick is 68 minutes old
2023-03-20 14:43:17,979 - freqtrade.strategy.interface - WARNING - Outdated history for pair CFX/USDT. Last tick is 68 minutes old
2023-03-20 14:43:18,010 - freqtrade.strategy.interface - WARNING - Outdated history for pair XRP/USDT. Last tick is 68 minutes old
2023-03-20 14:43:18,029 - freqtrade.strategy.interface - WARNING - Outdated history for pair MATIC/USDT. Last tick is 68 minutes old
2023-03-20 14:43:18,033 - freqtrade.strategy.interface - WARNING - Outdated history for pair VRA/USDT. Last tick is 68 minutes old
2023-03-20 14:43:18,036 - freqtrade.strategy.interface - WARNING - Outdated history for pair STX/USDT. Last tick is 68 minutes old
2023-03-20 14:43:18,044 - freqtrade.strategy.interface - WARNING - Outdated history for pair AGIX/USDT. Last tick is 68 minutes old
2023-03-20 14:43:18,052 - freqtrade.strategy.interface - WARNING - Outdated history for pair SHIB/USDT. Last tick is 68 minutes old
2023-03-20 14:43:18,055 - freqtrade.strategy.interface - WARNING - Outdated history for pair OP/USDT. Last tick is 68 minutes old
2023-03-20 14:43:18,058 - freqtrade.strategy.interface - WARNING - Outdated history for pair LTC/USDT. Last tick is 68 minutes old
2023-03-20 14:43:18,072 - freqtrade.strategy.interface - WARNING - Outdated history for pair BNB/USDT. Last tick is 68 minutes old
2023-03-20 14:43:18,166 - freqtrade.strategy.interface - WARNING - Outdated history for pair USDC/USDT. Last tick is 68 minutes old
2023-03-20 14:43:18,177 - freqtrade.strategy.interface - WARNING - Outdated history for pair ADA/USDT. Last tick is 68 minutes old
2023-03-20 14:43:18,212 - freqtrade.strategy.interface - WARNING - Outdated history for pair DOGE/USDT. Last tick is 68 minutes old
2023-03-20 14:43:18,247 - freqtrade.strategy.interface - WARNING - Outdated history for pair TON/USDT. Last tick is 68 minutes old
2023-03-20 14:43:18,282 - freqtrade.strategy.interface - WARNING - Outdated history for pair ACH/USDT. Last tick is 68 minutes old
2023-03-20 14:43:18,308 - freqtrade.strategy.interface - WARNING - Outdated history for pair AVAX/USDT. Last tick is 68 minutes old
2023-03-20 14:43:18,329 - freqtrade.worker - INFO - Bot heartbeat. PID=1, version='2023.1', state='RUNNING'
2023-03-20 14:43:33,811 - freqtrade.plugins.pairlistmanager - INFO - Whitelist with 20 pairs: ['BTC/USDT', 'ETH/USDT', 'SOL/USDT', 'FTM/USDT', 'CFX/USDT', 'XRP/USDT', 'MATIC/USDT', 'VRA/USDT', 'STX/USDT', 'AGIX/USDT', 'SHIB/USDT', 'OP/USDT', 'LTC/USDT', 'BNB/USDT', 'USDC/USDT', 'DOGE/USDT', 'ADA/USDT', 'TON/USDT', 'ACH/USDT', 'AVAX/USDT']
2023-03-20 14:44:13,497 - freqtrade.exchange.common - WARNING - _async_get_candle_history() returned exception: "Could not fetch historical candle (OHLCV) data for pair STX/USDT due to RequestTimeout. Message: kucoin GET https://api.kucoin.com/api/v1/market/candles?symbol=STX-USDT&type=5min&startAt=1678873413&endAt=1679323413". Retrying still for 4 times.
2023-03-20 14:44:18,131 - freqtrade.exchange.common - WARNING - _async_get_candle_history() returned exception: "Could not fetch historical candle (OHLCV) data for pair DOGE/USDT due to RequestTimeout. Message: kucoin GET https://api.kucoin.com/api/v1/market/candles?symbol=DOGE-USDT&type=5min&startAt=1678873413&endAt=1679323413". Retrying still for 4 times.
2023-03-20 14:44:22,335 - freqtrade.exchange.common - WARNING - _async_get_candle_history() returned exception: "Could not fetch historical candle (OHLCV) data for pair VRA/USDT due to RequestTimeout. Message: kucoin GET https://api.kucoin.com/api/v1/market/candles?symbol=VRA-USDT&type=5min&startAt=1678873413&endAt=1679323413". Retrying still for 4 times.
2023-03-20 14:44:23,692 - freqtrade.exchange.common - WARNING - _async_get_candle_history() returned exception: "Could not fetch historical candle (OHLCV) data for pair CFX/USDT due to RequestTimeout. Message: kucoin GET https://api.kucoin.com/api/v1/market/candles?symbol=CFX-USDT&type=5min&startAt=1678873413&endAt=1679323413". Retrying still for 4 times.
2023-03-20 14:44:26,475 - freqtrade.exchange.common - WARNING - _async_get_candle_history() returned exception: "Could not fetch historical candle (OHLCV) data for pair SOL/USDT due to RequestTimeout. Message: kucoin GET https://api.kucoin.com/api/v1/market/candles?symbol=SOL-USDT&type=5min&startAt=1678873413&endAt=1679323413". Retrying still for 4 times.
2023-03-20 14:44:37,700 - freqtrade.exchange.common - WARNING - _async_get_candle_history() returned exception: "Could not fetch historical candle (OHLCV) data for pair ETH/USDT due to RequestTimeout. Message: kucoin GET https://api.kucoin.com/api/v1/market/candles?symbol=ETH-USDT&type=5min&startAt=1678873413&endAt=1679323413". Retrying still for 4 times.
2023-03-20 14:44:43,323 - freqtrade.exchange.common - WARNING - _async_get_candle_history() returned exception: "Could not fetch historical candle (OHLCV) data for pair BNB/USDT due to RequestTimeout. Message: kucoin GET https://api.kucoin.com/api/v1/market/candles?symbol=BNB-USDT&type=5min&startAt=1678873413&endAt=1679323413". Retrying still for 4 times.
2023-03-20 14:45:06,082 - freqtrade.exchange.common - WARNING - _async_get_candle_history() returned exception: "Could not fetch historical candle (OHLCV) data for pair ACH/USDT due to RequestTimeout. Message: kucoin GET https://api.kucoin.com/api/v1/market/candles?symbol=ACH-USDT&type=5min&startAt=1678873413&endAt=1679323413". Retrying still for 4 times.
2023-03-20 14:45:09,918 - freqtrade.exchange.common - WARNING - _async_get_candle_history() returned exception: "Could not fetch historical candle (OHLCV) data for pair TON/USDT due to RequestTimeout. Message: kucoin GET https://api.kucoin.com/api/v1/market/candles?symbol=TON-USDT&type=5min&startAt=1678873413&endAt=1679323413". Retrying still for 4 times.
2023-03-20 14:45:15,387 - freqtrade.exchange.common - WARNING - _async_get_candle_history() returned exception: "Could not fetch historical candle (OHLCV) data for pair ADA/USDT due to RequestTimeout. Message: kucoin GET https://api.kucoin.com/api/v1/market/candles?symbol=ADA-USDT&type=5min&startAt=1678873413&endAt=1679323413". Retrying still for 4 times.
2023-03-20 14:45:16,025 - freqtrade.exchange.common - WARNING - _async_get_candle_history() returned exception: "Could not fetch historical candle (OHLCV) data for pair USDC/USDT due to RequestTimeout. Message: kucoin GET https://api.kucoin.com/api/v1/market/candles?symbol=USDC-USDT&type=5min&startAt=1678873413&endAt=1679323413". Retrying still for 4 times.
2023-03-20 14:45:19,540 - freqtrade.exchange.common - WARNING - _async_get_candle_history() returned exception: "Could not fetch historical candle (OHLCV) data for pair AGIX/USDT due to RequestTimeout. Message: kucoin GET https://api.kucoin.com/api/v1/market/candles?symbol=AGIX-USDT&type=5min&startAt=1678873413&endAt=1679323413". Retrying still for 4 times.
2023-03-20 14:45:19,634 - freqtrade.exchange.common - WARNING - _async_get_candle_history() returned exception: "Could not fetch historical candle (OHLCV) data for pair SHIB/USDT due to RequestTimeout. Message: kucoin GET https://api.kucoin.com/api/v1/market/candles?symbol=SHIB-USDT&type=5min&startAt=1678873413&endAt=1679323413". Retrying still for 4 times.
2023-03-20 14:45:51,656 - freqtrade.exchange.common - WARNING - _async_get_candle_history() returned exception: "Could not fetch historical candle (OHLCV) data for pair BNB/USDT due to RequestTimeout. Message: kucoin GET https://api.kucoin.com/api/v1/market/candles?symbol=BNB-USDT&type=5min&startAt=1678873483&endAt=1679323483". Retrying still for 3 times.
2023-03-20 14:45:52,208 - freqtrade.exchange.common - WARNING - _async_get_candle_history() returned exception: "Could not fetch historical candle (OHLCV) data for pair ACH/USDT due to RequestTimeout. Message: kucoin GET https://api.kucoin.com/api/v1/market/candles?symbol=ACH-USDT&type=5min&startAt=1678873508&endAt=1679323508". Retrying still for 3 times.
2023-03-20 14:46:20,410 - freqtrade.exchange.common - WARNING - _async_get_candle_history() returned exception: "Could not fetch historical candle (OHLCV) data for pair ADA/USDT due to RequestTimeout. Message: kucoin GET https://api.kucoin.com/api/v1/market/candles?symbol=ADA-USDT&type=5min&startAt=1678873515&endAt=1679323515". Retrying still for 3 times.
2023-03-20 14:46:37,242 - freqtrade.exchange.common - WARNING - _async_get_candle_history() returned exception: "Could not fetch historical candle (OHLCV) data for pair AGIX/USDT due to RequestTimeout. Message: kucoin GET https://api.kucoin.com/api/v1/market/candles?symbol=AGIX-USDT&type=5min&startAt=1678873519&endAt=1679323519". Retrying still for 3 times.
2023-03-20 15:01:11,448 - freqtrade.strategy.interface - WARNING - Outdated history for pair BTC/USDT. Last tick is 26 minutes old
2023-03-20 15:01:11,530 - freqtrade.strategy.interface - WARNING - Outdated history for pair ETH/USDT. Last tick is 26 minutes old
2023-03-20 15:01:11,556 - freqtrade.strategy.interface - WARNING - Outdated history for pair SOL/USDT. Last tick is 26 minutes old
2023-03-20 15:01:11,589 - freqtrade.strategy.interface - WARNING - Outdated history for pair FTM/USDT. Last tick is 26 minutes old
2023-03-20 15:01:11,619 - freqtrade.strategy.interface - WARNING - Outdated history for pair CFX/USDT. Last tick is 26 minutes old
2023-03-20 15:01:11,647 - freqtrade.strategy.interface - WARNING - Outdated history for pair XRP/USDT. Last tick is 26 minutes old
2023-03-20 15:01:11,686 - freqtrade.strategy.interface - WARNING - Outdated history for pair MATIC/USDT. Last tick is 26 minutes old
2023-03-20 15:01:11,715 - freqtrade.strategy.interface - WARNING - Outdated history for pair VRA/USDT. Last tick is 26 minutes old
2023-03-20 15:01:11,724 - freqtrade.strategy.interface - WARNING - Outdated history for pair STX/USDT. Last tick is 26 minutes old
2023-03-20 15:01:11,736 - freqtrade.strategy.interface - WARNING - Outdated history for pair AGIX/USDT. Last tick is 21 minutes old
2023-03-20 15:01:11,744 - freqtrade.strategy.interface - WARNING - Outdated history for pair SHIB/USDT. Last tick is 21 minutes old
2023-03-20 15:01:11,754 - freqtrade.strategy.interface - WARNING - Outdated history for pair OP/USDT. Last tick is 26 minutes old
2023-03-20 15:01:11,762 - freqtrade.strategy.interface - WARNING - Outdated history for pair LTC/USDT. Last tick is 26 minutes old
2023-03-20 15:01:11,769 - freqtrade.strategy.interface - WARNING - Outdated history for pair BNB/USDT. Last tick is 21 minutes old
2023-03-20 15:01:11,775 - freqtrade.strategy.interface - WARNING - Outdated history for pair USDC/USDT. Last tick is 21 minutes old
2023-03-20 15:01:11,785 - freqtrade.strategy.interface - WARNING - Outdated history for pair DOGE/USDT. Last tick is 26 minutes old
2023-03-20 15:01:11,793 - freqtrade.strategy.interface - WARNING - Outdated history for pair ADA/USDT. Last tick is 21 minutes old
2023-03-20 15:01:11,800 - freqtrade.strategy.interface - WARNING - Outdated history for pair TON/USDT. Last tick is 21 minutes old
2023-03-20 15:01:11,810 - freqtrade.strategy.interface - WARNING - Outdated history for pair ACH/USDT. Last tick is 21 minutes old
2023-03-20 15:01:11,819 - freqtrade.strategy.interface - WARNING - Outdated history for pair AVAX/USDT. Last tick is 26 minutes old
2023-03-20 15:01:11,847 - freqtrade.worker - INFO - Bot heartbeat. PID=1, version='2023.1', state='RUNNING'
2023-03-20 15:02:11,908 - freqtrade.worker - INFO - Bot heartbeat. PID=1, version='2023.1', state='RUNNING'
2023-03-20 15:03:11,969 - freqtrade.worker - INFO - Bot heartbeat. PID=1, version='2023.1', state='RUNNING'
2023-03-20 15:04:12,027 - freqtrade.worker - INFO - Bot heartbeat. PID=1, version='2023.1', state='RUNNING'
2023-03-20 15:05:16,013 - freqtrade.worker - INFO - Bot heartbeat. PID=1, version='2023.1', state='RUNNING'
2023-03-20 15:06:16,072 - freqtrade.worker - INFO - Bot heartbeat. PID=1, version='2023.1', state='RUNNING'
2023-03-20 15:07:16,123 - freqtrade.worker - INFO - Bot heartbeat. PID=1, version='2023.1', state='RUNNING'
2023-03-20 15:08:16,192 - freqtrade.worker - INFO - Bot heartbeat. PID=1, version='2023.1', state='RUNNING'
2023-03-20 15:09:16,257 - freqtrade.worker - INFO - Bot heartbeat. PID=1, version='2023.1', state='RUNNING'
2023-03-20 15:10:06,459 - freqtrade.exchange.common - WARNING - Kucoin 429 error, avoid triggering DDosProtection backoff delay. 3 tries left before giving up
2023-03-20 15:10:21,018 - freqtrade.worker - INFO - Bot heartbeat. PID=1, version='2023.1', state='RUNNING'
2023-03-20 15:11:21,074 - freqtrade.worker - INFO - Bot heartbeat. PID=1, version='2023.1', state='RUNNING'
2023-03-20 15:12:21,137 - freqtrade.worker - INFO - Bot heartbeat. PID=1, version='2023.1', state='RUNNING'
2023-03-20 15:13:21,194 - freqtrade.worker - INFO - Bot heartbeat. PID=1, version='2023.1', state='RUNNING'
2023-03-20 15:13:36,932 - freqtrade.plugins.pairlistmanager - INFO - Whitelist with 20 pairs: ['BTC/USDT', 'ETH/USDT', 'SOL/USDT', 'FTM/USDT', 'CFX/USDT', 'XRP/USDT', 'MATIC/USDT', 'VRA/USDT', 'STX/USDT', 'AGIX/USDT', 'SHIB/USDT', 'OP/USDT', 'LTC/USDT', 'BNB/USDT', 'USDC/USDT', 'DOGE/USDT', 'ADA/USDT', 'TON/USDT', 'AVAX/USDT', 'ACH/USDT']
2023-03-20 15:14:21,251 - freqtrade.worker - INFO - Bot heartbeat. PID=1, version='2023.1', state='RUNNING'
2023-03-20 15:15:26,019 - freqtrade.worker - INFO - Bot heartbeat. PID=1, version='2023.1', state='RUNNING'
2023-03-20 15:16:26,071 - freqtrade.worker - INFO - Bot heartbeat. PID=1, version='2023.1', state='RUNNING'
2023-03-20 15:17:26,134 - freqtrade.worker - INFO - Bot heartbeat. PID=1, version='2023.1', state='RUNNING'
2023-03-20 15:18:26,195 - freqtrade.worker - INFO - Bot heartbeat. PID=1, version='2023.1', state='RUNNING'
2023-03-20 15:19:26,255 - freqtrade.worker - INFO - Bot heartbeat. PID=1, version='2023.1', state='RUNNING'
2023-03-20 15:20:31,022 - freqtrade.worker - INFO - Bot heartbeat. PID=1, version='2023.1', state='RUNNING'
2023-03-20 15:21:31,080 - freqtrade.worker - INFO - Bot heartbeat. PID=1, version='2023.1', state='RUNNING'
2023-03-20 15:22:31,144 - freqtrade.worker - INFO - Bot heartbeat. PID=1, version='2023.1', state='RUNNING'
2023-03-20 15:23:31,204 - freqtrade.worker - INFO - Bot heartbeat. PID=1, version='2023.1', state='RUNNING'
2023-03-20 15:24:31,264 - freqtrade.worker - INFO - Bot heartbeat. PID=1, version='2023.1', state='RUNNING'
2023-03-20 15:25:36,030 - freqtrade.worker - INFO - Bot heartbeat. PID=1, version='2023.1', state='RUNNING'
2023-03-20 15:26:36,092 - freqtrade.worker - INFO - Bot heartbeat. PID=1, version='2023.1', state='RUNNING'
2023-03-20 15:27:36,152 - freqtrade.worker - INFO - Bot heartbeat. PID=1, version='2023.1', state='RUNNING'
2023-03-20 15:28:36,213 - freqtrade.worker - INFO - Bot heartbeat. PID=1, version='2023.1', state='RUNNING'
2023-03-20 15:29:36,270 - freqtrade.worker - INFO - Bot heartbeat. PID=1, version='2023.1', state='RUNNING'
2023-03-20 15:30:41,035 - freqtrade.worker - INFO - Bot heartbeat. PID=1, version='2023.1', state='RUNNING'
2023-03-20 15:31:41,097 - freqtrade.worker - INFO - Bot heartbeat. PID=1, version='2023.1', state='RUNNING'
2023-03-20 15:32:41,155 - freqtrade.worker - INFO - Bot heartbeat. PID=1, version='2023.1', state='RUNNING'
2023-03-20 15:33:41,218 - freqtrade.worker - INFO - Bot heartbeat. PID=1, version='2023.1', state='RUNNING'
2023-03-20 15:34:41,282 - freqtrade.worker - INFO - Bot heartbeat. PID=1, version='2023.1', state='RUNNING'
2023-03-20 15:35:46,032 - freqtrade.worker - INFO - Bot heartbeat. PID=1, version='2023.1', state='RUNNING'
2023-03-20 15:36:46,092 - freqtrade.worker - INFO - Bot heartbeat. PID=1, version='2023.1', state='RUNNING'
2023-03-20 15:37:46,147 - freqtrade.worker - INFO - Bot heartbeat. PID=1, version='2023.1', state='RUNNING'
2023-03-20 15:38:46,208 - freqtrade.worker - INFO - Bot heartbeat. PID=1, version='2023.1', state='RUNNING'
2023-03-20 15:39:46,269 - freqtrade.worker - INFO - Bot heartbeat. PID=1, version='2023.1', state='RUNNING'
2023-03-20 15:40:51,044 - freqtrade.worker - INFO - Bot heartbeat. PID=1, version='2023.1', state='RUNNING'
2023-03-20 15:41:51,104 - freqtrade.worker - INFO - Bot heartbeat. PID=1, version='2023.1', state='RUNNING'
2023-03-20 15:42:51,162 - freqtrade.worker - INFO - Bot heartbeat. PID=1, version='2023.1', state='RUNNING'
2023-03-20 15:43:41,940 - freqtrade.plugins.pairlistmanager - INFO - Whitelist with 20 pairs: ['BTC/USDT', 'ETH/USDT', 'SOL/USDT', 'FTM/USDT', 'CFX/USDT', 'XRP/USDT', 'MATIC/USDT', 'VRA/USDT', 'STX/USDT', 'AGIX/USDT', 'SHIB/USDT', 'OP/USDT', 'LTC/USDT', 'BNB/USDT', 'USDC/USDT', 'ADA/USDT', 'DOGE/USDT', 'TON/USDT', 'ACH/USDT', 'AVAX/USDT']
2023-03-20 15:43:51,213 - freqtrade.worker - INFO - Bot heartbeat. PID=1, version='2023.1', state='RUNNING'
2023-03-20 15:44:51,279 - freqtrade.worker - INFO - Bot heartbeat. PID=1, version='2023.1', state='RUNNING'
2023-03-20 15:45:56,048 - freqtrade.worker - INFO - Bot heartbeat. PID=1, version='2023.1', state='RUNNING'
2023-03-20 15:46:56,111 - freqtrade.worker - INFO - Bot heartbeat. PID=1, version='2023.1', state='RUNNING'
2023-03-20 15:47:56,176 - freqtrade.worker - INFO - Bot heartbeat. PID=1, version='2023.1', state='RUNNING'
2023-03-20 15:48:56,240 - freqtrade.worker - INFO - Bot heartbeat. PID=1, version='2023.1', state='RUNNING'
2023-03-20 15:49:56,299 - freqtrade.worker - INFO - Bot heartbeat. PID=1, version='2023.1', state='RUNNING'
2023-03-20 15:51:01,051 - freqtrade.worker - INFO - Bot heartbeat. PID=1, version='2023.1', state='RUNNING'
2023-03-20 15:52:01,108 - freqtrade.worker - INFO - Bot heartbeat. PID=1, version='2023.1', state='RUNNING'
2023-03-20 15:53:01,161 - freqtrade.worker - INFO - Bot heartbeat. PID=1, version='2023.1', state='RUNNING'
2023-03-20 15:54:01,225 - freqtrade.worker - INFO - Bot heartbeat. PID=1, version='2023.1', state='RUNNING'
2023-03-20 15:55:06,007 - freqtrade.worker - INFO - Bot heartbeat. PID=1, version='2023.1', state='RUNNING'
2023-03-20 15:56:06,063 - freqtrade.worker - INFO - Bot heartbeat. PID=1, version='2023.1', state='RUNNING'
2023-03-20 15:57:06,123 - freqtrade.worker - INFO - Bot heartbeat. PID=1, version='2023.1', state='RUNNING'
2023-03-20 15:58:06,191 - freqtrade.worker - INFO - Bot heartbeat. PID=1, version='2023.1', state='RUNNING'
2023-03-20 15:59:06,255 - freqtrade.worker - INFO - Bot heartbeat. PID=1, version='2023.1', state='RUNNING'
2023-03-20 16:00:11,010 - freqtrade.worker - INFO - Bot heartbeat. PID=1, version='2023.1', state='RUNNING'
2023-03-20 16:01:11,064 - freqtrade.worker - INFO - Bot heartbeat. PID=1, version='2023.1', state='RUNNING'
2023-03-20 16:02:11,150 - freqtrade.worker - INFO - Bot heartbeat. PID=1, version='2023.1', state='RUNNING'
2023-03-20 16:03:11,215 - freqtrade.worker - INFO - Bot heartbeat. PID=1, version='2023.1', state='RUNNING'
2023-03-20 16:04:11,278 - freqtrade.worker - INFO - Bot heartbeat. PID=1, version='2023.1', state='RUNNING'
2023-03-20 16:05:16,014 - freqtrade.worker - INFO - Bot heartbeat. PID=1, version='2023.1', state='RUNNING'
2023-03-20 16:06:16,071 - freqtrade.worker - INFO - Bot heartbeat. PID=1, version='2023.1', state='RUNNING'
2023-03-20 16:07:16,135 - freqtrade.worker - INFO - Bot heartbeat. PID=1, version='2023.1', state='RUNNING'
2023-03-20 16:08:16,201 - freqtrade.worker - INFO - Bot heartbeat. PID=1, version='2023.1', state='RUNNING'
2023-03-20 16:09:16,253 - freqtrade.worker - INFO - Bot heartbeat. PID=1, version='2023.1', state='RUNNING'
2023-03-20 16:10:21,018 - freqtrade.worker - INFO - Bot heartbeat. PID=1, version='2023.1', state='RUNNING'
2023-03-20 16:11:21,071 - freqtrade.worker - INFO - Bot heartbeat. PID=1, version='2023.1', state='RUNNING'
2023-03-20 16:12:21,134 - freqtrade.worker - INFO - Bot heartbeat. PID=1, version='2023.1', state='RUNNING'
2023-03-20 16:13:21,207 - freqtrade.worker - INFO - Bot heartbeat. PID=1, version='2023.1', state='RUNNING'
2023-03-20 16:14:21,272 - freqtrade.worker - INFO - Bot heartbeat. PID=1, version='2023.1', state='RUNNING'
2023-03-20 16:15:11,340 - freqtrade.exchange.common - WARNING - Kucoin 429 error, avoid triggering DDosProtection backoff delay. 3 tries left before giving up
2023-03-20 16:15:26,018 - freqtrade.worker - INFO - Bot heartbeat. PID=1, version='2023.1', state='RUNNING'
2023-03-20 16:16:26,073 - freqtrade.worker - INFO - Bot heartbeat. PID=1, version='2023.1', state='RUNNING'
2023-03-20 16:17:26,136 - freqtrade.worker - INFO - Bot heartbeat. PID=1, version='2023.1', state='RUNNING'
2023-03-20 16:18:26,198 - freqtrade.worker - INFO - Bot heartbeat. PID=1, version='2023.1', state='RUNNING'
2023-03-20 16:19:26,262 - freqtrade.worker - INFO - Bot heartbeat. PID=1, version='2023.1', state='RUNNING'
2023-03-20 16:20:31,027 - freqtrade.worker - INFO - Bot heartbeat. PID=1, version='2023.1', state='RUNNING'
2023-03-20 16:21:31,094 - freqtrade.worker - INFO - Bot heartbeat. PID=1, version='2023.1', state='RUNNING'
2023-03-20 16:22:31,159 - freqtrade.worker - INFO - Bot heartbeat. PID=1, version='2023.1', state='RUNNING'
2023-03-20 16:23:31,215 - freqtrade.worker - INFO - Bot heartbeat. PID=1, version='2023.1', state='RUNNING'
2023-03-20 16:24:31,271 - freqtrade.worker - INFO - Bot heartbeat. PID=1, version='2023.1', state='RUNNING'
2023-03-20 16:25:36,029 - freqtrade.worker - INFO - Bot heartbeat. PID=1, version='2023.1', state='RUNNING'
2023-03-20 16:26:36,090 - freqtrade.worker - INFO - Bot heartbeat. PID=1, version='2023.1', state='RUNNING'
2023-03-20 16:27:36,147 - freqtrade.worker - INFO - Bot heartbeat. PID=1, version='2023.1', state='RUNNING'
2023-03-20 16:28:36,207 - freqtrade.worker - INFO - Bot heartbeat. PID=1, version='2023.1', state='RUNNING'
2023-03-20 16:29:36,267 - freqtrade.worker - INFO - Bot heartbeat. PID=1, version='2023.1', state='RUNNING'
2023-03-20 16:30:04,339 - freqtrade.wallets - INFO - Wallets synced.
2023-03-20 16:30:04,650 - freqtrade.freqtradebot - INFO - Long signal found: about create a new trade for BTC/USDT with stake_amount: 330.0 ...
2023-03-20 16:30:04,917 - freqtrade.freqtradebot - INFO - Order #dry_run_buy_1679329804.651409 was created for BTC/USDT and status is open.
2023-03-20 16:30:05,036 - freqtrade.wallets - INFO - Wallets synced.
2023-03-20 16:30:05,037 - freqtrade.rpc.rpc_manager - INFO - Sending rpc message: {'trade_id': 1, 'type': entry, 'buy_tag': None, 'enter_tag': None, 'exchange': 'Kucoin', 'pair': 'BTC/USDT', 'leverage': 1.0, 'direction': 'Long', 'limit': 27638.6, 'open_rate': 27638.6, 'order_type': 'limit', 'stake_amount': 330.0, 'stake_currency': 'USDT', 'fiat_currency': 'USD', 'amount': 0.01193982, 'open_date': datetime.datetime(2023, 3, 20, 16, 30, 4, 918585), 'current_rate': 27638.6, 'sub_trade': False}
2023-03-20 16:30:08,450 - freqtrade.freqtradebot - INFO - Found open order for Trade(id=1, pair=BTC/USDT, amount=0.01193982, is_short=False, leverage=1.0, open_rate=27638.60000000, open_since=2023-03-20 16:30:04)
2023-03-20 16:30:12,783 - freqtrade.freqtradebot - INFO - Found open order for Trade(id=1, pair=BTC/USDT, amount=0.01193982, is_short=False, leverage=1.0, open_rate=27638.60000000, open_since=2023-03-20 16:30:04)
2023-03-20 16:30:12,815 - freqtrade.freqtradebot - INFO - Fee for Trade Trade(id=1, pair=BTC/USDT, amount=0.01193982, is_short=False, leverage=1.0, open_rate=27638.60000000, open_since=2023-03-20 16:30:04) [buy]: 0.32999991 USDT - rate: 0.001
2023-03-20 16:30:12,816 - freqtrade.persistence.trade_model - INFO - Updating trade (id=1) ...
2023-03-20 16:30:12,816 - freqtrade.persistence.trade_model - INFO - LIMIT_BUY has been fulfilled for Trade(id=1, pair=BTC/USDT, amount=0.01193982, is_short=False, leverage=1.0, open_rate=27638.60000000, open_since=2023-03-20 16:30:04).
2023-03-20 16:30:12,843 - freqtrade.wallets - INFO - Wallets synced.
2023-03-20 16:30:12,865 - freqtrade.rpc.rpc_manager - INFO - Sending rpc message: {'trade_id': 1, 'type': entry_fill, 'buy_tag': None, 'enter_tag': None, 'exchange': 'Kucoin', 'pair': 'BTC/USDT', 'leverage': 1.0, 'direction': 'Long', 'limit': 27638.6, 'open_rate': 27638.6, 'order_type': None, 'stake_amount': 329.999909052, 'stake_currency': 'USDT', 'fiat_currency': 'USD', 'amount': 0.01193982, 'open_date': datetime.datetime(2023, 3, 20, 16, 30, 4, 918585), 'current_rate': 27638.6, 'sub_trade': False}
2023-03-20 16:30:41,030 - freqtrade.worker - INFO - Bot heartbeat. PID=1, version='2023.1', state='RUNNING'
2023-03-20 16:31:41,089 - freqtrade.worker - INFO - Bot heartbeat. PID=1, version='2023.1', state='RUNNING'
2023-03-20 16:32:41,142 - freqtrade.worker - INFO - Bot heartbeat. PID=1, version='2023.1', state='RUNNING'
2023-03-20 16:33:41,200 - freqtrade.worker - INFO - Bot heartbeat. PID=1, version='2023.1', state='RUNNING'
2023-03-20 16:34:41,263 - freqtrade.worker - INFO - Bot heartbeat. PID=1, version='2023.1', state='RUNNING'
2023-03-20 16:35:46,038 - freqtrade.worker - INFO - Bot heartbeat. PID=1, version='2023.1', state='RUNNING'
2023-03-20 16:36:46,095 - freqtrade.worker - INFO - Bot heartbeat. PID=1, version='2023.1', state='RUNNING'
2023-03-20 16:37:46,147 - freqtrade.worker - INFO - Bot heartbeat. PID=1, version='2023.1', state='RUNNING'
2023-03-20 16:38:46,204 - freqtrade.worker - INFO - Bot heartbeat. PID=1, version='2023.1', state='RUNNING'
2023-03-20 16:39:46,258 - freqtrade.worker - INFO - Bot heartbeat. PID=1, version='2023.1', state='RUNNING'
2023-03-20 16:40:51,035 - freqtrade.worker - INFO - Bot heartbeat. PID=1, version='2023.1', state='RUNNING'
2023-03-20 16:41:51,091 - freqtrade.worker - INFO - Bot heartbeat. PID=1, version='2023.1', state='RUNNING'
2023-03-20 16:42:51,143 - freqtrade.worker - INFO - Bot heartbeat. PID=1, version='2023.1', state='RUNNING'
2023-03-20 16:43:46,207 - freqtrade.plugins.pairlistmanager - INFO - Whitelist with 20 pairs: ['BTC/USDT', 'ETH/USDT', 'SOL/USDT', 'FTM/USDT', 'CFX/USDT', 'XRP/USDT', 'MATIC/USDT', 'VRA/USDT', 'STX/USDT', 'AGIX/USDT', 'SHIB/USDT', 'OP/USDT', 'LTC/USDT', 'BNB/USDT', 'USDC/USDT', 'ADA/USDT', 'DOGE/USDT', 'TON/USDT', 'ACH/USDT', 'AVAX/USDT']
2023-03-20 16:43:51,198 - freqtrade.worker - INFO - Bot heartbeat. PID=1, version='2023.1', state='RUNNING'
2023-03-20 16:43:51,878 - freqtrade.plugins.pairlistmanager - INFO - Whitelist with 20 pairs: ['BTC/USDT', 'ETH/USDT', 'SOL/USDT', 'CFX/USDT', 'FTM/USDT', 'XRP/USDT', 'MATIC/USDT', 'VRA/USDT', 'STX/USDT', 'AGIX/USDT', 'SHIB/USDT', 'OP/USDT', 'LTC/USDT', 'BNB/USDT', 'USDC/USDT', 'ADA/USDT', 'DOGE/USDT', 'TON/USDT', 'ACH/USDT', 'IMX/USDT']
2023-03-20 16:44:51,259 - freqtrade.worker - INFO - Bot heartbeat. PID=1, version='2023.1', state='RUNNING'
2023-03-20 16:45:56,050 - freqtrade.worker - INFO - Bot heartbeat. PID=1, version='2023.1', state='RUNNING'
2023-03-20 16:46:56,099 - freqtrade.worker - INFO - Bot heartbeat. PID=1, version='2023.1', state='RUNNING'
2023-03-20 16:47:56,155 - freqtrade.worker - INFO - Bot heartbeat. PID=1, version='2023.1', state='RUNNING'
2023-03-20 16:48:56,207 - freqtrade.worker - INFO - Bot heartbeat. PID=1, version='2023.1', state='RUNNING'
2023-03-20 16:49:56,264 - freqtrade.worker - INFO - Bot heartbeat. PID=1, version='2023.1', state='RUNNING'
2023-03-20 16:51:01,051 - freqtrade.worker - INFO - Bot heartbeat. PID=1, version='2023.1', state='RUNNING'
2023-03-20 16:52:01,107 - freqtrade.worker - INFO - Bot heartbeat. PID=1, version='2023.1', state='RUNNING'
2023-03-20 16:53:01,159 - freqtrade.worker - INFO - Bot heartbeat. PID=1, version='2023.1', state='RUNNING'
2023-03-20 16:54:01,218 - freqtrade.worker - INFO - Bot heartbeat. PID=1, version='2023.1', state='RUNNING'
2023-03-20 16:55:06,006 - freqtrade.worker - INFO - Bot heartbeat. PID=1, version='2023.1', state='RUNNING'
2023-03-20 16:56:06,063 - freqtrade.worker - INFO - Bot heartbeat. PID=1, version='2023.1', state='RUNNING'
2023-03-20 16:57:06,119 - freqtrade.worker - INFO - Bot heartbeat. PID=1, version='2023.1', state='RUNNING'
2023-03-20 16:58:06,180 - freqtrade.worker - INFO - Bot heartbeat. PID=1, version='2023.1', state='RUNNING'
2023-03-20 16:59:06,235 - freqtrade.worker - INFO - Bot heartbeat. PID=1, version='2023.1', state='RUNNING'
2023-03-20 17:00:11,008 - freqtrade.worker - INFO - Bot heartbeat. PID=1, version='2023.1', state='RUNNING'
2023-03-20 17:01:11,059 - freqtrade.worker - INFO - Bot heartbeat. PID=1, version='2023.1', state='RUNNING'
2023-03-20 17:02:11,119 - freqtrade.worker - INFO - Bot heartbeat. PID=1, version='2023.1', state='RUNNING'
2023-03-20 17:03:11,175 - freqtrade.worker - INFO - Bot heartbeat. PID=1, version='2023.1', state='RUNNING'
2023-03-20 17:04:11,228 - freqtrade.worker - INFO - Bot heartbeat. PID=1, version='2023.1', state='RUNNING'
2023-03-20 17:05:05,737 - freqtrade.wallets - INFO - Wallets synced.
2023-03-20 17:05:05,993 - freqtrade.freqtradebot - INFO - Long signal found: about create a new trade for MATIC/USDT with stake_amount: 330.0 ...
2023-03-20 17:05:06,238 - freqtrade.freqtradebot - INFO - Order #dry_run_buy_1679331905.994213 was created for MATIC/USDT and status is open.
2023-03-20 17:05:06,279 - freqtrade.wallets - INFO - Wallets synced.
2023-03-20 17:05:06,280 - freqtrade.rpc.rpc_manager - INFO - Sending rpc message: {'trade_id': 2, 'type': entry, 'buy_tag': None, 'enter_tag': None, 'exchange': 'Kucoin', 'pair': 'MATIC/USDT', 'leverage': 1.0, 'direction': 'Long', 'limit': 1.1227, 'open_rate': 1.1227, 'order_type': 'limit', 'stake_amount': 330.0, 'stake_currency': 'USDT', 'fiat_currency': 'USD', 'amount': 293.9342, 'open_date': datetime.datetime(2023, 3, 20, 17, 5, 6, 239131), 'current_rate': 1.1227, 'sub_trade': False}
2023-03-20 17:05:08,820 - freqtrade.freqtradebot - INFO - Found open order for Trade(id=2, pair=MATIC/USDT, amount=293.93426561, is_short=False, leverage=1.0, open_rate=1.12270000, open_since=2023-03-20 17:05:06)
2023-03-20 17:05:09,187 - freqtrade.wallets - INFO - Wallets synced.
2023-03-20 17:05:09,472 - freqtrade.freqtradebot - INFO - Long signal found: about create a new trade for CFX/USDT with stake_amount: 330.0 ...
2023-03-20 17:05:09,725 - freqtrade.freqtradebot - INFO - Order #dry_run_buy_1679331909.474236 was created for CFX/USDT and status is open.
2023-03-20 17:05:09,752 - freqtrade.wallets - INFO - Wallets synced.
2023-03-20 17:05:09,753 - freqtrade.rpc.rpc_manager - INFO - Sending rpc message: {'trade_id': 3, 'type': entry, 'buy_tag': None, 'enter_tag': None, 'exchange': 'Kucoin', 'pair': 'CFX/USDT', 'leverage': 1.0, 'direction': 'Long', 'limit': 0.408645, 'open_rate': 0.408645, 'order_type': 'limit', 'stake_amount': 330.0, 'stake_currency': 'USDT', 'fiat_currency': 'USD', 'amount': 807.5468, 'open_date': datetime.datetime(2023, 3, 20, 17, 5, 9, 726784), 'current_rate': 0.408645, 'sub_trade': False}
2023-03-20 17:05:11,350 - freqtrade.worker - INFO - Bot heartbeat. PID=1, version='2023.1', state='RUNNING'
2023-03-20 17:05:12,875 - freqtrade.freqtradebot - INFO - Found open order for Trade(id=2, pair=MATIC/USDT, amount=293.93426561, is_short=False, leverage=1.0, open_rate=1.12270000, open_since=2023-03-20 17:05:06)
2023-03-20 17:05:13,163 - freqtrade.freqtradebot - INFO - Found open order for Trade(id=3, pair=CFX/USDT, amount=807.54689278, is_short=False, leverage=1.0, open_rate=0.40864500, open_since=2023-03-20 17:05:09)
2023-03-20 17:05:17,289 - freqtrade.freqtradebot - INFO - Found open order for Trade(id=2, pair=MATIC/USDT, amount=293.93426561, is_short=False, leverage=1.0, open_rate=1.12270000, open_since=2023-03-20 17:05:06)
2023-03-20 17:05:17,587 - freqtrade.freqtradebot - INFO - Found open order for Trade(id=3, pair=CFX/USDT, amount=807.54689278, is_short=False, leverage=1.0, open_rate=0.40864500, open_since=2023-03-20 17:05:09)
2023-03-20 17:05:21,716 - freqtrade.freqtradebot - INFO - Found open order for Trade(id=2, pair=MATIC/USDT, amount=293.93426561, is_short=False, leverage=1.0, open_rate=1.12270000, open_since=2023-03-20 17:05:06)
2023-03-20 17:05:22,016 - freqtrade.freqtradebot - INFO - Found open order for Trade(id=3, pair=CFX/USDT, amount=807.54689278, is_short=False, leverage=1.0, open_rate=0.40864500, open_since=2023-03-20 17:05:09)
2023-03-20 17:05:26,776 - freqtrade.freqtradebot - INFO - Found open order for Trade(id=2, pair=MATIC/USDT, amount=293.93426561, is_short=False, leverage=1.0, open_rate=1.12270000, open_since=2023-03-20 17:05:06)
2023-03-20 17:05:27,058 - freqtrade.freqtradebot - INFO - Found open order for Trade(id=3, pair=CFX/USDT, amount=807.54689278, is_short=False, leverage=1.0, open_rate=0.40864500, open_since=2023-03-20 17:05:09)
2023-03-20 17:05:31,791 - freqtrade.freqtradebot - INFO - Found open order for Trade(id=2, pair=MATIC/USDT, amount=293.93426561, is_short=False, leverage=1.0, open_rate=1.12270000, open_since=2023-03-20 17:05:06)
2023-03-20 17:05:32,100 - freqtrade.freqtradebot - INFO - Found open order for Trade(id=3, pair=CFX/USDT, amount=807.54689278, is_short=False, leverage=1.0, open_rate=0.40864500, open_since=2023-03-20 17:05:09)
2023-03-20 17:05:36,742 - freqtrade.freqtradebot - INFO - Found open order for Trade(id=2, pair=MATIC/USDT, amount=293.93426561, is_short=False, leverage=1.0, open_rate=1.12270000, open_since=2023-03-20 17:05:06)
2023-03-20 17:05:37,028 - freqtrade.freqtradebot - INFO - Found open order for Trade(id=3, pair=CFX/USDT, amount=807.54689278, is_short=False, leverage=1.0, open_rate=0.40864500, open_since=2023-03-20 17:05:09)
2023-03-20 17:05:41,740 - freqtrade.freqtradebot - INFO - Found open order for Trade(id=2, pair=MATIC/USDT, amount=293.93426561, is_short=False, leverage=1.0, open_rate=1.12270000, open_since=2023-03-20 17:05:06)
2023-03-20 17:05:42,047 - freqtrade.freqtradebot - INFO - Found open order for Trade(id=3, pair=CFX/USDT, amount=807.54689278, is_short=False, leverage=1.0, open_rate=0.40864500, open_since=2023-03-20 17:05:09)
2023-03-20 17:05:46,793 - freqtrade.freqtradebot - INFO - Found open order for Trade(id=2, pair=MATIC/USDT, amount=293.93426561, is_short=False, leverage=1.0, open_rate=1.12270000, open_since=2023-03-20 17:05:06)
2023-03-20 17:05:47,098 - freqtrade.freqtradebot - INFO - Found open order for Trade(id=3, pair=CFX/USDT, amount=807.54689278, is_short=False, leverage=1.0, open_rate=0.40864500, open_since=2023-03-20 17:05:09)
2023-03-20 17:05:51,756 - freqtrade.freqtradebot - INFO - Found open order for Trade(id=2, pair=MATIC/USDT, amount=293.93426561, is_short=False, leverage=1.0, open_rate=1.12270000, open_since=2023-03-20 17:05:06)
2023-03-20 17:05:52,075 - freqtrade.freqtradebot - INFO - Found open order for Trade(id=3, pair=CFX/USDT, amount=807.54689278, is_short=False, leverage=1.0, open_rate=0.40864500, open_since=2023-03-20 17:05:09)
2023-03-20 17:05:56,803 - freqtrade.freqtradebot - INFO - Found open order for Trade(id=2, pair=MATIC/USDT, amount=293.93426561, is_short=False, leverage=1.0, open_rate=1.12270000, open_since=2023-03-20 17:05:06)
2023-03-20 17:05:57,084 - freqtrade.freqtradebot - INFO - Found open order for Trade(id=3, pair=CFX/USDT, amount=807.54689278, is_short=False, leverage=1.0, open_rate=0.40864500, open_since=2023-03-20 17:05:09)
2023-03-20 17:06:01,790 - freqtrade.freqtradebot - INFO - Found open order for Trade(id=2, pair=MATIC/USDT, amount=293.93426561, is_short=False, leverage=1.0, open_rate=1.12270000, open_since=2023-03-20 17:05:06)
2023-03-20 17:06:02,157 - freqtrade.freqtradebot - INFO - Found open order for Trade(id=3, pair=CFX/USDT, amount=807.54689278, is_short=False, leverage=1.0, open_rate=0.40864500, open_since=2023-03-20 17:05:09)
2023-03-20 17:06:06,807 - freqtrade.freqtradebot - INFO - Found open order for Trade(id=2, pair=MATIC/USDT, amount=293.93426561, is_short=False, leverage=1.0, open_rate=1.12270000, open_since=2023-03-20 17:05:06)
2023-03-20 17:06:07,107 - freqtrade.freqtradebot - INFO - Found open order for Trade(id=3, pair=CFX/USDT, amount=807.54689278, is_short=False, leverage=1.0, open_rate=0.40864500, open_since=2023-03-20 17:05:09)
2023-03-20 17:06:11,395 - freqtrade.worker - INFO - Bot heartbeat. PID=1, version='2023.1', state='RUNNING'
2023-03-20 17:06:11,769 - freqtrade.freqtradebot - INFO - Found open order for Trade(id=2, pair=MATIC/USDT, amount=293.93426561, is_short=False, leverage=1.0, open_rate=1.12270000, open_since=2023-03-20 17:05:06)
2023-03-20 17:06:12,054 - freqtrade.freqtradebot - INFO - Found open order for Trade(id=3, pair=CFX/USDT, amount=807.54689278, is_short=False, leverage=1.0, open_rate=0.40864500, open_since=2023-03-20 17:05:09)
2023-03-20 17:06:16,836 - freqtrade.freqtradebot - INFO - Found open order for Trade(id=2, pair=MATIC/USDT, amount=293.93426561, is_short=False, leverage=1.0, open_rate=1.12270000, open_since=2023-03-20 17:05:06)
2023-03-20 17:06:17,135 - freqtrade.freqtradebot - INFO - Found open order for Trade(id=3, pair=CFX/USDT, amount=807.54689278, is_short=False, leverage=1.0, open_rate=0.40864500, open_since=2023-03-20 17:05:09)
2023-03-20 17:06:21,836 - freqtrade.freqtradebot - INFO - Found open order for Trade(id=2, pair=MATIC/USDT, amount=293.93426561, is_short=False, leverage=1.0, open_rate=1.12270000, open_since=2023-03-20 17:05:06)
2023-03-20 17:06:22,115 - freqtrade.freqtradebot - INFO - Found open order for Trade(id=3, pair=CFX/USDT, amount=807.54689278, is_short=False, leverage=1.0, open_rate=0.40864500, open_since=2023-03-20 17:05:09)
2023-03-20 17:06:26,808 - freqtrade.freqtradebot - INFO - Found open order for Trade(id=2, pair=MATIC/USDT, amount=293.93426561, is_short=False, leverage=1.0, open_rate=1.12270000, open_since=2023-03-20 17:05:06)
2023-03-20 17:06:27,101 - freqtrade.freqtradebot - INFO - Found open order for Trade(id=3, pair=CFX/USDT, amount=807.54689278, is_short=False, leverage=1.0, open_rate=0.40864500, open_since=2023-03-20 17:05:09)
2023-03-20 17:06:31,860 - freqtrade.freqtradebot - INFO - Found open order for Trade(id=2, pair=MATIC/USDT, amount=293.93426561, is_short=False, leverage=1.0, open_rate=1.12270000, open_since=2023-03-20 17:05:06)
2023-03-20 17:06:32,185 - freqtrade.freqtradebot - INFO - Found open order for Trade(id=3, pair=CFX/USDT, amount=807.54689278, is_short=False, leverage=1.0, open_rate=0.40864500, open_since=2023-03-20 17:05:09)
2023-03-20 17:06:36,900 - freqtrade.freqtradebot - INFO - Found open order for Trade(id=2, pair=MATIC/USDT, amount=293.93426561, is_short=False, leverage=1.0, open_rate=1.12270000, open_since=2023-03-20 17:05:06)
2023-03-20 17:06:37,588 - freqtrade.freqtradebot - INFO - Found open order for Trade(id=3, pair=CFX/USDT, amount=807.54689278, is_short=False, leverage=1.0, open_rate=0.40864500, open_since=2023-03-20 17:05:09)
2023-03-20 17:06:41,826 - freqtrade.freqtradebot - INFO - Found open order for Trade(id=2, pair=MATIC/USDT, amount=293.93426561, is_short=False, leverage=1.0, open_rate=1.12270000, open_since=2023-03-20 17:05:06)
2023-03-20 17:06:42,121 - freqtrade.freqtradebot - INFO - Found open order for Trade(id=3, pair=CFX/USDT, amount=807.54689278, is_short=False, leverage=1.0, open_rate=0.40864500, open_since=2023-03-20 17:05:09)
2023-03-20 17:06:46,838 - freqtrade.freqtradebot - INFO - Found open order for Trade(id=2, pair=MATIC/USDT, amount=293.93426561, is_short=False, leverage=1.0, open_rate=1.12270000, open_since=2023-03-20 17:05:06)
2023-03-20 17:06:47,155 - freqtrade.freqtradebot - INFO - Found open order for Trade(id=3, pair=CFX/USDT, amount=807.54689278, is_short=False, leverage=1.0, open_rate=0.40864500, open_since=2023-03-20 17:05:09)
2023-03-20 17:06:51,823 - freqtrade.freqtradebot - INFO - Found open order for Trade(id=2, pair=MATIC/USDT, amount=293.93426561, is_short=False, leverage=1.0, open_rate=1.12270000, open_since=2023-03-20 17:05:06)
2023-03-20 17:06:52,098 - freqtrade.freqtradebot - INFO - Found open order for Trade(id=3, pair=CFX/USDT, amount=807.54689278, is_short=False, leverage=1.0, open_rate=0.40864500, open_since=2023-03-20 17:05:09)
2023-03-20 17:06:56,841 - freqtrade.freqtradebot - INFO - Found open order for Trade(id=2, pair=MATIC/USDT, amount=293.93426561, is_short=False, leverage=1.0, open_rate=1.12270000, open_since=2023-03-20 17:05:06)
2023-03-20 17:06:57,205 - freqtrade.freqtradebot - INFO - Found open order for Trade(id=3, pair=CFX/USDT, amount=807.54689278, is_short=False, leverage=1.0, open_rate=0.40864500, open_since=2023-03-20 17:05:09)
2023-03-20 17:07:01,829 - freqtrade.freqtradebot - INFO - Found open order for Trade(id=2, pair=MATIC/USDT, amount=293.93426561, is_short=False, leverage=1.0, open_rate=1.12270000, open_since=2023-03-20 17:05:06)
2023-03-20 17:07:02,135 - freqtrade.freqtradebot - INFO - Found open order for Trade(id=3, pair=CFX/USDT, amount=807.54689278, is_short=False, leverage=1.0, open_rate=0.40864500, open_since=2023-03-20 17:05:09)
2023-03-20 17:07:06,892 - freqtrade.freqtradebot - INFO - Found open order for Trade(id=2, pair=MATIC/USDT, amount=293.93426561, is_short=False, leverage=1.0, open_rate=1.12270000, open_since=2023-03-20 17:05:06)
2023-03-20 17:07:07,236 - freqtrade.freqtradebot - INFO - Found open order for Trade(id=3, pair=CFX/USDT, amount=807.54689278, is_short=False, leverage=1.0, open_rate=0.40864500, open_since=2023-03-20 17:05:09)
2023-03-20 17:07:11,441 - freqtrade.worker - INFO - Bot heartbeat. PID=1, version='2023.1', state='RUNNING'
2023-03-20 17:07:11,801 - freqtrade.freqtradebot - INFO - Found open order for Trade(id=2, pair=MATIC/USDT, amount=293.93426561, is_short=False, leverage=1.0, open_rate=1.12270000, open_since=2023-03-20 17:05:06)
2023-03-20 17:07:12,101 - freqtrade.freqtradebot - INFO - Found open order for Trade(id=3, pair=CFX/USDT, amount=807.54689278, is_short=False, leverage=1.0, open_rate=0.40864500, open_since=2023-03-20 17:05:09)
2023-03-20 17:07:16,852 - freqtrade.freqtradebot - INFO - Found open order for Trade(id=2, pair=MATIC/USDT, amount=293.93426561, is_short=False, leverage=1.0, open_rate=1.12270000, open_since=2023-03-20 17:05:06)
2023-03-20 17:07:17,150 - freqtrade.freqtradebot - INFO - Found open order for Trade(id=3, pair=CFX/USDT, amount=807.54689278, is_short=False, leverage=1.0, open_rate=0.40864500, open_since=2023-03-20 17:05:09)
2023-03-20 17:07:21,812 - freqtrade.freqtradebot - INFO - Found open order for Trade(id=2, pair=MATIC/USDT, amount=293.93426561, is_short=False, leverage=1.0, open_rate=1.12270000, open_since=2023-03-20 17:05:06)
2023-03-20 17:07:22,348 - freqtrade.freqtradebot - INFO - Found open order for Trade(id=3, pair=CFX/USDT, amount=807.54689278, is_short=False, leverage=1.0, open_rate=0.40864500, open_since=2023-03-20 17:05:09)
2023-03-20 17:07:26,874 - freqtrade.freqtradebot - INFO - Found open order for Trade(id=2, pair=MATIC/USDT, amount=293.93426561, is_short=False, leverage=1.0, open_rate=1.12270000, open_since=2023-03-20 17:05:06)
2023-03-20 17:07:27,168 - freqtrade.freqtradebot - INFO - Found open order for Trade(id=3, pair=CFX/USDT, amount=807.54689278, is_short=False, leverage=1.0, open_rate=0.40864500, open_since=2023-03-20 17:05:09)
2023-03-20 17:07:31,862 - freqtrade.freqtradebot - INFO - Found open order for Trade(id=2, pair=MATIC/USDT, amount=293.93426561, is_short=False, leverage=1.0, open_rate=1.12270000, open_since=2023-03-20 17:05:06)
2023-03-20 17:07:32,151 - freqtrade.freqtradebot - INFO - Found open order for Trade(id=3, pair=CFX/USDT, amount=807.54689278, is_short=False, leverage=1.0, open_rate=0.40864500, open_since=2023-03-20 17:05:09)
2023-03-20 17:07:36,875 - freqtrade.freqtradebot - INFO - Found open order for Trade(id=2, pair=MATIC/USDT, amount=293.93426561, is_short=False, leverage=1.0, open_rate=1.12270000, open_since=2023-03-20 17:05:06)
2023-03-20 17:07:37,401 - freqtrade.freqtradebot - INFO - Found open order for Trade(id=3, pair=CFX/USDT, amount=807.54689278, is_short=False, leverage=1.0, open_rate=0.40864500, open_since=2023-03-20 17:05:09)
2023-03-20 17:07:41,887 - freqtrade.freqtradebot - INFO - Found open order for Trade(id=2, pair=MATIC/USDT, amount=293.93426561, is_short=False, leverage=1.0, open_rate=1.12270000, open_since=2023-03-20 17:05:06)
2023-03-20 17:07:42,171 - freqtrade.freqtradebot - INFO - Found open order for Trade(id=3, pair=CFX/USDT, amount=807.54689278, is_short=False, leverage=1.0, open_rate=0.40864500, open_since=2023-03-20 17:05:09)
2023-03-20 17:07:46,881 - freqtrade.freqtradebot - INFO - Found open order for Trade(id=2, pair=MATIC/USDT, amount=293.93426561, is_short=False, leverage=1.0, open_rate=1.12270000, open_since=2023-03-20 17:05:06)
2023-03-20 17:07:47,172 - freqtrade.freqtradebot - INFO - Found open order for Trade(id=3, pair=CFX/USDT, amount=807.54689278, is_short=False, leverage=1.0, open_rate=0.40864500, open_since=2023-03-20 17:05:09)
2023-03-20 17:07:52,187 - freqtrade.freqtradebot - INFO - Found open order for Trade(id=2, pair=MATIC/USDT, amount=293.93426561, is_short=False, leverage=1.0, open_rate=1.12270000, open_since=2023-03-20 17:05:06)
2023-03-20 17:07:52,499 - freqtrade.freqtradebot - INFO - Found open order for Trade(id=3, pair=CFX/USDT, amount=807.54689278, is_short=False, leverage=1.0, open_rate=0.40864500, open_since=2023-03-20 17:05:09)
2023-03-20 17:07:56,914 - freqtrade.freqtradebot - INFO - Found open order for Trade(id=2, pair=MATIC/USDT, amount=293.93426561, is_short=False, leverage=1.0, open_rate=1.12270000, open_since=2023-03-20 17:05:06)
2023-03-20 17:07:57,202 - freqtrade.freqtradebot - INFO - Found open order for Trade(id=3, pair=CFX/USDT, amount=807.54689278, is_short=False, leverage=1.0, open_rate=0.40864500, open_since=2023-03-20 17:05:09)
2023-03-20 17:08:01,880 - freqtrade.freqtradebot - INFO - Found open order for Trade(id=2, pair=MATIC/USDT, amount=293.93426561, is_short=False, leverage=1.0, open_rate=1.12270000, open_since=2023-03-20 17:05:06)
2023-03-20 17:08:02,185 - freqtrade.freqtradebot - INFO - Found open order for Trade(id=3, pair=CFX/USDT, amount=807.54689278, is_short=False, leverage=1.0, open_rate=0.40864500, open_since=2023-03-20 17:05:09)
2023-03-20 17:08:06,893 - freqtrade.freqtradebot - INFO - Found open order for Trade(id=2, pair=MATIC/USDT, amount=293.93426561, is_short=False, leverage=1.0, open_rate=1.12270000, open_since=2023-03-20 17:05:06)
2023-03-20 17:08:07,185 - freqtrade.freqtradebot - INFO - Found open order for Trade(id=3, pair=CFX/USDT, amount=807.54689278, is_short=False, leverage=1.0, open_rate=0.40864500, open_since=2023-03-20 17:05:09)
2023-03-20 17:08:11,494 - freqtrade.worker - INFO - Bot heartbeat. PID=1, version='2023.1', state='RUNNING'
2023-03-20 17:08:11,891 - freqtrade.freqtradebot - INFO - Found open order for Trade(id=2, pair=MATIC/USDT, amount=293.93426561, is_short=False, leverage=1.0, open_rate=1.12270000, open_since=2023-03-20 17:05:06)
2023-03-20 17:08:12,567 - freqtrade.freqtradebot - INFO - Found open order for Trade(id=3, pair=CFX/USDT, amount=807.54689278, is_short=False, leverage=1.0, open_rate=0.40864500, open_since=2023-03-20 17:05:09)
2023-03-20 17:08:16,894 - freqtrade.freqtradebot - INFO - Found open order for Trade(id=2, pair=MATIC/USDT, amount=293.93426561, is_short=False, leverage=1.0, open_rate=1.12270000, open_since=2023-03-20 17:05:06)
2023-03-20 17:08:17,169 - freqtrade.freqtradebot - INFO - Found open order for Trade(id=3, pair=CFX/USDT, amount=807.54689278, is_short=False, leverage=1.0, open_rate=0.40864500, open_since=2023-03-20 17:05:09)
2023-03-20 17:08:21,908 - freqtrade.freqtradebot - INFO - Found open order for Trade(id=2, pair=MATIC/USDT, amount=293.93426561, is_short=False, leverage=1.0, open_rate=1.12270000, open_since=2023-03-20 17:05:06)
2023-03-20 17:08:22,194 - freqtrade.freqtradebot - INFO - Found open order for Trade(id=3, pair=CFX/USDT, amount=807.54689278, is_short=False, leverage=1.0, open_rate=0.40864500, open_since=2023-03-20 17:05:09)
2023-03-20 17:08:26,883 - freqtrade.freqtradebot - INFO - Found open order for Trade(id=2, pair=MATIC/USDT, amount=293.93426561, is_short=False, leverage=1.0, open_rate=1.12270000, open_since=2023-03-20 17:05:06)
2023-03-20 17:08:27,183 - freqtrade.freqtradebot - INFO - Found open order for Trade(id=3, pair=CFX/USDT, amount=807.54689278, is_short=False, leverage=1.0, open_rate=0.40864500, open_since=2023-03-20 17:05:09)
2023-03-20 17:08:31,892 - freqtrade.freqtradebot - INFO - Found open order for Trade(id=2, pair=MATIC/USDT, amount=293.93426561, is_short=False, leverage=1.0, open_rate=1.12270000, open_since=2023-03-20 17:05:06)
2023-03-20 17:08:32,191 - freqtrade.freqtradebot - INFO - Found open order for Trade(id=3, pair=CFX/USDT, amount=807.54689278, is_short=False, leverage=1.0, open_rate=0.40864500, open_since=2023-03-20 17:05:09)
2023-03-20 17:08:36,910 - freqtrade.freqtradebot - INFO - Found open order for Trade(id=2, pair=MATIC/USDT, amount=293.93426561, is_short=False, leverage=1.0, open_rate=1.12270000, open_since=2023-03-20 17:05:06)
2023-03-20 17:08:37,235 - freqtrade.freqtradebot - INFO - Found open order for Trade(id=3, pair=CFX/USDT, amount=807.54689278, is_short=False, leverage=1.0, open_rate=0.40864500, open_since=2023-03-20 17:05:09)
2023-03-20 17:08:41,912 - freqtrade.freqtradebot - INFO - Found open order for Trade(id=2, pair=MATIC/USDT, amount=293.93426561, is_short=False, leverage=1.0, open_rate=1.12270000, open_since=2023-03-20 17:05:06)
2023-03-20 17:08:42,204 - freqtrade.freqtradebot - INFO - Found open order for Trade(id=3, pair=CFX/USDT, amount=807.54689278, is_short=False, leverage=1.0, open_rate=0.40864500, open_since=2023-03-20 17:05:09)
2023-03-20 17:08:46,923 - freqtrade.freqtradebot - INFO - Found open order for Trade(id=2, pair=MATIC/USDT, amount=293.93426561, is_short=False, leverage=1.0, open_rate=1.12270000, open_since=2023-03-20 17:05:06)
2023-03-20 17:08:47,237 - freqtrade.freqtradebot - INFO - Found open order for Trade(id=3, pair=CFX/USDT, amount=807.54689278, is_short=False, leverage=1.0, open_rate=0.40864500, open_since=2023-03-20 17:05:09)
2023-03-20 17:08:51,921 - freqtrade.freqtradebot - INFO - Found open order for Trade(id=2, pair=MATIC/USDT, amount=293.93426561, is_short=False, leverage=1.0, open_rate=1.12270000, open_since=2023-03-20 17:05:06)
2023-03-20 17:08:52,208 - freqtrade.freqtradebot - INFO - Found open order for Trade(id=3, pair=CFX/USDT, amount=807.54689278, is_short=False, leverage=1.0, open_rate=0.40864500, open_since=2023-03-20 17:05:09)
2023-03-20 17:08:56,953 - freqtrade.freqtradebot - INFO - Found open order for Trade(id=2, pair=MATIC/USDT, amount=293.93426561, is_short=False, leverage=1.0, open_rate=1.12270000, open_since=2023-03-20 17:05:06)
2023-03-20 17:08:57,232 - freqtrade.freqtradebot - INFO - Found open order for Trade(id=3, pair=CFX/USDT, amount=807.54689278, is_short=False, leverage=1.0, open_rate=0.40864500, open_since=2023-03-20 17:05:09)
2023-03-20 17:09:01,956 - freqtrade.freqtradebot - INFO - Found open order for Trade(id=2, pair=MATIC/USDT, amount=293.93426561, is_short=False, leverage=1.0, open_rate=1.12270000, open_since=2023-03-20 17:05:06)
2023-03-20 17:09:02,272 - freqtrade.freqtradebot - INFO - Found open order for Trade(id=3, pair=CFX/USDT, amount=807.54689278, is_short=False, leverage=1.0, open_rate=0.40864500, open_since=2023-03-20 17:05:09)
2023-03-20 17:09:06,920 - freqtrade.freqtradebot - INFO - Found open order for Trade(id=2, pair=MATIC/USDT, amount=293.93426561, is_short=False, leverage=1.0, open_rate=1.12270000, open_since=2023-03-20 17:05:06)
2023-03-20 17:09:07,207 - freqtrade.freqtradebot - INFO - Found open order for Trade(id=3, pair=CFX/USDT, amount=807.54689278, is_short=False, leverage=1.0, open_rate=0.40864500, open_since=2023-03-20 17:05:09)
2023-03-20 17:09:11,545 - freqtrade.worker - INFO - Bot heartbeat. PID=1, version='2023.1', state='RUNNING'
2023-03-20 17:09:11,978 - freqtrade.freqtradebot - INFO - Found open order for Trade(id=2, pair=MATIC/USDT, amount=293.93426561, is_short=False, leverage=1.0, open_rate=1.12270000, open_since=2023-03-20 17:05:06)
2023-03-20 17:09:12,255 - freqtrade.freqtradebot - INFO - Found open order for Trade(id=3, pair=CFX/USDT, amount=807.54689278, is_short=False, leverage=1.0, open_rate=0.40864500, open_since=2023-03-20 17:05:09)
2023-03-20 17:09:16,958 - freqtrade.freqtradebot - INFO - Found open order for Trade(id=2, pair=MATIC/USDT, amount=293.93426561, is_short=False, leverage=1.0, open_rate=1.12270000, open_since=2023-03-20 17:05:06)
2023-03-20 17:09:17,244 - freqtrade.freqtradebot - INFO - Found open order for Trade(id=3, pair=CFX/USDT, amount=807.54689278, is_short=False, leverage=1.0, open_rate=0.40864500, open_since=2023-03-20 17:05:09)
2023-03-20 17:09:21,971 - freqtrade.freqtradebot - INFO - Found open order for Trade(id=2, pair=MATIC/USDT, amount=293.93426561, is_short=False, leverage=1.0, open_rate=1.12270000, open_since=2023-03-20 17:05:06)
2023-03-20 17:09:22,280 - freqtrade.freqtradebot - INFO - Found open order for Trade(id=3, pair=CFX/USDT, amount=807.54689278, is_short=False, leverage=1.0, open_rate=0.40864500, open_since=2023-03-20 17:05:09)
2023-03-20 17:09:26,933 - freqtrade.freqtradebot - INFO - Found open order for Trade(id=2, pair=MATIC/USDT, amount=293.93426561, is_short=False, leverage=1.0, open_rate=1.12270000, open_since=2023-03-20 17:05:06)
2023-03-20 17:09:27,207 - freqtrade.freqtradebot - INFO - Found open order for Trade(id=3, pair=CFX/USDT, amount=807.54689278, is_short=False, leverage=1.0, open_rate=0.40864500, open_since=2023-03-20 17:05:09)
2023-03-20 17:09:31,955 - freqtrade.freqtradebot - INFO - Found open order for Trade(id=2, pair=MATIC/USDT, amount=293.93426561, is_short=False, leverage=1.0, open_rate=1.12270000, open_since=2023-03-20 17:05:06)
2023-03-20 17:09:32,270 - freqtrade.freqtradebot - INFO - Found open order for Trade(id=3, pair=CFX/USDT, amount=807.54689278, is_short=False, leverage=1.0, open_rate=0.40864500, open_since=2023-03-20 17:05:09)
2023-03-20 17:09:36,972 - freqtrade.freqtradebot - INFO - Found open order for Trade(id=2, pair=MATIC/USDT, amount=293.93426561, is_short=False, leverage=1.0, open_rate=1.12270000, open_since=2023-03-20 17:05:06)
2023-03-20 17:09:37,257 - freqtrade.freqtradebot - INFO - Found open order for Trade(id=3, pair=CFX/USDT, amount=807.54689278, is_short=False, leverage=1.0, open_rate=0.40864500, open_since=2023-03-20 17:05:09)
2023-03-20 17:09:41,972 - freqtrade.freqtradebot - INFO - Found open order for Trade(id=2, pair=MATIC/USDT, amount=293.93426561, is_short=False, leverage=1.0, open_rate=1.12270000, open_since=2023-03-20 17:05:06)
2023-03-20 17:09:42,256 - freqtrade.freqtradebot - INFO - Found open order for Trade(id=3, pair=CFX/USDT, amount=807.54689278, is_short=False, leverage=1.0, open_rate=0.40864500, open_since=2023-03-20 17:05:09)
2023-03-20 17:09:46,943 - freqtrade.freqtradebot - INFO - Found open order for Trade(id=2, pair=MATIC/USDT, amount=293.93426561, is_short=False, leverage=1.0, open_rate=1.12270000, open_since=2023-03-20 17:05:06)
2023-03-20 17:09:47,224 - freqtrade.freqtradebot - INFO - Found open order for Trade(id=3, pair=CFX/USDT, amount=807.54689278, is_short=False, leverage=1.0, open_rate=0.40864500, open_since=2023-03-20 17:05:09)
2023-03-20 17:09:51,980 - freqtrade.freqtradebot - INFO - Found open order for Trade(id=2, pair=MATIC/USDT, amount=293.93426561, is_short=False, leverage=1.0, open_rate=1.12270000, open_since=2023-03-20 17:05:06)
2023-03-20 17:09:52,266 - freqtrade.freqtradebot - INFO - Found open order for Trade(id=3, pair=CFX/USDT, amount=807.54689278, is_short=False, leverage=1.0, open_rate=0.40864500, open_since=2023-03-20 17:05:09)
2023-03-20 17:09:57,019 - freqtrade.freqtradebot - INFO - Found open order for Trade(id=2, pair=MATIC/USDT, amount=293.93426561, is_short=False, leverage=1.0, open_rate=1.12270000, open_since=2023-03-20 17:05:06)
2023-03-20 17:09:57,300 - freqtrade.freqtradebot - INFO - Found open order for Trade(id=3, pair=CFX/USDT, amount=807.54689278, is_short=False, leverage=1.0, open_rate=0.40864500, open_since=2023-03-20 17:05:09)
2023-03-20 17:10:04,348 - freqtrade.freqtradebot - INFO - Found open order for Trade(id=2, pair=MATIC/USDT, amount=293.93426561, is_short=False, leverage=1.0, open_rate=1.12270000, open_since=2023-03-20 17:05:06)
2023-03-20 17:10:04,959 - freqtrade.freqtradebot - INFO - Found open order for Trade(id=3, pair=CFX/USDT, amount=807.54689278, is_short=False, leverage=1.0, open_rate=0.40864500, open_since=2023-03-20 17:05:09)
2023-03-20 17:10:08,709 - freqtrade.freqtradebot - INFO - Found open order for Trade(id=2, pair=MATIC/USDT, amount=293.93426561, is_short=False, leverage=1.0, open_rate=1.12270000, open_since=2023-03-20 17:05:06)
2023-03-20 17:10:09,258 - freqtrade.freqtradebot - INFO - Found open order for Trade(id=3, pair=CFX/USDT, amount=807.54689278, is_short=False, leverage=1.0, open_rate=0.40864500, open_since=2023-03-20 17:05:09)
2023-03-20 17:10:12,947 - freqtrade.freqtradebot - INFO - Found open order for Trade(id=2, pair=MATIC/USDT, amount=293.93426561, is_short=False, leverage=1.0, open_rate=1.12270000, open_since=2023-03-20 17:05:06)
2023-03-20 17:10:13,494 - freqtrade.freqtradebot - INFO - Found open order for Trade(id=3, pair=CFX/USDT, amount=807.54689278, is_short=False, leverage=1.0, open_rate=0.40864500, open_since=2023-03-20 17:05:09)
2023-03-20 17:10:16,008 - freqtrade.worker - INFO - Bot heartbeat. PID=1, version='2023.1', state='RUNNING'
2023-03-20 17:10:16,962 - freqtrade.freqtradebot - INFO - Found open order for Trade(id=2, pair=MATIC/USDT, amount=293.93426561, is_short=False, leverage=1.0, open_rate=1.12270000, open_since=2023-03-20 17:05:06)
2023-03-20 17:10:17,495 - freqtrade.freqtradebot - INFO - Found open order for Trade(id=3, pair=CFX/USDT, amount=807.54689278, is_short=False, leverage=1.0, open_rate=0.40864500, open_since=2023-03-20 17:05:09)
2023-03-20 17:10:22,098 - freqtrade.freqtradebot - INFO - Found open order for Trade(id=2, pair=MATIC/USDT, amount=293.93426561, is_short=False, leverage=1.0, open_rate=1.12270000, open_since=2023-03-20 17:05:06)
2023-03-20 17:10:22,659 - freqtrade.freqtradebot - INFO - Found open order for Trade(id=3, pair=CFX/USDT, amount=807.54689278, is_short=False, leverage=1.0, open_rate=0.40864500, open_since=2023-03-20 17:05:09)
2023-03-20 17:10:26,424 - freqtrade.freqtradebot - INFO - Found open order for Trade(id=2, pair=MATIC/USDT, amount=293.93426561, is_short=False, leverage=1.0, open_rate=1.12270000, open_since=2023-03-20 17:05:06)
2023-03-20 17:10:26,976 - freqtrade.freqtradebot - INFO - Found open order for Trade(id=3, pair=CFX/USDT, amount=807.54689278, is_short=False, leverage=1.0, open_rate=0.40864500, open_since=2023-03-20 17:05:09)
2023-03-20 17:10:31,405 - freqtrade.freqtradebot - INFO - Found open order for Trade(id=2, pair=MATIC/USDT, amount=293.93426561, is_short=False, leverage=1.0, open_rate=1.12270000, open_since=2023-03-20 17:05:06)
2023-03-20 17:10:31,957 - freqtrade.freqtradebot - INFO - Found open order for Trade(id=3, pair=CFX/USDT, amount=807.54689278, is_short=False, leverage=1.0, open_rate=0.40864500, open_since=2023-03-20 17:05:09)
2023-03-20 17:10:36,438 - freqtrade.freqtradebot - INFO - Found open order for Trade(id=2, pair=MATIC/USDT, amount=293.93426561, is_short=False, leverage=1.0, open_rate=1.12270000, open_since=2023-03-20 17:05:06)
2023-03-20 17:10:36,976 - freqtrade.freqtradebot - INFO - Found open order for Trade(id=3, pair=CFX/USDT, amount=807.54689278, is_short=False, leverage=1.0, open_rate=0.40864500, open_since=2023-03-20 17:05:09)
2023-03-20 17:10:41,446 - freqtrade.freqtradebot - INFO - Found open order for Trade(id=2, pair=MATIC/USDT, amount=293.93426561, is_short=False, leverage=1.0, open_rate=1.12270000, open_since=2023-03-20 17:05:06)
2023-03-20 17:10:42,009 - freqtrade.freqtradebot - INFO - Found open order for Trade(id=3, pair=CFX/USDT, amount=807.54689278, is_short=False, leverage=1.0, open_rate=0.40864500, open_since=2023-03-20 17:05:09)
2023-03-20 17:10:46,444 - freqtrade.freqtradebot - INFO - Found open order for Trade(id=2, pair=MATIC/USDT, amount=293.93426561, is_short=False, leverage=1.0, open_rate=1.12270000, open_since=2023-03-20 17:05:06)
2023-03-20 17:10:46,999 - freqtrade.freqtradebot - INFO - Found open order for Trade(id=3, pair=CFX/USDT, amount=807.54689278, is_short=False, leverage=1.0, open_rate=0.40864500, open_since=2023-03-20 17:05:09)
2023-03-20 17:10:51,423 - freqtrade.freqtradebot - INFO - Found open order for Trade(id=2, pair=MATIC/USDT, amount=293.93426561, is_short=False, leverage=1.0, open_rate=1.12270000, open_since=2023-03-20 17:05:06)
2023-03-20 17:10:51,961 - freqtrade.freqtradebot - INFO - Found open order for Trade(id=3, pair=CFX/USDT, amount=807.54689278, is_short=False, leverage=1.0, open_rate=0.40864500, open_since=2023-03-20 17:05:09)
2023-03-20 17:10:56,450 - freqtrade.freqtradebot - INFO - Found open order for Trade(id=2, pair=MATIC/USDT, amount=293.93426561, is_short=False, leverage=1.0, open_rate=1.12270000, open_since=2023-03-20 17:05:06)
2023-03-20 17:10:56,977 - freqtrade.freqtradebot - INFO - Found open order for Trade(id=3, pair=CFX/USDT, amount=807.54689278, is_short=False, leverage=1.0, open_rate=0.40864500, open_since=2023-03-20 17:05:09)
2023-03-20 17:11:01,458 - freqtrade.freqtradebot - INFO - Found open order for Trade(id=2, pair=MATIC/USDT, amount=293.93426561, is_short=False, leverage=1.0, open_rate=1.12270000, open_since=2023-03-20 17:05:06)
2023-03-20 17:11:01,996 - freqtrade.freqtradebot - INFO - Found open order for Trade(id=3, pair=CFX/USDT, amount=807.54689278, is_short=False, leverage=1.0, open_rate=0.40864500, open_since=2023-03-20 17:05:09)
2023-03-20 17:11:06,441 - freqtrade.freqtradebot - INFO - Found open order for Trade(id=2, pair=MATIC/USDT, amount=293.93426561, is_short=False, leverage=1.0, open_rate=1.12270000, open_since=2023-03-20 17:05:06)
2023-03-20 17:11:07,026 - freqtrade.freqtradebot - INFO - Found open order for Trade(id=3, pair=CFX/USDT, amount=807.54689278, is_short=False, leverage=1.0, open_rate=0.40864500, open_since=2023-03-20 17:05:09)
2023-03-20 17:11:11,434 - freqtrade.freqtradebot - INFO - Found open order for Trade(id=2, pair=MATIC/USDT, amount=293.93426561, is_short=False, leverage=1.0, open_rate=1.12270000, open_since=2023-03-20 17:05:06)
2023-03-20 17:11:11,991 - freqtrade.freqtradebot - INFO - Found open order for Trade(id=3, pair=CFX/USDT, amount=807.54689278, is_short=False, leverage=1.0, open_rate=0.40864500, open_since=2023-03-20 17:05:09)
2023-03-20 17:11:16,054 - freqtrade.worker - INFO - Bot heartbeat. PID=1, version='2023.1', state='RUNNING'
2023-03-20 17:11:16,460 - freqtrade.freqtradebot - INFO - Found open order for Trade(id=2, pair=MATIC/USDT, amount=293.93426561, is_short=False, leverage=1.0, open_rate=1.12270000, open_since=2023-03-20 17:05:06)
2023-03-20 17:11:17,231 - freqtrade.freqtradebot - INFO - Found open order for Trade(id=3, pair=CFX/USDT, amount=807.54689278, is_short=False, leverage=1.0, open_rate=0.40864500, open_since=2023-03-20 17:05:09)
2023-03-20 17:11:21,487 - freqtrade.freqtradebot - INFO - Found open order for Trade(id=2, pair=MATIC/USDT, amount=293.93426561, is_short=False, leverage=1.0, open_rate=1.12270000, open_since=2023-03-20 17:05:06)
2023-03-20 17:11:22,030 - freqtrade.freqtradebot - INFO - Found open order for Trade(id=3, pair=CFX/USDT, amount=807.54689278, is_short=False, leverage=1.0, open_rate=0.40864500, open_since=2023-03-20 17:05:09)
2023-03-20 17:11:26,466 - freqtrade.freqtradebot - INFO - Found open order for Trade(id=2, pair=MATIC/USDT, amount=293.93426561, is_short=False, leverage=1.0, open_rate=1.12270000, open_since=2023-03-20 17:05:06)
2023-03-20 17:11:26,995 - freqtrade.freqtradebot - INFO - Found open order for Trade(id=3, pair=CFX/USDT, amount=807.54689278, is_short=False, leverage=1.0, open_rate=0.40864500, open_since=2023-03-20 17:05:09)
2023-03-20 17:11:31,456 - freqtrade.freqtradebot - INFO - Found open order for Trade(id=2, pair=MATIC/USDT, amount=293.93426561, is_short=False, leverage=1.0, open_rate=1.12270000, open_since=2023-03-20 17:05:06)
2023-03-20 17:11:31,997 - freqtrade.freqtradebot - INFO - Found open order for Trade(id=3, pair=CFX/USDT, amount=807.54689278, is_short=False, leverage=1.0, open_rate=0.40864500, open_since=2023-03-20 17:05:09)
2023-03-20 17:11:36,468 - freqtrade.freqtradebot - INFO - Found open order for Trade(id=2, pair=MATIC/USDT, amount=293.93426561, is_short=False, leverage=1.0, open_rate=1.12270000, open_since=2023-03-20 17:05:06)
2023-03-20 17:11:36,981 - freqtrade.freqtradebot - INFO - Found open order for Trade(id=3, pair=CFX/USDT, amount=807.54689278, is_short=False, leverage=1.0, open_rate=0.40864500, open_since=2023-03-20 17:05:09)
2023-03-20 17:11:41,491 - freqtrade.freqtradebot - INFO - Found open order for Trade(id=2, pair=MATIC/USDT, amount=293.93426561, is_short=False, leverage=1.0, open_rate=1.12270000, open_since=2023-03-20 17:05:06)
2023-03-20 17:11:42,046 - freqtrade.freqtradebot - INFO - Found open order for Trade(id=3, pair=CFX/USDT, amount=807.54689278, is_short=False, leverage=1.0, open_rate=0.40864500, open_since=2023-03-20 17:05:09)
2023-03-20 17:11:46,470 - freqtrade.freqtradebot - INFO - Found open order for Trade(id=2, pair=MATIC/USDT, amount=293.93426561, is_short=False, leverage=1.0, open_rate=1.12270000, open_since=2023-03-20 17:05:06)
2023-03-20 17:11:47,024 - freqtrade.freqtradebot - INFO - Found open order for Trade(id=3, pair=CFX/USDT, amount=807.54689278, is_short=False, leverage=1.0, open_rate=0.40864500, open_since=2023-03-20 17:05:09)
2023-03-20 17:11:51,490 - freqtrade.freqtradebot - INFO - Found open order for Trade(id=2, pair=MATIC/USDT, amount=293.93426561, is_short=False, leverage=1.0, open_rate=1.12270000, open_since=2023-03-20 17:05:06)
2023-03-20 17:11:52,048 - freqtrade.freqtradebot - INFO - Found open order for Trade(id=3, pair=CFX/USDT, amount=807.54689278, is_short=False, leverage=1.0, open_rate=0.40864500, open_since=2023-03-20 17:05:09)
2023-03-20 17:11:56,491 - freqtrade.freqtradebot - INFO - Found open order for Trade(id=2, pair=MATIC/USDT, amount=293.93426561, is_short=False, leverage=1.0, open_rate=1.12270000, open_since=2023-03-20 17:05:06)
2023-03-20 17:11:57,005 - freqtrade.freqtradebot - INFO - Found open order for Trade(id=3, pair=CFX/USDT, amount=807.54689278, is_short=False, leverage=1.0, open_rate=0.40864500, open_since=2023-03-20 17:05:09)
2023-03-20 17:12:01,488 - freqtrade.freqtradebot - INFO - Found open order for Trade(id=2, pair=MATIC/USDT, amount=293.93426561, is_short=False, leverage=1.0, open_rate=1.12270000, open_since=2023-03-20 17:05:06)
2023-03-20 17:12:02,047 - freqtrade.freqtradebot - INFO - Found open order for Trade(id=3, pair=CFX/USDT, amount=807.54689278, is_short=False, leverage=1.0, open_rate=0.40864500, open_since=2023-03-20 17:05:09)
2023-03-20 17:12:06,500 - freqtrade.freqtradebot - INFO - Found open order for Trade(id=2, pair=MATIC/USDT, amount=293.93426561, is_short=False, leverage=1.0, open_rate=1.12270000, open_since=2023-03-20 17:05:06)
2023-03-20 17:12:07,063 - freqtrade.freqtradebot - INFO - Found open order for Trade(id=3, pair=CFX/USDT, amount=807.54689278, is_short=False, leverage=1.0, open_rate=0.40864500, open_since=2023-03-20 17:05:09)
2023-03-20 17:12:11,519 - freqtrade.freqtradebot - INFO - Found open order for Trade(id=2, pair=MATIC/USDT, amount=293.93426561, is_short=False, leverage=1.0, open_rate=1.12270000, open_since=2023-03-20 17:05:06)
2023-03-20 17:12:12,062 - freqtrade.freqtradebot - INFO - Found open order for Trade(id=3, pair=CFX/USDT, amount=807.54689278, is_short=False, leverage=1.0, open_rate=0.40864500, open_since=2023-03-20 17:05:09)
2023-03-20 17:12:16,106 - freqtrade.worker - INFO - Bot heartbeat. PID=1, version='2023.1', state='RUNNING'
2023-03-20 17:12:16,523 - freqtrade.freqtradebot - INFO - Found open order for Trade(id=2, pair=MATIC/USDT, amount=293.93426561, is_short=False, leverage=1.0, open_rate=1.12270000, open_since=2023-03-20 17:05:06)
2023-03-20 17:12:17,071 - freqtrade.freqtradebot - INFO - Found open order for Trade(id=3, pair=CFX/USDT, amount=807.54689278, is_short=False, leverage=1.0, open_rate=0.40864500, open_since=2023-03-20 17:05:09)
2023-03-20 17:12:21,513 - freqtrade.freqtradebot - INFO - Found open order for Trade(id=2, pair=MATIC/USDT, amount=293.93426561, is_short=False, leverage=1.0, open_rate=1.12270000, open_since=2023-03-20 17:05:06)
2023-03-20 17:12:22,056 - freqtrade.freqtradebot - INFO - Found open order for Trade(id=3, pair=CFX/USDT, amount=807.54689278, is_short=False, leverage=1.0, open_rate=0.40864500, open_since=2023-03-20 17:05:09)
2023-03-20 17:12:26,520 - freqtrade.freqtradebot - INFO - Found open order for Trade(id=2, pair=MATIC/USDT, amount=293.93426561, is_short=False, leverage=1.0, open_rate=1.12270000, open_since=2023-03-20 17:05:06)
2023-03-20 17:12:27,079 - freqtrade.freqtradebot - INFO - Found open order for Trade(id=3, pair=CFX/USDT, amount=807.54689278, is_short=False, leverage=1.0, open_rate=0.40864500, open_since=2023-03-20 17:05:09)
2023-03-20 17:12:31,507 - freqtrade.freqtradebot - INFO - Found open order for Trade(id=2, pair=MATIC/USDT, amount=293.93426561, is_short=False, leverage=1.0, open_rate=1.12270000, open_since=2023-03-20 17:05:06)
2023-03-20 17:12:32,094 - freqtrade.freqtradebot - INFO - Found open order for Trade(id=3, pair=CFX/USDT, amount=807.54689278, is_short=False, leverage=1.0, open_rate=0.40864500, open_since=2023-03-20 17:05:09)
2023-03-20 17:12:36,530 - freqtrade.freqtradebot - INFO - Found open order for Trade(id=2, pair=MATIC/USDT, amount=293.93426561, is_short=False, leverage=1.0, open_rate=1.12270000, open_since=2023-03-20 17:05:06)
2023-03-20 17:12:37,093 - freqtrade.freqtradebot - INFO - Found open order for Trade(id=3, pair=CFX/USDT, amount=807.54689278, is_short=False, leverage=1.0, open_rate=0.40864500, open_since=2023-03-20 17:05:09)
2023-03-20 17:12:41,508 - freqtrade.freqtradebot - INFO - Found open order for Trade(id=2, pair=MATIC/USDT, amount=293.93426561, is_short=False, leverage=1.0, open_rate=1.12270000, open_since=2023-03-20 17:05:06)
2023-03-20 17:12:42,284 - freqtrade.freqtradebot - INFO - Found open order for Trade(id=3, pair=CFX/USDT, amount=807.54689278, is_short=False, leverage=1.0, open_rate=0.40864500, open_since=2023-03-20 17:05:09)
2023-03-20 17:12:46,631 - freqtrade.freqtradebot - INFO - Found open order for Trade(id=2, pair=MATIC/USDT, amount=293.93426561, is_short=False, leverage=1.0, open_rate=1.12270000, open_since=2023-03-20 17:05:06)
2023-03-20 17:12:47,190 - freqtrade.freqtradebot - INFO - Found open order for Trade(id=3, pair=CFX/USDT, amount=807.54689278, is_short=False, leverage=1.0, open_rate=0.40864500, open_since=2023-03-20 17:05:09)
2023-03-20 17:12:51,484 - freqtrade.freqtradebot - INFO - Found open order for Trade(id=2, pair=MATIC/USDT, amount=293.93426561, is_short=False, leverage=1.0, open_rate=1.12270000, open_since=2023-03-20 17:05:06)
2023-03-20 17:12:52,035 - freqtrade.freqtradebot - INFO - Found open order for Trade(id=3, pair=CFX/USDT, amount=807.54689278, is_short=False, leverage=1.0, open_rate=0.40864500, open_since=2023-03-20 17:05:09)
2023-03-20 17:12:56,523 - freqtrade.freqtradebot - INFO - Found open order for Trade(id=2, pair=MATIC/USDT, amount=293.93426561, is_short=False, leverage=1.0, open_rate=1.12270000, open_since=2023-03-20 17:05:06)
2023-03-20 17:12:57,072 - freqtrade.freqtradebot - INFO - Found open order for Trade(id=3, pair=CFX/USDT, amount=807.54689278, is_short=False, leverage=1.0, open_rate=0.40864500, open_since=2023-03-20 17:05:09)
2023-03-20 17:13:01,545 - freqtrade.freqtradebot - INFO - Found open order for Trade(id=2, pair=MATIC/USDT, amount=293.93426561, is_short=False, leverage=1.0, open_rate=1.12270000, open_since=2023-03-20 17:05:06)
2023-03-20 17:13:02,085 - freqtrade.freqtradebot - INFO - Found open order for Trade(id=3, pair=CFX/USDT, amount=807.54689278, is_short=False, leverage=1.0, open_rate=0.40864500, open_since=2023-03-20 17:05:09)
2023-03-20 17:13:06,530 - freqtrade.freqtradebot - INFO - Found open order for Trade(id=2, pair=MATIC/USDT, amount=293.93426561, is_short=False, leverage=1.0, open_rate=1.12270000, open_since=2023-03-20 17:05:06)
2023-03-20 17:13:07,048 - freqtrade.freqtradebot - INFO - Found open order for Trade(id=3, pair=CFX/USDT, amount=807.54689278, is_short=False, leverage=1.0, open_rate=0.40864500, open_since=2023-03-20 17:05:09)
2023-03-20 17:13:11,525 - freqtrade.freqtradebot - INFO - Found open order for Trade(id=2, pair=MATIC/USDT, amount=293.93426561, is_short=False, leverage=1.0, open_rate=1.12270000, open_since=2023-03-20 17:05:06)
2023-03-20 17:13:12,037 - freqtrade.freqtradebot - INFO - Found open order for Trade(id=3, pair=CFX/USDT, amount=807.54689278, is_short=False, leverage=1.0, open_rate=0.40864500, open_since=2023-03-20 17:05:09)
2023-03-20 17:13:16,153 - freqtrade.worker - INFO - Bot heartbeat. PID=1, version='2023.1', state='RUNNING'
2023-03-20 17:13:16,587 - freqtrade.freqtradebot - INFO - Found open order for Trade(id=2, pair=MATIC/USDT, amount=293.93426561, is_short=False, leverage=1.0, open_rate=1.12270000, open_since=2023-03-20 17:05:06)
2023-03-20 17:13:17,132 - freqtrade.freqtradebot - INFO - Found open order for Trade(id=3, pair=CFX/USDT, amount=807.54689278, is_short=False, leverage=1.0, open_rate=0.40864500, open_since=2023-03-20 17:05:09)
2023-03-20 17:13:21,583 - freqtrade.freqtradebot - INFO - Found open order for Trade(id=2, pair=MATIC/USDT, amount=293.93426561, is_short=False, leverage=1.0, open_rate=1.12270000, open_since=2023-03-20 17:05:06)
2023-03-20 17:13:22,127 - freqtrade.freqtradebot - INFO - Found open order for Trade(id=3, pair=CFX/USDT, amount=807.54689278, is_short=False, leverage=1.0, open_rate=0.40864500, open_since=2023-03-20 17:05:09)
2023-03-20 17:13:26,562 - freqtrade.freqtradebot - INFO - Found open order for Trade(id=2, pair=MATIC/USDT, amount=293.93426561, is_short=False, leverage=1.0, open_rate=1.12270000, open_since=2023-03-20 17:05:06)
2023-03-20 17:13:27,096 - freqtrade.freqtradebot - INFO - Found open order for Trade(id=3, pair=CFX/USDT, amount=807.54689278, is_short=False, leverage=1.0, open_rate=0.40864500, open_since=2023-03-20 17:05:09)
2023-03-20 17:13:31,572 - freqtrade.freqtradebot - INFO - Found open order for Trade(id=2, pair=MATIC/USDT, amount=293.93426561, is_short=False, leverage=1.0, open_rate=1.12270000, open_since=2023-03-20 17:05:06)
2023-03-20 17:13:32,127 - freqtrade.freqtradebot - INFO - Found open order for Trade(id=3, pair=CFX/USDT, amount=807.54689278, is_short=False, leverage=1.0, open_rate=0.40864500, open_since=2023-03-20 17:05:09)
2023-03-20 17:13:36,537 - freqtrade.freqtradebot - INFO - Found open order for Trade(id=2, pair=MATIC/USDT, amount=293.93426561, is_short=False, leverage=1.0, open_rate=1.12270000, open_since=2023-03-20 17:05:06)
2023-03-20 17:13:37,073 - freqtrade.freqtradebot - INFO - Found open order for Trade(id=3, pair=CFX/USDT, amount=807.54689278, is_short=False, leverage=1.0, open_rate=0.40864500, open_since=2023-03-20 17:05:09)
2023-03-20 17:13:41,553 - freqtrade.freqtradebot - INFO - Found open order for Trade(id=2, pair=MATIC/USDT, amount=293.93426561, is_short=False, leverage=1.0, open_rate=1.12270000, open_since=2023-03-20 17:05:06)
2023-03-20 17:13:42,100 - freqtrade.freqtradebot - INFO - Found open order for Trade(id=3, pair=CFX/USDT, amount=807.54689278, is_short=False, leverage=1.0, open_rate=0.40864500, open_since=2023-03-20 17:05:09)
2023-03-20 17:13:46,545 - freqtrade.freqtradebot - INFO - Found open order for Trade(id=2, pair=MATIC/USDT, amount=293.93426561, is_short=False, leverage=1.0, open_rate=1.12270000, open_since=2023-03-20 17:05:06)
2023-03-20 17:13:47,119 - freqtrade.freqtradebot - INFO - Found open order for Trade(id=3, pair=CFX/USDT, amount=807.54689278, is_short=False, leverage=1.0, open_rate=0.40864500, open_since=2023-03-20 17:05:09)
2023-03-20 17:13:51,611 - freqtrade.freqtradebot - INFO - Found open order for Trade(id=2, pair=MATIC/USDT, amount=293.93426561, is_short=False, leverage=1.0, open_rate=1.12270000, open_since=2023-03-20 17:05:06)
2023-03-20 17:13:52,183 - freqtrade.freqtradebot - INFO - Found open order for Trade(id=3, pair=CFX/USDT, amount=807.54689278, is_short=False, leverage=1.0, open_rate=0.40864500, open_since=2023-03-20 17:05:09)
2023-03-20 17:13:56,867 - freqtrade.plugins.pairlistmanager - INFO - Whitelist with 20 pairs: ['BTC/USDT', 'ETH/USDT', 'SOL/USDT', 'CFX/USDT', 'FTM/USDT', 'XRP/USDT', 'MATIC/USDT', 'VRA/USDT', 'STX/USDT', 'AGIX/USDT', 'SHIB/USDT', 'OP/USDT', 'LTC/USDT', 'BNB/USDT', 'USDC/USDT', 'DOGE/USDT', 'ADA/USDT', 'TON/USDT', 'IMX/USDT', 'ACH/USDT']
2023-03-20 17:13:57,167 - freqtrade.freqtradebot - INFO - Found open order for Trade(id=2, pair=MATIC/USDT, amount=293.93426561, is_short=False, leverage=1.0, open_rate=1.12270000, open_since=2023-03-20 17:05:06)
2023-03-20 17:13:57,685 - freqtrade.freqtradebot - INFO - Found open order for Trade(id=3, pair=CFX/USDT, amount=807.54689278, is_short=False, leverage=1.0, open_rate=0.40864500, open_since=2023-03-20 17:05:09)
2023-03-20 17:14:01,580 - freqtrade.freqtradebot - INFO - Found open order for Trade(id=2, pair=MATIC/USDT, amount=293.93426561, is_short=False, leverage=1.0, open_rate=1.12270000, open_since=2023-03-20 17:05:06)
2023-03-20 17:14:02,167 - freqtrade.freqtradebot - INFO - Found open order for Trade(id=3, pair=CFX/USDT, amount=807.54689278, is_short=False, leverage=1.0, open_rate=0.40864500, open_since=2023-03-20 17:05:09)
2023-03-20 17:14:06,612 - freqtrade.freqtradebot - INFO - Found open order for Trade(id=2, pair=MATIC/USDT, amount=293.93426561, is_short=False, leverage=1.0, open_rate=1.12270000, open_since=2023-03-20 17:05:06)
2023-03-20 17:14:07,166 - freqtrade.freqtradebot - INFO - Found open order for Trade(id=3, pair=CFX/USDT, amount=807.54689278, is_short=False, leverage=1.0, open_rate=0.40864500, open_since=2023-03-20 17:05:09)
2023-03-20 17:14:11,620 - freqtrade.freqtradebot - INFO - Found open order for Trade(id=2, pair=MATIC/USDT, amount=293.93426561, is_short=False, leverage=1.0, open_rate=1.12270000, open_since=2023-03-20 17:05:06)
2023-03-20 17:14:12,552 - freqtrade.freqtradebot - INFO - Found open order for Trade(id=3, pair=CFX/USDT, amount=807.54689278, is_short=False, leverage=1.0, open_rate=0.40864500, open_since=2023-03-20 17:05:09)
2023-03-20 17:14:16,204 - freqtrade.worker - INFO - Bot heartbeat. PID=1, version='2023.1', state='RUNNING'
2023-03-20 17:14:16,576 - freqtrade.freqtradebot - INFO - Found open order for Trade(id=2, pair=MATIC/USDT, amount=293.93426561, is_short=False, leverage=1.0, open_rate=1.12270000, open_since=2023-03-20 17:05:06)
2023-03-20 17:14:17,115 - freqtrade.freqtradebot - INFO - Found open order for Trade(id=3, pair=CFX/USDT, amount=807.54689278, is_short=False, leverage=1.0, open_rate=0.40864500, open_since=2023-03-20 17:05:09)
2023-03-20 17:14:21,620 - freqtrade.freqtradebot - INFO - Found open order for Trade(id=2, pair=MATIC/USDT, amount=293.93426561, is_short=False, leverage=1.0, open_rate=1.12270000, open_since=2023-03-20 17:05:06)
2023-03-20 17:14:22,167 - freqtrade.freqtradebot - INFO - Found open order for Trade(id=3, pair=CFX/USDT, amount=807.54689278, is_short=False, leverage=1.0, open_rate=0.40864500, open_since=2023-03-20 17:05:09)
2023-03-20 17:14:26,604 - freqtrade.freqtradebot - INFO - Found open order for Trade(id=2, pair=MATIC/USDT, amount=293.93426561, is_short=False, leverage=1.0, open_rate=1.12270000, open_since=2023-03-20 17:05:06)
2023-03-20 17:14:27,160 - freqtrade.freqtradebot - INFO - Found open order for Trade(id=3, pair=CFX/USDT, amount=807.54689278, is_short=False, leverage=1.0, open_rate=0.40864500, open_since=2023-03-20 17:05:09)
2023-03-20 17:14:31,619 - freqtrade.freqtradebot - INFO - Found open order for Trade(id=2, pair=MATIC/USDT, amount=293.93426561, is_short=False, leverage=1.0, open_rate=1.12270000, open_since=2023-03-20 17:05:06)
2023-03-20 17:14:32,146 - freqtrade.freqtradebot - INFO - Found open order for Trade(id=3, pair=CFX/USDT, amount=807.54689278, is_short=False, leverage=1.0, open_rate=0.40864500, open_since=2023-03-20 17:05:09)
2023-03-20 17:14:36,641 - freqtrade.freqtradebot - INFO - Found open order for Trade(id=2, pair=MATIC/USDT, amount=293.93426561, is_short=False, leverage=1.0, open_rate=1.12270000, open_since=2023-03-20 17:05:06)
2023-03-20 17:14:37,164 - freqtrade.freqtradebot - INFO - Found open order for Trade(id=3, pair=CFX/USDT, amount=807.54689278, is_short=False, leverage=1.0, open_rate=0.40864500, open_since=2023-03-20 17:05:09)
2023-03-20 17:14:41,626 - freqtrade.freqtradebot - INFO - Found open order for Trade(id=2, pair=MATIC/USDT, amount=293.93426561, is_short=False, leverage=1.0, open_rate=1.12270000, open_since=2023-03-20 17:05:06)
2023-03-20 17:14:42,206 - freqtrade.freqtradebot - INFO - Found open order for Trade(id=3, pair=CFX/USDT, amount=807.54689278, is_short=False, leverage=1.0, open_rate=0.40864500, open_since=2023-03-20 17:05:09)
2023-03-20 17:14:46,616 - freqtrade.freqtradebot - INFO - Found open order for Trade(id=2, pair=MATIC/USDT, amount=293.93426561, is_short=False, leverage=1.0, open_rate=1.12270000, open_since=2023-03-20 17:05:06)
2023-03-20 17:14:47,163 - freqtrade.freqtradebot - INFO - Found open order for Trade(id=3, pair=CFX/USDT, amount=807.54689278, is_short=False, leverage=1.0, open_rate=0.40864500, open_since=2023-03-20 17:05:09)
2023-03-20 17:14:51,620 - freqtrade.freqtradebot - INFO - Found open order for Trade(id=2, pair=MATIC/USDT, amount=293.93426561, is_short=False, leverage=1.0, open_rate=1.12270000, open_since=2023-03-20 17:05:06)
2023-03-20 17:14:52,155 - freqtrade.freqtradebot - INFO - Found open order for Trade(id=3, pair=CFX/USDT, amount=807.54689278, is_short=False, leverage=1.0, open_rate=0.40864500, open_since=2023-03-20 17:05:09)
2023-03-20 17:14:56,679 - freqtrade.freqtradebot - INFO - Found open order for Trade(id=2, pair=MATIC/USDT, amount=293.93426561, is_short=False, leverage=1.0, open_rate=1.12270000, open_since=2023-03-20 17:05:06)
2023-03-20 17:14:57,248 - freqtrade.freqtradebot - INFO - Found open order for Trade(id=3, pair=CFX/USDT, amount=807.54689278, is_short=False, leverage=1.0, open_rate=0.40864500, open_since=2023-03-20 17:05:09)
2023-03-20 17:15:04,896 - freqtrade.freqtradebot - INFO - Found open order for Trade(id=2, pair=MATIC/USDT, amount=293.93426561, is_short=False, leverage=1.0, open_rate=1.12270000, open_since=2023-03-20 17:05:06)
2023-03-20 17:15:05,479 - freqtrade.freqtradebot - INFO - Found open order for Trade(id=3, pair=CFX/USDT, amount=807.54689278, is_short=False, leverage=1.0, open_rate=0.40864500, open_since=2023-03-20 17:05:09)
2023-03-20 17:15:08,603 - freqtrade.freqtradebot - INFO - Found open order for Trade(id=2, pair=MATIC/USDT, amount=293.93426561, is_short=False, leverage=1.0, open_rate=1.12270000, open_since=2023-03-20 17:05:06)
2023-03-20 17:15:09,136 - freqtrade.freqtradebot - INFO - Buy order cancelled due to timeout for Trade(id=2, pair=MATIC/USDT, amount=293.93426561, is_short=False, leverage=1.0, open_rate=1.12270000, open_since=2023-03-20 17:05:06).
2023-03-20 17:15:09,137 - freqtrade.freqtradebot - INFO - Buy order fully cancelled. Removing Trade(id=2, pair=MATIC/USDT, amount=293.93426561, is_short=False, leverage=1.0, open_rate=1.12270000, open_since=2023-03-20 17:05:06) from database.
2023-03-20 17:15:09,165 - freqtrade.wallets - INFO - Wallets synced.
2023-03-20 17:15:09,166 - freqtrade.rpc.rpc_manager - INFO - Sending rpc message: {'trade_id': 2, 'type': entry_cancel, 'buy_tag': None, 'enter_tag': None, 'exchange': 'Kucoin', 'pair': 'MATIC/USDT', 'leverage': 1.0, 'direction': 'Long', 'limit': 1.1227, 'order_type': 'limit', 'stake_amount': 330.0, 'stake_currency': 'USDT', 'fiat_currency': 'USD', 'amount': 293.9342656096909, 'open_date': datetime.datetime(2023, 3, 20, 17, 5, 6, 239131), 'current_rate': 1.1259, 'reason': 'cancelled due to timeout, fully cancelled', 'sub_trade': False}
2023-03-20 17:15:09,429 - freqtrade.freqtradebot - INFO - Found open order for Trade(id=3, pair=CFX/USDT, amount=807.54689278, is_short=False, leverage=1.0, open_rate=0.40864500, open_since=2023-03-20 17:05:09)
2023-03-20 17:15:09,938 - freqtrade.freqtradebot - INFO - Buy order cancelled due to timeout for Trade(id=3, pair=CFX/USDT, amount=807.54689278, is_short=False, leverage=1.0, open_rate=0.40864500, open_since=2023-03-20 17:05:09).
2023-03-20 17:15:09,939 - freqtrade.freqtradebot - INFO - Buy order fully cancelled. Removing Trade(id=3, pair=CFX/USDT, amount=807.54689278, is_short=False, leverage=1.0, open_rate=0.40864500, open_since=2023-03-20 17:05:09) from database.
2023-03-20 17:15:09,962 - freqtrade.wallets - INFO - Wallets synced.
2023-03-20 17:15:09,963 - freqtrade.rpc.rpc_manager - INFO - Sending rpc message: {'trade_id': 3, 'type': entry_cancel, 'buy_tag': None, 'enter_tag': None, 'exchange': 'Kucoin', 'pair': 'CFX/USDT', 'leverage': 1.0, 'direction': 'Long', 'limit': 0.408645, 'order_type': 'limit', 'stake_amount': 330.0, 'stake_currency': 'USDT', 'fiat_currency': 'USD', 'amount': 807.5468927797967, 'open_date': datetime.datetime(2023, 3, 20, 17, 5, 9, 726784), 'current_rate': 0.411852, 'reason': 'cancelled due to timeout, fully cancelled', 'sub_trade': False}
2023-03-20 17:15:10,296 - freqtrade.wallets - INFO - Wallets synced.
2023-03-20 17:15:10,569 - freqtrade.freqtradebot - INFO - Long signal found: about create a new trade for OP/USDT with stake_amount: 330.0 ...
2023-03-20 17:15:10,833 - freqtrade.freqtradebot - INFO - Order #dry_run_buy_1679332510.570877 was created for OP/USDT and status is open.
2023-03-20 17:15:10,867 - freqtrade.wallets - INFO - Wallets synced.
2023-03-20 17:15:10,868 - freqtrade.rpc.rpc_manager - INFO - Sending rpc message: {'trade_id': 2, 'type': entry, 'buy_tag': None, 'enter_tag': None, 'exchange': 'Kucoin', 'pair': 'OP/USDT', 'leverage': 1.0, 'direction': 'Long', 'limit': 2.531, 'open_rate': 2.531, 'order_type': 'limit', 'stake_amount': 330.0, 'stake_currency': 'USDT', 'fiat_currency': 'USD', 'amount': 130.3832, 'open_date': datetime.datetime(2023, 3, 20, 17, 15, 10, 834454), 'current_rate': 2.531, 'sub_trade': False}
2023-03-20 17:15:13,076 - freqtrade.freqtradebot - INFO - Found open order for Trade(id=2, pair=OP/USDT, amount=130.38324773, is_short=False, leverage=1.0, open_rate=2.53100000, open_since=2023-03-20 17:15:10)
2023-03-20 17:15:13,440 - freqtrade.wallets - INFO - Wallets synced.
2023-03-20 17:15:13,690 - freqtrade.freqtradebot - INFO - Long signal found: about create a new trade for FTM/USDT with stake_amount: 330.0 ...
2023-03-20 17:15:13,930 - freqtrade.freqtradebot - INFO - Order #dry_run_buy_1679332513.691984 was created for FTM/USDT and status is open.
2023-03-20 17:15:13,967 - freqtrade.wallets - INFO - Wallets synced.
2023-03-20 17:15:13,968 - freqtrade.rpc.rpc_manager - INFO - Sending rpc message: {'trade_id': 3, 'type': entry, 'buy_tag': None, 'enter_tag': None, 'exchange': 'Kucoin', 'pair': 'FTM/USDT', 'leverage': 1.0, 'direction': 'Long', 'limit': 0.47353, 'open_rate': 0.47353, 'order_type': 'limit', 'stake_amount': 330.0, 'stake_currency': 'USDT', 'fiat_currency': 'USD', 'amount': 696.8935, 'open_date': datetime.datetime(2023, 3, 20, 17, 15, 13, 931308), 'current_rate': 0.47353, 'sub_trade': False}
2023-03-20 17:15:17,195 - freqtrade.freqtradebot - INFO - Found open order for Trade(id=2, pair=OP/USDT, amount=130.38324773, is_short=False, leverage=1.0, open_rate=2.53100000, open_since=2023-03-20 17:15:10)
2023-03-20 17:15:17,491 - freqtrade.freqtradebot - INFO - Found open order for Trade(id=3, pair=FTM/USDT, amount=696.89354423, is_short=False, leverage=1.0, open_rate=0.47353000, open_since=2023-03-20 17:15:13)
2023-03-20 17:15:21,055 - freqtrade.worker - INFO - Bot heartbeat. PID=1, version='2023.1', state='RUNNING'
2023-03-20 17:15:22,240 - freqtrade.freqtradebot - INFO - Found open order for Trade(id=2, pair=OP/USDT, amount=130.38324773, is_short=False, leverage=1.0, open_rate=2.53100000, open_since=2023-03-20 17:15:10)
2023-03-20 17:15:22,544 - freqtrade.freqtradebot - INFO - Found open order for Trade(id=3, pair=FTM/USDT, amount=696.89354423, is_short=False, leverage=1.0, open_rate=0.47353000, open_since=2023-03-20 17:15:13)
2023-03-20 17:15:22,562 - freqtrade.freqtradebot - INFO - Fee for Trade Trade(id=3, pair=FTM/USDT, amount=696.89354423, is_short=False, leverage=1.0, open_rate=0.47353000, open_since=2023-03-20 17:15:13) [buy]: 0.32999998 USDT - rate: 0.001
2023-03-20 17:15:22,562 - freqtrade.persistence.trade_model - INFO - Updating trade (id=3) ...
2023-03-20 17:15:22,563 - freqtrade.persistence.trade_model - INFO - LIMIT_BUY has been fulfilled for Trade(id=3, pair=FTM/USDT, amount=696.89350000, is_short=False, leverage=1.0, open_rate=0.47353000, open_since=2023-03-20 17:15:13).
2023-03-20 17:15:22,612 - freqtrade.wallets - INFO - Wallets synced.
2023-03-20 17:15:22,632 - freqtrade.rpc.rpc_manager - INFO - Sending rpc message: {'trade_id': 3, 'type': entry_fill, 'buy_tag': None, 'enter_tag': None, 'exchange': 'Kucoin', 'pair': 'FTM/USDT', 'leverage': 1.0, 'direction': 'Long', 'limit': 0.47353, 'open_rate': 0.47353, 'order_type': None, 'stake_amount': 329.999979055, 'stake_currency': 'USDT', 'fiat_currency': 'USD', 'amount': 696.8935, 'open_date': datetime.datetime(2023, 3, 20, 17, 15, 13, 931308), 'current_rate': 0.47353, 'sub_trade': False}
2023-03-20 17:15:27,374 - freqtrade.freqtradebot - INFO - Found open order for Trade(id=2, pair=OP/USDT, amount=130.38324773, is_short=False, leverage=1.0, open_rate=2.53100000, open_since=2023-03-20 17:15:10)
2023-03-20 17:15:31,953 - freqtrade.freqtradebot - INFO - Found open order for Trade(id=2, pair=OP/USDT, amount=130.38324773, is_short=False, leverage=1.0, open_rate=2.53100000, open_since=2023-03-20 17:15:10)
2023-03-20 17:15:37,387 - freqtrade.freqtradebot - INFO - Found open order for Trade(id=2, pair=OP/USDT, amount=130.38324773, is_short=False, leverage=1.0, open_rate=2.53100000, open_since=2023-03-20 17:15:10)
2023-03-20 17:15:41,897 - freqtrade.freqtradebot - INFO - Found open order for Trade(id=2, pair=OP/USDT, amount=130.38324773, is_short=False, leverage=1.0, open_rate=2.53100000, open_since=2023-03-20 17:15:10)
2023-03-20 17:15:46,917 - freqtrade.freqtradebot - INFO - Found open order for Trade(id=2, pair=OP/USDT, amount=130.38324773, is_short=False, leverage=1.0, open_rate=2.53100000, open_since=2023-03-20 17:15:10)
2023-03-20 17:15:51,910 - freqtrade.freqtradebot - INFO - Found open order for Trade(id=2, pair=OP/USDT, amount=130.38324773, is_short=False, leverage=1.0, open_rate=2.53100000, open_since=2023-03-20 17:15:10)
2023-03-20 17:15:56,931 - freqtrade.freqtradebot - INFO - Found open order for Trade(id=2, pair=OP/USDT, amount=130.38324773, is_short=False, leverage=1.0, open_rate=2.53100000, open_since=2023-03-20 17:15:10)
2023-03-20 17:16:01,855 - freqtrade.freqtradebot - INFO - Found open order for Trade(id=2, pair=OP/USDT, amount=130.38324773, is_short=False, leverage=1.0, open_rate=2.53100000, open_since=2023-03-20 17:15:10)
2023-03-20 17:16:06,923 - freqtrade.freqtradebot - INFO - Found open order for Trade(id=2, pair=OP/USDT, amount=130.38324773, is_short=False, leverage=1.0, open_rate=2.53100000, open_since=2023-03-20 17:15:10)
2023-03-20 17:16:12,544 - freqtrade.freqtradebot - INFO - Found open order for Trade(id=2, pair=OP/USDT, amount=130.38324773, is_short=False, leverage=1.0, open_rate=2.53100000, open_since=2023-03-20 17:15:10)
2023-03-20 17:16:16,953 - freqtrade.freqtradebot - INFO - Found open order for Trade(id=2, pair=OP/USDT, amount=130.38324773, is_short=False, leverage=1.0, open_rate=2.53100000, open_since=2023-03-20 17:15:10)
2023-03-20 17:16:21,103 - freqtrade.worker - INFO - Bot heartbeat. PID=1, version='2023.1', state='RUNNING'
2023-03-20 17:16:21,490 - freqtrade.freqtradebot - INFO - Found open order for Trade(id=2, pair=OP/USDT, amount=130.38324773, is_short=False, leverage=1.0, open_rate=2.53100000, open_since=2023-03-20 17:15:10)
2023-03-20 17:16:26,511 - freqtrade.freqtradebot - INFO - Found open order for Trade(id=2, pair=OP/USDT, amount=130.38324773, is_short=False, leverage=1.0, open_rate=2.53100000, open_since=2023-03-20 17:15:10)
2023-03-20 17:16:31,515 - freqtrade.freqtradebot - INFO - Found open order for Trade(id=2, pair=OP/USDT, amount=130.38324773, is_short=False, leverage=1.0, open_rate=2.53100000, open_since=2023-03-20 17:15:10)
2023-03-20 17:16:36,484 - freqtrade.freqtradebot - INFO - Found open order for Trade(id=2, pair=OP/USDT, amount=130.38324773, is_short=False, leverage=1.0, open_rate=2.53100000, open_since=2023-03-20 17:15:10)
2023-03-20 17:16:41,525 - freqtrade.freqtradebot - INFO - Found open order for Trade(id=2, pair=OP/USDT, amount=130.38324773, is_short=False, leverage=1.0, open_rate=2.53100000, open_since=2023-03-20 17:15:10)
2023-03-20 17:16:46,525 - freqtrade.freqtradebot - INFO - Found open order for Trade(id=2, pair=OP/USDT, amount=130.38324773, is_short=False, leverage=1.0, open_rate=2.53100000, open_since=2023-03-20 17:15:10)
2023-03-20 17:16:51,536 - freqtrade.freqtradebot - INFO - Found open order for Trade(id=2, pair=OP/USDT, amount=130.38324773, is_short=False, leverage=1.0, open_rate=2.53100000, open_since=2023-03-20 17:15:10)
2023-03-20 17:16:56,517 - freqtrade.freqtradebot - INFO - Found open order for Trade(id=2, pair=OP/USDT, amount=130.38324773, is_short=False, leverage=1.0, open_rate=2.53100000, open_since=2023-03-20 17:15:10)
2023-03-20 17:17:01,482 - freqtrade.freqtradebot - INFO - Found open order for Trade(id=2, pair=OP/USDT, amount=130.38324773, is_short=False, leverage=1.0, open_rate=2.53100000, open_since=2023-03-20 17:15:10)
2023-03-20 17:17:06,524 - freqtrade.freqtradebot - INFO - Found open order for Trade(id=2, pair=OP/USDT, amount=130.38324773, is_short=False, leverage=1.0, open_rate=2.53100000, open_since=2023-03-20 17:15:10)
2023-03-20 17:17:11,554 - freqtrade.freqtradebot - INFO - Found open order for Trade(id=2, pair=OP/USDT, amount=130.38324773, is_short=False, leverage=1.0, open_rate=2.53100000, open_since=2023-03-20 17:15:10)
2023-03-20 17:17:16,559 - freqtrade.freqtradebot - INFO - Found open order for Trade(id=2, pair=OP/USDT, amount=130.38324773, is_short=False, leverage=1.0, open_rate=2.53100000, open_since=2023-03-20 17:15:10)
2023-03-20 17:17:21,157 - freqtrade.worker - INFO - Bot heartbeat. PID=1, version='2023.1', state='RUNNING'
2023-03-20 17:17:21,585 - freqtrade.freqtradebot - INFO - Found open order for Trade(id=2, pair=OP/USDT, amount=130.38324773, is_short=False, leverage=1.0, open_rate=2.53100000, open_since=2023-03-20 17:15:10)
2023-03-20 17:17:26,611 - freqtrade.freqtradebot - INFO - Found open order for Trade(id=2, pair=OP/USDT, amount=130.38324773, is_short=False, leverage=1.0, open_rate=2.53100000, open_since=2023-03-20 17:15:10)
2023-03-20 17:17:31,584 - freqtrade.freqtradebot - INFO - Found open order for Trade(id=2, pair=OP/USDT, amount=130.38324773, is_short=False, leverage=1.0, open_rate=2.53100000, open_since=2023-03-20 17:15:10)
2023-03-20 17:17:36,596 - freqtrade.freqtradebot - INFO - Found open order for Trade(id=2, pair=OP/USDT, amount=130.38324773, is_short=False, leverage=1.0, open_rate=2.53100000, open_since=2023-03-20 17:15:10)
2023-03-20 17:17:41,590 - freqtrade.freqtradebot - INFO - Found open order for Trade(id=2, pair=OP/USDT, amount=130.38324773, is_short=False, leverage=1.0, open_rate=2.53100000, open_since=2023-03-20 17:15:10)
2023-03-20 17:17:46,574 - freqtrade.freqtradebot - INFO - Found open order for Trade(id=2, pair=OP/USDT, amount=130.38324773, is_short=False, leverage=1.0, open_rate=2.53100000, open_since=2023-03-20 17:15:10)
2023-03-20 17:17:51,597 - freqtrade.freqtradebot - INFO - Found open order for Trade(id=2, pair=OP/USDT, amount=130.38324773, is_short=False, leverage=1.0, open_rate=2.53100000, open_since=2023-03-20 17:15:10)
2023-03-20 17:17:56,599 - freqtrade.freqtradebot - INFO - Found open order for Trade(id=2, pair=OP/USDT, amount=130.38324773, is_short=False, leverage=1.0, open_rate=2.53100000, open_since=2023-03-20 17:15:10)
2023-03-20 17:18:01,612 - freqtrade.freqtradebot - INFO - Found open order for Trade(id=2, pair=OP/USDT, amount=130.38324773, is_short=False, leverage=1.0, open_rate=2.53100000, open_since=2023-03-20 17:15:10)
2023-03-20 17:18:06,617 - freqtrade.freqtradebot - INFO - Found open order for Trade(id=2, pair=OP/USDT, amount=130.38324773, is_short=False, leverage=1.0, open_rate=2.53100000, open_since=2023-03-20 17:15:10)
2023-03-20 17:18:11,596 - freqtrade.freqtradebot - INFO - Found open order for Trade(id=2, pair=OP/USDT, amount=130.38324773, is_short=False, leverage=1.0, open_rate=2.53100000, open_since=2023-03-20 17:15:10)
2023-03-20 17:18:16,633 - freqtrade.freqtradebot - INFO - Found open order for Trade(id=2, pair=OP/USDT, amount=130.38324773, is_short=False, leverage=1.0, open_rate=2.53100000, open_since=2023-03-20 17:15:10)
2023-03-20 17:18:21,215 - freqtrade.worker - INFO - Bot heartbeat. PID=1, version='2023.1', state='RUNNING'
2023-03-20 17:18:21,627 - freqtrade.freqtradebot - INFO - Found open order for Trade(id=2, pair=OP/USDT, amount=130.38324773, is_short=False, leverage=1.0, open_rate=2.53100000, open_since=2023-03-20 17:15:10)
2023-03-20 17:18:26,622 - freqtrade.freqtradebot - INFO - Found open order for Trade(id=2, pair=OP/USDT, amount=130.38324773, is_short=False, leverage=1.0, open_rate=2.53100000, open_since=2023-03-20 17:15:10)
2023-03-20 17:18:31,636 - freqtrade.freqtradebot - INFO - Found open order for Trade(id=2, pair=OP/USDT, amount=130.38324773, is_short=False, leverage=1.0, open_rate=2.53100000, open_since=2023-03-20 17:15:10)
2023-03-20 17:18:36,625 - freqtrade.freqtradebot - INFO - Found open order for Trade(id=2, pair=OP/USDT, amount=130.38324773, is_short=False, leverage=1.0, open_rate=2.53100000, open_since=2023-03-20 17:15:10)
2023-03-20 17:18:41,632 - freqtrade.freqtradebot - INFO - Found open order for Trade(id=2, pair=OP/USDT, amount=130.38324773, is_short=False, leverage=1.0, open_rate=2.53100000, open_since=2023-03-20 17:15:10)
2023-03-20 17:18:46,647 - freqtrade.freqtradebot - INFO - Found open order for Trade(id=2, pair=OP/USDT, amount=130.38324773, is_short=False, leverage=1.0, open_rate=2.53100000, open_since=2023-03-20 17:15:10)
2023-03-20 17:18:51,665 - freqtrade.freqtradebot - INFO - Found open order for Trade(id=2, pair=OP/USDT, amount=130.38324773, is_short=False, leverage=1.0, open_rate=2.53100000, open_since=2023-03-20 17:15:10)
2023-03-20 17:18:56,654 - freqtrade.freqtradebot - INFO - Found open order for Trade(id=2, pair=OP/USDT, amount=130.38324773, is_short=False, leverage=1.0, open_rate=2.53100000, open_since=2023-03-20 17:15:10)
2023-03-20 17:19:01,640 - freqtrade.freqtradebot - INFO - Found open order for Trade(id=2, pair=OP/USDT, amount=130.38324773, is_short=False, leverage=1.0, open_rate=2.53100000, open_since=2023-03-20 17:15:10)
2023-03-20 17:19:06,657 - freqtrade.freqtradebot - INFO - Found open order for Trade(id=2, pair=OP/USDT, amount=130.38324773, is_short=False, leverage=1.0, open_rate=2.53100000, open_since=2023-03-20 17:15:10)
2023-03-20 17:19:11,676 - freqtrade.freqtradebot - INFO - Found open order for Trade(id=2, pair=OP/USDT, amount=130.38324773, is_short=False, leverage=1.0, open_rate=2.53100000, open_since=2023-03-20 17:15:10)
2023-03-20 17:19:16,672 - freqtrade.freqtradebot - INFO - Found open order for Trade(id=2, pair=OP/USDT, amount=130.38324773, is_short=False, leverage=1.0, open_rate=2.53100000, open_since=2023-03-20 17:15:10)
2023-03-20 17:19:21,266 - freqtrade.worker - INFO - Bot heartbeat. PID=1, version='2023.1', state='RUNNING'
2023-03-20 17:19:21,683 - freqtrade.freqtradebot - INFO - Found open order for Trade(id=2, pair=OP/USDT, amount=130.38324773, is_short=False, leverage=1.0, open_rate=2.53100000, open_since=2023-03-20 17:15:10)
2023-03-20 17:19:26,647 - freqtrade.freqtradebot - INFO - Found open order for Trade(id=2, pair=OP/USDT, amount=130.38324773, is_short=False, leverage=1.0, open_rate=2.53100000, open_since=2023-03-20 17:15:10)
2023-03-20 17:19:31,646 - freqtrade.freqtradebot - INFO - Found open order for Trade(id=2, pair=OP/USDT, amount=130.38324773, is_short=False, leverage=1.0, open_rate=2.53100000, open_since=2023-03-20 17:15:10)
2023-03-20 17:19:36,643 - freqtrade.freqtradebot - INFO - Found open order for Trade(id=2, pair=OP/USDT, amount=130.38324773, is_short=False, leverage=1.0, open_rate=2.53100000, open_since=2023-03-20 17:15:10)
2023-03-20 17:19:41,693 - freqtrade.freqtradebot - INFO - Found open order for Trade(id=2, pair=OP/USDT, amount=130.38324773, is_short=False, leverage=1.0, open_rate=2.53100000, open_since=2023-03-20 17:15:10)
2023-03-20 17:19:46,691 - freqtrade.freqtradebot - INFO - Found open order for Trade(id=2, pair=OP/USDT, amount=130.38324773, is_short=False, leverage=1.0, open_rate=2.53100000, open_since=2023-03-20 17:15:10)
2023-03-20 17:19:51,742 - freqtrade.freqtradebot - INFO - Found open order for Trade(id=2, pair=OP/USDT, amount=130.38324773, is_short=False, leverage=1.0, open_rate=2.53100000, open_since=2023-03-20 17:15:10)
2023-03-20 17:19:56,684 - freqtrade.freqtradebot - INFO - Found open order for Trade(id=2, pair=OP/USDT, amount=130.38324773, is_short=False, leverage=1.0, open_rate=2.53100000, open_since=2023-03-20 17:15:10)
2023-03-20 17:20:04,573 - freqtrade.freqtradebot - INFO - Found open order for Trade(id=2, pair=OP/USDT, amount=130.38324773, is_short=False, leverage=1.0, open_rate=2.53100000, open_since=2023-03-20 17:15:10)
2023-03-20 17:20:08,892 - freqtrade.freqtradebot - INFO - Found open order for Trade(id=2, pair=OP/USDT, amount=130.38324773, is_short=False, leverage=1.0, open_rate=2.53100000, open_since=2023-03-20 17:15:10)
2023-03-20 17:20:12,350 - freqtrade.freqtradebot - INFO - Found open order for Trade(id=2, pair=OP/USDT, amount=130.38324773, is_short=False, leverage=1.0, open_rate=2.53100000, open_since=2023-03-20 17:15:10)
2023-03-20 17:20:17,356 - freqtrade.freqtradebot - INFO - Found open order for Trade(id=2, pair=OP/USDT, amount=130.38324773, is_short=False, leverage=1.0, open_rate=2.53100000, open_since=2023-03-20 17:15:10)
2023-03-20 17:20:21,850 - freqtrade.freqtradebot - INFO - Found open order for Trade(id=2, pair=OP/USDT, amount=130.38324773, is_short=False, leverage=1.0, open_rate=2.53100000, open_since=2023-03-20 17:15:10)
2023-03-20 17:20:26,017 - freqtrade.worker - INFO - Bot heartbeat. PID=1, version='2023.1', state='RUNNING'
2023-03-20 17:20:26,935 - freqtrade.freqtradebot - INFO - Found open order for Trade(id=2, pair=OP/USDT, amount=130.38324773, is_short=False, leverage=1.0, open_rate=2.53100000, open_since=2023-03-20 17:15:10)
2023-03-20 17:20:32,364 - freqtrade.freqtradebot - INFO - Found open order for Trade(id=2, pair=OP/USDT, amount=130.38324773, is_short=False, leverage=1.0, open_rate=2.53100000, open_since=2023-03-20 17:15:10)
2023-03-20 17:20:37,377 - freqtrade.freqtradebot - INFO - Found open order for Trade(id=2, pair=OP/USDT, amount=130.38324773, is_short=False, leverage=1.0, open_rate=2.53100000, open_since=2023-03-20 17:15:10)
2023-03-20 17:20:41,858 - freqtrade.freqtradebot - INFO - Found open order for Trade(id=2, pair=OP/USDT, amount=130.38324773, is_short=False, leverage=1.0, open_rate=2.53100000, open_since=2023-03-20 17:15:10)
2023-03-20 17:20:46,448 - freqtrade.freqtradebot - INFO - Found open order for Trade(id=2, pair=OP/USDT, amount=130.38324773, is_short=False, leverage=1.0, open_rate=2.53100000, open_since=2023-03-20 17:15:10)
2023-03-20 17:20:51,450 - freqtrade.freqtradebot - INFO - Found open order for Trade(id=2, pair=OP/USDT, amount=130.38324773, is_short=False, leverage=1.0, open_rate=2.53100000, open_since=2023-03-20 17:15:10)
2023-03-20 17:20:56,432 - freqtrade.freqtradebot - INFO - Found open order for Trade(id=2, pair=OP/USDT, amount=130.38324773, is_short=False, leverage=1.0, open_rate=2.53100000, open_since=2023-03-20 17:15:10)
2023-03-20 17:21:01,463 - freqtrade.freqtradebot - INFO - Found open order for Trade(id=2, pair=OP/USDT, amount=130.38324773, is_short=False, leverage=1.0, open_rate=2.53100000, open_since=2023-03-20 17:15:10)
2023-03-20 17:21:06,442 - freqtrade.freqtradebot - INFO - Found open order for Trade(id=2, pair=OP/USDT, amount=130.38324773, is_short=False, leverage=1.0, open_rate=2.53100000, open_since=2023-03-20 17:15:10)
2023-03-20 17:21:11,516 - freqtrade.freqtradebot - INFO - Found open order for Trade(id=2, pair=OP/USDT, amount=130.38324773, is_short=False, leverage=1.0, open_rate=2.53100000, open_since=2023-03-20 17:15:10)
2023-03-20 17:21:16,433 - freqtrade.freqtradebot - INFO - Found open order for Trade(id=2, pair=OP/USDT, amount=130.38324773, is_short=False, leverage=1.0, open_rate=2.53100000, open_since=2023-03-20 17:15:10)
2023-03-20 17:21:21,388 - freqtrade.freqtradebot - INFO - Found open order for Trade(id=2, pair=OP/USDT, amount=130.38324773, is_short=False, leverage=1.0, open_rate=2.53100000, open_since=2023-03-20 17:15:10)
2023-03-20 17:21:26,068 - freqtrade.worker - INFO - Bot heartbeat. PID=1, version='2023.1', state='RUNNING'
2023-03-20 17:21:26,479 - freqtrade.freqtradebot - INFO - Found open order for Trade(id=2, pair=OP/USDT, amount=130.38324773, is_short=False, leverage=1.0, open_rate=2.53100000, open_since=2023-03-20 17:15:10)
2023-03-20 17:21:31,473 - freqtrade.freqtradebot - INFO - Found open order for Trade(id=2, pair=OP/USDT, amount=130.38324773, is_short=False, leverage=1.0, open_rate=2.53100000, open_since=2023-03-20 17:15:10)
2023-03-20 17:21:31,493 - freqtrade.freqtradebot - INFO - Fee for Trade Trade(id=2, pair=OP/USDT, amount=130.38324773, is_short=False, leverage=1.0, open_rate=2.53100000, open_since=2023-03-20 17:15:10) [buy]: 0.32999988 USDT - rate: 0.001
2023-03-20 17:21:31,494 - freqtrade.persistence.trade_model - INFO - Updating trade (id=2) ...
2023-03-20 17:21:31,494 - freqtrade.persistence.trade_model - INFO - LIMIT_BUY has been fulfilled for Trade(id=2, pair=OP/USDT, amount=130.38320000, is_short=False, leverage=1.0, open_rate=2.53100000, open_since=2023-03-20 17:15:10).
2023-03-20 17:21:31,519 - freqtrade.wallets - INFO - Wallets synced.
2023-03-20 17:21:31,535 - freqtrade.rpc.rpc_manager - INFO - Sending rpc message: {'trade_id': 2, 'type': entry_fill, 'buy_tag': None, 'enter_tag': None, 'exchange': 'Kucoin', 'pair': 'OP/USDT', 'leverage': 1.0, 'direction': 'Long', 'limit': 2.531, 'open_rate': 2.531, 'order_type': None, 'stake_amount': 329.9998792, 'stake_currency': 'USDT', 'fiat_currency': 'USD', 'amount': 130.3832, 'open_date': datetime.datetime(2023, 3, 20, 17, 15, 10, 834454), 'current_rate': 2.53, 'sub_trade': False}
2023-03-20 17:22:26,119 - freqtrade.worker - INFO - Bot heartbeat. PID=1, version='2023.1', state='RUNNING'
2023-03-20 17:23:26,166 - freqtrade.worker - INFO - Bot heartbeat. PID=1, version='2023.1', state='RUNNING'
2023-03-20 17:24:26,211 - freqtrade.worker - INFO - Bot heartbeat. PID=1, version='2023.1', state='RUNNING'
2023-03-20 17:25:31,022 - freqtrade.worker - INFO - Bot heartbeat. PID=1, version='2023.1', state='RUNNING'
2023-03-20 17:26:31,077 - freqtrade.worker - INFO - Bot heartbeat. PID=1, version='2023.1', state='RUNNING'
2023-03-20 17:27:31,137 - freqtrade.worker - INFO - Bot heartbeat. PID=1, version='2023.1', state='RUNNING'
2023-03-20 17:28:31,187 - freqtrade.worker - INFO - Bot heartbeat. PID=1, version='2023.1', state='RUNNING'
2023-03-20 17:29:31,242 - freqtrade.worker - INFO - Bot heartbeat. PID=1, version='2023.1', state='RUNNING'
2023-03-20 17:30:02,029 - freqtrade.exchange.common - WARNING - Kucoin 429 error, avoid triggering DDosProtection backoff delay. 3 tries left before giving up
2023-03-20 17:30:02,409 - freqtrade.exchange.common - WARNING - Kucoin 429 error, avoid triggering DDosProtection backoff delay. 2 tries left before giving up
2023-03-20 17:30:36,025 - freqtrade.worker - INFO - Bot heartbeat. PID=1, version='2023.1', state='RUNNING'
2023-03-20 17:31:36,075 - freqtrade.worker - INFO - Bot heartbeat. PID=1, version='2023.1', state='RUNNING'
2023-03-20 17:32:36,129 - freqtrade.worker - INFO - Bot heartbeat. PID=1, version='2023.1', state='RUNNING'
2023-03-20 17:33:36,180 - freqtrade.worker - INFO - Bot heartbeat. PID=1, version='2023.1', state='RUNNING'
2023-03-20 17:34:36,231 - freqtrade.worker - INFO - Bot heartbeat. PID=1, version='2023.1', state='RUNNING'
2023-03-20 17:35:41,033 - freqtrade.worker - INFO - Bot heartbeat. PID=1, version='2023.1', state='RUNNING'
2023-03-20 17:36:41,083 - freqtrade.worker - INFO - Bot heartbeat. PID=1, version='2023.1', state='RUNNING'
2023-03-20 17:37:41,141 - freqtrade.worker - INFO - Bot heartbeat. PID=1, version='2023.1', state='RUNNING'
2023-03-20 17:38:41,185 - freqtrade.worker - INFO - Bot heartbeat. PID=1, version='2023.1', state='RUNNING'
2023-03-20 17:39:41,235 - freqtrade.worker - INFO - Bot heartbeat. PID=1, version='2023.1', state='RUNNING'
2023-03-20 17:40:46,035 - freqtrade.worker - INFO - Bot heartbeat. PID=1, version='2023.1', state='RUNNING'
2023-03-20 17:41:46,087 - freqtrade.worker - INFO - Bot heartbeat. PID=1, version='2023.1', state='RUNNING'
2023-03-20 17:42:46,142 - freqtrade.worker - INFO - Bot heartbeat. PID=1, version='2023.1', state='RUNNING'
2023-03-20 17:43:46,191 - freqtrade.worker - INFO - Bot heartbeat. PID=1, version='2023.1', state='RUNNING'
2023-03-20 17:44:01,737 - freqtrade.plugins.pairlistmanager - INFO - Whitelist with 20 pairs: ['BTC/USDT', 'ETH/USDT', 'SOL/USDT', 'CFX/USDT', 'FTM/USDT', 'XRP/USDT', 'MATIC/USDT', 'STX/USDT', 'VRA/USDT', 'AGIX/USDT', 'SHIB/USDT', 'OP/USDT', 'LTC/USDT', 'BNB/USDT', 'USDC/USDT', 'DOGE/USDT', 'ADA/USDT', 'IMX/USDT', 'TON/USDT', 'ACH/USDT']
2023-03-20 17:44:46,247 - freqtrade.worker - INFO - Bot heartbeat. PID=1, version='2023.1', state='RUNNING'
2023-03-20 17:45:51,040 - freqtrade.worker - INFO - Bot heartbeat. PID=1, version='2023.1', state='RUNNING'
2023-03-20 17:46:51,094 - freqtrade.worker - INFO - Bot heartbeat. PID=1, version='2023.1', state='RUNNING'
2023-03-20 17:47:51,138 - freqtrade.worker - INFO - Bot heartbeat. PID=1, version='2023.1', state='RUNNING'
2023-03-20 17:48:51,190 - freqtrade.worker - INFO - Bot heartbeat. PID=1, version='2023.1', state='RUNNING'
2023-03-20 17:49:51,239 - freqtrade.worker - INFO - Bot heartbeat. PID=1, version='2023.1', state='RUNNING'
2023-03-20 17:50:56,044 - freqtrade.worker - INFO - Bot heartbeat. PID=1, version='2023.1', state='RUNNING'
2023-03-20 17:51:56,095 - freqtrade.worker - INFO - Bot heartbeat. PID=1, version='2023.1', state='RUNNING'
2023-03-20 17:52:56,148 - freqtrade.worker - INFO - Bot heartbeat. PID=1, version='2023.1', state='RUNNING'
2023-03-20 17:53:56,204 - freqtrade.worker - INFO - Bot heartbeat. PID=1, version='2023.1', state='RUNNING'
2023-03-20 17:54:56,260 - freqtrade.worker - INFO - Bot heartbeat. PID=1, version='2023.1', state='RUNNING'
2023-03-20 17:56:01,052 - freqtrade.worker - INFO - Bot heartbeat. PID=1, version='2023.1', state='RUNNING'
2023-03-20 17:57:01,112 - freqtrade.worker - INFO - Bot heartbeat. PID=1, version='2023.1', state='RUNNING'
2023-03-20 17:58:01,166 - freqtrade.worker - INFO - Bot heartbeat. PID=1, version='2023.1', state='RUNNING'
2023-03-20 17:59:01,215 - freqtrade.worker - INFO - Bot heartbeat. PID=1, version='2023.1', state='RUNNING'
2023-03-20 18:00:06,003 - freqtrade.worker - INFO - Bot heartbeat. PID=1, version='2023.1', state='RUNNING'
2023-03-20 18:01:06,047 - freqtrade.worker - INFO - Bot heartbeat. PID=1, version='2023.1', state='RUNNING'
2023-03-20 18:02:06,100 - freqtrade.worker - INFO - Bot heartbeat. PID=1, version='2023.1', state='RUNNING'
2023-03-20 18:03:06,151 - freqtrade.worker - INFO - Bot heartbeat. PID=1, version='2023.1', state='RUNNING'
2023-03-20 18:04:06,203 - freqtrade.worker - INFO - Bot heartbeat. PID=1, version='2023.1', state='RUNNING'
2023-03-20 18:05:11,007 - freqtrade.worker - INFO - Bot heartbeat. PID=1, version='2023.1', state='RUNNING'
2023-03-20 18:06:11,054 - freqtrade.worker - INFO - Bot heartbeat. PID=1, version='2023.1', state='RUNNING'
2023-03-20 18:07:11,111 - freqtrade.worker - INFO - Bot heartbeat. PID=1, version='2023.1', state='RUNNING'
2023-03-20 18:08:11,157 - freqtrade.worker - INFO - Bot heartbeat. PID=1, version='2023.1', state='RUNNING'
2023-03-20 18:09:11,224 - freqtrade.worker - INFO - Bot heartbeat. PID=1, version='2023.1', state='RUNNING'
2023-03-20 18:10:16,012 - freqtrade.worker - INFO - Bot heartbeat. PID=1, version='2023.1', state='RUNNING'
2023-03-20 18:11:16,059 - freqtrade.worker - INFO - Bot heartbeat. PID=1, version='2023.1', state='RUNNING'
2023-03-20 18:12:16,113 - freqtrade.worker - INFO - Bot heartbeat. PID=1, version='2023.1', state='RUNNING'
2023-03-20 18:13:16,161 - freqtrade.worker - INFO - Bot heartbeat. PID=1, version='2023.1', state='RUNNING'
2023-03-20 18:14:07,055 - freqtrade.plugins.pairlistmanager - INFO - Whitelist with 20 pairs: ['BTC/USDT', 'ETH/USDT', 'SOL/USDT', 'CFX/USDT', 'FTM/USDT', 'XRP/USDT', 'MATIC/USDT', 'STX/USDT', 'VRA/USDT', 'AGIX/USDT', 'SHIB/USDT', 'OP/USDT', 'LTC/USDT', 'IMX/USDT', 'BNB/USDT', 'USDC/USDT', 'DOGE/USDT', 'ADA/USDT', 'TON/USDT', 'ACH/USDT']
2023-03-20 18:14:16,214 - freqtrade.worker - INFO - Bot heartbeat. PID=1, version='2023.1', state='RUNNING'
2023-03-20 18:15:21,012 - freqtrade.worker - INFO - Bot heartbeat. PID=1, version='2023.1', state='RUNNING'
2023-03-20 18:16:21,063 - freqtrade.worker - INFO - Bot heartbeat. PID=1, version='2023.1', state='RUNNING'
2023-03-20 18:17:21,115 - freqtrade.worker - INFO - Bot heartbeat. PID=1, version='2023.1', state='RUNNING'
2023-03-20 18:18:21,167 - freqtrade.worker - INFO - Bot heartbeat. PID=1, version='2023.1', state='RUNNING'
2023-03-20 18:19:21,217 - freqtrade.worker - INFO - Bot heartbeat. PID=1, version='2023.1', state='RUNNING'
2023-03-20 18:20:26,213 - freqtrade.worker - INFO - Bot heartbeat. PID=1, version='2023.1', state='RUNNING'
2023-03-20 18:21:26,264 - freqtrade.worker - INFO - Bot heartbeat. PID=1, version='2023.1', state='RUNNING'
2023-03-20 18:22:26,328 - freqtrade.worker - INFO - Bot heartbeat. PID=1, version='2023.1', state='RUNNING'
2023-03-20 18:23:26,379 - freqtrade.worker - INFO - Bot heartbeat. PID=1, version='2023.1', state='RUNNING'
2023-03-20 18:24:26,434 - freqtrade.worker - INFO - Bot heartbeat. PID=1, version='2023.1', state='RUNNING'
2023-03-20 18:25:31,022 - freqtrade.worker - INFO - Bot heartbeat. PID=1, version='2023.1', state='RUNNING'
2023-03-20 18:26:31,076 - freqtrade.worker - INFO - Bot heartbeat. PID=1, version='2023.1', state='RUNNING'
2023-03-20 18:27:31,126 - freqtrade.worker - INFO - Bot heartbeat. PID=1, version='2023.1', state='RUNNING'
2023-03-20 18:28:31,181 - freqtrade.worker - INFO - Bot heartbeat. PID=1, version='2023.1', state='RUNNING'
2023-03-20 18:29:31,231 - freqtrade.worker - INFO - Bot heartbeat. PID=1, version='2023.1', state='RUNNING'
2023-03-20 18:30:36,023 - freqtrade.worker - INFO - Bot heartbeat. PID=1, version='2023.1', state='RUNNING'
2023-03-20 18:31:26,476 - freqtrade.freqtradebot - INFO - Exit for BTC/USDT detected. Reason: roi
2023-03-20 18:31:26,485 - freqtrade.wallets - INFO - Wallets synced.
2023-03-20 18:31:26,732 - freqtrade.rpc.rpc_manager - INFO - Sending rpc message: {'type': exit, 'trade_id': 1, 'exchange': 'Kucoin', 'pair': 'BTC/USDT', 'leverage': 1.0, 'direction': 'Long', 'gain': 'profit', 'limit': 27975.7, 'order_rate': 27975.7, 'order_type': 'limit', 'amount': 0.01193982, 'open_rate': 27638.6, 'close_rate': 27975.7, 'current_rate': 27975.7, 'profit_amount': 3.36088859, 'profit_ratio': 0.01017434, 'buy_tag': None, 'enter_tag': None, 'sell_reason': 'roi', 'exit_reason': 'roi', 'open_date': datetime.datetime(2023, 3, 20, 16, 30, 4, 918585), 'close_date': datetime.datetime(2023, 3, 20, 18, 31, 26, 732346), 'stake_amount': 329.999909052, 'stake_currency': 'USDT', 'fiat_currency': 'USD', 'sub_trade': False, 'cumulative_profit': 0.0}
2023-03-20 18:31:26,733 - freqtrade.freqtradebot - INFO - Found open order for Trade(id=1, pair=BTC/USDT, amount=0.01193982, is_short=False, leverage=1.0, open_rate=27638.60000000, open_since=2023-03-20 16:30:04)
2023-03-20 18:31:26,761 - freqtrade.freqtradebot - INFO - Fee for Trade Trade(id=1, pair=BTC/USDT, amount=0.01193982, is_short=False, leverage=1.0, open_rate=27638.60000000, open_since=2023-03-20 16:30:04) [sell]: 0.33402482 USDT - rate: 0.001
2023-03-20 18:31:26,762 - freqtrade.persistence.trade_model - INFO - Updating trade (id=1) ...
2023-03-20 18:31:26,762 - freqtrade.persistence.trade_model - INFO - LIMIT_SELL has been fulfilled for Trade(id=1, pair=BTC/USDT, amount=0.01193982, is_short=False, leverage=1.0, open_rate=27638.60000000, open_since=2023-03-20 16:30:04).
2023-03-20 18:31:26,764 - freqtrade.persistence.trade_model - INFO - Marking Trade(id=1, pair=BTC/USDT, amount=0.01193982, is_short=False, leverage=1.0, open_rate=27638.60000000, open_since=closed) as closed as the trade is fulfilled and found no open orders for it.
2023-03-20 18:31:26,793 - freqtrade.wallets - INFO - Wallets synced.
2023-03-20 18:31:26,802 - freqtrade.rpc.rpc_manager - INFO - Sending rpc message: {'type': exit_fill, 'trade_id': 1, 'exchange': 'Kucoin', 'pair': 'BTC/USDT', 'leverage': 1.0, 'direction': 'Long', 'gain': 'profit', 'limit': 27975.7, 'order_rate': 27975.7, 'order_type': '', 'amount': 0.01193982, 'open_rate': 27638.6, 'close_rate': 27975.7, 'current_rate': None, 'profit_amount': 3.36088859, 'profit_ratio': 0.01017434, 'buy_tag': None, 'enter_tag': None, 'sell_reason': 'roi', 'exit_reason': 'roi', 'open_date': datetime.datetime(2023, 3, 20, 16, 30, 4, 918585), 'close_date': datetime.datetime(2023, 3, 20, 18, 31, 26, 763566), 'stake_amount': 329.999909052, 'stake_currency': 'USDT', 'fiat_currency': 'USD', 'sub_trade': False, 'cumulative_profit': 3.36088859}
2023-03-20 18:31:27,330 - freqtrade.wallets - INFO - Wallets synced.
2023-03-20 18:31:27,377 - freqtrade.wallets - INFO - Wallets synced.
2023-03-20 18:31:27,641 - freqtrade.freqtradebot - INFO - Long signal found: about create a new trade for SOL/USDT with stake_amount: 331.10909323469997 ...
2023-03-20 18:31:27,878 - freqtrade.freqtradebot - INFO - Order #dry_run_buy_1679337087.642811 was created for SOL/USDT and status is open.
2023-03-20 18:31:27,906 - freqtrade.wallets - INFO - Wallets synced.
2023-03-20 18:31:27,907 - freqtrade.rpc.rpc_manager - INFO - Sending rpc message: {'trade_id': 4, 'type': entry, 'buy_tag': None, 'enter_tag': None, 'exchange': 'Kucoin', 'pair': 'SOL/USDT', 'leverage': 1.0, 'direction': 'Long', 'limit': 22.683, 'open_rate': 22.683, 'order_type': 'limit', 'stake_amount': 331.10909323469997, 'stake_currency': 'USDT', 'fiat_currency': 'USD', 'amount': 14.5972, 'open_date': datetime.datetime(2023, 3, 20, 18, 31, 27, 879311), 'current_rate': 22.683, 'sub_trade': False}
2023-03-20 18:31:31,467 - freqtrade.freqtradebot - INFO - Found open order for Trade(id=4, pair=SOL/USDT, amount=14.59723552, is_short=False, leverage=1.0, open_rate=22.68300000, open_since=2023-03-20 18:31:27)
2023-03-20 18:31:36,080 - freqtrade.worker - INFO - Bot heartbeat. PID=1, version='2023.1', state='RUNNING'
2023-03-20 18:31:36,488 - freqtrade.freqtradebot - INFO - Found open order for Trade(id=4, pair=SOL/USDT, amount=14.59723552, is_short=False, leverage=1.0, open_rate=22.68300000, open_since=2023-03-20 18:31:27)
2023-03-20 18:31:41,504 - freqtrade.freqtradebot - INFO - Found open order for Trade(id=4, pair=SOL/USDT, amount=14.59723552, is_short=False, leverage=1.0, open_rate=22.68300000, open_since=2023-03-20 18:31:27)
2023-03-20 18:31:46,466 - freqtrade.freqtradebot - INFO - Found open order for Trade(id=4, pair=SOL/USDT, amount=14.59723552, is_short=False, leverage=1.0, open_rate=22.68300000, open_since=2023-03-20 18:31:27)
2023-03-20 18:31:46,486 - freqtrade.freqtradebot - INFO - Fee for Trade Trade(id=4, pair=SOL/USDT, amount=14.59723552, is_short=False, leverage=1.0, open_rate=22.68300000, open_since=2023-03-20 18:31:27) [buy]: 0.33110829 USDT - rate: 0.001
2023-03-20 18:31:46,487 - freqtrade.persistence.trade_model - INFO - Updating trade (id=4) ...
2023-03-20 18:31:46,488 - freqtrade.persistence.trade_model - INFO - LIMIT_BUY has been fulfilled for Trade(id=4, pair=SOL/USDT, amount=14.59720000, is_short=False, leverage=1.0, open_rate=22.68300000, open_since=2023-03-20 18:31:27).
2023-03-20 18:31:46,512 - freqtrade.wallets - INFO - Wallets synced.
2023-03-20 18:31:46,532 - freqtrade.rpc.rpc_manager - INFO - Sending rpc message: {'trade_id': 4, 'type': entry_fill, 'buy_tag': None, 'enter_tag': None, 'exchange': 'Kucoin', 'pair': 'SOL/USDT', 'leverage': 1.0, 'direction': 'Long', 'limit': 22.683, 'open_rate': 22.683, 'order_type': None, 'stake_amount': 331.1082876, 'stake_currency': 'USDT', 'fiat_currency': 'USD', 'amount': 14.5972, 'open_date': datetime.datetime(2023, 3, 20, 18, 31, 27, 879311), 'current_rate': 22.683, 'sub_trade': False}
2023-03-20 18:32:36,132 - freqtrade.worker - INFO - Bot heartbeat. PID=1, version='2023.1', state='RUNNING'
2023-03-20 18:33:36,185 - freqtrade.worker - INFO - Bot heartbeat. PID=1, version='2023.1', state='RUNNING'
2023-03-20 18:34:36,236 - freqtrade.worker - INFO - Bot heartbeat. PID=1, version='2023.1', state='RUNNING'
2023-03-20 18:35:41,026 - freqtrade.worker - INFO - Bot heartbeat. PID=1, version='2023.1', state='RUNNING'
2023-03-20 18:36:41,077 - freqtrade.worker - INFO - Bot heartbeat. PID=1, version='2023.1', state='RUNNING'
2023-03-20 18:37:41,130 - freqtrade.worker - INFO - Bot heartbeat. PID=1, version='2023.1', state='RUNNING'
2023-03-20 18:38:41,189 - freqtrade.worker - INFO - Bot heartbeat. PID=1, version='2023.1', state='RUNNING'
2023-03-20 18:39:41,265 - freqtrade.worker - INFO - Bot heartbeat. PID=1, version='2023.1', state='RUNNING'
2023-03-20 18:40:46,034 - freqtrade.worker - INFO - Bot heartbeat. PID=1, version='2023.1', state='RUNNING'
2023-03-20 18:41:46,079 - freqtrade.worker - INFO - Bot heartbeat. PID=1, version='2023.1', state='RUNNING'
2023-03-20 18:42:46,135 - freqtrade.worker - INFO - Bot heartbeat. PID=1, version='2023.1', state='RUNNING'
2023-03-20 18:43:46,178 - freqtrade.worker - INFO - Bot heartbeat. PID=1, version='2023.1', state='RUNNING'
2023-03-20 18:44:11,838 - freqtrade.plugins.pairlistmanager - INFO - Whitelist with 20 pairs: ['BTC/USDT', 'ETH/USDT', 'SOL/USDT', 'CFX/USDT', 'FTM/USDT', 'XRP/USDT', 'MATIC/USDT', 'STX/USDT', 'VRA/USDT', 'AGIX/USDT', 'SHIB/USDT', 'IMX/USDT', 'OP/USDT', 'LTC/USDT', 'BNB/USDT', 'USDC/USDT', 'DOGE/USDT', 'ADA/USDT', 'TON/USDT', 'XMR/USDT']
2023-03-20 18:44:46,221 - freqtrade.worker - INFO - Bot heartbeat. PID=1, version='2023.1', state='RUNNING'
2023-03-20 18:45:06,485 - freqtrade.exchange.common - WARNING - Kucoin 429 error, avoid triggering DDosProtection backoff delay. 3 tries left before giving up
2023-03-20 18:45:51,032 - freqtrade.worker - INFO - Bot heartbeat. PID=1, version='2023.1', state='RUNNING'
2023-03-20 18:46:51,085 - freqtrade.worker - INFO - Bot heartbeat. PID=1, version='2023.1', state='RUNNING'
2023-03-20 18:47:51,138 - freqtrade.worker - INFO - Bot heartbeat. PID=1, version='2023.1', state='RUNNING'
2023-03-20 18:48:51,193 - freqtrade.worker - INFO - Bot heartbeat. PID=1, version='2023.1', state='RUNNING'
2023-03-20 18:49:51,245 - freqtrade.worker - INFO - Bot heartbeat. PID=1, version='2023.1', state='RUNNING'
2023-03-20 18:50:56,038 - freqtrade.worker - INFO - Bot heartbeat. PID=1, version='2023.1', state='RUNNING'
2023-03-20 18:51:56,091 - freqtrade.worker - INFO - Bot heartbeat. PID=1, version='2023.1', state='RUNNING'
2023-03-20 18:52:56,139 - freqtrade.worker - INFO - Bot heartbeat. PID=1, version='2023.1', state='RUNNING'
2023-03-20 18:53:56,197 - freqtrade.worker - INFO - Bot heartbeat. PID=1, version='2023.1', state='RUNNING'
2023-03-20 18:54:56,251 - freqtrade.worker - INFO - Bot heartbeat. PID=1, version='2023.1', state='RUNNING'
2023-03-20 18:56:01,039 - freqtrade.worker - INFO - Bot heartbeat. PID=1, version='2023.1', state='RUNNING'
2023-03-20 18:57:01,094 - freqtrade.worker - INFO - Bot heartbeat. PID=1, version='2023.1', state='RUNNING'
2023-03-20 18:58:01,147 - freqtrade.worker - INFO - Bot heartbeat. PID=1, version='2023.1', state='RUNNING'
2023-03-20 18:59:01,197 - freqtrade.worker - INFO - Bot heartbeat. PID=1, version='2023.1', state='RUNNING'
2023-03-20 19:00:06,005 - freqtrade.worker - INFO - Bot heartbeat. PID=1, version='2023.1', state='RUNNING'
2023-03-20 19:01:06,047 - freqtrade.worker - INFO - Bot heartbeat. PID=1, version='2023.1', state='RUNNING'
2023-03-20 19:02:06,098 - freqtrade.worker - INFO - Bot heartbeat. PID=1, version='2023.1', state='RUNNING'
2023-03-20 19:03:06,148 - freqtrade.worker - INFO - Bot heartbeat. PID=1, version='2023.1', state='RUNNING'
2023-03-20 19:04:06,213 - freqtrade.worker - INFO - Bot heartbeat. PID=1, version='2023.1', state='RUNNING'
2023-03-20 19:05:11,007 - freqtrade.worker - INFO - Bot heartbeat. PID=1, version='2023.1', state='RUNNING'
2023-03-20 19:06:11,055 - freqtrade.worker - INFO - Bot heartbeat. PID=1, version='2023.1', state='RUNNING'
2023-03-20 19:07:11,107 - freqtrade.worker - INFO - Bot heartbeat. PID=1, version='2023.1', state='RUNNING'
2023-03-20 19:08:11,154 - freqtrade.worker - INFO - Bot heartbeat. PID=1, version='2023.1', state='RUNNING'
2023-03-20 19:09:11,207 - freqtrade.worker - INFO - Bot heartbeat. PID=1, version='2023.1', state='RUNNING'
2023-03-20 19:10:16,010 - freqtrade.worker - INFO - Bot heartbeat. PID=1, version='2023.1', state='RUNNING'
2023-03-20 19:11:16,059 - freqtrade.worker - INFO - Bot heartbeat. PID=1, version='2023.1', state='RUNNING'
2023-03-20 19:12:16,111 - freqtrade.worker - INFO - Bot heartbeat. PID=1, version='2023.1', state='RUNNING'
2023-03-20 19:13:16,154 - freqtrade.worker - INFO - Bot heartbeat. PID=1, version='2023.1', state='RUNNING'
2023-03-20 19:14:16,207 - freqtrade.worker - INFO - Bot heartbeat. PID=1, version='2023.1', state='RUNNING'
2023-03-20 19:14:17,005 - freqtrade.plugins.pairlistmanager - INFO - Whitelist with 20 pairs: ['BTC/USDT', 'ETH/USDT', 'SOL/USDT', 'FTM/USDT', 'CFX/USDT', 'XRP/USDT', 'MATIC/USDT', 'STX/USDT', 'VRA/USDT', 'AGIX/USDT', 'SHIB/USDT', 'IMX/USDT', 'OP/USDT', 'LTC/USDT', 'BNB/USDT', 'USDC/USDT', 'DOGE/USDT', 'ADA/USDT', 'TON/USDT', 'XMR/USDT']
2023-03-20 19:15:21,013 - freqtrade.worker - INFO - Bot heartbeat. PID=1, version='2023.1', state='RUNNING'
2023-03-20 19:16:21,072 - freqtrade.worker - INFO - Bot heartbeat. PID=1, version='2023.1', state='RUNNING'
2023-03-20 19:17:21,119 - freqtrade.worker - INFO - Bot heartbeat. PID=1, version='2023.1', state='RUNNING'
2023-03-20 19:18:21,169 - freqtrade.worker - INFO - Bot heartbeat. PID=1, version='2023.1', state='RUNNING'
2023-03-20 19:19:21,223 - freqtrade.worker - INFO - Bot heartbeat. PID=1, version='2023.1', state='RUNNING'
2023-03-20 19:20:26,019 - freqtrade.worker - INFO - Bot heartbeat. PID=1, version='2023.1', state='RUNNING'
2023-03-20 19:21:26,070 - freqtrade.worker - INFO - Bot heartbeat. PID=1, version='2023.1', state='RUNNING'
2023-03-20 19:22:26,126 - freqtrade.worker - INFO - Bot heartbeat. PID=1, version='2023.1', state='RUNNING'
2023-03-20 19:23:26,173 - freqtrade.worker - INFO - Bot heartbeat. PID=1, version='2023.1', state='RUNNING'
2023-03-20 19:24:26,222 - freqtrade.worker - INFO - Bot heartbeat. PID=1, version='2023.1', state='RUNNING'
2023-03-20 19:25:31,024 - freqtrade.worker - INFO - Bot heartbeat. PID=1, version='2023.1', state='RUNNING'
2023-03-20 19:26:31,076 - freqtrade.worker - INFO - Bot heartbeat. PID=1, version='2023.1', state='RUNNING'
2023-03-20 19:27:31,132 - freqtrade.worker - INFO - Bot heartbeat. PID=1, version='2023.1', state='RUNNING'
2023-03-20 19:28:31,188 - freqtrade.worker - INFO - Bot heartbeat. PID=1, version='2023.1', state='RUNNING'
2023-03-20 19:29:31,242 - freqtrade.worker - INFO - Bot heartbeat. PID=1, version='2023.1', state='RUNNING'
2023-03-20 19:30:36,024 - freqtrade.worker - INFO - Bot heartbeat. PID=1, version='2023.1', state='RUNNING'
2023-03-20 19:31:36,075 - freqtrade.worker - INFO - Bot heartbeat. PID=1, version='2023.1', state='RUNNING'
2023-03-20 19:32:36,128 - freqtrade.worker - INFO - Bot heartbeat. PID=1, version='2023.1', state='RUNNING'
2023-03-20 19:33:36,177 - freqtrade.worker - INFO - Bot heartbeat. PID=1, version='2023.1', state='RUNNING'
2023-03-20 19:34:36,230 - freqtrade.worker - INFO - Bot heartbeat. PID=1, version='2023.1', state='RUNNING'
2023-03-20 19:35:41,029 - freqtrade.worker - INFO - Bot heartbeat. PID=1, version='2023.1', state='RUNNING'
2023-03-20 19:36:41,075 - freqtrade.worker - INFO - Bot heartbeat. PID=1, version='2023.1', state='RUNNING'
2023-03-20 19:37:41,132 - freqtrade.worker - INFO - Bot heartbeat. PID=1, version='2023.1', state='RUNNING'
2023-03-20 19:38:41,192 - freqtrade.worker - INFO - Bot heartbeat. PID=1, version='2023.1', state='RUNNING'
2023-03-20 19:39:41,250 - freqtrade.worker - INFO - Bot heartbeat. PID=1, version='2023.1', state='RUNNING'
2023-03-20 19:40:46,034 - freqtrade.worker - INFO - Bot heartbeat. PID=1, version='2023.1', state='RUNNING'
2023-03-20 19:41:46,093 - freqtrade.worker - INFO - Bot heartbeat. PID=1, version='2023.1', state='RUNNING'
2023-03-20 19:42:46,146 - freqtrade.worker - INFO - Bot heartbeat. PID=1, version='2023.1', state='RUNNING'
2023-03-20 19:43:46,195 - freqtrade.worker - INFO - Bot heartbeat. PID=1, version='2023.1', state='RUNNING'
2023-03-20 19:44:22,093 - freqtrade.plugins.pairlistmanager - INFO - Whitelist with 20 pairs: ['BTC/USDT', 'ETH/USDT', 'SOL/USDT', 'CFX/USDT', 'FTM/USDT', 'XRP/USDT', 'MATIC/USDT', 'VRA/USDT', 'STX/USDT', 'AGIX/USDT', 'SHIB/USDT', 'IMX/USDT', 'OP/USDT', 'LTC/USDT', 'BNB/USDT', 'DOGE/USDT', 'USDC/USDT', 'ADA/USDT', 'TON/USDT', 'XMR/USDT']
2023-03-20 19:44:46,247 - freqtrade.worker - INFO - Bot heartbeat. PID=1, version='2023.1', state='RUNNING'
2023-03-20 19:45:51,072 - freqtrade.worker - INFO - Bot heartbeat. PID=1, version='2023.1', state='RUNNING'
2023-03-20 19:46:51,123 - freqtrade.worker - INFO - Bot heartbeat. PID=1, version='2023.1', state='RUNNING'
2023-03-20 19:47:51,184 - freqtrade.worker - INFO - Bot heartbeat. PID=1, version='2023.1', state='RUNNING'
2023-03-20 19:48:51,241 - freqtrade.worker - INFO - Bot heartbeat. PID=1, version='2023.1', state='RUNNING'
2023-03-20 19:49:51,295 - freqtrade.worker - INFO - Bot heartbeat. PID=1, version='2023.1', state='RUNNING'
2023-03-20 19:50:06,307 - freqtrade.exchange.common - WARNING - Kucoin 429 error, avoid triggering DDosProtection backoff delay. 3 tries left before giving up
2023-03-20 19:50:56,039 - freqtrade.worker - INFO - Bot heartbeat. PID=1, version='2023.1', state='RUNNING'
2023-03-20 19:51:56,095 - freqtrade.worker - INFO - Bot heartbeat. PID=1, version='2023.1', state='RUNNING'
2023-03-20 19:52:56,148 - freqtrade.worker - INFO - Bot heartbeat. PID=1, version='2023.1', state='RUNNING'
2023-03-20 19:53:56,204 - freqtrade.worker - INFO - Bot heartbeat. PID=1, version='2023.1', state='RUNNING'
2023-03-20 19:54:56,253 - freqtrade.worker - INFO - Bot heartbeat. PID=1, version='2023.1', state='RUNNING'
2023-03-20 19:56:01,044 - freqtrade.worker - INFO - Bot heartbeat. PID=1, version='2023.1', state='RUNNING'
2023-03-20 19:57:01,096 - freqtrade.worker - INFO - Bot heartbeat. PID=1, version='2023.1', state='RUNNING'
2023-03-20 19:58:01,155 - freqtrade.worker - INFO - Bot heartbeat. PID=1, version='2023.1', state='RUNNING'
2023-03-20 19:59:01,206 - freqtrade.worker - INFO - Bot heartbeat. PID=1, version='2023.1', state='RUNNING'
2023-03-20 20:00:06,005 - freqtrade.worker - INFO - Bot heartbeat. PID=1, version='2023.1', state='RUNNING'
2023-03-20 20:00:16,881 - freqtrade.exchange.common - WARNING - Kucoin 429 error, avoid triggering DDosProtection backoff delay. 2 tries left before giving up
2023-03-20 20:01:06,048 - freqtrade.worker - INFO - Bot heartbeat. PID=1, version='2023.1', state='RUNNING'
2023-03-20 20:02:06,105 - freqtrade.worker - INFO - Bot heartbeat. PID=1, version='2023.1', state='RUNNING'
2023-03-20 20:03:06,162 - freqtrade.worker - INFO - Bot heartbeat. PID=1, version='2023.1', state='RUNNING'
2023-03-20 20:04:06,216 - freqtrade.worker - INFO - Bot heartbeat. PID=1, version='2023.1', state='RUNNING'
2023-03-20 20:05:11,007 - freqtrade.worker - INFO - Bot heartbeat. PID=1, version='2023.1', state='RUNNING'
2023-03-20 20:06:11,054 - freqtrade.worker - INFO - Bot heartbeat. PID=1, version='2023.1', state='RUNNING'
2023-03-20 20:07:11,107 - freqtrade.worker - INFO - Bot heartbeat. PID=1, version='2023.1', state='RUNNING'
2023-03-20 20:08:11,150 - freqtrade.worker - INFO - Bot heartbeat. PID=1, version='2023.1', state='RUNNING'
2023-03-20 20:09:11,208 - freqtrade.worker - INFO - Bot heartbeat. PID=1, version='2023.1', state='RUNNING'
2023-03-20 20:10:16,010 - freqtrade.worker - INFO - Bot heartbeat. PID=1, version='2023.1', state='RUNNING'
2023-03-20 20:11:16,059 - freqtrade.worker - INFO - Bot heartbeat. PID=1, version='2023.1', state='RUNNING'
2023-03-20 20:12:16,113 - freqtrade.worker - INFO - Bot heartbeat. PID=1, version='2023.1', state='RUNNING'
2023-03-20 20:13:16,163 - freqtrade.worker - INFO - Bot heartbeat. PID=1, version='2023.1', state='RUNNING'
2023-03-20 20:14:16,220 - freqtrade.worker - INFO - Bot heartbeat. PID=1, version='2023.1', state='RUNNING'
2023-03-20 20:14:26,912 - freqtrade.plugins.pairlistmanager - INFO - Whitelist with 20 pairs: ['BTC/USDT', 'ETH/USDT', 'SOL/USDT', 'CFX/USDT', 'FTM/USDT', 'XRP/USDT', 'MATIC/USDT', 'STX/USDT', 'VRA/USDT', 'AGIX/USDT', 'SHIB/USDT', 'IMX/USDT', 'OP/USDT', 'LTC/USDT', 'BNB/USDT', 'DOGE/USDT', 'USDC/USDT', 'ADA/USDT', 'TON/USDT', 'XMR/USDT']
2023-03-20 20:15:21,013 - freqtrade.worker - INFO - Bot heartbeat. PID=1, version='2023.1', state='RUNNING'
2023-03-20 20:16:21,052 - freqtrade.worker - INFO - Bot heartbeat. PID=1, version='2023.1', state='RUNNING'
2023-03-20 20:17:21,104 - freqtrade.worker - INFO - Bot heartbeat. PID=1, version='2023.1', state='RUNNING'
2023-03-20 20:18:21,157 - freqtrade.worker - INFO - Bot heartbeat. PID=1, version='2023.1', state='RUNNING'
2023-03-20 20:19:21,203 - freqtrade.worker - INFO - Bot heartbeat. PID=1, version='2023.1', state='RUNNING'
2023-03-20 20:20:26,017 - freqtrade.worker - INFO - Bot heartbeat. PID=1, version='2023.1', state='RUNNING'
2023-03-20 20:21:26,062 - freqtrade.worker - INFO - Bot heartbeat. PID=1, version='2023.1', state='RUNNING'
2023-03-20 20:22:26,105 - freqtrade.worker - INFO - Bot heartbeat. PID=1, version='2023.1', state='RUNNING'
2023-03-20 20:23:26,153 - freqtrade.worker - INFO - Bot heartbeat. PID=1, version='2023.1', state='RUNNING'
2023-03-20 20:24:26,205 - freqtrade.worker - INFO - Bot heartbeat. PID=1, version='2023.1', state='RUNNING'
2023-03-20 20:25:31,016 - freqtrade.worker - INFO - Bot heartbeat. PID=1, version='2023.1', state='RUNNING'
2023-03-20 20:26:31,060 - freqtrade.worker - INFO - Bot heartbeat. PID=1, version='2023.1', state='RUNNING'
2023-03-20 20:27:31,112 - freqtrade.worker - INFO - Bot heartbeat. PID=1, version='2023.1', state='RUNNING'
2023-03-20 20:28:31,162 - freqtrade.worker - INFO - Bot heartbeat. PID=1, version='2023.1', state='RUNNING'
2023-03-20 20:29:31,215 - freqtrade.worker - INFO - Bot heartbeat. PID=1, version='2023.1', state='RUNNING'
2023-03-20 20:30:36,022 - freqtrade.worker - INFO - Bot heartbeat. PID=1, version='2023.1', state='RUNNING'
2023-03-20 20:31:36,071 - freqtrade.worker - INFO - Bot heartbeat. PID=1, version='2023.1', state='RUNNING'
2023-03-20 20:32:36,124 - freqtrade.worker - INFO - Bot heartbeat. PID=1, version='2023.1', state='RUNNING'
2023-03-20 20:33:36,185 - freqtrade.worker - INFO - Bot heartbeat. PID=1, version='2023.1', state='RUNNING'
2023-03-20 20:34:36,240 - freqtrade.worker - INFO - Bot heartbeat. PID=1, version='2023.1', state='RUNNING'
2023-03-20 20:35:41,024 - freqtrade.worker - INFO - Bot heartbeat. PID=1, version='2023.1', state='RUNNING'
2023-03-20 20:36:41,078 - freqtrade.worker - INFO - Bot heartbeat. PID=1, version='2023.1', state='RUNNING'
2023-03-20 20:37:41,127 - freqtrade.worker - INFO - Bot heartbeat. PID=1, version='2023.1', state='RUNNING'
2023-03-20 20:38:41,177 - freqtrade.worker - INFO - Bot heartbeat. PID=1, version='2023.1', state='RUNNING'
2023-03-20 20:39:41,226 - freqtrade.worker - INFO - Bot heartbeat. PID=1, version='2023.1', state='RUNNING'
2023-03-20 20:40:46,030 - freqtrade.worker - INFO - Bot heartbeat. PID=1, version='2023.1', state='RUNNING'
2023-03-20 20:41:46,084 - freqtrade.worker - INFO - Bot heartbeat. PID=1, version='2023.1', state='RUNNING'
2023-03-20 20:42:46,139 - freqtrade.worker - INFO - Bot heartbeat. PID=1, version='2023.1', state='RUNNING'
2023-03-20 20:43:46,190 - freqtrade.worker - INFO - Bot heartbeat. PID=1, version='2023.1', state='RUNNING'
2023-03-20 20:44:31,950 - freqtrade.plugins.pairlistmanager - INFO - Whitelist with 20 pairs: ['BTC/USDT', 'ETH/USDT', 'SOL/USDT', 'CFX/USDT', 'FTM/USDT', 'XRP/USDT', 'MATIC/USDT', 'STX/USDT', 'VRA/USDT', 'AGIX/USDT', 'SHIB/USDT', 'IMX/USDT', 'OP/USDT', 'LTC/USDT', 'BNB/USDT', 'USDC/USDT', 'DOGE/USDT', 'ADA/USDT', 'TON/USDT', 'XMR/USDT']
2023-03-20 20:44:46,239 - freqtrade.worker - INFO - Bot heartbeat. PID=1, version='2023.1', state='RUNNING'
2023-03-20 20:45:51,035 - freqtrade.worker - INFO - Bot heartbeat. PID=1, version='2023.1', state='RUNNING'
2023-03-20 20:46:51,090 - freqtrade.worker - INFO - Bot heartbeat. PID=1, version='2023.1', state='RUNNING'
2023-03-20 20:47:51,142 - freqtrade.worker - INFO - Bot heartbeat. PID=1, version='2023.1', state='RUNNING'
2023-03-20 20:48:51,195 - freqtrade.worker - INFO - Bot heartbeat. PID=1, version='2023.1', state='RUNNING'
2023-03-20 20:49:51,250 - freqtrade.worker - INFO - Bot heartbeat. PID=1, version='2023.1', state='RUNNING'
2023-03-20 20:50:56,036 - freqtrade.worker - INFO - Bot heartbeat. PID=1, version='2023.1', state='RUNNING'
2023-03-20 20:51:56,093 - freqtrade.worker - INFO - Bot heartbeat. PID=1, version='2023.1', state='RUNNING'
2023-03-20 20:52:56,138 - freqtrade.worker - INFO - Bot heartbeat. PID=1, version='2023.1', state='RUNNING'
2023-03-20 20:53:56,187 - freqtrade.worker - INFO - Bot heartbeat. PID=1, version='2023.1', state='RUNNING'
2023-03-20 20:54:56,256 - freqtrade.worker - INFO - Bot heartbeat. PID=1, version='2023.1', state='RUNNING'
2023-03-20 20:56:01,045 - freqtrade.worker - INFO - Bot heartbeat. PID=1, version='2023.1', state='RUNNING'
2023-03-20 20:57:01,094 - freqtrade.worker - INFO - Bot heartbeat. PID=1, version='2023.1', state='RUNNING'
2023-03-20 20:58:01,142 - freqtrade.worker - INFO - Bot heartbeat. PID=1, version='2023.1', state='RUNNING'
2023-03-20 20:59:01,198 - freqtrade.worker - INFO - Bot heartbeat. PID=1, version='2023.1', state='RUNNING'
2023-03-20 21:00:02,159 - freqtrade.exchange.common - WARNING - Kucoin 429 error, avoid triggering DDosProtection backoff delay. 3 tries left before giving up
2023-03-20 21:00:06,003 - freqtrade.worker - INFO - Bot heartbeat. PID=1, version='2023.1', state='RUNNING'
2023-03-20 21:01:06,043 - freqtrade.worker - INFO - Bot heartbeat. PID=1, version='2023.1', state='RUNNING'
2023-03-20 21:02:06,095 - freqtrade.worker - INFO - Bot heartbeat. PID=1, version='2023.1', state='RUNNING'
2023-03-20 21:03:06,143 - freqtrade.worker - INFO - Bot heartbeat. PID=1, version='2023.1', state='RUNNING'
2023-03-20 21:04:06,198 - freqtrade.worker - INFO - Bot heartbeat. PID=1, version='2023.1', state='RUNNING'
2023-03-20 21:05:11,009 - freqtrade.worker - INFO - Bot heartbeat. PID=1, version='2023.1', state='RUNNING'
2023-03-20 21:06:11,054 - freqtrade.worker - INFO - Bot heartbeat. PID=1, version='2023.1', state='RUNNING'
2023-03-20 21:07:11,103 - freqtrade.worker - INFO - Bot heartbeat. PID=1, version='2023.1', state='RUNNING'
2023-03-20 21:08:11,155 - freqtrade.worker - INFO - Bot heartbeat. PID=1, version='2023.1', state='RUNNING'
2023-03-20 21:09:11,207 - freqtrade.worker - INFO - Bot heartbeat. PID=1, version='2023.1', state='RUNNING'
2023-03-20 21:10:16,008 - freqtrade.worker - INFO - Bot heartbeat. PID=1, version='2023.1', state='RUNNING'
2023-03-20 21:11:16,056 - freqtrade.worker - INFO - Bot heartbeat. PID=1, version='2023.1', state='RUNNING'
2023-03-20 21:12:16,104 - freqtrade.worker - INFO - Bot heartbeat. PID=1, version='2023.1', state='RUNNING'
2023-03-20 21:13:16,151 - freqtrade.worker - INFO - Bot heartbeat. PID=1, version='2023.1', state='RUNNING'
2023-03-20 21:14:16,195 - freqtrade.worker - INFO - Bot heartbeat. PID=1, version='2023.1', state='RUNNING'
2023-03-20 21:14:36,800 - freqtrade.plugins.pairlistmanager - INFO - Whitelist with 20 pairs: ['BTC/USDT', 'ETH/USDT', 'SOL/USDT', 'CFX/USDT', 'FTM/USDT', 'XRP/USDT', 'MATIC/USDT', 'STX/USDT', 'VRA/USDT', 'AGIX/USDT', 'SHIB/USDT', 'IMX/USDT', 'OP/USDT', 'LTC/USDT', 'USDC/USDT', 'BNB/USDT', 'DOGE/USDT', 'ADA/USDT', 'TON/USDT', 'XMR/USDT']
2023-03-20 21:15:21,011 - freqtrade.worker - INFO - Bot heartbeat. PID=1, version='2023.1', state='RUNNING'
2023-03-20 21:16:21,067 - freqtrade.worker - INFO - Bot heartbeat. PID=1, version='2023.1', state='RUNNING'
2023-03-20 21:17:21,122 - freqtrade.worker - INFO - Bot heartbeat. PID=1, version='2023.1', state='RUNNING'
2023-03-20 21:18:21,172 - freqtrade.worker - INFO - Bot heartbeat. PID=1, version='2023.1', state='RUNNING'
2023-03-20 21:19:21,218 - freqtrade.worker - INFO - Bot heartbeat. PID=1, version='2023.1', state='RUNNING'
2023-03-20 21:20:26,018 - freqtrade.worker - INFO - Bot heartbeat. PID=1, version='2023.1', state='RUNNING'
2023-03-20 21:21:26,071 - freqtrade.worker - INFO - Bot heartbeat. PID=1, version='2023.1', state='RUNNING'
2023-03-20 21:22:26,124 - freqtrade.worker - INFO - Bot heartbeat. PID=1, version='2023.1', state='RUNNING'
2023-03-20 21:23:26,175 - freqtrade.worker - INFO - Bot heartbeat. PID=1, version='2023.1', state='RUNNING'
2023-03-20 21:24:26,222 - freqtrade.worker - INFO - Bot heartbeat. PID=1, version='2023.1', state='RUNNING'
2023-03-20 21:25:31,017 - freqtrade.worker - INFO - Bot heartbeat. PID=1, version='2023.1', state='RUNNING'
2023-03-20 21:26:31,069 - freqtrade.worker - INFO - Bot heartbeat. PID=1, version='2023.1', state='RUNNING'
2023-03-20 21:27:31,118 - freqtrade.worker - INFO - Bot heartbeat. PID=1, version='2023.1', state='RUNNING'
2023-03-20 21:28:31,169 - freqtrade.worker - INFO - Bot heartbeat. PID=1, version='2023.1', state='RUNNING'
2023-03-20 21:29:31,223 - freqtrade.worker - INFO - Bot heartbeat. PID=1, version='2023.1', state='RUNNING'
2023-03-20 21:30:07,285 - freqtrade.exchange.common - WARNING - Kucoin 429 error, avoid triggering DDosProtection backoff delay. 2 tries left before giving up
2023-03-20 21:30:36,025 - freqtrade.worker - INFO - Bot heartbeat. PID=1, version='2023.1', state='RUNNING'
2023-03-20 21:31:36,077 - freqtrade.worker - INFO - Bot heartbeat. PID=1, version='2023.1', state='RUNNING'
2023-03-20 21:32:36,133 - freqtrade.worker - INFO - Bot heartbeat. PID=1, version='2023.1', state='RUNNING'
2023-03-20 21:33:36,182 - freqtrade.worker - INFO - Bot heartbeat. PID=1, version='2023.1', state='RUNNING'
2023-03-20 21:34:36,231 - freqtrade.worker - INFO - Bot heartbeat. PID=1, version='2023.1', state='RUNNING'
2023-03-20 21:35:41,026 - freqtrade.worker - INFO - Bot heartbeat. PID=1, version='2023.1', state='RUNNING'
2023-03-20 21:36:41,071 - freqtrade.worker - INFO - Bot heartbeat. PID=1, version='2023.1', state='RUNNING'
2023-03-20 21:37:41,118 - freqtrade.worker - INFO - Bot heartbeat. PID=1, version='2023.1', state='RUNNING'
2023-03-20 21:38:41,170 - freqtrade.worker - INFO - Bot heartbeat. PID=1, version='2023.1', state='RUNNING'
2023-03-20 21:39:41,222 - freqtrade.worker - INFO - Bot heartbeat. PID=1, version='2023.1', state='RUNNING'
2023-03-20 21:40:46,028 - freqtrade.worker - INFO - Bot heartbeat. PID=1, version='2023.1', state='RUNNING'
2023-03-20 21:41:46,078 - freqtrade.worker - INFO - Bot heartbeat. PID=1, version='2023.1', state='RUNNING'
2023-03-20 21:42:46,130 - freqtrade.worker - INFO - Bot heartbeat. PID=1, version='2023.1', state='RUNNING'
2023-03-20 21:43:46,180 - freqtrade.worker - INFO - Bot heartbeat. PID=1, version='2023.1', state='RUNNING'
2023-03-20 21:44:46,227 - freqtrade.worker - INFO - Bot heartbeat. PID=1, version='2023.1', state='RUNNING'
2023-03-20 21:45:51,036 - freqtrade.worker - INFO - Bot heartbeat. PID=1, version='2023.1', state='RUNNING'
2023-03-20 21:46:51,078 - freqtrade.worker - INFO - Bot heartbeat. PID=1, version='2023.1', state='RUNNING'
2023-03-20 21:47:51,129 - freqtrade.worker - INFO - Bot heartbeat. PID=1, version='2023.1', state='RUNNING'
2023-03-20 21:48:51,179 - freqtrade.worker - INFO - Bot heartbeat. PID=1, version='2023.1', state='RUNNING'
2023-03-20 21:49:51,236 - freqtrade.worker - INFO - Bot heartbeat. PID=1, version='2023.1', state='RUNNING'
2023-03-20 21:50:56,029 - freqtrade.worker - INFO - Bot heartbeat. PID=1, version='2023.1', state='RUNNING'
2023-03-20 21:51:56,073 - freqtrade.worker - INFO - Bot heartbeat. PID=1, version='2023.1', state='RUNNING'
2023-03-20 21:52:56,128 - freqtrade.worker - INFO - Bot heartbeat. PID=1, version='2023.1', state='RUNNING'
2023-03-20 21:53:56,179 - freqtrade.worker - INFO - Bot heartbeat. PID=1, version='2023.1', state='RUNNING'
2023-03-20 21:54:56,231 - freqtrade.worker - INFO - Bot heartbeat. PID=1, version='2023.1', state='RUNNING'
2023-03-20 21:56:01,039 - freqtrade.worker - INFO - Bot heartbeat. PID=1, version='2023.1', state='RUNNING'
2023-03-20 21:57:01,093 - freqtrade.worker - INFO - Bot heartbeat. PID=1, version='2023.1', state='RUNNING'
2023-03-20 21:58:01,143 - freqtrade.worker - INFO - Bot heartbeat. PID=1, version='2023.1', state='RUNNING'
2023-03-20 21:59:01,190 - freqtrade.worker - INFO - Bot heartbeat. PID=1, version='2023.1', state='RUNNING'
2023-03-20 22:00:06,005 - freqtrade.worker - INFO - Bot heartbeat. PID=1, version='2023.1', state='RUNNING'
2023-03-20 22:00:06,538 - freqtrade.exchange.common - WARNING - Kucoin 429 error, avoid triggering DDosProtection backoff delay. 3 tries left before giving up
2023-03-20 22:01:06,042 - freqtrade.worker - INFO - Bot heartbeat. PID=1, version='2023.1', state='RUNNING'
2023-03-20 22:02:06,091 - freqtrade.worker - INFO - Bot heartbeat. PID=1, version='2023.1', state='RUNNING'
2023-03-20 22:03:06,140 - freqtrade.worker - INFO - Bot heartbeat. PID=1, version='2023.1', state='RUNNING'
2023-03-20 22:04:06,195 - freqtrade.worker - INFO - Bot heartbeat. PID=1, version='2023.1', state='RUNNING'
2023-03-20 22:05:11,008 - freqtrade.worker - INFO - Bot heartbeat. PID=1, version='2023.1', state='RUNNING'
2023-03-20 22:06:11,050 - freqtrade.worker - INFO - Bot heartbeat. PID=1, version='2023.1', state='RUNNING'
2023-03-20 22:07:11,107 - freqtrade.worker - INFO - Bot heartbeat. PID=1, version='2023.1', state='RUNNING'
2023-03-20 22:08:11,155 - freqtrade.worker - INFO - Bot heartbeat. PID=1, version='2023.1', state='RUNNING'
2023-03-20 22:09:11,207 - freqtrade.worker - INFO - Bot heartbeat. PID=1, version='2023.1', state='RUNNING'
2023-03-20 22:10:16,011 - freqtrade.worker - INFO - Bot heartbeat. PID=1, version='2023.1', state='RUNNING'
2023-03-20 22:11:16,063 - freqtrade.worker - INFO - Bot heartbeat. PID=1, version='2023.1', state='RUNNING'
2023-03-20 22:12:16,114 - freqtrade.worker - INFO - Bot heartbeat. PID=1, version='2023.1', state='RUNNING'
2023-03-20 22:13:16,205 - freqtrade.worker - INFO - Bot heartbeat. PID=1, version='2023.1', state='RUNNING'
2023-03-20 22:14:16,259 - freqtrade.worker - INFO - Bot heartbeat. PID=1, version='2023.1', state='RUNNING'
2023-03-20 22:14:41,300 - freqtrade.plugins.pairlistmanager - INFO - Whitelist with 20 pairs: ['BTC/USDT', 'ETH/USDT', 'SOL/USDT', 'CFX/USDT', 'FTM/USDT', 'XRP/USDT', 'MATIC/USDT', 'STX/USDT', 'VRA/USDT', 'AGIX/USDT', 'SHIB/USDT', 'IMX/USDT', 'OP/USDT', 'LTC/USDT', 'USDC/USDT', 'BNB/USDT', 'DOGE/USDT', 'ADA/USDT', 'TON/USDT', 'XMR/USDT']
2023-03-20 22:14:46,881 - freqtrade.plugins.pairlistmanager - INFO - Whitelist with 20 pairs: ['BTC/USDT', 'ETH/USDT', 'SOL/USDT', 'CFX/USDT', 'FTM/USDT', 'XRP/USDT', 'MATIC/USDT', 'STX/USDT', 'VRA/USDT', 'AGIX/USDT', 'SHIB/USDT', 'IMX/USDT', 'OP/USDT', 'LTC/USDT', 'BNB/USDT', 'USDC/USDT', 'DOGE/USDT', 'ADA/USDT', 'TON/USDT', 'XMR/USDT']
2023-03-20 22:15:21,013 - freqtrade.worker - INFO - Bot heartbeat. PID=1, version='2023.1', state='RUNNING'
2023-03-20 22:16:21,053 - freqtrade.worker - INFO - Bot heartbeat. PID=1, version='2023.1', state='RUNNING'
2023-03-20 22:17:21,102 - freqtrade.worker - INFO - Bot heartbeat. PID=1, version='2023.1', state='RUNNING'
2023-03-20 22:18:21,147 - freqtrade.worker - INFO - Bot heartbeat. PID=1, version='2023.1', state='RUNNING'
2023-03-20 22:19:21,202 - freqtrade.worker - INFO - Bot heartbeat. PID=1, version='2023.1', state='RUNNING'
2023-03-20 22:20:26,016 - freqtrade.worker - INFO - Bot heartbeat. PID=1, version='2023.1', state='RUNNING'
2023-03-20 22:21:26,058 - freqtrade.worker - INFO - Bot heartbeat. PID=1, version='2023.1', state='RUNNING'
2023-03-20 22:22:26,105 - freqtrade.worker - INFO - Bot heartbeat. PID=1, version='2023.1', state='RUNNING'
2023-03-20 22:23:26,160 - freqtrade.worker - INFO - Bot heartbeat. PID=1, version='2023.1', state='RUNNING'
2023-03-20 22:24:26,213 - freqtrade.worker - INFO - Bot heartbeat. PID=1, version='2023.1', state='RUNNING'
2023-03-20 22:25:31,014 - freqtrade.worker - INFO - Bot heartbeat. PID=1, version='2023.1', state='RUNNING'
2023-03-20 22:26:31,067 - freqtrade.worker - INFO - Bot heartbeat. PID=1, version='2023.1', state='RUNNING'
2023-03-20 22:27:31,118 - freqtrade.worker - INFO - Bot heartbeat. PID=1, version='2023.1', state='RUNNING'
2023-03-20 22:28:31,172 - freqtrade.worker - INFO - Bot heartbeat. PID=1, version='2023.1', state='RUNNING'
2023-03-20 22:29:31,225 - freqtrade.worker - INFO - Bot heartbeat. PID=1, version='2023.1', state='RUNNING'
2023-03-20 22:30:36,021 - freqtrade.worker - INFO - Bot heartbeat. PID=1, version='2023.1', state='RUNNING'
2023-03-20 22:31:36,072 - freqtrade.worker - INFO - Bot heartbeat. PID=1, version='2023.1', state='RUNNING'
2023-03-20 22:32:36,122 - freqtrade.worker - INFO - Bot heartbeat. PID=1, version='2023.1', state='RUNNING'
2023-03-20 22:33:36,173 - freqtrade.worker - INFO - Bot heartbeat. PID=1, version='2023.1', state='RUNNING'
2023-03-20 22:34:36,224 - freqtrade.worker - INFO - Bot heartbeat. PID=1, version='2023.1', state='RUNNING'
2023-03-20 22:35:41,026 - freqtrade.worker - INFO - Bot heartbeat. PID=1, version='2023.1', state='RUNNING'
2023-03-20 22:36:41,071 - freqtrade.worker - INFO - Bot heartbeat. PID=1, version='2023.1', state='RUNNING'
2023-03-20 22:37:41,130 - freqtrade.worker - INFO - Bot heartbeat. PID=1, version='2023.1', state='RUNNING'
2023-03-20 22:38:41,181 - freqtrade.worker - INFO - Bot heartbeat. PID=1, version='2023.1', state='RUNNING'
2023-03-20 22:39:41,235 - freqtrade.worker - INFO - Bot heartbeat. PID=1, version='2023.1', state='RUNNING'
2023-03-20 22:40:46,031 - freqtrade.worker - INFO - Bot heartbeat. PID=1, version='2023.1', state='RUNNING'
2023-03-20 22:41:46,079 - freqtrade.worker - INFO - Bot heartbeat. PID=1, version='2023.1', state='RUNNING'
2023-03-20 22:42:46,131 - freqtrade.worker - INFO - Bot heartbeat. PID=1, version='2023.1', state='RUNNING'
2023-03-20 22:43:46,180 - freqtrade.worker - INFO - Bot heartbeat. PID=1, version='2023.1', state='RUNNING'
2023-03-20 22:44:46,230 - freqtrade.worker - INFO - Bot heartbeat. PID=1, version='2023.1', state='RUNNING'
2023-03-20 22:44:51,942 - freqtrade.plugins.pairlistmanager - INFO - Whitelist with 20 pairs: ['BTC/USDT', 'ETH/USDT', 'SOL/USDT', 'CFX/USDT', 'FTM/USDT', 'XRP/USDT', 'MATIC/USDT', 'STX/USDT', 'VRA/USDT', 'AGIX/USDT', 'IMX/USDT', 'SHIB/USDT', 'OP/USDT', 'LTC/USDT', 'BNB/USDT', 'USDC/USDT', 'DOGE/USDT', 'ADA/USDT', 'TON/USDT', 'XMR/USDT']
2023-03-20 22:45:51,036 - freqtrade.worker - INFO - Bot heartbeat. PID=1, version='2023.1', state='RUNNING'
2023-03-20 22:46:51,088 - freqtrade.worker - INFO - Bot heartbeat. PID=1, version='2023.1', state='RUNNING'
2023-03-20 22:47:51,133 - freqtrade.worker - INFO - Bot heartbeat. PID=1, version='2023.1', state='RUNNING'
2023-03-20 22:48:51,183 - freqtrade.worker - INFO - Bot heartbeat. PID=1, version='2023.1', state='RUNNING'
2023-03-20 22:49:51,237 - freqtrade.worker - INFO - Bot heartbeat. PID=1, version='2023.1', state='RUNNING'
2023-03-20 22:50:56,033 - freqtrade.worker - INFO - Bot heartbeat. PID=1, version='2023.1', state='RUNNING'
2023-03-20 22:51:56,084 - freqtrade.worker - INFO - Bot heartbeat. PID=1, version='2023.1', state='RUNNING'
2023-03-20 22:52:56,134 - freqtrade.worker - INFO - Bot heartbeat. PID=1, version='2023.1', state='RUNNING'
2023-03-20 22:53:56,195 - freqtrade.worker - INFO - Bot heartbeat. PID=1, version='2023.1', state='RUNNING'
2023-03-20 22:54:56,249 - freqtrade.worker - INFO - Bot heartbeat. PID=1, version='2023.1', state='RUNNING'
2023-03-20 22:56:01,039 - freqtrade.worker - INFO - Bot heartbeat. PID=1, version='2023.1', state='RUNNING'
2023-03-20 22:57:01,098 - freqtrade.worker - INFO - Bot heartbeat. PID=1, version='2023.1', state='RUNNING'
2023-03-20 22:58:01,154 - freqtrade.worker - INFO - Bot heartbeat. PID=1, version='2023.1', state='RUNNING'
2023-03-20 22:59:01,198 - freqtrade.worker - INFO - Bot heartbeat. PID=1, version='2023.1', state='RUNNING'
2023-03-20 23:00:06,079 - freqtrade.worker - INFO - Bot heartbeat. PID=1, version='2023.1', state='RUNNING'
2023-03-20 23:01:06,117 - freqtrade.worker - INFO - Bot heartbeat. PID=1, version='2023.1', state='RUNNING'
2023-03-20 23:02:06,173 - freqtrade.worker - INFO - Bot heartbeat. PID=1, version='2023.1', state='RUNNING'
2023-03-20 23:03:06,227 - freqtrade.worker - INFO - Bot heartbeat. PID=1, version='2023.1', state='RUNNING'
2023-03-20 23:04:06,278 - freqtrade.worker - INFO - Bot heartbeat. PID=1, version='2023.1', state='RUNNING'
2023-03-20 23:05:11,007 - freqtrade.worker - INFO - Bot heartbeat. PID=1, version='2023.1', state='RUNNING'
2023-03-20 23:06:11,059 - freqtrade.worker - INFO - Bot heartbeat. PID=1, version='2023.1', state='RUNNING'
2023-03-20 23:07:11,110 - freqtrade.worker - INFO - Bot heartbeat. PID=1, version='2023.1', state='RUNNING'
2023-03-20 23:08:11,166 - freqtrade.worker - INFO - Bot heartbeat. PID=1, version='2023.1', state='RUNNING'
2023-03-20 23:09:11,219 - freqtrade.worker - INFO - Bot heartbeat. PID=1, version='2023.1', state='RUNNING'
2023-03-20 23:10:16,008 - freqtrade.worker - INFO - Bot heartbeat. PID=1, version='2023.1', state='RUNNING'
2023-03-20 23:11:16,048 - freqtrade.worker - INFO - Bot heartbeat. PID=1, version='2023.1', state='RUNNING'
2023-03-20 23:12:16,101 - freqtrade.worker - INFO - Bot heartbeat. PID=1, version='2023.1', state='RUNNING'
2023-03-20 23:13:16,151 - freqtrade.worker - INFO - Bot heartbeat. PID=1, version='2023.1', state='RUNNING'
2023-03-20 23:14:16,205 - freqtrade.worker - INFO - Bot heartbeat. PID=1, version='2023.1', state='RUNNING'
2023-03-20 23:14:57,117 - freqtrade.plugins.pairlistmanager - INFO - Whitelist with 20 pairs: ['BTC/USDT', 'ETH/USDT', 'SOL/USDT', 'FTM/USDT', 'CFX/USDT', 'XRP/USDT', 'MATIC/USDT', 'STX/USDT', 'VRA/USDT', 'AGIX/USDT', 'IMX/USDT', 'SHIB/USDT', 'LTC/USDT', 'OP/USDT', 'BNB/USDT', 'USDC/USDT', 'DOGE/USDT', 'ADA/USDT', 'XMR/USDT', 'TON/USDT']
2023-03-20 23:15:21,012 - freqtrade.worker - INFO - Bot heartbeat. PID=1, version='2023.1', state='RUNNING'
2023-03-20 23:16:21,062 - freqtrade.worker - INFO - Bot heartbeat. PID=1, version='2023.1', state='RUNNING'
2023-03-20 23:17:21,114 - freqtrade.worker - INFO - Bot heartbeat. PID=1, version='2023.1', state='RUNNING'
2023-03-20 23:18:21,154 - freqtrade.worker - INFO - Bot heartbeat. PID=1, version='2023.1', state='RUNNING'
2023-03-20 23:19:21,211 - freqtrade.worker - INFO - Bot heartbeat. PID=1, version='2023.1', state='RUNNING'
2023-03-20 23:20:26,015 - freqtrade.worker - INFO - Bot heartbeat. PID=1, version='2023.1', state='RUNNING'
2023-03-20 23:21:26,062 - freqtrade.worker - INFO - Bot heartbeat. PID=1, version='2023.1', state='RUNNING'
2023-03-20 23:22:26,116 - freqtrade.worker - INFO - Bot heartbeat. PID=1, version='2023.1', state='RUNNING'
2023-03-20 23:23:26,157 - freqtrade.worker - INFO - Bot heartbeat. PID=1, version='2023.1', state='RUNNING'
2023-03-20 23:24:26,208 - freqtrade.worker - INFO - Bot heartbeat. PID=1, version='2023.1', state='RUNNING'
2023-03-20 23:25:31,020 - freqtrade.worker - INFO - Bot heartbeat. PID=1, version='2023.1', state='RUNNING'
2023-03-20 23:26:31,066 - freqtrade.worker - INFO - Bot heartbeat. PID=1, version='2023.1', state='RUNNING'
2023-03-20 23:27:31,129 - freqtrade.worker - INFO - Bot heartbeat. PID=1, version='2023.1', state='RUNNING'
2023-03-20 23:28:31,180 - freqtrade.worker - INFO - Bot heartbeat. PID=1, version='2023.1', state='RUNNING'
2023-03-20 23:29:31,235 - freqtrade.worker - INFO - Bot heartbeat. PID=1, version='2023.1', state='RUNNING'
2023-03-20 23:30:02,163 - freqtrade.exchange.common - WARNING - Kucoin 429 error, avoid triggering DDosProtection backoff delay. 3 tries left before giving up
2023-03-20 23:30:36,022 - freqtrade.worker - INFO - Bot heartbeat. PID=1, version='2023.1', state='RUNNING'
2023-03-20 23:31:36,078 - freqtrade.worker - INFO - Bot heartbeat. PID=1, version='2023.1', state='RUNNING'
2023-03-20 23:32:36,126 - freqtrade.worker - INFO - Bot heartbeat. PID=1, version='2023.1', state='RUNNING'
2023-03-20 23:33:36,175 - freqtrade.worker - INFO - Bot heartbeat. PID=1, version='2023.1', state='RUNNING'
2023-03-20 23:34:36,231 - freqtrade.worker - INFO - Bot heartbeat. PID=1, version='2023.1', state='RUNNING'
2023-03-20 23:35:41,028 - freqtrade.worker - INFO - Bot heartbeat. PID=1, version='2023.1', state='RUNNING'
2023-03-20 23:36:41,080 - freqtrade.worker - INFO - Bot heartbeat. PID=1, version='2023.1', state='RUNNING'
2023-03-20 23:37:41,141 - freqtrade.worker - INFO - Bot heartbeat. PID=1, version='2023.1', state='RUNNING'
2023-03-20 23:38:41,195 - freqtrade.worker - INFO - Bot heartbeat. PID=1, version='2023.1', state='RUNNING'
2023-03-20 23:39:41,248 - freqtrade.worker - INFO - Bot heartbeat. PID=1, version='2023.1', state='RUNNING'
2023-03-20 23:40:46,032 - freqtrade.worker - INFO - Bot heartbeat. PID=1, version='2023.1', state='RUNNING'
2023-03-20 23:41:46,088 - freqtrade.worker - INFO - Bot heartbeat. PID=1, version='2023.1', state='RUNNING'
2023-03-20 23:42:46,143 - freqtrade.worker - INFO - Bot heartbeat. PID=1, version='2023.1', state='RUNNING'
2023-03-20 23:43:46,196 - freqtrade.worker - INFO - Bot heartbeat. PID=1, version='2023.1', state='RUNNING'
2023-03-20 23:44:46,248 - freqtrade.worker - INFO - Bot heartbeat. PID=1, version='2023.1', state='RUNNING'
2023-03-20 23:45:51,039 - freqtrade.worker - INFO - Bot heartbeat. PID=1, version='2023.1', state='RUNNING'
2023-03-20 23:46:51,091 - freqtrade.worker - INFO - Bot heartbeat. PID=1, version='2023.1', state='RUNNING'
2023-03-20 23:47:51,143 - freqtrade.worker - INFO - Bot heartbeat. PID=1, version='2023.1', state='RUNNING'
2023-03-20 23:48:51,191 - freqtrade.worker - INFO - Bot heartbeat. PID=1, version='2023.1', state='RUNNING'
2023-03-20 23:49:51,244 - freqtrade.worker - INFO - Bot heartbeat. PID=1, version='2023.1', state='RUNNING'
2023-03-20 23:50:56,041 - freqtrade.worker - INFO - Bot heartbeat. PID=1, version='2023.1', state='RUNNING'
2023-03-20 23:51:56,096 - freqtrade.worker - INFO - Bot heartbeat. PID=1, version='2023.1', state='RUNNING'
2023-03-20 23:52:56,149 - freqtrade.worker - INFO - Bot heartbeat. PID=1, version='2023.1', state='RUNNING'
2023-03-20 23:53:56,199 - freqtrade.worker - INFO - Bot heartbeat. PID=1, version='2023.1', state='RUNNING'
2023-03-20 23:54:56,251 - freqtrade.worker - INFO - Bot heartbeat. PID=1, version='2023.1', state='RUNNING'
2023-03-20 23:56:01,038 - freqtrade.worker - INFO - Bot heartbeat. PID=1, version='2023.1', state='RUNNING'
2023-03-20 23:57:01,089 - freqtrade.worker - INFO - Bot heartbeat. PID=1, version='2023.1', state='RUNNING'
2023-03-20 23:58:01,137 - freqtrade.worker - INFO - Bot heartbeat. PID=1, version='2023.1', state='RUNNING'
2023-03-20 23:59:01,190 - freqtrade.worker - INFO - Bot heartbeat. PID=1, version='2023.1', state='RUNNING'
2023-03-21 00:00:02,644 - freqtrade.exchange.common - WARNING - Kucoin 429 error, avoid triggering DDosProtection backoff delay. 2 tries left before giving up
2023-03-21 00:00:02,974 - freqtrade.exchange.common - WARNING - Kucoin 429 error, avoid triggering DDosProtection backoff delay. 1 tries left before giving up
2023-03-21 00:00:03,293 - freqtrade.exchange.common - WARNING - Kucoin 429 error, avoid triggering DDosProtection backoff delay. 0 tries left before giving up
2023-03-21 00:00:06,578 - freqtrade.worker - INFO - Bot heartbeat. PID=1, version='2023.1', state='RUNNING'
2023-03-21 00:01:06,619 - freqtrade.worker - INFO - Bot heartbeat. PID=1, version='2023.1', state='RUNNING'
2023-03-21 00:02:06,682 - freqtrade.worker - INFO - Bot heartbeat. PID=1, version='2023.1', state='RUNNING'
2023-03-21 00:03:06,734 - freqtrade.worker - INFO - Bot heartbeat. PID=1, version='2023.1', state='RUNNING'
2023-03-21 00:04:06,785 - freqtrade.worker - INFO - Bot heartbeat. PID=1, version='2023.1', state='RUNNING'
2023-03-21 00:05:11,007 - freqtrade.worker - INFO - Bot heartbeat. PID=1, version='2023.1', state='RUNNING'
2023-03-21 00:06:11,107 - freqtrade.worker - INFO - Bot heartbeat. PID=1, version='2023.1', state='RUNNING'
2023-03-21 00:07:11,166 - freqtrade.worker - INFO - Bot heartbeat. PID=1, version='2023.1', state='RUNNING'
2023-03-21 00:08:11,220 - freqtrade.worker - INFO - Bot heartbeat. PID=1, version='2023.1', state='RUNNING'
2023-03-21 00:09:11,271 - freqtrade.worker - INFO - Bot heartbeat. PID=1, version='2023.1', state='RUNNING'
2023-03-21 00:10:16,010 - freqtrade.worker - INFO - Bot heartbeat. PID=1, version='2023.1', state='RUNNING'
2023-03-21 00:11:16,060 - freqtrade.worker - INFO - Bot heartbeat. PID=1, version='2023.1', state='RUNNING'
2023-03-21 00:12:16,109 - freqtrade.worker - INFO - Bot heartbeat. PID=1, version='2023.1', state='RUNNING'
2023-03-21 00:13:16,164 - freqtrade.worker - INFO - Bot heartbeat. PID=1, version='2023.1', state='RUNNING'
2023-03-21 00:14:16,217 - freqtrade.worker - INFO - Bot heartbeat. PID=1, version='2023.1', state='RUNNING'
2023-03-21 00:15:01,022 - freqtrade.plugins.pairlistmanager - INFO - Whitelist with 20 pairs: ['BTC/USDT', 'ETH/USDT', 'SOL/USDT', 'FTM/USDT', 'CFX/USDT', 'XRP/USDT', 'MATIC/USDT', 'STX/USDT', 'VRA/USDT', 'AGIX/USDT', 'IMX/USDT', 'SHIB/USDT', 'LTC/USDT', 'OP/USDT', 'BNB/USDT', 'USDC/USDT', 'DOGE/USDT', 'ADA/USDT', 'XMR/USDT', 'TON/USDT']
2023-03-21 00:15:21,010 - freqtrade.worker - INFO - Bot heartbeat. PID=1, version='2023.1', state='RUNNING'
2023-03-21 00:16:21,059 - freqtrade.worker - INFO - Bot heartbeat. PID=1, version='2023.1', state='RUNNING'
2023-03-21 00:17:21,111 - freqtrade.worker - INFO - Bot heartbeat. PID=1, version='2023.1', state='RUNNING'
2023-03-21 00:18:21,159 - freqtrade.worker - INFO - Bot heartbeat. PID=1, version='2023.1', state='RUNNING'
2023-03-21 00:19:21,216 - freqtrade.worker - INFO - Bot heartbeat. PID=1, version='2023.1', state='RUNNING'
2023-03-21 00:20:26,015 - freqtrade.worker - INFO - Bot heartbeat. PID=1, version='2023.1', state='RUNNING'
2023-03-21 00:21:26,062 - freqtrade.worker - INFO - Bot heartbeat. PID=1, version='2023.1', state='RUNNING'
2023-03-21 00:22:26,113 - freqtrade.worker - INFO - Bot heartbeat. PID=1, version='2023.1', state='RUNNING'
2023-03-21 00:23:26,159 - freqtrade.worker - INFO - Bot heartbeat. PID=1, version='2023.1', state='RUNNING'
2023-03-21 00:24:26,216 - freqtrade.worker - INFO - Bot heartbeat. PID=1, version='2023.1', state='RUNNING'
2023-03-21 00:25:31,018 - freqtrade.worker - INFO - Bot heartbeat. PID=1, version='2023.1', state='RUNNING'
2023-03-21 00:26:31,062 - freqtrade.worker - INFO - Bot heartbeat. PID=1, version='2023.1', state='RUNNING'
2023-03-21 00:27:31,115 - freqtrade.worker - INFO - Bot heartbeat. PID=1, version='2023.1', state='RUNNING'
2023-03-21 00:28:31,163 - freqtrade.worker - INFO - Bot heartbeat. PID=1, version='2023.1', state='RUNNING'
2023-03-21 00:29:31,204 - freqtrade.worker - INFO - Bot heartbeat. PID=1, version='2023.1', state='RUNNING'
2023-03-21 00:30:06,618 - freqtrade.exchange.common - WARNING - Kucoin 429 error, avoid triggering DDosProtection backoff delay. 3 tries left before giving up
2023-03-21 00:30:36,027 - freqtrade.worker - INFO - Bot heartbeat. PID=1, version='2023.1', state='RUNNING'
2023-03-21 00:31:36,084 - freqtrade.worker - INFO - Bot heartbeat. PID=1, version='2023.1', state='RUNNING'
2023-03-21 00:32:36,142 - freqtrade.worker - INFO - Bot heartbeat. PID=1, version='2023.1', state='RUNNING'
2023-03-21 00:33:36,195 - freqtrade.worker - INFO - Bot heartbeat. PID=1, version='2023.1', state='RUNNING'
2023-03-21 00:34:36,249 - freqtrade.worker - INFO - Bot heartbeat. PID=1, version='2023.1', state='RUNNING'
2023-03-21 00:35:41,030 - freqtrade.worker - INFO - Bot heartbeat. PID=1, version='2023.1', state='RUNNING'
2023-03-21 00:36:41,078 - freqtrade.worker - INFO - Bot heartbeat. PID=1, version='2023.1', state='RUNNING'
2023-03-21 00:37:41,131 - freqtrade.worker - INFO - Bot heartbeat. PID=1, version='2023.1', state='RUNNING'
2023-03-21 00:38:41,178 - freqtrade.worker - INFO - Bot heartbeat. PID=1, version='2023.1', state='RUNNING'
2023-03-21 00:39:41,228 - freqtrade.worker - INFO - Bot heartbeat. PID=1, version='2023.1', state='RUNNING'
2023-03-21 00:40:46,030 - freqtrade.worker - INFO - Bot heartbeat. PID=1, version='2023.1', state='RUNNING'
2023-03-21 00:41:46,081 - freqtrade.worker - INFO - Bot heartbeat. PID=1, version='2023.1', state='RUNNING'
2023-03-21 00:42:46,140 - freqtrade.worker - INFO - Bot heartbeat. PID=1, version='2023.1', state='RUNNING'
2023-03-21 00:43:46,191 - freqtrade.worker - INFO - Bot heartbeat. PID=1, version='2023.1', state='RUNNING'
2023-03-21 00:44:46,237 - freqtrade.worker - INFO - Bot heartbeat. PID=1, version='2023.1', state='RUNNING'
2023-03-21 00:45:51,033 - freqtrade.worker - INFO - Bot heartbeat. PID=1, version='2023.1', state='RUNNING'
2023-03-21 00:46:51,080 - freqtrade.worker - INFO - Bot heartbeat. PID=1, version='2023.1', state='RUNNING'
2023-03-21 00:47:51,134 - freqtrade.worker - INFO - Bot heartbeat. PID=1, version='2023.1', state='RUNNING'
2023-03-21 00:48:51,188 - freqtrade.worker - INFO - Bot heartbeat. PID=1, version='2023.1', state='RUNNING'
2023-03-21 00:49:51,240 - freqtrade.worker - INFO - Bot heartbeat. PID=1, version='2023.1', state='RUNNING'
2023-03-21 00:50:56,039 - freqtrade.worker - INFO - Bot heartbeat. PID=1, version='2023.1', state='RUNNING'
2023-03-21 00:51:56,085 - freqtrade.worker - INFO - Bot heartbeat. PID=1, version='2023.1', state='RUNNING'
2023-03-21 00:52:56,131 - freqtrade.worker - INFO - Bot heartbeat. PID=1, version='2023.1', state='RUNNING'
2023-03-21 00:53:56,175 - freqtrade.worker - INFO - Bot heartbeat. PID=1, version='2023.1', state='RUNNING'
2023-03-21 00:54:56,223 - freqtrade.worker - INFO - Bot heartbeat. PID=1, version='2023.1', state='RUNNING'
2023-03-21 00:56:01,042 - freqtrade.worker - INFO - Bot heartbeat. PID=1, version='2023.1', state='RUNNING'
2023-03-21 00:57:01,089 - freqtrade.worker - INFO - Bot heartbeat. PID=1, version='2023.1', state='RUNNING'
2023-03-21 00:58:01,140 - freqtrade.worker - INFO - Bot heartbeat. PID=1, version='2023.1', state='RUNNING'
2023-03-21 00:59:01,190 - freqtrade.worker - INFO - Bot heartbeat. PID=1, version='2023.1', state='RUNNING'
2023-03-21 01:00:06,005 - freqtrade.worker - INFO - Bot heartbeat. PID=1, version='2023.1', state='RUNNING'
2023-03-21 01:01:06,050 - freqtrade.worker - INFO - Bot heartbeat. PID=1, version='2023.1', state='RUNNING'
2023-03-21 01:02:06,099 - freqtrade.worker - INFO - Bot heartbeat. PID=1, version='2023.1', state='RUNNING'
2023-03-21 01:03:06,147 - freqtrade.worker - INFO - Bot heartbeat. PID=1, version='2023.1', state='RUNNING'
2023-03-21 01:04:06,199 - freqtrade.worker - INFO - Bot heartbeat. PID=1, version='2023.1', state='RUNNING'
2023-03-21 01:05:07,299 - freqtrade.exchange.common - WARNING - Kucoin 429 error, avoid triggering DDosProtection backoff delay. 2 tries left before giving up
2023-03-21 01:05:11,006 - freqtrade.worker - INFO - Bot heartbeat. PID=1, version='2023.1', state='RUNNING'
2023-03-21 01:06:11,050 - freqtrade.worker - INFO - Bot heartbeat. PID=1, version='2023.1', state='RUNNING'
2023-03-21 01:07:11,103 - freqtrade.worker - INFO - Bot heartbeat. PID=1, version='2023.1', state='RUNNING'
2023-03-21 01:08:11,156 - freqtrade.worker - INFO - Bot heartbeat. PID=1, version='2023.1', state='RUNNING'
2023-03-21 01:09:11,206 - freqtrade.worker - INFO - Bot heartbeat. PID=1, version='2023.1', state='RUNNING'
2023-03-21 01:10:16,012 - freqtrade.worker - INFO - Bot heartbeat. PID=1, version='2023.1', state='RUNNING'
2023-03-21 01:11:16,061 - freqtrade.worker - INFO - Bot heartbeat. PID=1, version='2023.1', state='RUNNING'
2023-03-21 01:12:16,115 - freqtrade.worker - INFO - Bot heartbeat. PID=1, version='2023.1', state='RUNNING'
2023-03-21 01:13:16,164 - freqtrade.worker - INFO - Bot heartbeat. PID=1, version='2023.1', state='RUNNING'
2023-03-21 01:14:16,215 - freqtrade.worker - INFO - Bot heartbeat. PID=1, version='2023.1', state='RUNNING'
2023-03-21 01:15:06,027 - freqtrade.plugins.pairlistmanager - INFO - Whitelist with 20 pairs: ['BTC/USDT', 'ETH/USDT', 'SOL/USDT', 'FTM/USDT', 'CFX/USDT', 'XRP/USDT', 'MATIC/USDT', 'STX/USDT', 'VRA/USDT', 'AGIX/USDT', 'IMX/USDT', 'SHIB/USDT', 'LTC/USDT', 'OP/USDT', 'BNB/USDT', 'USDC/USDT', 'DOGE/USDT', 'ADA/USDT', 'XMR/USDT', 'TON/USDT']
2023-03-21 01:15:21,013 - freqtrade.worker - INFO - Bot heartbeat. PID=1, version='2023.1', state='RUNNING'
2023-03-21 01:16:21,064 - freqtrade.worker - INFO - Bot heartbeat. PID=1, version='2023.1', state='RUNNING'
2023-03-21 01:17:21,116 - freqtrade.worker - INFO - Bot heartbeat. PID=1, version='2023.1', state='RUNNING'
2023-03-21 01:18:21,175 - freqtrade.worker - INFO - Bot heartbeat. PID=1, version='2023.1', state='RUNNING'
2023-03-21 01:19:21,231 - freqtrade.worker - INFO - Bot heartbeat. PID=1, version='2023.1', state='RUNNING'
2023-03-21 01:20:26,015 - freqtrade.worker - INFO - Bot heartbeat. PID=1, version='2023.1', state='RUNNING'
2023-03-21 01:21:26,064 - freqtrade.worker - INFO - Bot heartbeat. PID=1, version='2023.1', state='RUNNING'
2023-03-21 01:22:26,115 - freqtrade.worker - INFO - Bot heartbeat. PID=1, version='2023.1', state='RUNNING'
2023-03-21 01:23:26,163 - freqtrade.worker - INFO - Bot heartbeat. PID=1, version='2023.1', state='RUNNING'
2023-03-21 01:24:26,215 - freqtrade.worker - INFO - Bot heartbeat. PID=1, version='2023.1', state='RUNNING'
2023-03-21 01:25:31,018 - freqtrade.worker - INFO - Bot heartbeat. PID=1, version='2023.1', state='RUNNING'
2023-03-21 01:26:31,069 - freqtrade.worker - INFO - Bot heartbeat. PID=1, version='2023.1', state='RUNNING'
2023-03-21 01:27:31,116 - freqtrade.worker - INFO - Bot heartbeat. PID=1, version='2023.1', state='RUNNING'
2023-03-21 01:28:31,167 - freqtrade.worker - INFO - Bot heartbeat. PID=1, version='2023.1', state='RUNNING'
2023-03-21 01:29:31,221 - freqtrade.worker - INFO - Bot heartbeat. PID=1, version='2023.1', state='RUNNING'
2023-03-21 01:30:36,023 - freqtrade.worker - INFO - Bot heartbeat. PID=1, version='2023.1', state='RUNNING'
2023-03-21 01:31:36,079 - freqtrade.worker - INFO - Bot heartbeat. PID=1, version='2023.1', state='RUNNING'
2023-03-21 01:32:36,133 - freqtrade.worker - INFO - Bot heartbeat. PID=1, version='2023.1', state='RUNNING'
2023-03-21 01:33:36,193 - freqtrade.worker - INFO - Bot heartbeat. PID=1, version='2023.1', state='RUNNING'
2023-03-21 01:34:36,234 - freqtrade.worker - INFO - Bot heartbeat. PID=1, version='2023.1', state='RUNNING'
2023-03-21 01:35:41,023 - freqtrade.worker - INFO - Bot heartbeat. PID=1, version='2023.1', state='RUNNING'
2023-03-21 01:36:41,082 - freqtrade.worker - INFO - Bot heartbeat. PID=1, version='2023.1', state='RUNNING'
2023-03-21 01:37:41,125 - freqtrade.worker - INFO - Bot heartbeat. PID=1, version='2023.1', state='RUNNING'
2023-03-21 01:38:41,179 - freqtrade.worker - INFO - Bot heartbeat. PID=1, version='2023.1', state='RUNNING'
2023-03-21 01:39:41,232 - freqtrade.worker - INFO - Bot heartbeat. PID=1, version='2023.1', state='RUNNING'
2023-03-21 01:40:06,802 - freqtrade.exchange.common - WARNING - Kucoin 429 error, avoid triggering DDosProtection backoff delay. 3 tries left before giving up
2023-03-21 01:40:46,031 - freqtrade.worker - INFO - Bot heartbeat. PID=1, version='2023.1', state='RUNNING'
2023-03-21 01:41:46,079 - freqtrade.worker - INFO - Bot heartbeat. PID=1, version='2023.1', state='RUNNING'
2023-03-21 01:42:46,135 - freqtrade.worker - INFO - Bot heartbeat. PID=1, version='2023.1', state='RUNNING'
2023-03-21 01:43:46,191 - freqtrade.worker - INFO - Bot heartbeat. PID=1, version='2023.1', state='RUNNING'
2023-03-21 01:44:46,235 - freqtrade.worker - INFO - Bot heartbeat. PID=1, version='2023.1', state='RUNNING'
2023-03-21 01:45:21,896 - freqtrade.plugins.pairlistmanager - INFO - Whitelist with 20 pairs: ['BTC/USDT', 'ETH/USDT', 'SOL/USDT', 'FTM/USDT', 'CFX/USDT', 'XRP/USDT', 'MATIC/USDT', 'STX/USDT', 'VRA/USDT', 'AGIX/USDT', 'IMX/USDT', 'SHIB/USDT', 'LTC/USDT', 'OP/USDT', 'USDC/USDT', 'BNB/USDT', 'DOGE/USDT', 'ADA/USDT', 'XMR/USDT', 'TON/USDT']
2023-03-21 01:45:51,034 - freqtrade.worker - INFO - Bot heartbeat. PID=1, version='2023.1', state='RUNNING'
2023-03-21 01:46:51,087 - freqtrade.worker - INFO - Bot heartbeat. PID=1, version='2023.1', state='RUNNING'
2023-03-21 01:47:51,139 - freqtrade.worker - INFO - Bot heartbeat. PID=1, version='2023.1', state='RUNNING'
2023-03-21 01:48:51,188 - freqtrade.worker - INFO - Bot heartbeat. PID=1, version='2023.1', state='RUNNING'
2023-03-21 01:49:51,245 - freqtrade.worker - INFO - Bot heartbeat. PID=1, version='2023.1', state='RUNNING'
2023-03-21 01:50:56,033 - freqtrade.worker - INFO - Bot heartbeat. PID=1, version='2023.1', state='RUNNING'
2023-03-21 01:51:56,075 - freqtrade.worker - INFO - Bot heartbeat. PID=1, version='2023.1', state='RUNNING'
2023-03-21 01:52:56,123 - freqtrade.worker - INFO - Bot heartbeat. PID=1, version='2023.1', state='RUNNING'
2023-03-21 01:53:56,171 - freqtrade.worker - INFO - Bot heartbeat. PID=1, version='2023.1', state='RUNNING'
2023-03-21 01:54:56,211 - freqtrade.worker - INFO - Bot heartbeat. PID=1, version='2023.1', state='RUNNING'
2023-03-21 01:56:01,042 - freqtrade.worker - INFO - Bot heartbeat. PID=1, version='2023.1', state='RUNNING'
2023-03-21 01:57:01,087 - freqtrade.worker - INFO - Bot heartbeat. PID=1, version='2023.1', state='RUNNING'
2023-03-21 01:58:01,140 - freqtrade.worker - INFO - Bot heartbeat. PID=1, version='2023.1', state='RUNNING'
2023-03-21 01:59:01,196 - freqtrade.worker - INFO - Bot heartbeat. PID=1, version='2023.1', state='RUNNING'
2023-03-21 02:00:06,004 - freqtrade.worker - INFO - Bot heartbeat. PID=1, version='2023.1', state='RUNNING'
2023-03-21 02:01:06,042 - freqtrade.worker - INFO - Bot heartbeat. PID=1, version='2023.1', state='RUNNING'
2023-03-21 02:02:06,093 - freqtrade.worker - INFO - Bot heartbeat. PID=1, version='2023.1', state='RUNNING'
2023-03-21 02:03:06,147 - freqtrade.worker - INFO - Bot heartbeat. PID=1, version='2023.1', state='RUNNING'
2023-03-21 02:04:06,202 - freqtrade.worker - INFO - Bot heartbeat. PID=1, version='2023.1', state='RUNNING'
2023-03-21 02:05:11,006 - freqtrade.worker - INFO - Bot heartbeat. PID=1, version='2023.1', state='RUNNING'
2023-03-21 02:06:11,060 - freqtrade.worker - INFO - Bot heartbeat. PID=1, version='2023.1', state='RUNNING'
2023-03-21 02:07:11,119 - freqtrade.worker - INFO - Bot heartbeat. PID=1, version='2023.1', state='RUNNING'
2023-03-21 02:08:11,176 - freqtrade.worker - INFO - Bot heartbeat. PID=1, version='2023.1', state='RUNNING'
2023-03-21 02:09:11,231 - freqtrade.worker - INFO - Bot heartbeat. PID=1, version='2023.1', state='RUNNING'
2023-03-21 02:10:16,009 - freqtrade.worker - INFO - Bot heartbeat. PID=1, version='2023.1', state='RUNNING'
2023-03-21 02:11:16,056 - freqtrade.worker - INFO - Bot heartbeat. PID=1, version='2023.1', state='RUNNING'
2023-03-21 02:12:16,116 - freqtrade.worker - INFO - Bot heartbeat. PID=1, version='2023.1', state='RUNNING'
2023-03-21 02:13:16,176 - freqtrade.worker - INFO - Bot heartbeat. PID=1, version='2023.1', state='RUNNING'
2023-03-21 02:14:16,219 - freqtrade.worker - INFO - Bot heartbeat. PID=1, version='2023.1', state='RUNNING'
2023-03-21 02:15:21,014 - freqtrade.worker - INFO - Bot heartbeat. PID=1, version='2023.1', state='RUNNING'
2023-03-21 02:15:26,820 - freqtrade.plugins.pairlistmanager - INFO - Whitelist with 20 pairs: ['BTC/USDT', 'ETH/USDT', 'SOL/USDT', 'FTM/USDT', 'CFX/USDT', 'XRP/USDT', 'MATIC/USDT', 'STX/USDT', 'VRA/USDT', 'AGIX/USDT', 'IMX/USDT', 'SHIB/USDT', 'OP/USDT', 'LTC/USDT', 'USDC/USDT', 'DOGE/USDT', 'BNB/USDT', 'ADA/USDT', 'XMR/USDT', 'TON/USDT']
2023-03-21 02:16:21,058 - freqtrade.worker - INFO - Bot heartbeat. PID=1, version='2023.1', state='RUNNING'
2023-03-21 02:17:21,114 - freqtrade.worker - INFO - Bot heartbeat. PID=1, version='2023.1', state='RUNNING'
2023-03-21 02:18:21,159 - freqtrade.worker - INFO - Bot heartbeat. PID=1, version='2023.1', state='RUNNING'
2023-03-21 02:19:21,211 - freqtrade.worker - INFO - Bot heartbeat. PID=1, version='2023.1', state='RUNNING'
2023-03-21 02:20:26,013 - freqtrade.worker - INFO - Bot heartbeat. PID=1, version='2023.1', state='RUNNING'
2023-03-21 02:21:26,054 - freqtrade.worker - INFO - Bot heartbeat. PID=1, version='2023.1', state='RUNNING'
2023-03-21 02:22:26,105 - freqtrade.worker - INFO - Bot heartbeat. PID=1, version='2023.1', state='RUNNING'
2023-03-21 02:23:26,155 - freqtrade.worker - INFO - Bot heartbeat. PID=1, version='2023.1', state='RUNNING'
2023-03-21 02:24:26,209 - freqtrade.worker - INFO - Bot heartbeat. PID=1, version='2023.1', state='RUNNING'
2023-03-21 02:25:31,020 - freqtrade.worker - INFO - Bot heartbeat. PID=1, version='2023.1', state='RUNNING'
2023-03-21 02:26:31,066 - freqtrade.worker - INFO - Bot heartbeat. PID=1, version='2023.1', state='RUNNING'
2023-03-21 02:27:31,117 - freqtrade.worker - INFO - Bot heartbeat. PID=1, version='2023.1', state='RUNNING'
2023-03-21 02:28:31,171 - freqtrade.worker - INFO - Bot heartbeat. PID=1, version='2023.1', state='RUNNING'
2023-03-21 02:29:31,219 - freqtrade.worker - INFO - Bot heartbeat. PID=1, version='2023.1', state='RUNNING'
2023-03-21 02:30:36,025 - freqtrade.worker - INFO - Bot heartbeat. PID=1, version='2023.1', state='RUNNING'
2023-03-21 02:31:36,075 - freqtrade.worker - INFO - Bot heartbeat. PID=1, version='2023.1', state='RUNNING'
2023-03-21 02:32:36,133 - freqtrade.worker - INFO - Bot heartbeat. PID=1, version='2023.1', state='RUNNING'
2023-03-21 02:33:36,186 - freqtrade.worker - INFO - Bot heartbeat. PID=1, version='2023.1', state='RUNNING'
2023-03-21 02:34:36,240 - freqtrade.worker - INFO - Bot heartbeat. PID=1, version='2023.1', state='RUNNING'
2023-03-21 02:35:41,027 - freqtrade.worker - INFO - Bot heartbeat. PID=1, version='2023.1', state='RUNNING'
2023-03-21 02:36:41,070 - freqtrade.worker - INFO - Bot heartbeat. PID=1, version='2023.1', state='RUNNING'
2023-03-21 02:37:41,125 - freqtrade.worker - INFO - Bot heartbeat. PID=1, version='2023.1', state='RUNNING'
2023-03-21 02:38:41,171 - freqtrade.worker - INFO - Bot heartbeat. PID=1, version='2023.1', state='RUNNING'
2023-03-21 02:39:41,219 - freqtrade.worker - INFO - Bot heartbeat. PID=1, version='2023.1', state='RUNNING'
2023-03-21 02:40:46,029 - freqtrade.worker - INFO - Bot heartbeat. PID=1, version='2023.1', state='RUNNING'
2023-03-21 02:41:46,080 - freqtrade.worker - INFO - Bot heartbeat. PID=1, version='2023.1', state='RUNNING'
2023-03-21 02:42:46,127 - freqtrade.worker - INFO - Bot heartbeat. PID=1, version='2023.1', state='RUNNING'
2023-03-21 02:43:46,175 - freqtrade.worker - INFO - Bot heartbeat. PID=1, version='2023.1', state='RUNNING'
2023-03-21 02:44:46,217 - freqtrade.worker - INFO - Bot heartbeat. PID=1, version='2023.1', state='RUNNING'
2023-03-21 02:45:01,846 - freqtrade.exchange.common - WARNING - Kucoin 429 error, avoid triggering DDosProtection backoff delay. 3 tries left before giving up
2023-03-21 02:45:31,776 - freqtrade.plugins.pairlistmanager - INFO - Whitelist with 20 pairs: ['BTC/USDT', 'ETH/USDT', 'SOL/USDT', 'FTM/USDT', 'CFX/USDT', 'XRP/USDT', 'MATIC/USDT', 'STX/USDT', 'VRA/USDT', 'AGIX/USDT', 'IMX/USDT', 'SHIB/USDT', 'OP/USDT', 'LTC/USDT', 'USDC/USDT', 'DOGE/USDT', 'BNB/USDT', 'XMR/USDT', 'ADA/USDT', 'TON/USDT']
2023-03-21 02:45:51,032 - freqtrade.worker - INFO - Bot heartbeat. PID=1, version='2023.1', state='RUNNING'
2023-03-21 02:46:51,071 - freqtrade.worker - INFO - Bot heartbeat. PID=1, version='2023.1', state='RUNNING'
2023-03-21 02:47:51,115 - freqtrade.worker - INFO - Bot heartbeat. PID=1, version='2023.1', state='RUNNING'
2023-03-21 02:48:51,155 - freqtrade.worker - INFO - Bot heartbeat. PID=1, version='2023.1', state='RUNNING'
2023-03-21 02:49:51,212 - freqtrade.worker - INFO - Bot heartbeat. PID=1, version='2023.1', state='RUNNING'
2023-03-21 02:50:56,032 - freqtrade.worker - INFO - Bot heartbeat. PID=1, version='2023.1', state='RUNNING'
2023-03-21 02:51:56,090 - freqtrade.worker - INFO - Bot heartbeat. PID=1, version='2023.1', state='RUNNING'
2023-03-21 02:52:56,139 - freqtrade.worker - INFO - Bot heartbeat. PID=1, version='2023.1', state='RUNNING'
2023-03-21 02:53:56,192 - freqtrade.worker - INFO - Bot heartbeat. PID=1, version='2023.1', state='RUNNING'
2023-03-21 02:54:56,246 - freqtrade.worker - INFO - Bot heartbeat. PID=1, version='2023.1', state='RUNNING'
2023-03-21 02:56:01,038 - freqtrade.worker - INFO - Bot heartbeat. PID=1, version='2023.1', state='RUNNING'
2023-03-21 02:57:01,087 - freqtrade.worker - INFO - Bot heartbeat. PID=1, version='2023.1', state='RUNNING'
2023-03-21 02:58:01,139 - freqtrade.worker - INFO - Bot heartbeat. PID=1, version='2023.1', state='RUNNING'
2023-03-21 02:59:01,187 - freqtrade.worker - INFO - Bot heartbeat. PID=1, version='2023.1', state='RUNNING'
2023-03-21 03:00:06,001 - freqtrade.worker - INFO - Bot heartbeat. PID=1, version='2023.1', state='RUNNING'
2023-03-21 03:00:12,015 - freqtrade.exchange.common - WARNING - Kucoin 429 error, avoid triggering DDosProtection backoff delay. 2 tries left before giving up
2023-03-21 03:01:06,041 - freqtrade.worker - INFO - Bot heartbeat. PID=1, version='2023.1', state='RUNNING'
2023-03-21 03:02:06,087 - freqtrade.worker - INFO - Bot heartbeat. PID=1, version='2023.1', state='RUNNING'
2023-03-21 03:03:06,131 - freqtrade.worker - INFO - Bot heartbeat. PID=1, version='2023.1', state='RUNNING'
2023-03-21 03:04:06,181 - freqtrade.worker - INFO - Bot heartbeat. PID=1, version='2023.1', state='RUNNING'
2023-03-21 03:05:11,008 - freqtrade.worker - INFO - Bot heartbeat. PID=1, version='2023.1', state='RUNNING'
2023-03-21 03:06:11,050 - freqtrade.worker - INFO - Bot heartbeat. PID=1, version='2023.1', state='RUNNING'
2023-03-21 03:07:11,103 - freqtrade.worker - INFO - Bot heartbeat. PID=1, version='2023.1', state='RUNNING'
2023-03-21 03:08:11,160 - freqtrade.worker - INFO - Bot heartbeat. PID=1, version='2023.1', state='RUNNING'
2023-03-21 03:09:11,218 - freqtrade.worker - INFO - Bot heartbeat. PID=1, version='2023.1', state='RUNNING'
2023-03-21 03:10:16,010 - freqtrade.worker - INFO - Bot heartbeat. PID=1, version='2023.1', state='RUNNING'
2023-03-21 03:11:16,049 - freqtrade.worker - INFO - Bot heartbeat. PID=1, version='2023.1', state='RUNNING'
2023-03-21 03:12:16,103 - freqtrade.worker - INFO - Bot heartbeat. PID=1, version='2023.1', state='RUNNING'
2023-03-21 03:13:16,157 - freqtrade.worker - INFO - Bot heartbeat. PID=1, version='2023.1', state='RUNNING'
2023-03-21 03:14:16,206 - freqtrade.worker - INFO - Bot heartbeat. PID=1, version='2023.1', state='RUNNING'
2023-03-21 03:15:21,014 - freqtrade.worker - INFO - Bot heartbeat. PID=1, version='2023.1', state='RUNNING'
2023-03-21 03:16:21,060 - freqtrade.worker - INFO - Bot heartbeat. PID=1, version='2023.1', state='RUNNING'
2023-03-21 03:17:21,121 - freqtrade.worker - INFO - Bot heartbeat. PID=1, version='2023.1', state='RUNNING'
2023-03-21 03:18:21,167 - freqtrade.worker - INFO - Bot heartbeat. PID=1, version='2023.1', state='RUNNING'
2023-03-21 03:19:21,215 - freqtrade.worker - INFO - Bot heartbeat. PID=1, version='2023.1', state='RUNNING'
2023-03-21 03:20:26,018 - freqtrade.worker - INFO - Bot heartbeat. PID=1, version='2023.1', state='RUNNING'
2023-03-21 03:21:26,056 - freqtrade.worker - INFO - Bot heartbeat. PID=1, version='2023.1', state='RUNNING'
2023-03-21 03:22:26,108 - freqtrade.worker - INFO - Bot heartbeat. PID=1, version='2023.1', state='RUNNING'
2023-03-21 03:23:26,155 - freqtrade.worker - INFO - Bot heartbeat. PID=1, version='2023.1', state='RUNNING'
2023-03-21 03:24:26,209 - freqtrade.worker - INFO - Bot heartbeat. PID=1, version='2023.1', state='RUNNING'
2023-03-21 03:25:31,020 - freqtrade.worker - INFO - Bot heartbeat. PID=1, version='2023.1', state='RUNNING'
2023-03-21 03:26:31,062 - freqtrade.worker - INFO - Bot heartbeat. PID=1, version='2023.1', state='RUNNING'
2023-03-21 03:27:31,115 - freqtrade.worker - INFO - Bot heartbeat. PID=1, version='2023.1', state='RUNNING'
2023-03-21 03:28:31,169 - freqtrade.worker - INFO - Bot heartbeat. PID=1, version='2023.1', state='RUNNING'
2023-03-21 03:29:31,219 - freqtrade.worker - INFO - Bot heartbeat. PID=1, version='2023.1', state='RUNNING'
2023-03-21 03:30:36,022 - freqtrade.worker - INFO - Bot heartbeat. PID=1, version='2023.1', state='RUNNING'
2023-03-21 03:31:36,074 - freqtrade.worker - INFO - Bot heartbeat. PID=1, version='2023.1', state='RUNNING'
2023-03-21 03:32:36,120 - freqtrade.worker - INFO - Bot heartbeat. PID=1, version='2023.1', state='RUNNING'
2023-03-21 03:33:36,171 - freqtrade.worker - INFO - Bot heartbeat. PID=1, version='2023.1', state='RUNNING'
2023-03-21 03:34:36,222 - freqtrade.worker - INFO - Bot heartbeat. PID=1, version='2023.1', state='RUNNING'
2023-03-21 03:35:41,026 - freqtrade.worker - INFO - Bot heartbeat. PID=1, version='2023.1', state='RUNNING'
2023-03-21 03:36:41,075 - freqtrade.worker - INFO - Bot heartbeat. PID=1, version='2023.1', state='RUNNING'
2023-03-21 03:37:41,119 - freqtrade.worker - INFO - Bot heartbeat. PID=1, version='2023.1', state='RUNNING'
2023-03-21 03:38:41,171 - freqtrade.worker - INFO - Bot heartbeat. PID=1, version='2023.1', state='RUNNING'
2023-03-21 03:39:41,224 - freqtrade.worker - INFO - Bot heartbeat. PID=1, version='2023.1', state='RUNNING'
2023-03-21 03:40:46,033 - freqtrade.worker - INFO - Bot heartbeat. PID=1, version='2023.1', state='RUNNING'
2023-03-21 03:41:46,083 - freqtrade.worker - INFO - Bot heartbeat. PID=1, version='2023.1', state='RUNNING'
2023-03-21 03:42:46,136 - freqtrade.worker - INFO - Bot heartbeat. PID=1, version='2023.1', state='RUNNING'
2023-03-21 03:43:46,192 - freqtrade.worker - INFO - Bot heartbeat. PID=1, version='2023.1', state='RUNNING'
2023-03-21 03:44:46,245 - freqtrade.worker - INFO - Bot heartbeat. PID=1, version='2023.1', state='RUNNING'
2023-03-21 03:45:06,630 - freqtrade.exchange.common - WARNING - Kucoin 429 error, avoid triggering DDosProtection backoff delay. 3 tries left before giving up
2023-03-21 03:45:36,039 - freqtrade.plugins.pairlistmanager - INFO - Whitelist with 20 pairs: ['BTC/USDT', 'ETH/USDT', 'SOL/USDT', 'FTM/USDT', 'CFX/USDT', 'XRP/USDT', 'MATIC/USDT', 'STX/USDT', 'VRA/USDT', 'AGIX/USDT', 'IMX/USDT', 'SHIB/USDT', 'OP/USDT', 'LTC/USDT', 'USDC/USDT', 'DOGE/USDT', 'BNB/USDT', 'XMR/USDT', 'ADA/USDT', 'TON/USDT']
2023-03-21 03:45:41,737 - freqtrade.plugins.pairlistmanager - INFO - Whitelist with 20 pairs: ['BTC/USDT', 'ETH/USDT', 'SOL/USDT', 'FTM/USDT', 'CFX/USDT', 'MATIC/USDT', 'XRP/USDT', 'STX/USDT', 'VRA/USDT', 'AGIX/USDT', 'IMX/USDT', 'SHIB/USDT', 'OP/USDT', 'LTC/USDT', 'USDC/USDT', 'BNB/USDT', 'DOGE/USDT', 'XMR/USDT', 'ADA/USDT', 'TON/USDT']
2023-03-21 03:45:51,031 - freqtrade.worker - INFO - Bot heartbeat. PID=1, version='2023.1', state='RUNNING'
2023-03-21 03:46:51,091 - freqtrade.worker - INFO - Bot heartbeat. PID=1, version='2023.1', state='RUNNING'
2023-03-21 03:47:51,143 - freqtrade.worker - INFO - Bot heartbeat. PID=1, version='2023.1', state='RUNNING'
2023-03-21 03:48:51,201 - freqtrade.worker - INFO - Bot heartbeat. PID=1, version='2023.1', state='RUNNING'
2023-03-21 03:49:51,254 - freqtrade.worker - INFO - Bot heartbeat. PID=1, version='2023.1', state='RUNNING'
2023-03-21 03:50:56,042 - freqtrade.worker - INFO - Bot heartbeat. PID=1, version='2023.1', state='RUNNING'
2023-03-21 03:51:56,090 - freqtrade.worker - INFO - Bot heartbeat. PID=1, version='2023.1', state='RUNNING'
2023-03-21 03:52:56,141 - freqtrade.worker - INFO - Bot heartbeat. PID=1, version='2023.1', state='RUNNING'
2023-03-21 03:53:56,198 - freqtrade.worker - INFO - Bot heartbeat. PID=1, version='2023.1', state='RUNNING'
2023-03-21 03:54:56,249 - freqtrade.worker - INFO - Bot heartbeat. PID=1, version='2023.1', state='RUNNING'
2023-03-21 03:56:01,034 - freqtrade.worker - INFO - Bot heartbeat. PID=1, version='2023.1', state='RUNNING'
2023-03-21 03:57:01,083 - freqtrade.worker - INFO - Bot heartbeat. PID=1, version='2023.1', state='RUNNING'
2023-03-21 03:58:01,135 - freqtrade.worker - INFO - Bot heartbeat. PID=1, version='2023.1', state='RUNNING'
2023-03-21 03:59:01,191 - freqtrade.worker - INFO - Bot heartbeat. PID=1, version='2023.1', state='RUNNING'
2023-03-21 04:00:06,006 - freqtrade.worker - INFO - Bot heartbeat. PID=1, version='2023.1', state='RUNNING'
2023-03-21 04:01:06,043 - freqtrade.worker - INFO - Bot heartbeat. PID=1, version='2023.1', state='RUNNING'
2023-03-21 04:02:06,092 - freqtrade.worker - INFO - Bot heartbeat. PID=1, version='2023.1', state='RUNNING'
2023-03-21 04:03:06,145 - freqtrade.worker - INFO - Bot heartbeat. PID=1, version='2023.1', state='RUNNING'
2023-03-21 04:04:06,196 - freqtrade.worker - INFO - Bot heartbeat. PID=1, version='2023.1', state='RUNNING'
2023-03-21 04:05:11,008 - freqtrade.worker - INFO - Bot heartbeat. PID=1, version='2023.1', state='RUNNING'
2023-03-21 04:06:11,052 - freqtrade.worker - INFO - Bot heartbeat. PID=1, version='2023.1', state='RUNNING'
2023-03-21 04:07:11,102 - freqtrade.worker - INFO - Bot heartbeat. PID=1, version='2023.1', state='RUNNING'
2023-03-21 04:08:11,155 - freqtrade.worker - INFO - Bot heartbeat. PID=1, version='2023.1', state='RUNNING'
2023-03-21 04:09:11,212 - freqtrade.worker - INFO - Bot heartbeat. PID=1, version='2023.1', state='RUNNING'
2023-03-21 04:10:16,010 - freqtrade.worker - INFO - Bot heartbeat. PID=1, version='2023.1', state='RUNNING'
2023-03-21 04:11:16,055 - freqtrade.worker - INFO - Bot heartbeat. PID=1, version='2023.1', state='RUNNING'
2023-03-21 04:12:16,107 - freqtrade.worker - INFO - Bot heartbeat. PID=1, version='2023.1', state='RUNNING'
2023-03-21 04:13:16,158 - freqtrade.worker - INFO - Bot heartbeat. PID=1, version='2023.1', state='RUNNING'
2023-03-21 04:14:16,219 - freqtrade.worker - INFO - Bot heartbeat. PID=1, version='2023.1', state='RUNNING'
2023-03-21 04:15:07,224 - freqtrade.exchange.common - WARNING - Kucoin 429 error, avoid triggering DDosProtection backoff delay. 2 tries left before giving up
2023-03-21 04:15:21,012 - freqtrade.worker - INFO - Bot heartbeat. PID=1, version='2023.1', state='RUNNING'
2023-03-21 04:15:46,726 - freqtrade.plugins.pairlistmanager - INFO - Whitelist with 20 pairs: ['BTC/USDT', 'ETH/USDT', 'SOL/USDT', 'FTM/USDT', 'CFX/USDT', 'XRP/USDT', 'MATIC/USDT', 'STX/USDT', 'VRA/USDT', 'AGIX/USDT', 'IMX/USDT', 'SHIB/USDT', 'OP/USDT', 'LTC/USDT', 'USDC/USDT', 'XMR/USDT', 'BNB/USDT', 'DOGE/USDT', 'ADA/USDT', 'TON/USDT']
2023-03-21 04:16:21,056 - freqtrade.worker - INFO - Bot heartbeat. PID=1, version='2023.1', state='RUNNING'
2023-03-21 04:17:21,103 - freqtrade.worker - INFO - Bot heartbeat. PID=1, version='2023.1', state='RUNNING'
2023-03-21 04:18:21,154 - freqtrade.worker - INFO - Bot heartbeat. PID=1, version='2023.1', state='RUNNING'
2023-03-21 04:19:21,207 - freqtrade.worker - INFO - Bot heartbeat. PID=1, version='2023.1', state='RUNNING'
2023-03-21 04:20:26,014 - freqtrade.worker - INFO - Bot heartbeat. PID=1, version='2023.1', state='RUNNING'
2023-03-21 04:21:26,055 - freqtrade.worker - INFO - Bot heartbeat. PID=1, version='2023.1', state='RUNNING'
2023-03-21 04:22:26,107 - freqtrade.worker - INFO - Bot heartbeat. PID=1, version='2023.1', state='RUNNING'
2023-03-21 04:23:26,160 - freqtrade.worker - INFO - Bot heartbeat. PID=1, version='2023.1', state='RUNNING'
2023-03-21 04:24:26,213 - freqtrade.worker - INFO - Bot heartbeat. PID=1, version='2023.1', state='RUNNING'
2023-03-21 04:25:31,020 - freqtrade.worker - INFO - Bot heartbeat. PID=1, version='2023.1', state='RUNNING'
2023-03-21 04:26:31,070 - freqtrade.worker - INFO - Bot heartbeat. PID=1, version='2023.1', state='RUNNING'
2023-03-21 04:27:31,119 - freqtrade.worker - INFO - Bot heartbeat. PID=1, version='2023.1', state='RUNNING'
2023-03-21 04:28:31,174 - freqtrade.worker - INFO - Bot heartbeat. PID=1, version='2023.1', state='RUNNING'
2023-03-21 04:29:31,230 - freqtrade.worker - INFO - Bot heartbeat. PID=1, version='2023.1', state='RUNNING'
2023-03-21 04:30:36,023 - freqtrade.worker - INFO - Bot heartbeat. PID=1, version='2023.1', state='RUNNING'
2023-03-21 04:31:36,070 - freqtrade.worker - INFO - Bot heartbeat. PID=1, version='2023.1', state='RUNNING'
2023-03-21 04:32:36,123 - freqtrade.worker - INFO - Bot heartbeat. PID=1, version='2023.1', state='RUNNING'
2023-03-21 04:33:36,178 - freqtrade.worker - INFO - Bot heartbeat. PID=1, version='2023.1', state='RUNNING'
2023-03-21 04:34:36,235 - freqtrade.worker - INFO - Bot heartbeat. PID=1, version='2023.1', state='RUNNING'
2023-03-21 04:35:41,026 - freqtrade.worker - INFO - Bot heartbeat. PID=1, version='2023.1', state='RUNNING'
2023-03-21 04:36:41,081 - freqtrade.worker - INFO - Bot heartbeat. PID=1, version='2023.1', state='RUNNING'
2023-03-21 04:37:41,127 - freqtrade.worker - INFO - Bot heartbeat. PID=1, version='2023.1', state='RUNNING'
2023-03-21 04:38:41,178 - freqtrade.worker - INFO - Bot heartbeat. PID=1, version='2023.1', state='RUNNING'
2023-03-21 04:39:41,231 - freqtrade.worker - INFO - Bot heartbeat. PID=1, version='2023.1', state='RUNNING'
2023-03-21 04:40:46,033 - freqtrade.worker - INFO - Bot heartbeat. PID=1, version='2023.1', state='RUNNING'
2023-03-21 04:41:46,084 - freqtrade.worker - INFO - Bot heartbeat. PID=1, version='2023.1', state='RUNNING'
2023-03-21 04:42:46,137 - freqtrade.worker - INFO - Bot heartbeat. PID=1, version='2023.1', state='RUNNING'
2023-03-21 04:43:46,190 - freqtrade.worker - INFO - Bot heartbeat. PID=1, version='2023.1', state='RUNNING'
2023-03-21 04:44:46,242 - freqtrade.worker - INFO - Bot heartbeat. PID=1, version='2023.1', state='RUNNING'
2023-03-21 04:45:51,033 - freqtrade.worker - INFO - Bot heartbeat. PID=1, version='2023.1', state='RUNNING'
2023-03-21 04:45:51,812 - freqtrade.plugins.pairlistmanager - INFO - Whitelist with 20 pairs: ['BTC/USDT', 'ETH/USDT', 'SOL/USDT', 'FTM/USDT', 'CFX/USDT', 'MATIC/USDT', 'XRP/USDT', 'STX/USDT', 'VRA/USDT', 'AGIX/USDT', 'IMX/USDT', 'SHIB/USDT', 'OP/USDT', 'LTC/USDT', 'BNB/USDT', 'USDC/USDT', 'XMR/USDT', 'DOGE/USDT', 'ADA/USDT', 'TON/USDT']
2023-03-21 04:46:51,075 - freqtrade.worker - INFO - Bot heartbeat. PID=1, version='2023.1', state='RUNNING'
2023-03-21 04:47:51,125 - freqtrade.worker - INFO - Bot heartbeat. PID=1, version='2023.1', state='RUNNING'
2023-03-21 04:48:51,183 - freqtrade.worker - INFO - Bot heartbeat. PID=1, version='2023.1', state='RUNNING'
2023-03-21 04:49:51,233 - freqtrade.worker - INFO - Bot heartbeat. PID=1, version='2023.1', state='RUNNING'
2023-03-21 04:50:06,372 - freqtrade.exchange.common - WARNING - Kucoin 429 error, avoid triggering DDosProtection backoff delay. 3 tries left before giving up
2023-03-21 04:50:56,043 - freqtrade.worker - INFO - Bot heartbeat. PID=1, version='2023.1', state='RUNNING'
2023-03-21 04:51:56,101 - freqtrade.worker - INFO - Bot heartbeat. PID=1, version='2023.1', state='RUNNING'
2023-03-21 04:52:56,152 - freqtrade.worker - INFO - Bot heartbeat. PID=1, version='2023.1', state='RUNNING'
2023-03-21 04:53:56,212 - freqtrade.worker - INFO - Bot heartbeat. PID=1, version='2023.1', state='RUNNING'
2023-03-21 04:54:56,263 - freqtrade.worker - INFO - Bot heartbeat. PID=1, version='2023.1', state='RUNNING'
2023-03-21 04:56:01,039 - freqtrade.worker - INFO - Bot heartbeat. PID=1, version='2023.1', state='RUNNING'
2023-03-21 04:57:01,088 - freqtrade.worker - INFO - Bot heartbeat. PID=1, version='2023.1', state='RUNNING'
2023-03-21 04:58:01,139 - freqtrade.worker - INFO - Bot heartbeat. PID=1, version='2023.1', state='RUNNING'
2023-03-21 04:59:01,197 - freqtrade.worker - INFO - Bot heartbeat. PID=1, version='2023.1', state='RUNNING'
2023-03-21 05:00:06,005 - freqtrade.worker - INFO - Bot heartbeat. PID=1, version='2023.1', state='RUNNING'
2023-03-21 05:00:07,350 - freqtrade.exchange.common - WARNING - Kucoin 429 error, avoid triggering DDosProtection backoff delay. 1 tries left before giving up
2023-03-21 05:01:06,042 - freqtrade.worker - INFO - Bot heartbeat. PID=1, version='2023.1', state='RUNNING'
2023-03-21 05:02:06,095 - freqtrade.worker - INFO - Bot heartbeat. PID=1, version='2023.1', state='RUNNING'
2023-03-21 05:03:06,155 - freqtrade.worker - INFO - Bot heartbeat. PID=1, version='2023.1', state='RUNNING'
2023-03-21 05:04:06,208 - freqtrade.worker - INFO - Bot heartbeat. PID=1, version='2023.1', state='RUNNING'
2023-03-21 05:05:11,009 - freqtrade.worker - INFO - Bot heartbeat. PID=1, version='2023.1', state='RUNNING'
2023-03-21 05:06:11,057 - freqtrade.worker - INFO - Bot heartbeat. PID=1, version='2023.1', state='RUNNING'
2023-03-21 05:07:11,134 - freqtrade.worker - INFO - Bot heartbeat. PID=1, version='2023.1', state='RUNNING'
2023-03-21 05:08:11,186 - freqtrade.worker - INFO - Bot heartbeat. PID=1, version='2023.1', state='RUNNING'
2023-03-21 05:09:11,242 - freqtrade.worker - INFO - Bot heartbeat. PID=1, version='2023.1', state='RUNNING'
2023-03-21 05:10:16,014 - freqtrade.worker - INFO - Bot heartbeat. PID=1, version='2023.1', state='RUNNING'
2023-03-21 05:11:16,063 - freqtrade.worker - INFO - Bot heartbeat. PID=1, version='2023.1', state='RUNNING'
2023-03-21 05:12:16,109 - freqtrade.worker - INFO - Bot heartbeat. PID=1, version='2023.1', state='RUNNING'
