2026-01-05 07:23:16,119 - freqtrade.loggers - INFO - Enabling colorized output.
2026-01-05 07:23:16,120 - freqtrade.loggers - INFO - Logfile configured
2026-01-05 07:23:16,120 - freqtrade.loggers - INFO - Verbosity set to 0
2026-01-05 07:23:16,121 - freqtrade.configuration.configuration - INFO - Runmode set to dry_run.
2026-01-05 07:23:16,122 - freqtrade.configuration.configuration - INFO - Parameter --db-url detected ...
2026-01-05 07:23:16,122 - freqtrade.configuration.configuration - WARNING - `force_entry_enable` RPC message enabled.
2026-01-05 07:23:16,123 - freqtrade.configuration.configuration - INFO - Dry run is enabled
2026-01-05 07:23:16,123 - freqtrade.configuration.configuration - INFO - Using DB: "sqlite:////freqtrade/user_data/atlas_engine.sqlite"
2026-01-05 07:23:16,124 - freqtrade.configuration.configuration - INFO - Using max_open_trades: 4 ...
2026-01-05 07:23:16,428 - freqtrade.configuration.configuration - INFO - Using user-data directory: /freqtrade/user_data ...
2026-01-05 07:23:16,430 - freqtrade.configuration.configuration - INFO - Using data directory: /freqtrade/user_data/data/bybit ...
2026-01-05 07:23:16,433 - freqtrade.exchange.check_exchange - INFO - Checking exchange...
2026-01-05 07:23:16,466 - freqtrade.exchange.check_exchange - INFO - Exchange "bybit" is officially supported by the Freqtrade development team.
2026-01-05 07:23:16,468 - freqtrade.configuration.configuration - INFO - Using pairlist from configuration.
2026-01-05 07:23:16,470 - freqtrade.exchange.exchange - INFO - Instance is running with dry_run enabled
2026-01-05 07:23:16,472 - freqtrade.exchange.exchange - INFO - Using CCXT 4.5.29
2026-01-05 07:23:16,473 - freqtrade.exchange.exchange - INFO - Applying additional ccxt config: {'options': {'defaultType': 'swap', 'defaultSettle': 'USDT'}}
2026-01-05 07:23:16,497 - freqtrade.exchange.exchange - INFO - Applying additional ccxt config: {'options': {'defaultType': 'swap', 'defaultSettle': 'USDT'}}
2026-01-05 07:23:16,530 - freqtrade.exchange.exchange - INFO - Applying additional ccxt config: {'options': {'defaultType': 'swap', 'defaultSettle': 'USDT'}}
2026-01-05 07:23:16,562 - freqtrade.exchange.exchange - INFO - Using Exchange "Bybit"
2026-01-05 07:23:18,258 - freqtrade.resolvers.exchange_resolver - INFO - Using resolved exchange 'Bybit'...
2026-01-05 07:23:18,292 - freqtrade.resolvers.iresolver - INFO - Using resolved strategy AtlasEngine from '/freqtrade/user_data/strategies/atlas_engine.py'...
2026-01-05 07:23:18,293 - freqtrade.strategy.hyper - INFO - Found no parameter file.
2026-01-05 07:23:18,295 - freqtrade.resolvers.strategy_resolver - INFO - Override strategy 'stake_currency' with value from the configuration: USDT.
2026-01-05 07:23:18,295 - freqtrade.resolvers.strategy_resolver - INFO - Override strategy 'stake_amount' with value from the configuration: unlimited.
2026-01-05 07:23:18,296 - freqtrade.resolvers.strategy_resolver - INFO - Override strategy 'unfilledtimeout' with value from the configuration: {'entry': 5, 'exit': 5, 'exit_timeout_count': 0, 'unit': 'minutes'}.
2026-01-05 07:23:18,297 - freqtrade.resolvers.strategy_resolver - INFO - Override strategy 'max_open_trades' with value from the configuration: 4.
2026-01-05 07:23:18,297 - freqtrade.resolvers.strategy_resolver - INFO - Strategy using minimal_roi: {}
2026-01-05 07:23:18,298 - freqtrade.resolvers.strategy_resolver - INFO - Strategy using timeframe: 15m
2026-01-05 07:23:18,298 - freqtrade.resolvers.strategy_resolver - INFO - Strategy using stoploss: -1
2026-01-05 07:23:18,299 - freqtrade.resolvers.strategy_resolver - INFO - Strategy using trailing_stop: False
2026-01-05 07:23:18,300 - freqtrade.resolvers.strategy_resolver - INFO - Strategy using trailing_stop_positive_offset: 0.0
2026-01-05 07:23:18,301 - freqtrade.resolvers.strategy_resolver - INFO - Strategy using trailing_only_offset_is_reached: False
2026-01-05 07:23:18,301 - freqtrade.resolvers.strategy_resolver - INFO - Strategy using use_custom_stoploss: True
2026-01-05 07:23:18,302 - freqtrade.resolvers.strategy_resolver - INFO - Strategy using process_only_new_candles: True
2026-01-05 07:23:18,302 - freqtrade.resolvers.strategy_resolver - INFO - Strategy using order_types: {'entry': 'limit', 'exit': 'limit', 'emergency_exit': 'market', 'stoploss': 'market', 'stoploss_on_exchange': False, 'stoploss_on_exchange_interval': 60, 'stoploss_on_exchange_limit_ratio': 0.99}
2026-01-05 07:23:18,303 - freqtrade.resolvers.strategy_resolver - INFO - Strategy using order_time_in_force: {'entry': 'GTC', 'exit': 'GTC'}
2026-01-05 07:23:18,304 - freqtrade.resolvers.strategy_resolver - INFO - Strategy using stake_currency: USDT
2026-01-05 07:23:18,304 - freqtrade.resolvers.strategy_resolver - INFO - Strategy using stake_amount: unlimited
2026-01-05 07:23:18,305 - freqtrade.resolvers.strategy_resolver - INFO - Strategy using startup_candle_count: 0
2026-01-05 07:23:18,305 - freqtrade.resolvers.strategy_resolver - INFO - Strategy using unfilledtimeout: {'entry': 5, 'exit': 5, 'exit_timeout_count': 0, 'unit': 'minutes'}
2026-01-05 07:23:18,306 - freqtrade.resolvers.strategy_resolver - INFO - Strategy using use_exit_signal: True
2026-01-05 07:23:18,306 - freqtrade.resolvers.strategy_resolver - INFO - Strategy using exit_profit_only: False
2026-01-05 07:23:18,307 - freqtrade.resolvers.strategy_resolver - INFO - Strategy using ignore_roi_if_entry_signal: False
2026-01-05 07:23:18,308 - freqtrade.resolvers.strategy_resolver - INFO - Strategy using exit_profit_offset: 0.0
2026-01-05 07:23:18,308 - freqtrade.resolvers.strategy_resolver - INFO - Strategy using disable_dataframe_checks: False
2026-01-05 07:23:18,309 - freqtrade.resolvers.strategy_resolver - INFO - Strategy using ignore_buying_expired_candle_after: 0
2026-01-05 07:23:18,309 - freqtrade.resolvers.strategy_resolver - INFO - Strategy using position_adjustment_enable: True
2026-01-05 07:23:18,310 - freqtrade.resolvers.strategy_resolver - INFO - Strategy using max_entry_position_adjustment: -1
2026-01-05 07:23:18,311 - freqtrade.resolvers.strategy_resolver - INFO - Strategy using max_open_trades: 4
2026-01-05 07:23:18,312 - freqtrade.configuration.config_validation - INFO - Validating configuration ...
2026-01-05 07:23:18,528 - freqtrade.wallets - INFO - Wallets synced.
2026-01-05 07:23:18,774 - freqtrade.rpc.rpc_manager - INFO - Enabling rpc.telegram ...
2026-01-05 07:23:19,095 - freqtrade.rpc.telegram - INFO - using custom keyboard from config.json: [['/status table', '/reload_config'], ['/forcelong', '/forceshort', '/forceexit'], ['/stop', '/start', '/profit', '/logs']]
2026-01-05 07:23:19,097 - freqtrade.rpc.rpc_manager - INFO - Enabling rpc.api_server
2026-01-05 07:23:19,745 - freqtrade.rpc.telegram - INFO - rpc.telegram is listening for following commands: [['status'], ['profit'], ['balance'], ['start'], ['stop'], ['forceexit', 'forcesell', 'fx'], ['forcebuy', 'forcelong'], ['forceshort'], ['reload_trade'], ['trades'], ['delete'], ['cancel_open_order', 'coo'], ['performance'], ['buys', 'entries'], ['exits', 'sells'], ['mix_tags'], ['stats'], ['daily'], ['weekly'], ['monthly'], ['count'], ['locks'], ['delete_locks', 'unlock'], ['reload_conf', 'reload_config'], ['show_conf', 'show_config'], ['pause', 'stopbuy', 'stopentry'], ['whitelist'], ['blacklist'], ['bl_delete', 'blacklist_delete'], ['logs'], ['health'], ['help'], ['version'], ['marketdir'], ['order'], ['list_custom_data'], ['tg_info'], ['profit_long'], ['profit_short']]
2026-01-05 07:23:19,953 - freqtrade.rpc.api_server.webserver - INFO - Starting HTTP Server at 0.0.0.0:8080
2026-01-05 07:23:19,955 - freqtrade.rpc.api_server.webserver - INFO - Starting Local Rest Server.
2026-01-05 07:23:19,991 - telegram.ext.Application - INFO - Application started
2026-01-05 07:23:19,997 - uvicorn.error - INFO - Started server process [1]
2026-01-05 07:23:19,998 - uvicorn.error - INFO - Waiting for application startup.
2026-01-05 07:23:20,000 - uvicorn.error - INFO - Application startup complete.
2026-01-05 07:23:20,001 - uvicorn.error - INFO - Uvicorn running on http://0.0.0.0:8080 (Press CTRL+C to quit)
2026-01-05 07:23:20,009 - freqtrade.resolvers.iresolver - INFO - Using resolved pairlist VolumePairList from '/freqtrade/freqtrade/plugins/pairlist/VolumePairList.py'...
2026-01-05 07:23:20,010 - freqtrade.freqtradebot - INFO - Starting initial pairlist refresh
2026-01-05 07:23:20,546 - freqtrade.plugins.pairlistmanager - INFO - Whitelist with 20 pairs: ['BTC/USDT:USDT', 'ETH/USDT:USDT', 'SOL/USDT:USDT', '1000PEPE/USDT:USDT', 'XRP/USDT:USDT', 'DOGE/USDT:USDT', '1000BONK/USDT:USDT', 'FARTCOIN/USDT:USDT', 'WIF/USDT:USDT', 'RIVER/USDT:USDT', 'HYPE/USDT:USDT', 'SUI/USDT:USDT', 'ADA/USDT:USDT', 'PIPPIN/USDT:USDT', 'ENA/USDT:USDT', 'ZEC/USDT:USDT', 'MYX/USDT:USDT', 'ASTER/USDT:USDT', 'BCH/USDT:USDT', 'VIRTUAL/USDT:USDT']
2026-01-05 07:23:20,548 - freqtrade.freqtradebot - INFO - Initial Pairlist refresh took 0.54s
2026-01-05 07:23:20,550 - freqtrade.strategy.hyper - INFO - No params for sell found, using default values.
2026-01-05 07:23:20,551 - freqtrade.strategy.hyper - INFO - Strategy Parameter(default): max_rsi = 70
2026-01-05 07:23:20,552 - freqtrade.strategy.hyper - INFO - No params for buy found, using default values.
2026-01-05 07:23:20,552 - freqtrade.strategy.hyper - INFO - Strategy Parameter(default): min_rsi = 30
2026-01-05 07:23:20,553 - freqtrade.plugins.protectionmanager - INFO - No protection Handlers defined.
2026-01-05 07:23:20,553 - freqtrade.rpc.rpc_manager - INFO - Sending rpc message: {'type': status, 'status': 'running'}
2026-01-05 07:23:20,554 - freqtrade.worker - INFO - Changing state to: RUNNING
2026-01-05 07:23:20,586 - freqtrade.rpc.rpc_manager - INFO - Sending rpc message: {'type': warning, 'status': 'Dry run is enabled. All trades are simulated.'}
2026-01-05 07:23:20,587 - freqtrade.rpc.rpc_manager - INFO - Sending rpc message: {'type': startup, 'status': '*Exchange:* `bybit`\n*Stake per trade:* `unlimited USDT`\n*Minimum ROI:* `{}`\n*Stoploss:* `-1`\n*Position adjustment:* `On`\n*Timeframe:* `15m`\n*Strategy:* `AtlasEngine`'}
2026-01-05 07:23:20,591 - freqtrade.rpc.rpc_manager - INFO - Sending rpc message: {'type': startup, 'status': "Searching for USDT pairs to buy and sell based on [{'VolumePairList': 'VolumePairList - top 20 volume pairs.'}]"}
2026-01-05 07:23:44,835 - freqtrade.worker - INFO - Bot heartbeat. PID=1, version='2025.12', state='RUNNING'
2026-01-05 07:24:44,841 - freqtrade.worker - INFO - Bot heartbeat. PID=1, version='2025.12', state='RUNNING'
2026-01-05 07:25:44,849 - freqtrade.worker - INFO - Bot heartbeat. PID=1, version='2025.12', state='RUNNING'
2026-01-05 07:26:44,855 - freqtrade.worker - INFO - Bot heartbeat. PID=1, version='2025.12', state='RUNNING'
2026-01-05 07:27:44,867 - freqtrade.worker - INFO - Bot heartbeat. PID=1, version='2025.12', state='RUNNING'
2026-01-05 07:28:44,872 - freqtrade.worker - INFO - Bot heartbeat. PID=1, version='2025.12', state='RUNNING'
2026-01-05 07:29:44,881 - freqtrade.worker - INFO - Bot heartbeat. PID=1, version='2025.12', state='RUNNING'
2026-01-05 07:30:48,121 - freqtrade.worker - INFO - Bot heartbeat. PID=1, version='2025.12', state='RUNNING'
2026-01-05 07:31:03,329 - freqtrade.wallets - INFO - Wallets synced.
2026-01-05 07:31:48,128 - freqtrade.worker - INFO - Bot heartbeat. PID=1, version='2025.12', state='RUNNING'
2026-01-05 07:32:48,134 - freqtrade.worker - INFO - Bot heartbeat. PID=1, version='2025.12', state='RUNNING'
2026-01-05 07:33:48,142 - freqtrade.worker - INFO - Bot heartbeat. PID=1, version='2025.12', state='RUNNING'
2026-01-05 07:34:48,153 - freqtrade.worker - INFO - Bot heartbeat. PID=1, version='2025.12', state='RUNNING'
2026-01-05 07:35:48,158 - freqtrade.worker - INFO - Bot heartbeat. PID=1, version='2025.12', state='RUNNING'
2026-01-05 07:36:48,170 - freqtrade.worker - INFO - Bot heartbeat. PID=1, version='2025.12', state='RUNNING'
2026-01-05 07:37:48,178 - freqtrade.worker - INFO - Bot heartbeat. PID=1, version='2025.12', state='RUNNING'
2026-01-05 07:38:48,186 - freqtrade.worker - INFO - Bot heartbeat. PID=1, version='2025.12', state='RUNNING'
2026-01-05 07:39:48,192 - freqtrade.worker - INFO - Bot heartbeat. PID=1, version='2025.12', state='RUNNING'
2026-01-05 07:40:48,205 - freqtrade.worker - INFO - Bot heartbeat. PID=1, version='2025.12', state='RUNNING'
2026-01-05 07:41:48,215 - freqtrade.worker - INFO - Bot heartbeat. PID=1, version='2025.12', state='RUNNING'
2026-01-05 07:42:48,222 - freqtrade.worker - INFO - Bot heartbeat. PID=1, version='2025.12', state='RUNNING'
2026-01-05 07:43:48,231 - freqtrade.worker - INFO - Bot heartbeat. PID=1, version='2025.12', state='RUNNING'
2026-01-05 07:44:48,241 - freqtrade.worker - INFO - Bot heartbeat. PID=1, version='2025.12', state='RUNNING'
2026-01-05 07:45:49,692 - freqtrade.worker - INFO - Bot heartbeat. PID=1, version='2025.12', state='RUNNING'
2026-01-05 07:46:49,701 - freqtrade.worker - INFO - Bot heartbeat. PID=1, version='2025.12', state='RUNNING'
2026-01-05 07:47:49,715 - freqtrade.worker - INFO - Bot heartbeat. PID=1, version='2025.12', state='RUNNING'
2026-01-05 07:48:49,721 - freqtrade.worker - INFO - Bot heartbeat. PID=1, version='2025.12', state='RUNNING'
2026-01-05 07:49:49,731 - freqtrade.worker - INFO - Bot heartbeat. PID=1, version='2025.12', state='RUNNING'
2026-01-05 07:50:49,737 - freqtrade.worker - INFO - Bot heartbeat. PID=1, version='2025.12', state='RUNNING'
2026-01-05 07:51:49,744 - freqtrade.worker - INFO - Bot heartbeat. PID=1, version='2025.12', state='RUNNING'
2026-01-05 07:52:49,751 - freqtrade.worker - INFO - Bot heartbeat. PID=1, version='2025.12', state='RUNNING'
2026-01-05 07:53:25,592 - freqtrade.plugins.pairlistmanager - INFO - Whitelist with 20 pairs: ['BTC/USDT:USDT', 'ETH/USDT:USDT', 'SOL/USDT:USDT', '1000PEPE/USDT:USDT', 'XRP/USDT:USDT', 'DOGE/USDT:USDT', '1000BONK/USDT:USDT', 'FARTCOIN/USDT:USDT', 'WIF/USDT:USDT', 'RIVER/USDT:USDT', 'HYPE/USDT:USDT', 'SUI/USDT:USDT', 'ADA/USDT:USDT', 'PIPPIN/USDT:USDT', 'ENA/USDT:USDT', 'ZEC/USDT:USDT', 'ASTER/USDT:USDT', 'BCH/USDT:USDT', 'MYX/USDT:USDT', 'VIRTUAL/USDT:USDT']
2026-01-05 07:53:49,757 - freqtrade.worker - INFO - Bot heartbeat. PID=1, version='2025.12', state='RUNNING'
2026-01-05 07:54:49,764 - freqtrade.worker - INFO - Bot heartbeat. PID=1, version='2025.12', state='RUNNING'
2026-01-05 07:55:49,771 - freqtrade.worker - INFO - Bot heartbeat. PID=1, version='2025.12', state='RUNNING'
2026-01-05 07:56:49,776 - freqtrade.worker - INFO - Bot heartbeat. PID=1, version='2025.12', state='RUNNING'
2026-01-05 07:57:49,782 - freqtrade.worker - INFO - Bot heartbeat. PID=1, version='2025.12', state='RUNNING'
2026-01-05 07:58:49,794 - freqtrade.worker - INFO - Bot heartbeat. PID=1, version='2025.12', state='RUNNING'
2026-01-05 07:59:49,803 - freqtrade.worker - INFO - Bot heartbeat. PID=1, version='2025.12', state='RUNNING'
2026-01-05 08:00:50,800 - freqtrade.worker - INFO - Bot heartbeat. PID=1, version='2025.12', state='RUNNING'
2026-01-05 08:01:05,984 - freqtrade.wallets - INFO - Wallets synced.
2026-01-05 08:01:50,807 - freqtrade.worker - INFO - Bot heartbeat. PID=1, version='2025.12', state='RUNNING'
2026-01-05 08:02:50,818 - freqtrade.worker - INFO - Bot heartbeat. PID=1, version='2025.12', state='RUNNING'
2026-01-05 08:03:50,826 - freqtrade.worker - INFO - Bot heartbeat. PID=1, version='2025.12', state='RUNNING'
2026-01-05 08:04:50,832 - freqtrade.worker - INFO - Bot heartbeat. PID=1, version='2025.12', state='RUNNING'
2026-01-05 08:05:50,839 - freqtrade.worker - INFO - Bot heartbeat. PID=1, version='2025.12', state='RUNNING'
2026-01-05 08:06:50,850 - freqtrade.worker - INFO - Bot heartbeat. PID=1, version='2025.12', state='RUNNING'
2026-01-05 08:07:50,857 - freqtrade.worker - INFO - Bot heartbeat. PID=1, version='2025.12', state='RUNNING'
2026-01-05 08:08:50,862 - freqtrade.worker - INFO - Bot heartbeat. PID=1, version='2025.12', state='RUNNING'
2026-01-05 08:09:50,872 - freqtrade.worker - INFO - Bot heartbeat. PID=1, version='2025.12', state='RUNNING'
2026-01-05 08:10:50,890 - freqtrade.worker - INFO - Bot heartbeat. PID=1, version='2025.12', state='RUNNING'
2026-01-05 08:11:50,898 - freqtrade.worker - INFO - Bot heartbeat. PID=1, version='2025.12', state='RUNNING'
2026-01-05 08:12:50,904 - freqtrade.worker - INFO - Bot heartbeat. PID=1, version='2025.12', state='RUNNING'
2026-01-05 08:13:50,910 - freqtrade.worker - INFO - Bot heartbeat. PID=1, version='2025.12', state='RUNNING'
2026-01-05 08:14:50,919 - freqtrade.worker - INFO - Bot heartbeat. PID=1, version='2025.12', state='RUNNING'
2026-01-05 08:15:54,138 - freqtrade.worker - INFO - Bot heartbeat. PID=1, version='2025.12', state='RUNNING'
2026-01-05 08:16:54,162 - freqtrade.worker - INFO - Bot heartbeat. PID=1, version='2025.12', state='RUNNING'
2026-01-05 08:17:54,183 - freqtrade.worker - INFO - Bot heartbeat. PID=1, version='2025.12', state='RUNNING'
2026-01-05 08:18:54,189 - freqtrade.worker - INFO - Bot heartbeat. PID=1, version='2025.12', state='RUNNING'
2026-01-05 08:19:54,195 - freqtrade.worker - INFO - Bot heartbeat. PID=1, version='2025.12', state='RUNNING'
2026-01-05 08:20:54,207 - freqtrade.worker - INFO - Bot heartbeat. PID=1, version='2025.12', state='RUNNING'
2026-01-05 08:21:54,219 - freqtrade.worker - INFO - Bot heartbeat. PID=1, version='2025.12', state='RUNNING'
2026-01-05 08:22:54,228 - freqtrade.worker - INFO - Bot heartbeat. PID=1, version='2025.12', state='RUNNING'
2026-01-05 08:23:29,740 - freqtrade.plugins.pairlistmanager - INFO - Whitelist with 20 pairs: ['BTC/USDT:USDT', 'ETH/USDT:USDT', 'SOL/USDT:USDT', '1000PEPE/USDT:USDT', 'XRP/USDT:USDT', 'DOGE/USDT:USDT', '1000BONK/USDT:USDT', 'FARTCOIN/USDT:USDT', 'WIF/USDT:USDT', 'RIVER/USDT:USDT', 'HYPE/USDT:USDT', 'SUI/USDT:USDT', 'ADA/USDT:USDT', 'PIPPIN/USDT:USDT', 'ENA/USDT:USDT', 'ZEC/USDT:USDT', 'VIRTUAL/USDT:USDT', 'BCH/USDT:USDT', 'ASTER/USDT:USDT', 'MYX/USDT:USDT']
2026-01-05 08:23:54,233 - freqtrade.worker - INFO - Bot heartbeat. PID=1, version='2025.12', state='RUNNING'
2026-01-05 08:24:54,239 - freqtrade.worker - INFO - Bot heartbeat. PID=1, version='2025.12', state='RUNNING'
2026-01-05 08:25:54,247 - freqtrade.worker - INFO - Bot heartbeat. PID=1, version='2025.12', state='RUNNING'
2026-01-05 08:26:54,253 - freqtrade.worker - INFO - Bot heartbeat. PID=1, version='2025.12', state='RUNNING'
2026-01-05 08:27:54,260 - freqtrade.worker - INFO - Bot heartbeat. PID=1, version='2025.12', state='RUNNING'
2026-01-05 08:28:46,129 - uvicorn.error - WARNING - Invalid HTTP request received.
2026-01-05 08:28:46,593 - uvicorn.error - WARNING - Invalid HTTP request received.
2026-01-05 08:28:54,275 - freqtrade.worker - INFO - Bot heartbeat. PID=1, version='2025.12', state='RUNNING'
2026-01-05 08:29:54,284 - freqtrade.worker - INFO - Bot heartbeat. PID=1, version='2025.12', state='RUNNING'
2026-01-05 08:30:54,410 - freqtrade.worker - INFO - Bot heartbeat. PID=1, version='2025.12', state='RUNNING'
2026-01-05 08:31:04,520 - freqtrade.wallets - INFO - Wallets synced.
2026-01-05 08:31:54,418 - freqtrade.worker - INFO - Bot heartbeat. PID=1, version='2025.12', state='RUNNING'
2026-01-05 08:32:54,434 - freqtrade.worker - INFO - Bot heartbeat. PID=1, version='2025.12', state='RUNNING'
2026-01-05 08:33:54,441 - freqtrade.worker - INFO - Bot heartbeat. PID=1, version='2025.12', state='RUNNING'
2026-01-05 08:34:54,450 - freqtrade.worker - INFO - Bot heartbeat. PID=1, version='2025.12', state='RUNNING'
2026-01-05 08:35:54,457 - freqtrade.worker - INFO - Bot heartbeat. PID=1, version='2025.12', state='RUNNING'
2026-01-05 08:36:54,464 - freqtrade.worker - INFO - Bot heartbeat. PID=1, version='2025.12', state='RUNNING'
2026-01-05 08:37:54,470 - freqtrade.worker - INFO - Bot heartbeat. PID=1, version='2025.12', state='RUNNING'
2026-01-05 08:38:54,479 - freqtrade.worker - INFO - Bot heartbeat. PID=1, version='2025.12', state='RUNNING'
2026-01-05 08:39:54,491 - freqtrade.worker - INFO - Bot heartbeat. PID=1, version='2025.12', state='RUNNING'
2026-01-05 08:40:54,497 - freqtrade.worker - INFO - Bot heartbeat. PID=1, version='2025.12', state='RUNNING'
2026-01-05 08:41:54,503 - freqtrade.worker - INFO - Bot heartbeat. PID=1, version='2025.12', state='RUNNING'
2026-01-05 08:42:54,512 - freqtrade.worker - INFO - Bot heartbeat. PID=1, version='2025.12', state='RUNNING'
2026-01-05 08:43:54,519 - freqtrade.worker - INFO - Bot heartbeat. PID=1, version='2025.12', state='RUNNING'
2026-01-05 08:44:54,528 - freqtrade.worker - INFO - Bot heartbeat. PID=1, version='2025.12', state='RUNNING'
2026-01-05 08:45:54,980 - freqtrade.worker - INFO - Bot heartbeat. PID=1, version='2025.12', state='RUNNING'
2026-01-05 08:46:54,986 - freqtrade.worker - INFO - Bot heartbeat. PID=1, version='2025.12', state='RUNNING'
2026-01-05 08:47:54,991 - freqtrade.worker - INFO - Bot heartbeat. PID=1, version='2025.12', state='RUNNING'
2026-01-05 08:48:55,009 - freqtrade.worker - INFO - Bot heartbeat. PID=1, version='2025.12', state='RUNNING'
2026-01-05 08:49:55,017 - freqtrade.worker - INFO - Bot heartbeat. PID=1, version='2025.12', state='RUNNING'
2026-01-05 08:50:55,038 - freqtrade.worker - INFO - Bot heartbeat. PID=1, version='2025.12', state='RUNNING'
2026-01-05 08:51:55,052 - freqtrade.worker - INFO - Bot heartbeat. PID=1, version='2025.12', state='RUNNING'
2026-01-05 08:52:55,059 - freqtrade.worker - INFO - Bot heartbeat. PID=1, version='2025.12', state='RUNNING'
2026-01-05 08:53:30,614 - freqtrade.plugins.pairlistmanager - INFO - Whitelist with 20 pairs: ['BTC/USDT:USDT', 'ETH/USDT:USDT', 'SOL/USDT:USDT', 'XRP/USDT:USDT', '1000PEPE/USDT:USDT', 'DOGE/USDT:USDT', '1000BONK/USDT:USDT', 'FARTCOIN/USDT:USDT', 'WIF/USDT:USDT', 'RIVER/USDT:USDT', 'HYPE/USDT:USDT', 'SUI/USDT:USDT', 'ADA/USDT:USDT', 'PIPPIN/USDT:USDT', 'ENA/USDT:USDT', 'VIRTUAL/USDT:USDT', 'ZEC/USDT:USDT', 'BCH/USDT:USDT', 'ASTER/USDT:USDT', 'PENGU/USDT:USDT']
2026-01-05 08:53:55,069 - freqtrade.worker - INFO - Bot heartbeat. PID=1, version='2025.12', state='RUNNING'
2026-01-05 08:54:55,080 - freqtrade.worker - INFO - Bot heartbeat. PID=1, version='2025.12', state='RUNNING'
2026-01-05 08:55:55,090 - freqtrade.worker - INFO - Bot heartbeat. PID=1, version='2025.12', state='RUNNING'
2026-01-05 08:56:55,097 - freqtrade.worker - INFO - Bot heartbeat. PID=1, version='2025.12', state='RUNNING'
2026-01-05 08:57:55,107 - freqtrade.worker - INFO - Bot heartbeat. PID=1, version='2025.12', state='RUNNING'
2026-01-05 08:58:55,120 - freqtrade.worker - INFO - Bot heartbeat. PID=1, version='2025.12', state='RUNNING'
2026-01-05 08:59:55,127 - freqtrade.worker - INFO - Bot heartbeat. PID=1, version='2025.12', state='RUNNING'
2026-01-05 09:00:55,958 - freqtrade.worker - INFO - Bot heartbeat. PID=1, version='2025.12', state='RUNNING'
2026-01-05 09:01:06,158 - freqtrade.wallets - INFO - Wallets synced.
2026-01-05 09:01:55,972 - freqtrade.worker - INFO - Bot heartbeat. PID=1, version='2025.12', state='RUNNING'
2026-01-05 09:02:55,978 - freqtrade.worker - INFO - Bot heartbeat. PID=1, version='2025.12', state='RUNNING'
2026-01-05 09:03:55,985 - freqtrade.worker - INFO - Bot heartbeat. PID=1, version='2025.12', state='RUNNING'
2026-01-05 09:04:55,995 - freqtrade.worker - INFO - Bot heartbeat. PID=1, version='2025.12', state='RUNNING'
2026-01-05 09:05:39,193 - uvicorn.error - WARNING - Invalid HTTP request received.
2026-01-05 09:05:56,010 - freqtrade.worker - INFO - Bot heartbeat. PID=1, version='2025.12', state='RUNNING'
2026-01-05 09:06:56,020 - freqtrade.worker - INFO - Bot heartbeat. PID=1, version='2025.12', state='RUNNING'
2026-01-05 09:07:56,028 - freqtrade.worker - INFO - Bot heartbeat. PID=1, version='2025.12', state='RUNNING'
2026-01-05 09:08:56,046 - freqtrade.worker - INFO - Bot heartbeat. PID=1, version='2025.12', state='RUNNING'
2026-01-05 09:09:56,055 - freqtrade.worker - INFO - Bot heartbeat. PID=1, version='2025.12', state='RUNNING'
2026-01-05 09:10:56,064 - freqtrade.worker - INFO - Bot heartbeat. PID=1, version='2025.12', state='RUNNING'
2026-01-05 09:11:56,072 - freqtrade.worker - INFO - Bot heartbeat. PID=1, version='2025.12', state='RUNNING'
2026-01-05 09:12:56,098 - freqtrade.worker - INFO - Bot heartbeat. PID=1, version='2025.12', state='RUNNING'
2026-01-05 09:13:56,104 - freqtrade.worker - INFO - Bot heartbeat. PID=1, version='2025.12', state='RUNNING'
2026-01-05 09:14:56,110 - freqtrade.worker - INFO - Bot heartbeat. PID=1, version='2025.12', state='RUNNING'
2026-01-05 09:15:01,006 - freqtrade.exchange.exchange_ws - INFO - Removing ('MYX/USDT:USDT', '15m', <CandleType.FUTURES: 'futures'>) from websocket watchlist.
2026-01-05 09:15:01,008 - freqtrade.exchange.exchange_ws - INFO - Removing ('MYX/USDT:USDT', '1h', <CandleType.FUTURES: 'futures'>) from websocket watchlist.
2026-01-05 09:15:01,011 - freqtrade.exchange.exchange_ws - INFO - Removal done: new watch list (82)
2026-01-05 09:15:01,023 - freqtrade.exchange.exchange_ws - INFO - MYX/USDT:USDT, 15m, futures - Task finished - done
2026-01-05 09:15:02,008 - freqtrade.exchange.exchange_ws - INFO - MYX/USDT:USDT, 1h, futures - Task finished - done
2026-01-05 09:16:00,015 - freqtrade.worker - INFO - Bot heartbeat. PID=1, version='2025.12', state='RUNNING'
2026-01-05 09:17:00,040 - freqtrade.worker - INFO - Bot heartbeat. PID=1, version='2025.12', state='RUNNING'
2026-01-05 09:18:00,054 - freqtrade.worker - INFO - Bot heartbeat. PID=1, version='2025.12', state='RUNNING'
2026-01-05 09:19:00,063 - freqtrade.worker - INFO - Bot heartbeat. PID=1, version='2025.12', state='RUNNING'
2026-01-05 09:20:00,075 - freqtrade.worker - INFO - Bot heartbeat. PID=1, version='2025.12', state='RUNNING'
2026-01-05 09:21:00,103 - freqtrade.worker - INFO - Bot heartbeat. PID=1, version='2025.12', state='RUNNING'
2026-01-05 09:22:00,108 - freqtrade.worker - INFO - Bot heartbeat. PID=1, version='2025.12', state='RUNNING'
2026-01-05 09:23:00,115 - freqtrade.worker - INFO - Bot heartbeat. PID=1, version='2025.12', state='RUNNING'
2026-01-05 09:23:35,652 - freqtrade.plugins.pairlistmanager - INFO - Whitelist with 20 pairs: ['BTC/USDT:USDT', 'ETH/USDT:USDT', 'SOL/USDT:USDT', 'XRP/USDT:USDT', '1000PEPE/USDT:USDT', 'DOGE/USDT:USDT', '1000BONK/USDT:USDT', 'FARTCOIN/USDT:USDT', 'WIF/USDT:USDT', 'RIVER/USDT:USDT', 'HYPE/USDT:USDT', 'SUI/USDT:USDT', 'ADA/USDT:USDT', 'PIPPIN/USDT:USDT', 'ENA/USDT:USDT', 'VIRTUAL/USDT:USDT', 'ZEC/USDT:USDT', 'ASTER/USDT:USDT', 'BCH/USDT:USDT', 'PENGU/USDT:USDT']
2026-01-05 09:24:00,127 - freqtrade.worker - INFO - Bot heartbeat. PID=1, version='2025.12', state='RUNNING'
2026-01-05 09:25:00,136 - freqtrade.worker - INFO - Bot heartbeat. PID=1, version='2025.12', state='RUNNING'
2026-01-05 09:26:00,144 - freqtrade.worker - INFO - Bot heartbeat. PID=1, version='2025.12', state='RUNNING'
2026-01-05 09:27:00,161 - freqtrade.worker - INFO - Bot heartbeat. PID=1, version='2025.12', state='RUNNING'
2026-01-05 09:28:00,172 - freqtrade.worker - INFO - Bot heartbeat. PID=1, version='2025.12', state='RUNNING'
2026-01-05 09:29:00,178 - freqtrade.worker - INFO - Bot heartbeat. PID=1, version='2025.12', state='RUNNING'
2026-01-05 09:30:01,000 - freqtrade.worker - INFO - Bot heartbeat. PID=1, version='2025.12', state='RUNNING'
2026-01-05 09:31:03,938 - freqtrade.worker - INFO - Bot heartbeat. PID=1, version='2025.12', state='RUNNING'
2026-01-05 09:31:04,119 - freqtrade.wallets - INFO - Wallets synced.
2026-01-05 09:32:03,944 - freqtrade.worker - INFO - Bot heartbeat. PID=1, version='2025.12', state='RUNNING'
2026-01-05 09:33:03,951 - freqtrade.worker - INFO - Bot heartbeat. PID=1, version='2025.12', state='RUNNING'
2026-01-05 09:34:03,961 - freqtrade.worker - INFO - Bot heartbeat. PID=1, version='2025.12', state='RUNNING'
2026-01-05 09:35:03,974 - freqtrade.worker - INFO - Bot heartbeat. PID=1, version='2025.12', state='RUNNING'
2026-01-05 09:35:38,755 - uvicorn.error - WARNING - Invalid HTTP request received.
2026-01-05 09:36:03,979 - freqtrade.worker - INFO - Bot heartbeat. PID=1, version='2025.12', state='RUNNING'
2026-01-05 09:37:03,988 - freqtrade.worker - INFO - Bot heartbeat. PID=1, version='2025.12', state='RUNNING'
2026-01-05 09:38:04,007 - freqtrade.worker - INFO - Bot heartbeat. PID=1, version='2025.12', state='RUNNING'
2026-01-05 09:39:04,020 - freqtrade.worker - INFO - Bot heartbeat. PID=1, version='2025.12', state='RUNNING'
2026-01-05 09:40:04,027 - freqtrade.worker - INFO - Bot heartbeat. PID=1, version='2025.12', state='RUNNING'
2026-01-05 09:41:04,040 - freqtrade.worker - INFO - Bot heartbeat. PID=1, version='2025.12', state='RUNNING'
2026-01-05 09:42:04,049 - freqtrade.worker - INFO - Bot heartbeat. PID=1, version='2025.12', state='RUNNING'
2026-01-05 09:43:04,059 - freqtrade.worker - INFO - Bot heartbeat. PID=1, version='2025.12', state='RUNNING'
2026-01-05 09:44:04,064 - freqtrade.worker - INFO - Bot heartbeat. PID=1, version='2025.12', state='RUNNING'
2026-01-05 09:45:13,052 - freqtrade.wallets - INFO - Wallets synced.
2026-01-05 09:45:13,384 - freqtrade.freqtradebot - INFO - Long signal found: about create a new trade for 1000PEPE/USDT:USDT with stake_amount: 64.1215384615384 and price: 0.006736 ...
2026-01-05 09:45:13,558 - freqtrade.freqtradebot - INFO - Order dry_run_buy_1000PEPE/USDT:USDT_1767606313.387345 was created for 1000PEPE/USDT:USDT and status is closed.
2026-01-05 09:45:14,077 - freqtrade.wallets - INFO - Wallets synced.
2026-01-05 09:45:14,079 - freqtrade.rpc.rpc_manager - INFO - Sending rpc message: {'trade_id': 1, 'type': entry, 'buy_tag': '', 'enter_tag': '', 'exchange': 'Bybit', 'pair': '1000PEPE/USDT:USDT', 'leverage': 1.0, 'direction': 'Long', 'limit': 0.006736, 'order_rate': 0.006736, 'open_rate': 0.006736, 'order_type': 'limit', 'stake_amount': 63.992, 'stake_currency': 'USDT', 'base_currency': '1000PEPE', 'quote_currency': 'USDT', 'fiat_currency': 'USD', 'amount': 9500.0, 'open_date': datetime.datetime(2026, 1, 5, 9, 45, 13, 560352, tzinfo=datetime.timezone.utc), 'current_rate': 0.006736, 'sub_trade': False}
2026-01-05 09:45:14,092 - freqtrade.freqtradebot - INFO - Found open order for Trade(id=1, pair=1000PEPE/USDT:USDT, amount=9500, is_short=False, leverage=1, open_rate=0.006736, open_since=2026-01-05 09:45:13)
2026-01-05 09:45:14,125 - freqtrade.freqtradebot - INFO - Fee for Trade Trade(id=1, pair=1000PEPE/USDT:USDT, amount=9500, is_short=False, leverage=1, open_rate=0.006736, open_since=2026-01-05 09:45:13) [buy]: 0.0383952 USDT - rate: 0.0006
2026-01-05 09:45:14,127 - freqtrade.persistence.trade_model - INFO - Updating trade (id=1) ...
2026-01-05 09:45:14,128 - freqtrade.persistence.trade_model - INFO - LIMIT_BUY has been fulfilled for Trade(id=1, pair=1000PEPE/USDT:USDT, amount=9500, is_short=False, leverage=1, open_rate=0.006736, open_since=2026-01-05 09:45:13).
2026-01-05 09:45:14,383 - freqtrade.wallets - INFO - Wallets synced.
2026-01-05 09:45:14,402 - freqtrade.rpc.rpc_manager - INFO - Sending rpc message: {'trade_id': 1, 'type': entry_fill, 'buy_tag': '', 'enter_tag': '', 'exchange': 'Bybit', 'pair': '1000PEPE/USDT:USDT', 'leverage': 1.0, 'direction': 'Long', 'limit': 0.006736, 'order_rate': 0.006736, 'open_rate': 0.006736, 'order_type': 'limit', 'stake_amount': 63.992, 'stake_currency': 'USDT', 'base_currency': '1000PEPE', 'quote_currency': 'USDT', 'fiat_currency': 'USD', 'amount': 9500.0, 'open_date': datetime.datetime(2026, 1, 5, 9, 45, 13, 560352, tzinfo=datetime.timezone.utc), 'current_rate': 0.006736, 'sub_trade': False}
2026-01-05 09:45:14,405 - freqtrade.rpc.telegram - INFO - Notification 'entry_fill' not sent.
2026-01-05 09:45:14,486 - freqtrade.rpc.rpc_manager - INFO - Sending rpc strategy_msg: Trade risk (1000PEPE/USDT:USDT): 2.32 %
2026-01-05 09:45:14,488 - freqtrade.worker - INFO - Bot heartbeat. PID=1, version='2025.12', state='RUNNING'
2026-01-05 09:46:14,493 - freqtrade.worker - INFO - Bot heartbeat. PID=1, version='2025.12', state='RUNNING'
2026-01-05 09:47:14,498 - freqtrade.worker - INFO - Bot heartbeat. PID=1, version='2025.12', state='RUNNING'
2026-01-05 09:48:14,505 - freqtrade.worker - INFO - Bot heartbeat. PID=1, version='2025.12', state='RUNNING'
2026-01-05 09:49:14,518 - freqtrade.worker - INFO - Bot heartbeat. PID=1, version='2025.12', state='RUNNING'
2026-01-05 09:50:14,541 - freqtrade.worker - INFO - Bot heartbeat. PID=1, version='2025.12', state='RUNNING'
2026-01-05 09:51:14,546 - freqtrade.worker - INFO - Bot heartbeat. PID=1, version='2025.12', state='RUNNING'
2026-01-05 09:52:14,554 - freqtrade.worker - INFO - Bot heartbeat. PID=1, version='2025.12', state='RUNNING'
2026-01-05 09:53:14,566 - freqtrade.worker - INFO - Bot heartbeat. PID=1, version='2025.12', state='RUNNING'
2026-01-05 09:54:14,572 - freqtrade.worker - INFO - Bot heartbeat. PID=1, version='2025.12', state='RUNNING'
2026-01-05 09:55:14,579 - freqtrade.worker - INFO - Bot heartbeat. PID=1, version='2025.12', state='RUNNING'
2026-01-05 09:56:14,585 - freqtrade.worker - INFO - Bot heartbeat. PID=1, version='2025.12', state='RUNNING'
2026-01-05 09:57:14,592 - freqtrade.worker - INFO - Bot heartbeat. PID=1, version='2025.12', state='RUNNING'
2026-01-05 09:58:14,601 - freqtrade.worker - INFO - Bot heartbeat. PID=1, version='2025.12', state='RUNNING'
2026-01-05 09:59:14,610 - freqtrade.worker - INFO - Bot heartbeat. PID=1, version='2025.12', state='RUNNING'
2026-01-05 10:00:21,016 - freqtrade.worker - INFO - Bot heartbeat. PID=1, version='2025.12', state='RUNNING'
2026-01-05 10:01:07,048 - freqtrade.wallets - INFO - Wallets synced.
2026-01-05 10:01:21,024 - freqtrade.worker - INFO - Bot heartbeat. PID=1, version='2025.12', state='RUNNING'
2026-01-05 10:02:21,037 - freqtrade.worker - INFO - Bot heartbeat. PID=1, version='2025.12', state='RUNNING'
2026-01-05 10:03:21,043 - freqtrade.worker - INFO - Bot heartbeat. PID=1, version='2025.12', state='RUNNING'
2026-01-05 10:04:21,054 - freqtrade.worker - INFO - Bot heartbeat. PID=1, version='2025.12', state='RUNNING'
2026-01-05 10:05:21,063 - freqtrade.worker - INFO - Bot heartbeat. PID=1, version='2025.12', state='RUNNING'
2026-01-05 10:06:21,068 - freqtrade.worker - INFO - Bot heartbeat. PID=1, version='2025.12', state='RUNNING'
2026-01-05 10:06:21,312 - uvicorn.error - WARNING - Invalid HTTP request received.
2026-01-05 10:07:21,075 - freqtrade.worker - INFO - Bot heartbeat. PID=1, version='2025.12', state='RUNNING'
2026-01-05 10:08:21,082 - freqtrade.worker - INFO - Bot heartbeat. PID=1, version='2025.12', state='RUNNING'
2026-01-05 10:09:21,095 - freqtrade.worker - INFO - Bot heartbeat. PID=1, version='2025.12', state='RUNNING'
2026-01-05 10:10:21,101 - freqtrade.worker - INFO - Bot heartbeat. PID=1, version='2025.12', state='RUNNING'
2026-01-05 10:11:21,108 - freqtrade.worker - INFO - Bot heartbeat. PID=1, version='2025.12', state='RUNNING'
2026-01-05 10:12:21,121 - freqtrade.worker - INFO - Bot heartbeat. PID=1, version='2025.12', state='RUNNING'
2026-01-05 10:13:21,136 - freqtrade.worker - INFO - Bot heartbeat. PID=1, version='2025.12', state='RUNNING'
2026-01-05 10:14:21,141 - freqtrade.worker - INFO - Bot heartbeat. PID=1, version='2025.12', state='RUNNING'
2026-01-05 10:15:18,474 - freqtrade.wallets - INFO - Wallets synced.
2026-01-05 10:15:18,658 - freqtrade.freqtradebot - INFO - Long signal found: about create a new trade for DOGE/USDT:USDT with stake_amount: 116.9279521276596 and price: 0.14803 ...
2026-01-05 10:15:18,829 - freqtrade.freqtradebot - INFO - Order dry_run_buy_DOGE/USDT:USDT_1767608118.661152 was created for DOGE/USDT:USDT and status is closed.
2026-01-05 10:15:19,312 - freqtrade.wallets - INFO - Wallets synced.
2026-01-05 10:15:19,315 - freqtrade.rpc.rpc_manager - INFO - Sending rpc message: {'trade_id': 2, 'type': entry, 'buy_tag': '', 'enter_tag': '', 'exchange': 'Bybit', 'pair': 'DOGE/USDT:USDT', 'leverage': 1.0, 'direction': 'Long', 'limit': 0.14803, 'order_rate': 0.14803, 'open_rate': 0.14803, 'order_type': 'limit', 'stake_amount': 116.79567, 'stake_currency': 'USDT', 'base_currency': 'DOGE', 'quote_currency': 'USDT', 'fiat_currency': 'USD', 'amount': 789.0, 'open_date': datetime.datetime(2026, 1, 5, 10, 15, 18, 831161, tzinfo=datetime.timezone.utc), 'current_rate': 0.14803, 'sub_trade': False}
2026-01-05 10:15:19,317 - freqtrade.freqtradebot - INFO - Found open order for Trade(id=2, pair=DOGE/USDT:USDT, amount=789, is_short=False, leverage=1, open_rate=0.14803, open_since=2026-01-05 10:15:18)
2026-01-05 10:15:19,339 - freqtrade.freqtradebot - INFO - Fee for Trade Trade(id=2, pair=DOGE/USDT:USDT, amount=789, is_short=False, leverage=1, open_rate=0.14803, open_since=2026-01-05 10:15:18) [buy]: 0.070077402 USDT - rate: 0.0006
2026-01-05 10:15:19,341 - freqtrade.persistence.trade_model - INFO - Updating trade (id=2) ...
2026-01-05 10:15:19,342 - freqtrade.persistence.trade_model - INFO - LIMIT_BUY has been fulfilled for Trade(id=2, pair=DOGE/USDT:USDT, amount=789, is_short=False, leverage=1, open_rate=0.14803, open_since=2026-01-05 10:15:18).
2026-01-05 10:15:19,556 - freqtrade.wallets - INFO - Wallets synced.
2026-01-05 10:15:19,569 - freqtrade.rpc.rpc_manager - INFO - Sending rpc message: {'trade_id': 2, 'type': entry_fill, 'buy_tag': '', 'enter_tag': '', 'exchange': 'Bybit', 'pair': 'DOGE/USDT:USDT', 'leverage': 1.0, 'direction': 'Long', 'limit': 0.14803, 'order_rate': 0.14803, 'open_rate': 0.14803, 'order_type': 'limit', 'stake_amount': 116.79567, 'stake_currency': 'USDT', 'base_currency': 'DOGE', 'quote_currency': 'USDT', 'fiat_currency': 'USD', 'amount': 789.0, 'open_date': datetime.datetime(2026, 1, 5, 10, 15, 18, 831161, tzinfo=datetime.timezone.utc), 'current_rate': 0.14803, 'sub_trade': False}
2026-01-05 10:15:19,571 - freqtrade.rpc.telegram - INFO - Notification 'entry_fill' not sent.
2026-01-05 10:15:19,642 - freqtrade.rpc.rpc_manager - INFO - Sending rpc strategy_msg: Trade risk (DOGE/USDT:USDT): 1.27 %
2026-01-05 10:15:24,648 - freqtrade.worker - INFO - Bot heartbeat. PID=1, version='2025.12', state='RUNNING'
2026-01-05 10:16:24,654 - freqtrade.worker - INFO - Bot heartbeat. PID=1, version='2025.12', state='RUNNING'
2026-01-05 10:17:24,659 - freqtrade.worker - INFO - Bot heartbeat. PID=1, version='2025.12', state='RUNNING'
2026-01-05 10:18:24,664 - freqtrade.worker - INFO - Bot heartbeat. PID=1, version='2025.12', state='RUNNING'
2026-01-05 10:19:24,671 - freqtrade.worker - INFO - Bot heartbeat. PID=1, version='2025.12', state='RUNNING'
2026-01-05 10:20:24,679 - freqtrade.worker - INFO - Bot heartbeat. PID=1, version='2025.12', state='RUNNING'
2026-01-05 10:21:24,685 - freqtrade.worker - INFO - Bot heartbeat. PID=1, version='2025.12', state='RUNNING'
2026-01-05 10:22:24,692 - freqtrade.worker - INFO - Bot heartbeat. PID=1, version='2025.12', state='RUNNING'
2026-01-05 10:23:24,701 - freqtrade.worker - INFO - Bot heartbeat. PID=1, version='2025.12', state='RUNNING'
2026-01-05 10:23:39,710 - freqtrade.plugins.pairlistmanager - INFO - Whitelist with 20 pairs: ['BTC/USDT:USDT', 'ETH/USDT:USDT', 'SOL/USDT:USDT', 'XRP/USDT:USDT', '1000PEPE/USDT:USDT', 'DOGE/USDT:USDT', '1000BONK/USDT:USDT', 'FARTCOIN/USDT:USDT', 'WIF/USDT:USDT', 'RIVER/USDT:USDT', 'HYPE/USDT:USDT', 'SUI/USDT:USDT', 'ADA/USDT:USDT', 'PIPPIN/USDT:USDT', 'ENA/USDT:USDT', 'VIRTUAL/USDT:USDT', 'ZEC/USDT:USDT', 'ASTER/USDT:USDT', 'BCH/USDT:USDT', 'PENGU/USDT:USDT']
2026-01-05 10:23:45,048 - freqtrade.plugins.pairlistmanager - INFO - Whitelist with 20 pairs: ['BTC/USDT:USDT', 'ETH/USDT:USDT', 'SOL/USDT:USDT', 'XRP/USDT:USDT', '1000PEPE/USDT:USDT', 'DOGE/USDT:USDT', '1000BONK/USDT:USDT', 'FARTCOIN/USDT:USDT', 'WIF/USDT:USDT', 'RIVER/USDT:USDT', 'HYPE/USDT:USDT', 'SUI/USDT:USDT', 'ADA/USDT:USDT', 'PIPPIN/USDT:USDT', 'VIRTUAL/USDT:USDT', 'ENA/USDT:USDT', 'ZEC/USDT:USDT', 'BCH/USDT:USDT', 'ASTER/USDT:USDT', 'XAUT/USDT:USDT']
2026-01-05 10:24:24,709 - freqtrade.worker - INFO - Bot heartbeat. PID=1, version='2025.12', state='RUNNING'
2026-01-05 10:25:24,714 - freqtrade.worker - INFO - Bot heartbeat. PID=1, version='2025.12', state='RUNNING'
2026-01-05 10:26:24,719 - freqtrade.worker - INFO - Bot heartbeat. PID=1, version='2025.12', state='RUNNING'
2026-01-05 10:27:24,729 - freqtrade.worker - INFO - Bot heartbeat. PID=1, version='2025.12', state='RUNNING'
2026-01-05 10:28:24,737 - freqtrade.worker - INFO - Bot heartbeat. PID=1, version='2025.12', state='RUNNING'
2026-01-05 10:29:24,743 - freqtrade.worker - INFO - Bot heartbeat. PID=1, version='2025.12', state='RUNNING'
2026-01-05 10:30:25,028 - freqtrade.worker - INFO - Bot heartbeat. PID=1, version='2025.12', state='RUNNING'
2026-01-05 10:30:25,303 - freqtrade.freqtradebot - INFO - Exit for 1000PEPE/USDT:USDT detected. Reason: trailing_stop_loss
2026-01-05 10:30:25,733 - freqtrade.freqtradebot - INFO - Skipping cancelling stoploss on exchange for Trade(id=1, pair=1000PEPE/USDT:USDT, amount=9500, is_short=False, leverage=1, open_rate=0.006736, open_since=2026-01-05 09:45:13).
2026-01-05 10:30:25,740 - freqtrade.wallets - INFO - Wallets synced.
2026-01-05 10:30:25,911 - freqtrade.rpc.rpc_manager - INFO - Sending rpc message: {'type': exit, 'trade_id': 1, 'exchange': 'Bybit', 'pair': '1000PEPE/USDT:USDT', 'leverage': 1.0, 'direction': 'Long', 'gain': 'loss', 'limit': 0.006735, 'order_rate': 0.006735, 'order_type': 'market', 'amount': 9500.0, 'open_rate': 0.006736, 'close_rate': 0.006735, 'current_rate': 0.006735, 'profit_amount': -0.0862847, 'profit_ratio': -0.00134756, 'buy_tag': '', 'enter_tag': '', 'exit_reason': 'trailing_stop_loss', 'open_date': datetime.datetime(2026, 1, 5, 9, 45, 13, 560352, tzinfo=datetime.timezone.utc), 'close_date': datetime.datetime(2026, 1, 5, 10, 30, 25, 911401, tzinfo=datetime.timezone.utc), 'stake_amount': 63.992, 'stake_currency': 'USDT', 'base_currency': '1000PEPE', 'quote_currency': 'USDT', 'fiat_currency': 'USD', 'sub_trade': False, 'cumulative_profit': 0.0, 'final_profit_ratio': None, 'is_final_exit': False}
2026-01-05 10:30:25,915 - freqtrade.freqtradebot - INFO - Found open order for Trade(id=1, pair=1000PEPE/USDT:USDT, amount=9500, is_short=False, leverage=1, open_rate=0.006736, open_since=2026-01-05 09:45:13)
2026-01-05 10:30:25,937 - freqtrade.freqtradebot - INFO - Fee for Trade Trade(id=1, pair=1000PEPE/USDT:USDT, amount=9500, is_short=False, leverage=1, open_rate=0.006736, open_since=2026-01-05 09:45:13) [sell]: 0.0384465 USDT - rate: 0.0006
2026-01-05 10:30:25,939 - freqtrade.persistence.trade_model - INFO - Updating trade (id=1) ...
2026-01-05 10:30:25,941 - freqtrade.persistence.trade_model - INFO - MARKET_SELL has been fulfilled for Trade(id=1, pair=1000PEPE/USDT:USDT, amount=9500, is_short=False, leverage=1, open_rate=0.006736, open_since=2026-01-05 09:45:13).
2026-01-05 10:30:25,943 - freqtrade.persistence.trade_model - INFO - Marking Trade(id=1, pair=1000PEPE/USDT:USDT, amount=9500, is_short=False, leverage=1, open_rate=0.006736, open_since=closed) as closed as the trade is fulfilled and found no open orders for it.
2026-01-05 10:30:25,963 - freqtrade.wallets - INFO - Wallets synced.
2026-01-05 10:30:25,969 - freqtrade.rpc.rpc_manager - INFO - Sending rpc message: {'type': exit_fill, 'trade_id': 1, 'exchange': 'Bybit', 'pair': '1000PEPE/USDT:USDT', 'leverage': 1.0, 'direction': 'Long', 'gain': 'profit', 'limit': 0.006745, 'order_rate': 0.006745, 'order_type': 'market', 'amount': 9500.0, 'open_rate': 0.006736, 'close_rate': 0.006745, 'current_rate': None, 'profit_amount': 0.0086583, 'profit_ratio': 0.00013522, 'buy_tag': '', 'enter_tag': '', 'exit_reason': 'trailing_stop_loss', 'open_date': datetime.datetime(2026, 1, 5, 9, 45, 13, 560352, tzinfo=datetime.timezone.utc), 'close_date': datetime.datetime(2026, 1, 5, 10, 30, 25, 910000, tzinfo=datetime.timezone.utc), 'stake_amount': 63.992, 'stake_currency': 'USDT', 'base_currency': '1000PEPE', 'quote_currency': 'USDT', 'fiat_currency': 'USD', 'sub_trade': False, 'cumulative_profit': 0.0086583, 'final_profit_ratio': 0.000135221717325899, 'is_final_exit': True}
2026-01-05 10:30:26,173 - freqtrade.wallets - INFO - Wallets synced.
2026-01-05 10:31:06,041 - freqtrade.wallets - INFO - Wallets synced.
2026-01-05 10:31:25,044 - freqtrade.worker - INFO - Bot heartbeat. PID=1, version='2025.12', state='RUNNING'
2026-01-05 10:32:25,051 - freqtrade.worker - INFO - Bot heartbeat. PID=1, version='2025.12', state='RUNNING'
2026-01-05 10:33:25,059 - freqtrade.worker - INFO - Bot heartbeat. PID=1, version='2025.12', state='RUNNING'
2026-01-05 10:34:25,073 - freqtrade.worker - INFO - Bot heartbeat. PID=1, version='2025.12', state='RUNNING'
2026-01-05 10:35:25,078 - freqtrade.worker - INFO - Bot heartbeat. PID=1, version='2025.12', state='RUNNING'
2026-01-05 10:36:25,085 - freqtrade.worker - INFO - Bot heartbeat. PID=1, version='2025.12', state='RUNNING'
2026-01-05 10:37:10,385 - freqtrade.freqtradebot - INFO - Exit for DOGE/USDT:USDT detected. Reason: stop_loss
2026-01-05 10:37:10,894 - freqtrade.freqtradebot - INFO - Skipping cancelling stoploss on exchange for Trade(id=2, pair=DOGE/USDT:USDT, amount=789, is_short=False, leverage=1, open_rate=0.14803, open_since=2026-01-05 10:15:18).
2026-01-05 10:37:10,904 - freqtrade.wallets - INFO - Wallets synced.
2026-01-05 10:37:11,078 - freqtrade.rpc.rpc_manager - INFO - Sending rpc message: {'type': exit, 'trade_id': 2, 'exchange': 'Bybit', 'pair': 'DOGE/USDT:USDT', 'leverage': 1.0, 'direction': 'Long', 'gain': 'loss', 'limit': 0.14603, 'order_rate': 0.14603, 'order_type': 'market', 'amount': 789.0, 'open_rate': 0.14803, 'close_rate': 0.14603, 'current_rate': 0.14603, 'profit_amount': -1.717208, 'profit_ratio': -0.01469385, 'buy_tag': '', 'enter_tag': '', 'exit_reason': 'stop_loss', 'open_date': datetime.datetime(2026, 1, 5, 10, 15, 18, 831161, tzinfo=datetime.timezone.utc), 'close_date': datetime.datetime(2026, 1, 5, 10, 37, 11, 78883, tzinfo=datetime.timezone.utc), 'stake_amount': 116.79567, 'stake_currency': 'USDT', 'base_currency': 'DOGE', 'quote_currency': 'USDT', 'fiat_currency': 'USD', 'sub_trade': False, 'cumulative_profit': 0.0, 'final_profit_ratio': None, 'is_final_exit': False}
2026-01-05 10:37:11,084 - freqtrade.freqtradebot - INFO - Found open order for Trade(id=2, pair=DOGE/USDT:USDT, amount=789, is_short=False, leverage=1, open_rate=0.14803, open_since=2026-01-05 10:15:18)
2026-01-05 10:37:11,109 - freqtrade.freqtradebot - INFO - Fee for Trade Trade(id=2, pair=DOGE/USDT:USDT, amount=789, is_short=False, leverage=1, open_rate=0.14803, open_since=2026-01-05 10:15:18) [sell]: 0.069031188 USDT - rate: 0.0006
2026-01-05 10:37:11,111 - freqtrade.persistence.trade_model - INFO - Updating trade (id=2) ...
2026-01-05 10:37:11,113 - freqtrade.persistence.trade_model - INFO - MARKET_SELL has been fulfilled for Trade(id=2, pair=DOGE/USDT:USDT, amount=789, is_short=False, leverage=1, open_rate=0.14803, open_since=2026-01-05 10:15:18).
2026-01-05 10:37:11,115 - freqtrade.persistence.trade_model - INFO - Marking Trade(id=2, pair=DOGE/USDT:USDT, amount=789, is_short=False, leverage=1, open_rate=0.14803, open_since=closed) as closed as the trade is fulfilled and found no open orders for it.
2026-01-05 10:37:11,135 - freqtrade.wallets - INFO - Wallets synced.
2026-01-05 10:37:11,146 - freqtrade.rpc.rpc_manager - INFO - Sending rpc message: {'type': exit_fill, 'trade_id': 2, 'exchange': 'Bybit', 'pair': 'DOGE/USDT:USDT', 'leverage': 1.0, 'direction': 'Long', 'gain': 'loss', 'limit': 0.14582, 'order_rate': 0.14582, 'order_type': 'market', 'amount': 789.0, 'open_rate': 0.14803, 'close_rate': 0.14582, 'current_rate': None, 'profit_amount': -1.88279859, 'profit_ratio': -0.01611078, 'buy_tag': '', 'enter_tag': '', 'exit_reason': 'stop_loss', 'open_date': datetime.datetime(2026, 1, 5, 10, 15, 18, 831161, tzinfo=datetime.timezone.utc), 'close_date': datetime.datetime(2026, 1, 5, 10, 37, 11, 77000, tzinfo=datetime.timezone.utc), 'stake_amount': 116.79567, 'stake_currency': 'USDT', 'base_currency': 'DOGE', 'quote_currency': 'USDT', 'fiat_currency': 'USD', 'sub_trade': False, 'cumulative_profit': -1.88279859, 'final_profit_ratio': -0.016110782088471703, 'is_final_exit': True}
2026-01-05 10:37:11,162 - freqtrade.wallets - INFO - Wallets synced.
2026-01-05 10:37:25,095 - freqtrade.worker - INFO - Bot heartbeat. PID=1, version='2025.12', state='RUNNING'
2026-01-05 10:38:25,104 - freqtrade.worker - INFO - Bot heartbeat. PID=1, version='2025.12', state='RUNNING'
2026-01-05 10:39:25,112 - freqtrade.worker - INFO - Bot heartbeat. PID=1, version='2025.12', state='RUNNING'
2026-01-05 10:40:25,117 - freqtrade.worker - INFO - Bot heartbeat. PID=1, version='2025.12', state='RUNNING'
2026-01-05 10:41:25,137 - freqtrade.worker - INFO - Bot heartbeat. PID=1, version='2025.12', state='RUNNING'
2026-01-05 10:42:09,097 - uvicorn.error - WARNING - Invalid HTTP request received.
2026-01-05 10:42:09,144 - uvicorn.error - WARNING - Invalid HTTP request received.
2026-01-05 10:42:25,147 - freqtrade.worker - INFO - Bot heartbeat. PID=1, version='2025.12', state='RUNNING'
2026-01-05 10:43:25,154 - freqtrade.worker - INFO - Bot heartbeat. PID=1, version='2025.12', state='RUNNING'
2026-01-05 10:44:25,164 - freqtrade.worker - INFO - Bot heartbeat. PID=1, version='2025.12', state='RUNNING'
2026-01-05 10:45:01,004 - freqtrade.exchange.exchange_ws - INFO - Removing ('PENGU/USDT:USDT', '15m', <CandleType.FUTURES: 'futures'>) from websocket watchlist.
2026-01-05 10:45:01,009 - freqtrade.exchange.exchange_ws - INFO - Removal done: new watch list (85)
2026-01-05 10:45:01,580 - freqtrade.exchange.exchange_ws - INFO - PENGU/USDT:USDT, 15m, futures - Task finished - done
2026-01-05 10:45:25,788 - freqtrade.worker - INFO - Bot heartbeat. PID=1, version='2025.12', state='RUNNING'
2026-01-05 10:46:25,794 - freqtrade.worker - INFO - Bot heartbeat. PID=1, version='2025.12', state='RUNNING'
2026-01-05 10:47:25,803 - freqtrade.worker - INFO - Bot heartbeat. PID=1, version='2025.12', state='RUNNING'
2026-01-05 10:48:25,813 - freqtrade.worker - INFO - Bot heartbeat. PID=1, version='2025.12', state='RUNNING'
2026-01-05 10:49:25,819 - freqtrade.worker - INFO - Bot heartbeat. PID=1, version='2025.12', state='RUNNING'
2026-01-05 10:50:25,825 - freqtrade.worker - INFO - Bot heartbeat. PID=1, version='2025.12', state='RUNNING'
2026-01-05 10:51:25,838 - freqtrade.worker - INFO - Bot heartbeat. PID=1, version='2025.12', state='RUNNING'
2026-01-05 10:52:25,849 - freqtrade.worker - INFO - Bot heartbeat. PID=1, version='2025.12', state='RUNNING'
2026-01-05 10:53:25,854 - freqtrade.worker - INFO - Bot heartbeat. PID=1, version='2025.12', state='RUNNING'
2026-01-05 10:53:46,427 - freqtrade.plugins.pairlistmanager - INFO - Whitelist with 20 pairs: ['BTC/USDT:USDT', 'ETH/USDT:USDT', 'SOL/USDT:USDT', 'XRP/USDT:USDT', '1000PEPE/USDT:USDT', 'DOGE/USDT:USDT', 'FARTCOIN/USDT:USDT', '1000BONK/USDT:USDT', 'WIF/USDT:USDT', 'RIVER/USDT:USDT', 'HYPE/USDT:USDT', 'SUI/USDT:USDT', 'PIPPIN/USDT:USDT', 'ADA/USDT:USDT', 'VIRTUAL/USDT:USDT', 'ENA/USDT:USDT', 'ZEC/USDT:USDT', 'BCH/USDT:USDT', 'ASTER/USDT:USDT', 'XAUT/USDT:USDT']
2026-01-05 10:54:25,862 - freqtrade.worker - INFO - Bot heartbeat. PID=1, version='2025.12', state='RUNNING'
2026-01-05 10:55:25,873 - freqtrade.worker - INFO - Bot heartbeat. PID=1, version='2025.12', state='RUNNING'
2026-01-05 10:56:25,887 - freqtrade.worker - INFO - Bot heartbeat. PID=1, version='2025.12', state='RUNNING'
2026-01-05 10:57:25,894 - freqtrade.worker - INFO - Bot heartbeat. PID=1, version='2025.12', state='RUNNING'
2026-01-05 10:58:25,901 - freqtrade.worker - INFO - Bot heartbeat. PID=1, version='2025.12', state='RUNNING'
2026-01-05 10:59:25,914 - freqtrade.worker - INFO - Bot heartbeat. PID=1, version='2025.12', state='RUNNING'
2026-01-05 11:00:26,549 - freqtrade.worker - INFO - Bot heartbeat. PID=1, version='2025.12', state='RUNNING'
2026-01-05 11:01:06,739 - freqtrade.wallets - INFO - Wallets synced.
2026-01-05 11:01:26,555 - freqtrade.worker - INFO - Bot heartbeat. PID=1, version='2025.12', state='RUNNING'
2026-01-05 11:02:26,563 - freqtrade.worker - INFO - Bot heartbeat. PID=1, version='2025.12', state='RUNNING'
2026-01-05 11:03:26,573 - freqtrade.worker - INFO - Bot heartbeat. PID=1, version='2025.12', state='RUNNING'
2026-01-05 11:04:26,578 - freqtrade.worker - INFO - Bot heartbeat. PID=1, version='2025.12', state='RUNNING'
2026-01-05 11:05:26,585 - freqtrade.worker - INFO - Bot heartbeat. PID=1, version='2025.12', state='RUNNING'
2026-01-05 11:06:26,594 - freqtrade.worker - INFO - Bot heartbeat. PID=1, version='2025.12', state='RUNNING'
2026-01-05 11:07:26,603 - freqtrade.worker - INFO - Bot heartbeat. PID=1, version='2025.12', state='RUNNING'
2026-01-05 11:08:26,612 - freqtrade.worker - INFO - Bot heartbeat. PID=1, version='2025.12', state='RUNNING'
2026-01-05 11:09:26,619 - freqtrade.worker - INFO - Bot heartbeat. PID=1, version='2025.12', state='RUNNING'
2026-01-05 11:10:26,630 - freqtrade.worker - INFO - Bot heartbeat. PID=1, version='2025.12', state='RUNNING'
2026-01-05 11:11:26,639 - freqtrade.worker - INFO - Bot heartbeat. PID=1, version='2025.12', state='RUNNING'
2026-01-05 11:12:26,653 - freqtrade.worker - INFO - Bot heartbeat. PID=1, version='2025.12', state='RUNNING'
2026-01-05 11:13:26,664 - freqtrade.worker - INFO - Bot heartbeat. PID=1, version='2025.12', state='RUNNING'
2026-01-05 11:14:26,676 - freqtrade.worker - INFO - Bot heartbeat. PID=1, version='2025.12', state='RUNNING'
2026-01-05 11:15:01,003 - freqtrade.exchange.exchange_ws - INFO - Removing ('PENGU/USDT:USDT', '1h', <CandleType.FUTURES: 'futures'>) from websocket watchlist.
2026-01-05 11:15:01,018 - freqtrade.exchange.exchange_ws - INFO - Removal done: new watch list (84)
2026-01-05 11:15:01,547 - freqtrade.exchange.exchange_ws - INFO - PENGU/USDT:USDT, 1h, futures - Task finished - done
2026-01-05 11:15:17,115 - freqtrade.wallets - INFO - Wallets synced.
2026-01-05 11:15:17,441 - freqtrade.freqtradebot - INFO - Short signal found: about create a new trade for RIVER/USDT:USDT with stake_amount: 31.00537717611379 and price: 16.325 ...
2026-01-05 11:15:17,613 - freqtrade.freqtradebot - INFO - Order dry_run_sell_RIVER/USDT:USDT_1767611717.444724 was created for RIVER/USDT:USDT and status is closed.
2026-01-05 11:15:18,097 - freqtrade.wallets - INFO - Wallets synced.
2026-01-05 11:15:18,099 - freqtrade.rpc.rpc_manager - INFO - Sending rpc message: {'trade_id': 3, 'type': entry, 'buy_tag': '', 'enter_tag': '', 'exchange': 'Bybit', 'pair': 'RIVER/USDT:USDT', 'leverage': 1.0, 'direction': 'Short', 'limit': 16.325, 'order_rate': 16.325, 'open_rate': 16.325, 'order_type': 'limit', 'stake_amount': 29.385, 'stake_currency': 'USDT', 'base_currency': 'RIVER', 'quote_currency': 'USDT', 'fiat_currency': 'USD', 'amount': 1.8, 'open_date': datetime.datetime(2026, 1, 5, 11, 15, 17, 615016, tzinfo=datetime.timezone.utc), 'current_rate': 16.325, 'sub_trade': False}
2026-01-05 11:15:18,103 - freqtrade.freqtradebot - INFO - Found open order for Trade(id=3, pair=RIVER/USDT:USDT, amount=1.8, is_short=True, leverage=1, open_rate=16.325, open_since=2026-01-05 11:15:17)
2026-01-05 11:15:18,118 - freqtrade.freqtradebot - INFO - Fee for Trade Trade(id=3, pair=RIVER/USDT:USDT, amount=1.8, is_short=True, leverage=1, open_rate=16.325, open_since=2026-01-05 11:15:17) [sell]: 0.017631 USDT - rate: 0.0006
2026-01-05 11:15:18,120 - freqtrade.persistence.trade_model - INFO - Updating trade (id=3) ...
2026-01-05 11:15:18,121 - freqtrade.persistence.trade_model - INFO - LIMIT_SELL has been fulfilled for Trade(id=3, pair=RIVER/USDT:USDT, amount=1.8, is_short=True, leverage=1, open_rate=16.325, open_since=2026-01-05 11:15:17).
2026-01-05 11:15:18,333 - freqtrade.wallets - INFO - Wallets synced.
2026-01-05 11:15:18,348 - freqtrade.rpc.rpc_manager - INFO - Sending rpc message: {'trade_id': 3, 'type': entry_fill, 'buy_tag': '', 'enter_tag': '', 'exchange': 'Bybit', 'pair': 'RIVER/USDT:USDT', 'leverage': 1.0, 'direction': 'Short', 'limit': 16.325, 'order_rate': 16.325, 'open_rate': 16.325, 'order_type': 'limit', 'stake_amount': 29.385, 'stake_currency': 'USDT', 'base_currency': 'RIVER', 'quote_currency': 'USDT', 'fiat_currency': 'USD', 'amount': 1.8, 'open_date': datetime.datetime(2026, 1, 5, 11, 15, 17, 615016, tzinfo=datetime.timezone.utc), 'current_rate': 16.325, 'sub_trade': False}
2026-01-05 11:15:18,351 - freqtrade.rpc.telegram - INFO - Notification 'entry_fill' not sent.
2026-01-05 11:15:18,402 - freqtrade.rpc.rpc_manager - INFO - Sending rpc strategy_msg: Trade risk (RIVER/USDT:USDT): 4.76 %
2026-01-05 11:15:28,405 - freqtrade.worker - INFO - Bot heartbeat. PID=1, version='2025.12', state='RUNNING'
2026-01-05 11:16:28,417 - freqtrade.worker - INFO - Bot heartbeat. PID=1, version='2025.12', state='RUNNING'
2026-01-05 11:17:28,434 - freqtrade.worker - INFO - Bot heartbeat. PID=1, version='2025.12', state='RUNNING'
2026-01-05 11:18:28,444 - freqtrade.worker - INFO - Bot heartbeat. PID=1, version='2025.12', state='RUNNING'
2026-01-05 11:19:28,453 - freqtrade.worker - INFO - Bot heartbeat. PID=1, version='2025.12', state='RUNNING'
2026-01-05 11:20:28,463 - freqtrade.worker - INFO - Bot heartbeat. PID=1, version='2025.12', state='RUNNING'
2026-01-05 11:21:28,469 - freqtrade.worker - INFO - Bot heartbeat. PID=1, version='2025.12', state='RUNNING'
2026-01-05 11:22:28,479 - freqtrade.worker - INFO - Bot heartbeat. PID=1, version='2025.12', state='RUNNING'
2026-01-05 11:23:28,485 - freqtrade.worker - INFO - Bot heartbeat. PID=1, version='2025.12', state='RUNNING'
2026-01-05 11:23:48,834 - freqtrade.plugins.pairlistmanager - INFO - Whitelist with 20 pairs: ['BTC/USDT:USDT', 'ETH/USDT:USDT', 'SOL/USDT:USDT', 'XRP/USDT:USDT', '1000PEPE/USDT:USDT', 'DOGE/USDT:USDT', 'FARTCOIN/USDT:USDT', 'RIVER/USDT:USDT', '1000BONK/USDT:USDT', 'WIF/USDT:USDT', 'HYPE/USDT:USDT', 'SUI/USDT:USDT', 'PIPPIN/USDT:USDT', 'ADA/USDT:USDT', 'VIRTUAL/USDT:USDT', 'ENA/USDT:USDT', 'ZEC/USDT:USDT', 'BCH/USDT:USDT', 'ASTER/USDT:USDT', 'XAUT/USDT:USDT']
2026-01-05 11:24:28,492 - freqtrade.worker - INFO - Bot heartbeat. PID=1, version='2025.12', state='RUNNING'
2026-01-05 11:25:28,501 - freqtrade.worker - INFO - Bot heartbeat. PID=1, version='2025.12', state='RUNNING'
2026-01-05 11:26:28,507 - freqtrade.worker - INFO - Bot heartbeat. PID=1, version='2025.12', state='RUNNING'
2026-01-05 11:27:28,514 - freqtrade.worker - INFO - Bot heartbeat. PID=1, version='2025.12', state='RUNNING'
2026-01-05 11:28:28,522 - freqtrade.worker - INFO - Bot heartbeat. PID=1, version='2025.12', state='RUNNING'
2026-01-05 11:29:28,535 - freqtrade.worker - INFO - Bot heartbeat. PID=1, version='2025.12', state='RUNNING'
2026-01-05 11:30:30,886 - freqtrade.worker - INFO - Bot heartbeat. PID=1, version='2025.12', state='RUNNING'
2026-01-05 11:31:06,854 - freqtrade.wallets - INFO - Wallets synced.
2026-01-05 11:31:30,895 - freqtrade.worker - INFO - Bot heartbeat. PID=1, version='2025.12', state='RUNNING'
2026-01-05 11:32:30,906 - freqtrade.worker - INFO - Bot heartbeat. PID=1, version='2025.12', state='RUNNING'
2026-01-05 11:33:30,914 - freqtrade.worker - INFO - Bot heartbeat. PID=1, version='2025.12', state='RUNNING'
2026-01-05 11:34:30,940 - freqtrade.worker - INFO - Bot heartbeat. PID=1, version='2025.12', state='RUNNING'
2026-01-05 11:35:30,947 - freqtrade.worker - INFO - Bot heartbeat. PID=1, version='2025.12', state='RUNNING'
2026-01-05 11:36:30,954 - freqtrade.worker - INFO - Bot heartbeat. PID=1, version='2025.12', state='RUNNING'
2026-01-05 11:37:30,962 - freqtrade.worker - INFO - Bot heartbeat. PID=1, version='2025.12', state='RUNNING'
2026-01-05 11:38:30,972 - freqtrade.worker - INFO - Bot heartbeat. PID=1, version='2025.12', state='RUNNING'
2026-01-05 11:39:30,981 - freqtrade.worker - INFO - Bot heartbeat. PID=1, version='2025.12', state='RUNNING'
2026-01-05 11:40:30,987 - freqtrade.worker - INFO - Bot heartbeat. PID=1, version='2025.12', state='RUNNING'
2026-01-05 11:41:30,994 - freqtrade.worker - INFO - Bot heartbeat. PID=1, version='2025.12', state='RUNNING'
2026-01-05 11:42:31,008 - freqtrade.worker - INFO - Bot heartbeat. PID=1, version='2025.12', state='RUNNING'
2026-01-05 11:43:31,020 - freqtrade.worker - INFO - Bot heartbeat. PID=1, version='2025.12', state='RUNNING'
2026-01-05 11:44:31,037 - freqtrade.worker - INFO - Bot heartbeat. PID=1, version='2025.12', state='RUNNING'
2026-01-05 11:44:41,047 - freqtrade.rpc.rpc_manager - INFO - Sending rpc message: {'type': status, 'status': 'reload_config'}
2026-01-05 11:44:41,049 - freqtrade.worker - INFO - Changing state from RUNNING to: RELOAD_CONFIG
2026-01-05 11:44:41,058 - freqtrade.worker - INFO - Bot heartbeat. PID=1, version='2025.12', state='RELOAD_CONFIG'
2026-01-05 11:44:41,060 - freqtrade.freqtradebot - INFO - Cleaning up modules ...
2026-01-05 11:44:41,066 - freqtrade.rpc.rpc_manager - INFO - Cleaning up rpc modules ...
2026-01-05 11:44:41,067 - freqtrade.rpc.rpc_manager - INFO - Cleaning up rpc.apiserver ...
2026-01-05 11:44:41,069 - freqtrade.rpc.api_server.webserver - INFO - Stopping API Server
2026-01-05 11:44:41,073 - uvicorn.error - INFO - Shutting down
2026-01-05 11:44:41,176 - uvicorn.error - INFO - Waiting for application shutdown.
2026-01-05 11:44:41,179 - uvicorn.error - INFO - Application shutdown complete.
2026-01-05 11:44:41,185 - uvicorn.error - INFO - Finished server process [1]
2026-01-05 11:44:41,187 - freqtrade.rpc.rpc_manager - INFO - Cleaning up rpc.telegram ...
2026-01-05 11:44:46,049 - telegram.ext.Application - INFO - Application is stopping. This might take a moment.
2026-01-05 11:44:46,051 - telegram.ext.Application - INFO - Application.stop() complete
2026-01-05 11:44:46,619 - freqtrade.exchange.exchange_ws - INFO - Resetting WS connections.
2026-01-05 11:44:46,623 - freqtrade.exchange.exchange_ws - INFO - ETH/USDT:USDT, 1h, futures - Task finished - cancelled
2026-01-05 11:44:46,625 - freqtrade.exchange.exchange_ws - INFO - ZEC/USDT:USDT, 1d, futures - Task finished - cancelled
2026-01-05 11:44:46,627 - freqtrade.exchange.exchange_ws - INFO - ETH/USDT:USDT, 1d, futures - Task finished - cancelled
2026-01-05 11:44:46,628 - freqtrade.exchange.exchange_ws - INFO - ENA/USDT:USDT, 1h, futures - Task finished - cancelled
2026-01-05 11:44:46,630 - freqtrade.exchange.exchange_ws - INFO - XRP/USDT:USDT, 15m, futures - Task finished - cancelled
2026-01-05 11:44:46,632 - freqtrade.exchange.exchange_ws - INFO - ASTER/USDT:USDT, 4h, futures - Task finished - cancelled
2026-01-05 11:44:46,634 - freqtrade.exchange.exchange_ws - INFO - HYPE/USDT:USDT, 4h, futures - Task finished - cancelled
2026-01-05 11:44:46,635 - freqtrade.exchange.exchange_ws - INFO - WIF/USDT:USDT, 4h, futures - Task finished - cancelled
2026-01-05 11:44:46,637 - freqtrade.exchange.exchange_ws - INFO - WIF/USDT:USDT, 15m, futures - Task finished - cancelled
2026-01-05 11:44:46,639 - freqtrade.exchange.exchange_ws - INFO - SUI/USDT:USDT, 15m, futures - Task finished - cancelled
2026-01-05 11:44:46,642 - freqtrade.exchange.exchange_ws - INFO - 1000PEPE/USDT:USDT, 1h, futures - Task finished - cancelled
2026-01-05 11:44:46,644 - freqtrade.exchange.exchange_ws - INFO - 1000BONK/USDT:USDT, 15m, futures - Task finished - cancelled
2026-01-05 11:44:46,646 - freqtrade.exchange.exchange_ws - INFO - VIRTUAL/USDT:USDT, 15m, futures - Task finished - cancelled
2026-01-05 11:44:46,647 - freqtrade.exchange.exchange_ws - INFO - WIF/USDT:USDT, 1h, futures - Task finished - cancelled
2026-01-05 11:44:46,649 - freqtrade.exchange.exchange_ws - INFO - 1000PEPE/USDT:USDT, 4h, futures - Task finished - cancelled
2026-01-05 11:44:46,650 - freqtrade.exchange.exchange_ws - INFO - ENA/USDT:USDT, 1d, futures - Task finished - cancelled
2026-01-05 11:44:46,652 - freqtrade.exchange.exchange_ws - INFO - XRP/USDT:USDT, 4h, futures - Task finished - cancelled
2026-01-05 11:44:46,653 - freqtrade.exchange.exchange_ws - INFO - PIPPIN/USDT:USDT, 4h, futures - Task finished - cancelled
2026-01-05 11:44:46,655 - freqtrade.exchange.exchange_ws - INFO - PENGU/USDT:USDT, 4h, futures - Task finished - cancelled
2026-01-05 11:44:46,658 - freqtrade.exchange.exchange_ws - INFO - 1000BONK/USDT:USDT, 4h, futures - Task finished - cancelled
2026-01-05 11:44:46,660 - freqtrade.exchange.exchange_ws - INFO - VIRTUAL/USDT:USDT, 4h, futures - Task finished - cancelled
2026-01-05 11:44:46,662 - freqtrade.exchange.exchange_ws - INFO - ASTER/USDT:USDT, 1d, futures - Task finished - cancelled
2026-01-05 11:44:46,663 - freqtrade.exchange.exchange_ws - INFO - BTC/USDT:USDT, 15m, futures - Task finished - cancelled
2026-01-05 11:44:46,665 - freqtrade.exchange.exchange_ws - INFO - RIVER/USDT:USDT, 15m, futures - Task finished - cancelled
2026-01-05 11:44:46,667 - freqtrade.exchange.exchange_ws - INFO - SOL/USDT:USDT, 15m, futures - Task finished - cancelled
2026-01-05 11:44:46,668 - freqtrade.exchange.exchange_ws - INFO - ENA/USDT:USDT, 4h, futures - Task finished - cancelled
2026-01-05 11:44:46,670 - freqtrade.exchange.exchange_ws - INFO - XRP/USDT:USDT, 1d, futures - Task finished - cancelled
2026-01-05 11:44:46,672 - freqtrade.exchange.exchange_ws - INFO - PIPPIN/USDT:USDT, 1d, futures - Task finished - cancelled
2026-01-05 11:44:46,674 - freqtrade.exchange.exchange_ws - INFO - XAUT/USDT:USDT, 1d, futures - Task finished - cancelled
2026-01-05 11:44:46,676 - freqtrade.exchange.exchange_ws - INFO - VIRTUAL/USDT:USDT, 1h, futures - Task finished - cancelled
2026-01-05 11:44:46,677 - freqtrade.exchange.exchange_ws - INFO - 1000BONK/USDT:USDT, 1h, futures - Task finished - cancelled
2026-01-05 11:44:46,679 - freqtrade.exchange.exchange_ws - INFO - ASTER/USDT:USDT, 15m, futures - Task finished - cancelled
2026-01-05 11:44:46,681 - freqtrade.exchange.exchange_ws - INFO - XAUT/USDT:USDT, 1h, futures - Task finished - cancelled
2026-01-05 11:44:46,682 - freqtrade.exchange.exchange_ws - INFO - ETH/USDT:USDT, 15m, futures - Task finished - cancelled
2026-01-05 11:44:46,684 - freqtrade.exchange.exchange_ws - INFO - 1000BONK/USDT:USDT, 1d, futures - Task finished - cancelled
2026-01-05 11:44:46,685 - freqtrade.exchange.exchange_ws - INFO - MYX/USDT:USDT, 1d, futures - Task finished - cancelled
2026-01-05 11:44:46,687 - freqtrade.exchange.exchange_ws - INFO - RIVER/USDT:USDT, 4h, futures - Task finished - cancelled
2026-01-05 11:44:46,688 - freqtrade.exchange.exchange_ws - INFO - SOL/USDT:USDT, 1d, futures - Task finished - cancelled
2026-01-05 11:44:46,689 - freqtrade.exchange.exchange_ws - INFO - VIRTUAL/USDT:USDT, 1d, futures - Task finished - cancelled
2026-01-05 11:44:46,691 - freqtrade.exchange.exchange_ws - INFO - BCH/USDT:USDT, 4h, futures - Task finished - cancelled
2026-01-05 11:44:46,692 - freqtrade.exchange.exchange_ws - INFO - SUI/USDT:USDT, 4h, futures - Task finished - cancelled
2026-01-05 11:44:46,693 - freqtrade.exchange.exchange_ws - INFO - 1000PEPE/USDT:USDT, 15m, futures - Task finished - cancelled
2026-01-05 11:44:46,695 - freqtrade.exchange.exchange_ws - INFO - BCH/USDT:USDT, 1d, futures - Task finished - cancelled
2026-01-05 11:44:46,697 - freqtrade.exchange.exchange_ws - INFO - FARTCOIN/USDT:USDT, 1h, futures - Task finished - cancelled
2026-01-05 11:44:46,698 - freqtrade.exchange.exchange_ws - INFO - HYPE/USDT:USDT, 1d, futures - Task finished - cancelled
2026-01-05 11:44:46,699 - freqtrade.exchange.exchange_ws - INFO - SUI/USDT:USDT, 1d, futures - Task finished - cancelled
2026-01-05 11:44:46,701 - freqtrade.exchange.exchange_ws - INFO - ASTER/USDT:USDT, 1h, futures - Task finished - cancelled
2026-01-05 11:44:46,702 - freqtrade.exchange.exchange_ws - INFO - HYPE/USDT:USDT, 15m, futures - Task finished - cancelled
2026-01-05 11:44:46,704 - freqtrade.exchange.exchange_ws - INFO - WIF/USDT:USDT, 1d, futures - Task finished - cancelled
2026-01-05 11:44:46,705 - freqtrade.exchange.exchange_ws - INFO - DOGE/USDT:USDT, 1h, futures - Task finished - cancelled
2026-01-05 11:44:46,707 - freqtrade.exchange.exchange_ws - INFO - ZEC/USDT:USDT, 15m, futures - Task finished - cancelled
2026-01-05 11:44:46,708 - freqtrade.exchange.exchange_ws - INFO - PIPPIN/USDT:USDT, 1h, futures - Task finished - cancelled
2026-01-05 11:44:46,710 - freqtrade.exchange.exchange_ws - INFO - RIVER/USDT:USDT, 1h, futures - Task finished - cancelled
2026-01-05 11:44:46,711 - freqtrade.exchange.exchange_ws - INFO - SUI/USDT:USDT, 1h, futures - Task finished - cancelled
2026-01-05 11:44:46,713 - freqtrade.exchange.exchange_ws - INFO - SOL/USDT:USDT, 1h, futures - Task finished - cancelled
2026-01-05 11:44:46,714 - freqtrade.exchange.exchange_ws - INFO - 1000PEPE/USDT:USDT, 1d, futures - Task finished - cancelled
2026-01-05 11:44:46,716 - freqtrade.exchange.exchange_ws - INFO - DOGE/USDT:USDT, 1d, futures - Task finished - cancelled
2026-01-05 11:44:46,717 - freqtrade.exchange.exchange_ws - INFO - MYX/USDT:USDT, 4h, futures - Task finished - cancelled
2026-01-05 11:44:46,719 - freqtrade.exchange.exchange_ws - INFO - BTC/USDT:USDT, 4h, futures - Task finished - cancelled
2026-01-05 11:44:46,720 - freqtrade.exchange.exchange_ws - INFO - ENA/USDT:USDT, 15m, futures - Task finished - cancelled
2026-01-05 11:44:46,722 - freqtrade.exchange.exchange_ws - INFO - XAUT/USDT:USDT, 4h, futures - Task finished - cancelled
2026-01-05 11:44:46,723 - freqtrade.exchange.exchange_ws - INFO - SOL/USDT:USDT, 4h, futures - Task finished - cancelled
2026-01-05 11:44:46,724 - freqtrade.exchange.exchange_ws - INFO - DOGE/USDT:USDT, 15m, futures - Task finished - cancelled
2026-01-05 11:44:46,726 - freqtrade.exchange.exchange_ws - INFO - ADA/USDT:USDT, 1h, futures - Task finished - cancelled
2026-01-05 11:44:46,727 - freqtrade.exchange.exchange_ws - INFO - BCH/USDT:USDT, 15m, futures - Task finished - cancelled
2026-01-05 11:44:46,729 - freqtrade.exchange.exchange_ws - INFO - BTC/USDT:USDT, 1h, futures - Task finished - cancelled
2026-01-05 11:44:46,730 - freqtrade.exchange.exchange_ws - INFO - ZEC/USDT:USDT, 4h, futures - Task finished - cancelled
2026-01-05 11:44:46,732 - freqtrade.exchange.exchange_ws - INFO - RIVER/USDT:USDT, 1d, futures - Task finished - cancelled
2026-01-05 11:44:46,733 - freqtrade.exchange.exchange_ws - INFO - FARTCOIN/USDT:USDT, 15m, futures - Task finished - cancelled
2026-01-05 11:44:46,735 - freqtrade.exchange.exchange_ws - INFO - FARTCOIN/USDT:USDT, 4h, futures - Task finished - cancelled
2026-01-05 11:44:46,736 - freqtrade.exchange.exchange_ws - INFO - PENGU/USDT:USDT, 1d, futures - Task finished - cancelled
2026-01-05 11:44:46,738 - freqtrade.exchange.exchange_ws - INFO - HYPE/USDT:USDT, 1h, futures - Task finished - cancelled
2026-01-05 11:44:46,739 - freqtrade.exchange.exchange_ws - INFO - ADA/USDT:USDT, 15m, futures - Task finished - cancelled
2026-01-05 11:44:46,741 - freqtrade.exchange.exchange_ws - INFO - XRP/USDT:USDT, 1h, futures - Task finished - cancelled
2026-01-05 11:44:46,742 - freqtrade.exchange.exchange_ws - INFO - ETH/USDT:USDT, 4h, futures - Task finished - cancelled
2026-01-05 11:44:46,743 - freqtrade.exchange.exchange_ws - INFO - XAUT/USDT:USDT, 15m, futures - Task finished - cancelled
2026-01-05 11:44:46,745 - freqtrade.exchange.exchange_ws - INFO - FARTCOIN/USDT:USDT, 1d, futures - Task finished - cancelled
2026-01-05 11:44:46,746 - freqtrade.exchange.exchange_ws - INFO - BTC/USDT:USDT, 1d, futures - Task finished - cancelled
2026-01-05 11:44:46,748 - freqtrade.exchange.exchange_ws - INFO - ZEC/USDT:USDT, 1h, futures - Task finished - cancelled
2026-01-05 11:44:46,749 - freqtrade.exchange.exchange_ws - INFO - PIPPIN/USDT:USDT, 15m, futures - Task finished - cancelled
2026-01-05 11:44:46,751 - freqtrade.exchange.exchange_ws - INFO - ADA/USDT:USDT, 4h, futures - Task finished - cancelled
2026-01-05 11:44:46,752 - freqtrade.exchange.exchange_ws - INFO - DOGE/USDT:USDT, 4h, futures - Task finished - cancelled
2026-01-05 11:44:46,753 - freqtrade.exchange.exchange_ws - INFO - ADA/USDT:USDT, 1d, futures - Task finished - cancelled
2026-01-05 11:44:46,755 - freqtrade.exchange.exchange_ws - INFO - BCH/USDT:USDT, 1h, futures - Task finished - cancelled
2026-01-05 11:44:46,780 - freqtrade.exchange.exchange_ws - ERROR - Exception in _unwatch_ohlcv
Traceback (most recent call last):
  File "/freqtrade/freqtrade/exchange/exchange_ws.py", line 144, in _unwatch_ohlcv
    await self._ccxt_object.un_watch_ohlcv_for_symbols([[pair, timeframe]])
  File "/home/ftuser/.local/lib/python3.13/site-packages/ccxt/pro/bybit.py", line 727, in un_watch_ohlcv_for_symbols
    return await self.un_watch_topics(url, 'ohlcv', symbols, messageHashes, subMessageHashes, rawHashes, params, subExtension)
           ^^^^^^^^^^^^^^^^^^^^^^^^^^^^^^^^^^^^^^^^^^^^^^^^^^^^^^^^^^^^^^^^^^^^^^^^^^^^^^^^^^^^^^^^^^^^^^^^^^^^^^^^^^^^^^^^^^^
  File "/home/ftuser/.local/lib/python3.13/site-packages/ccxt/pro/bybit.py", line 2174, in un_watch_topics
    return await self.watch_multiple(url, messageHashes, message, messageHashes, self.extend(subscription, subExtension))
           ^^^^^^^^^^^^^^^^^^^^^^^^^^^^^^^^^^^^^^^^^^^^^^^^^^^^^^^^^^^^^^^^^^^^^^^^^^^^^^^^^^^^^^^^^^^^^^^^^^^^^^^^^^^^^^
ccxt.base.errors.NetworkError: Connection closed by remote server, closing code 1006
2026-01-05 11:44:46,791 - freqtrade.exchange.exchange_ws - ERROR - Exception in _unwatch_ohlcv
Traceback (most recent call last):
  File "/freqtrade/freqtrade/exchange/exchange_ws.py", line 144, in _unwatch_ohlcv
    await self._ccxt_object.un_watch_ohlcv_for_symbols([[pair, timeframe]])
  File "/home/ftuser/.local/lib/python3.13/site-packages/ccxt/pro/bybit.py", line 727, in un_watch_ohlcv_for_symbols
    return await self.un_watch_topics(url, 'ohlcv', symbols, messageHashes, subMessageHashes, rawHashes, params, subExtension)
           ^^^^^^^^^^^^^^^^^^^^^^^^^^^^^^^^^^^^^^^^^^^^^^^^^^^^^^^^^^^^^^^^^^^^^^^^^^^^^^^^^^^^^^^^^^^^^^^^^^^^^^^^^^^^^^^^^^^
  File "/home/ftuser/.local/lib/python3.13/site-packages/ccxt/pro/bybit.py", line 2174, in un_watch_topics
    return await self.watch_multiple(url, messageHashes, message, messageHashes, self.extend(subscription, subExtension))
           ^^^^^^^^^^^^^^^^^^^^^^^^^^^^^^^^^^^^^^^^^^^^^^^^^^^^^^^^^^^^^^^^^^^^^^^^^^^^^^^^^^^^^^^^^^^^^^^^^^^^^^^^^^^^^^
ccxt.base.errors.NetworkError: Connection closed by remote server, closing code 1006
2026-01-05 11:44:46,793 - freqtrade.exchange.exchange_ws - ERROR - Exception in _unwatch_ohlcv
Traceback (most recent call last):
  File "/freqtrade/freqtrade/exchange/exchange_ws.py", line 144, in _unwatch_ohlcv
    await self._ccxt_object.un_watch_ohlcv_for_symbols([[pair, timeframe]])
  File "/home/ftuser/.local/lib/python3.13/site-packages/ccxt/pro/bybit.py", line 727, in un_watch_ohlcv_for_symbols
    return await self.un_watch_topics(url, 'ohlcv', symbols, messageHashes, subMessageHashes, rawHashes, params, subExtension)
           ^^^^^^^^^^^^^^^^^^^^^^^^^^^^^^^^^^^^^^^^^^^^^^^^^^^^^^^^^^^^^^^^^^^^^^^^^^^^^^^^^^^^^^^^^^^^^^^^^^^^^^^^^^^^^^^^^^^
  File "/home/ftuser/.local/lib/python3.13/site-packages/ccxt/pro/bybit.py", line 2174, in un_watch_topics
    return await self.watch_multiple(url, messageHashes, message, messageHashes, self.extend(subscription, subExtension))
           ^^^^^^^^^^^^^^^^^^^^^^^^^^^^^^^^^^^^^^^^^^^^^^^^^^^^^^^^^^^^^^^^^^^^^^^^^^^^^^^^^^^^^^^^^^^^^^^^^^^^^^^^^^^^^^
ccxt.base.errors.NetworkError: Connection closed by remote server, closing code 1006
2026-01-05 11:44:46,795 - freqtrade.exchange.exchange_ws - ERROR - Exception in _unwatch_ohlcv
Traceback (most recent call last):
  File "/freqtrade/freqtrade/exchange/exchange_ws.py", line 144, in _unwatch_ohlcv
    await self._ccxt_object.un_watch_ohlcv_for_symbols([[pair, timeframe]])
  File "/home/ftuser/.local/lib/python3.13/site-packages/ccxt/pro/bybit.py", line 727, in un_watch_ohlcv_for_symbols
    return await self.un_watch_topics(url, 'ohlcv', symbols, messageHashes, subMessageHashes, rawHashes, params, subExtension)
           ^^^^^^^^^^^^^^^^^^^^^^^^^^^^^^^^^^^^^^^^^^^^^^^^^^^^^^^^^^^^^^^^^^^^^^^^^^^^^^^^^^^^^^^^^^^^^^^^^^^^^^^^^^^^^^^^^^^
  File "/home/ftuser/.local/lib/python3.13/site-packages/ccxt/pro/bybit.py", line 2174, in un_watch_topics
    return await self.watch_multiple(url, messageHashes, message, messageHashes, self.extend(subscription, subExtension))
           ^^^^^^^^^^^^^^^^^^^^^^^^^^^^^^^^^^^^^^^^^^^^^^^^^^^^^^^^^^^^^^^^^^^^^^^^^^^^^^^^^^^^^^^^^^^^^^^^^^^^^^^^^^^^^^
ccxt.base.errors.NetworkError: Connection closed by remote server, closing code 1006
2026-01-05 11:44:46,797 - freqtrade.exchange.exchange_ws - ERROR - Exception in _unwatch_ohlcv
Traceback (most recent call last):
  File "/freqtrade/freqtrade/exchange/exchange_ws.py", line 144, in _unwatch_ohlcv
    await self._ccxt_object.un_watch_ohlcv_for_symbols([[pair, timeframe]])
  File "/home/ftuser/.local/lib/python3.13/site-packages/ccxt/pro/bybit.py", line 727, in un_watch_ohlcv_for_symbols
    return await self.un_watch_topics(url, 'ohlcv', symbols, messageHashes, subMessageHashes, rawHashes, params, subExtension)
           ^^^^^^^^^^^^^^^^^^^^^^^^^^^^^^^^^^^^^^^^^^^^^^^^^^^^^^^^^^^^^^^^^^^^^^^^^^^^^^^^^^^^^^^^^^^^^^^^^^^^^^^^^^^^^^^^^^^
  File "/home/ftuser/.local/lib/python3.13/site-packages/ccxt/pro/bybit.py", line 2174, in un_watch_topics
    return await self.watch_multiple(url, messageHashes, message, messageHashes, self.extend(subscription, subExtension))
           ^^^^^^^^^^^^^^^^^^^^^^^^^^^^^^^^^^^^^^^^^^^^^^^^^^^^^^^^^^^^^^^^^^^^^^^^^^^^^^^^^^^^^^^^^^^^^^^^^^^^^^^^^^^^^^
ccxt.base.errors.NetworkError: Connection closed by remote server, closing code 1006
2026-01-05 11:44:46,800 - freqtrade.exchange.exchange_ws - ERROR - Exception in _unwatch_ohlcv
Traceback (most recent call last):
  File "/freqtrade/freqtrade/exchange/exchange_ws.py", line 144, in _unwatch_ohlcv
    await self._ccxt_object.un_watch_ohlcv_for_symbols([[pair, timeframe]])
  File "/home/ftuser/.local/lib/python3.13/site-packages/ccxt/pro/bybit.py", line 727, in un_watch_ohlcv_for_symbols
    return await self.un_watch_topics(url, 'ohlcv', symbols, messageHashes, subMessageHashes, rawHashes, params, subExtension)
           ^^^^^^^^^^^^^^^^^^^^^^^^^^^^^^^^^^^^^^^^^^^^^^^^^^^^^^^^^^^^^^^^^^^^^^^^^^^^^^^^^^^^^^^^^^^^^^^^^^^^^^^^^^^^^^^^^^^
  File "/home/ftuser/.local/lib/python3.13/site-packages/ccxt/pro/bybit.py", line 2174, in un_watch_topics
    return await self.watch_multiple(url, messageHashes, message, messageHashes, self.extend(subscription, subExtension))
           ^^^^^^^^^^^^^^^^^^^^^^^^^^^^^^^^^^^^^^^^^^^^^^^^^^^^^^^^^^^^^^^^^^^^^^^^^^^^^^^^^^^^^^^^^^^^^^^^^^^^^^^^^^^^^^
ccxt.base.errors.NetworkError: Connection closed by remote server, closing code 1006
2026-01-05 11:44:46,802 - freqtrade.exchange.exchange_ws - ERROR - Exception in _unwatch_ohlcv
Traceback (most recent call last):
  File "/freqtrade/freqtrade/exchange/exchange_ws.py", line 144, in _unwatch_ohlcv
    await self._ccxt_object.un_watch_ohlcv_for_symbols([[pair, timeframe]])
  File "/home/ftuser/.local/lib/python3.13/site-packages/ccxt/pro/bybit.py", line 727, in un_watch_ohlcv_for_symbols
    return await self.un_watch_topics(url, 'ohlcv', symbols, messageHashes, subMessageHashes, rawHashes, params, subExtension)
           ^^^^^^^^^^^^^^^^^^^^^^^^^^^^^^^^^^^^^^^^^^^^^^^^^^^^^^^^^^^^^^^^^^^^^^^^^^^^^^^^^^^^^^^^^^^^^^^^^^^^^^^^^^^^^^^^^^^
  File "/home/ftuser/.local/lib/python3.13/site-packages/ccxt/pro/bybit.py", line 2174, in un_watch_topics
    return await self.watch_multiple(url, messageHashes, message, messageHashes, self.extend(subscription, subExtension))
           ^^^^^^^^^^^^^^^^^^^^^^^^^^^^^^^^^^^^^^^^^^^^^^^^^^^^^^^^^^^^^^^^^^^^^^^^^^^^^^^^^^^^^^^^^^^^^^^^^^^^^^^^^^^^^^
ccxt.base.errors.NetworkError: Connection closed by remote server, closing code 1006
2026-01-05 11:44:46,804 - freqtrade.exchange.exchange_ws - ERROR - Exception in _unwatch_ohlcv
Traceback (most recent call last):
  File "/freqtrade/freqtrade/exchange/exchange_ws.py", line 144, in _unwatch_ohlcv
    await self._ccxt_object.un_watch_ohlcv_for_symbols([[pair, timeframe]])
  File "/home/ftuser/.local/lib/python3.13/site-packages/ccxt/pro/bybit.py", line 727, in un_watch_ohlcv_for_symbols
    return await self.un_watch_topics(url, 'ohlcv', symbols, messageHashes, subMessageHashes, rawHashes, params, subExtension)
           ^^^^^^^^^^^^^^^^^^^^^^^^^^^^^^^^^^^^^^^^^^^^^^^^^^^^^^^^^^^^^^^^^^^^^^^^^^^^^^^^^^^^^^^^^^^^^^^^^^^^^^^^^^^^^^^^^^^
  File "/home/ftuser/.local/lib/python3.13/site-packages/ccxt/pro/bybit.py", line 2174, in un_watch_topics
    return await self.watch_multiple(url, messageHashes, message, messageHashes, self.extend(subscription, subExtension))
           ^^^^^^^^^^^^^^^^^^^^^^^^^^^^^^^^^^^^^^^^^^^^^^^^^^^^^^^^^^^^^^^^^^^^^^^^^^^^^^^^^^^^^^^^^^^^^^^^^^^^^^^^^^^^^^
ccxt.base.errors.NetworkError: Connection closed by remote server, closing code 1006
2026-01-05 11:44:46,806 - freqtrade.exchange.exchange_ws - ERROR - Exception in _unwatch_ohlcv
Traceback (most recent call last):
  File "/freqtrade/freqtrade/exchange/exchange_ws.py", line 144, in _unwatch_ohlcv
    await self._ccxt_object.un_watch_ohlcv_for_symbols([[pair, timeframe]])
  File "/home/ftuser/.local/lib/python3.13/site-packages/ccxt/pro/bybit.py", line 727, in un_watch_ohlcv_for_symbols
    return await self.un_watch_topics(url, 'ohlcv', symbols, messageHashes, subMessageHashes, rawHashes, params, subExtension)
           ^^^^^^^^^^^^^^^^^^^^^^^^^^^^^^^^^^^^^^^^^^^^^^^^^^^^^^^^^^^^^^^^^^^^^^^^^^^^^^^^^^^^^^^^^^^^^^^^^^^^^^^^^^^^^^^^^^^
  File "/home/ftuser/.local/lib/python3.13/site-packages/ccxt/pro/bybit.py", line 2174, in un_watch_topics
    return await self.watch_multiple(url, messageHashes, message, messageHashes, self.extend(subscription, subExtension))
           ^^^^^^^^^^^^^^^^^^^^^^^^^^^^^^^^^^^^^^^^^^^^^^^^^^^^^^^^^^^^^^^^^^^^^^^^^^^^^^^^^^^^^^^^^^^^^^^^^^^^^^^^^^^^^^
ccxt.base.errors.NetworkError: Connection closed by remote server, closing code 1006
2026-01-05 11:44:46,808 - freqtrade.exchange.exchange_ws - ERROR - Exception in _unwatch_ohlcv
Traceback (most recent call last):
  File "/freqtrade/freqtrade/exchange/exchange_ws.py", line 144, in _unwatch_ohlcv
    await self._ccxt_object.un_watch_ohlcv_for_symbols([[pair, timeframe]])
  File "/home/ftuser/.local/lib/python3.13/site-packages/ccxt/pro/bybit.py", line 727, in un_watch_ohlcv_for_symbols
    return await self.un_watch_topics(url, 'ohlcv', symbols, messageHashes, subMessageHashes, rawHashes, params, subExtension)
           ^^^^^^^^^^^^^^^^^^^^^^^^^^^^^^^^^^^^^^^^^^^^^^^^^^^^^^^^^^^^^^^^^^^^^^^^^^^^^^^^^^^^^^^^^^^^^^^^^^^^^^^^^^^^^^^^^^^
  File "/home/ftuser/.local/lib/python3.13/site-packages/ccxt/pro/bybit.py", line 2174, in un_watch_topics
    return await self.watch_multiple(url, messageHashes, message, messageHashes, self.extend(subscription, subExtension))
           ^^^^^^^^^^^^^^^^^^^^^^^^^^^^^^^^^^^^^^^^^^^^^^^^^^^^^^^^^^^^^^^^^^^^^^^^^^^^^^^^^^^^^^^^^^^^^^^^^^^^^^^^^^^^^^
ccxt.base.errors.NetworkError: Connection closed by remote server, closing code 1006
2026-01-05 11:44:46,810 - freqtrade.exchange.exchange_ws - ERROR - Exception in _unwatch_ohlcv
Traceback (most recent call last):
  File "/freqtrade/freqtrade/exchange/exchange_ws.py", line 144, in _unwatch_ohlcv
    await self._ccxt_object.un_watch_ohlcv_for_symbols([[pair, timeframe]])
  File "/home/ftuser/.local/lib/python3.13/site-packages/ccxt/pro/bybit.py", line 727, in un_watch_ohlcv_for_symbols
    return await self.un_watch_topics(url, 'ohlcv', symbols, messageHashes, subMessageHashes, rawHashes, params, subExtension)
           ^^^^^^^^^^^^^^^^^^^^^^^^^^^^^^^^^^^^^^^^^^^^^^^^^^^^^^^^^^^^^^^^^^^^^^^^^^^^^^^^^^^^^^^^^^^^^^^^^^^^^^^^^^^^^^^^^^^
  File "/home/ftuser/.local/lib/python3.13/site-packages/ccxt/pro/bybit.py", line 2174, in un_watch_topics
    return await self.watch_multiple(url, messageHashes, message, messageHashes, self.extend(subscription, subExtension))
           ^^^^^^^^^^^^^^^^^^^^^^^^^^^^^^^^^^^^^^^^^^^^^^^^^^^^^^^^^^^^^^^^^^^^^^^^^^^^^^^^^^^^^^^^^^^^^^^^^^^^^^^^^^^^^^
ccxt.base.errors.NetworkError: Connection closed by remote server, closing code 1006
2026-01-05 11:44:46,812 - freqtrade.exchange.exchange_ws - ERROR - Exception in _unwatch_ohlcv
Traceback (most recent call last):
  File "/freqtrade/freqtrade/exchange/exchange_ws.py", line 144, in _unwatch_ohlcv
    await self._ccxt_object.un_watch_ohlcv_for_symbols([[pair, timeframe]])
  File "/home/ftuser/.local/lib/python3.13/site-packages/ccxt/pro/bybit.py", line 727, in un_watch_ohlcv_for_symbols
    return await self.un_watch_topics(url, 'ohlcv', symbols, messageHashes, subMessageHashes, rawHashes, params, subExtension)
           ^^^^^^^^^^^^^^^^^^^^^^^^^^^^^^^^^^^^^^^^^^^^^^^^^^^^^^^^^^^^^^^^^^^^^^^^^^^^^^^^^^^^^^^^^^^^^^^^^^^^^^^^^^^^^^^^^^^
  File "/home/ftuser/.local/lib/python3.13/site-packages/ccxt/pro/bybit.py", line 2174, in un_watch_topics
    return await self.watch_multiple(url, messageHashes, message, messageHashes, self.extend(subscription, subExtension))
           ^^^^^^^^^^^^^^^^^^^^^^^^^^^^^^^^^^^^^^^^^^^^^^^^^^^^^^^^^^^^^^^^^^^^^^^^^^^^^^^^^^^^^^^^^^^^^^^^^^^^^^^^^^^^^^
ccxt.base.errors.NetworkError: Connection closed by remote server, closing code 1006
2026-01-05 11:44:46,814 - freqtrade.exchange.exchange_ws - ERROR - Exception in _unwatch_ohlcv
Traceback (most recent call last):
  File "/freqtrade/freqtrade/exchange/exchange_ws.py", line 144, in _unwatch_ohlcv
    await self._ccxt_object.un_watch_ohlcv_for_symbols([[pair, timeframe]])
  File "/home/ftuser/.local/lib/python3.13/site-packages/ccxt/pro/bybit.py", line 727, in un_watch_ohlcv_for_symbols
    return await self.un_watch_topics(url, 'ohlcv', symbols, messageHashes, subMessageHashes, rawHashes, params, subExtension)
           ^^^^^^^^^^^^^^^^^^^^^^^^^^^^^^^^^^^^^^^^^^^^^^^^^^^^^^^^^^^^^^^^^^^^^^^^^^^^^^^^^^^^^^^^^^^^^^^^^^^^^^^^^^^^^^^^^^^
  File "/home/ftuser/.local/lib/python3.13/site-packages/ccxt/pro/bybit.py", line 2174, in un_watch_topics
    return await self.watch_multiple(url, messageHashes, message, messageHashes, self.extend(subscription, subExtension))
           ^^^^^^^^^^^^^^^^^^^^^^^^^^^^^^^^^^^^^^^^^^^^^^^^^^^^^^^^^^^^^^^^^^^^^^^^^^^^^^^^^^^^^^^^^^^^^^^^^^^^^^^^^^^^^^
ccxt.base.errors.NetworkError: Connection closed by remote server, closing code 1006
2026-01-05 11:44:46,816 - freqtrade.exchange.exchange_ws - ERROR - Exception in _unwatch_ohlcv
Traceback (most recent call last):
  File "/freqtrade/freqtrade/exchange/exchange_ws.py", line 144, in _unwatch_ohlcv
    await self._ccxt_object.un_watch_ohlcv_for_symbols([[pair, timeframe]])
  File "/home/ftuser/.local/lib/python3.13/site-packages/ccxt/pro/bybit.py", line 727, in un_watch_ohlcv_for_symbols
    return await self.un_watch_topics(url, 'ohlcv', symbols, messageHashes, subMessageHashes, rawHashes, params, subExtension)
           ^^^^^^^^^^^^^^^^^^^^^^^^^^^^^^^^^^^^^^^^^^^^^^^^^^^^^^^^^^^^^^^^^^^^^^^^^^^^^^^^^^^^^^^^^^^^^^^^^^^^^^^^^^^^^^^^^^^
  File "/home/ftuser/.local/lib/python3.13/site-packages/ccxt/pro/bybit.py", line 2174, in un_watch_topics
    return await self.watch_multiple(url, messageHashes, message, messageHashes, self.extend(subscription, subExtension))
           ^^^^^^^^^^^^^^^^^^^^^^^^^^^^^^^^^^^^^^^^^^^^^^^^^^^^^^^^^^^^^^^^^^^^^^^^^^^^^^^^^^^^^^^^^^^^^^^^^^^^^^^^^^^^^^
ccxt.base.errors.NetworkError: Connection closed by remote server, closing code 1006
2026-01-05 11:44:46,818 - freqtrade.exchange.exchange_ws - ERROR - Exception in _unwatch_ohlcv
Traceback (most recent call last):
  File "/freqtrade/freqtrade/exchange/exchange_ws.py", line 144, in _unwatch_ohlcv
    await self._ccxt_object.un_watch_ohlcv_for_symbols([[pair, timeframe]])
  File "/home/ftuser/.local/lib/python3.13/site-packages/ccxt/pro/bybit.py", line 727, in un_watch_ohlcv_for_symbols
    return await self.un_watch_topics(url, 'ohlcv', symbols, messageHashes, subMessageHashes, rawHashes, params, subExtension)
           ^^^^^^^^^^^^^^^^^^^^^^^^^^^^^^^^^^^^^^^^^^^^^^^^^^^^^^^^^^^^^^^^^^^^^^^^^^^^^^^^^^^^^^^^^^^^^^^^^^^^^^^^^^^^^^^^^^^
  File "/home/ftuser/.local/lib/python3.13/site-packages/ccxt/pro/bybit.py", line 2174, in un_watch_topics
    return await self.watch_multiple(url, messageHashes, message, messageHashes, self.extend(subscription, subExtension))
           ^^^^^^^^^^^^^^^^^^^^^^^^^^^^^^^^^^^^^^^^^^^^^^^^^^^^^^^^^^^^^^^^^^^^^^^^^^^^^^^^^^^^^^^^^^^^^^^^^^^^^^^^^^^^^^
ccxt.base.errors.NetworkError: Connection closed by remote server, closing code 1006
2026-01-05 11:44:46,820 - freqtrade.exchange.exchange_ws - ERROR - Exception in _unwatch_ohlcv
Traceback (most recent call last):
  File "/freqtrade/freqtrade/exchange/exchange_ws.py", line 144, in _unwatch_ohlcv
    await self._ccxt_object.un_watch_ohlcv_for_symbols([[pair, timeframe]])
  File "/home/ftuser/.local/lib/python3.13/site-packages/ccxt/pro/bybit.py", line 727, in un_watch_ohlcv_for_symbols
    return await self.un_watch_topics(url, 'ohlcv', symbols, messageHashes, subMessageHashes, rawHashes, params, subExtension)
           ^^^^^^^^^^^^^^^^^^^^^^^^^^^^^^^^^^^^^^^^^^^^^^^^^^^^^^^^^^^^^^^^^^^^^^^^^^^^^^^^^^^^^^^^^^^^^^^^^^^^^^^^^^^^^^^^^^^
  File "/home/ftuser/.local/lib/python3.13/site-packages/ccxt/pro/bybit.py", line 2174, in un_watch_topics
    return await self.watch_multiple(url, messageHashes, message, messageHashes, self.extend(subscription, subExtension))
           ^^^^^^^^^^^^^^^^^^^^^^^^^^^^^^^^^^^^^^^^^^^^^^^^^^^^^^^^^^^^^^^^^^^^^^^^^^^^^^^^^^^^^^^^^^^^^^^^^^^^^^^^^^^^^^
ccxt.base.errors.NetworkError: Connection closed by remote server, closing code 1006
2026-01-05 11:44:46,822 - freqtrade.exchange.exchange_ws - ERROR - Exception in _unwatch_ohlcv
Traceback (most recent call last):
  File "/freqtrade/freqtrade/exchange/exchange_ws.py", line 144, in _unwatch_ohlcv
    await self._ccxt_object.un_watch_ohlcv_for_symbols([[pair, timeframe]])
  File "/home/ftuser/.local/lib/python3.13/site-packages/ccxt/pro/bybit.py", line 727, in un_watch_ohlcv_for_symbols
    return await self.un_watch_topics(url, 'ohlcv', symbols, messageHashes, subMessageHashes, rawHashes, params, subExtension)
           ^^^^^^^^^^^^^^^^^^^^^^^^^^^^^^^^^^^^^^^^^^^^^^^^^^^^^^^^^^^^^^^^^^^^^^^^^^^^^^^^^^^^^^^^^^^^^^^^^^^^^^^^^^^^^^^^^^^
  File "/home/ftuser/.local/lib/python3.13/site-packages/ccxt/pro/bybit.py", line 2174, in un_watch_topics
    return await self.watch_multiple(url, messageHashes, message, messageHashes, self.extend(subscription, subExtension))
           ^^^^^^^^^^^^^^^^^^^^^^^^^^^^^^^^^^^^^^^^^^^^^^^^^^^^^^^^^^^^^^^^^^^^^^^^^^^^^^^^^^^^^^^^^^^^^^^^^^^^^^^^^^^^^^
ccxt.base.errors.NetworkError: Connection closed by remote server, closing code 1006
2026-01-05 11:44:46,824 - freqtrade.exchange.exchange_ws - ERROR - Exception in _unwatch_ohlcv
Traceback (most recent call last):
  File "/freqtrade/freqtrade/exchange/exchange_ws.py", line 144, in _unwatch_ohlcv
    await self._ccxt_object.un_watch_ohlcv_for_symbols([[pair, timeframe]])
  File "/home/ftuser/.local/lib/python3.13/site-packages/ccxt/pro/bybit.py", line 727, in un_watch_ohlcv_for_symbols
    return await self.un_watch_topics(url, 'ohlcv', symbols, messageHashes, subMessageHashes, rawHashes, params, subExtension)
           ^^^^^^^^^^^^^^^^^^^^^^^^^^^^^^^^^^^^^^^^^^^^^^^^^^^^^^^^^^^^^^^^^^^^^^^^^^^^^^^^^^^^^^^^^^^^^^^^^^^^^^^^^^^^^^^^^^^
  File "/home/ftuser/.local/lib/python3.13/site-packages/ccxt/pro/bybit.py", line 2174, in un_watch_topics
    return await self.watch_multiple(url, messageHashes, message, messageHashes, self.extend(subscription, subExtension))
           ^^^^^^^^^^^^^^^^^^^^^^^^^^^^^^^^^^^^^^^^^^^^^^^^^^^^^^^^^^^^^^^^^^^^^^^^^^^^^^^^^^^^^^^^^^^^^^^^^^^^^^^^^^^^^^
ccxt.base.errors.NetworkError: Connection closed by remote server, closing code 1006
2026-01-05 11:44:46,826 - freqtrade.exchange.exchange_ws - ERROR - Exception in _unwatch_ohlcv
Traceback (most recent call last):
  File "/freqtrade/freqtrade/exchange/exchange_ws.py", line 144, in _unwatch_ohlcv
    await self._ccxt_object.un_watch_ohlcv_for_symbols([[pair, timeframe]])
  File "/home/ftuser/.local/lib/python3.13/site-packages/ccxt/pro/bybit.py", line 727, in un_watch_ohlcv_for_symbols
    return await self.un_watch_topics(url, 'ohlcv', symbols, messageHashes, subMessageHashes, rawHashes, params, subExtension)
           ^^^^^^^^^^^^^^^^^^^^^^^^^^^^^^^^^^^^^^^^^^^^^^^^^^^^^^^^^^^^^^^^^^^^^^^^^^^^^^^^^^^^^^^^^^^^^^^^^^^^^^^^^^^^^^^^^^^
  File "/home/ftuser/.local/lib/python3.13/site-packages/ccxt/pro/bybit.py", line 2174, in un_watch_topics
    return await self.watch_multiple(url, messageHashes, message, messageHashes, self.extend(subscription, subExtension))
           ^^^^^^^^^^^^^^^^^^^^^^^^^^^^^^^^^^^^^^^^^^^^^^^^^^^^^^^^^^^^^^^^^^^^^^^^^^^^^^^^^^^^^^^^^^^^^^^^^^^^^^^^^^^^^^
ccxt.base.errors.NetworkError: Connection closed by remote server, closing code 1006
2026-01-05 11:44:46,828 - freqtrade.exchange.exchange_ws - ERROR - Exception in _unwatch_ohlcv
Traceback (most recent call last):
  File "/freqtrade/freqtrade/exchange/exchange_ws.py", line 144, in _unwatch_ohlcv
    await self._ccxt_object.un_watch_ohlcv_for_symbols([[pair, timeframe]])
  File "/home/ftuser/.local/lib/python3.13/site-packages/ccxt/pro/bybit.py", line 727, in un_watch_ohlcv_for_symbols
    return await self.un_watch_topics(url, 'ohlcv', symbols, messageHashes, subMessageHashes, rawHashes, params, subExtension)
           ^^^^^^^^^^^^^^^^^^^^^^^^^^^^^^^^^^^^^^^^^^^^^^^^^^^^^^^^^^^^^^^^^^^^^^^^^^^^^^^^^^^^^^^^^^^^^^^^^^^^^^^^^^^^^^^^^^^
  File "/home/ftuser/.local/lib/python3.13/site-packages/ccxt/pro/bybit.py", line 2174, in un_watch_topics
    return await self.watch_multiple(url, messageHashes, message, messageHashes, self.extend(subscription, subExtension))
           ^^^^^^^^^^^^^^^^^^^^^^^^^^^^^^^^^^^^^^^^^^^^^^^^^^^^^^^^^^^^^^^^^^^^^^^^^^^^^^^^^^^^^^^^^^^^^^^^^^^^^^^^^^^^^^
ccxt.base.errors.NetworkError: Connection closed by remote server, closing code 1006
2026-01-05 11:44:46,830 - freqtrade.exchange.exchange_ws - ERROR - Exception in _unwatch_ohlcv
Traceback (most recent call last):
  File "/freqtrade/freqtrade/exchange/exchange_ws.py", line 144, in _unwatch_ohlcv
    await self._ccxt_object.un_watch_ohlcv_for_symbols([[pair, timeframe]])
  File "/home/ftuser/.local/lib/python3.13/site-packages/ccxt/pro/bybit.py", line 727, in un_watch_ohlcv_for_symbols
    return await self.un_watch_topics(url, 'ohlcv', symbols, messageHashes, subMessageHashes, rawHashes, params, subExtension)
           ^^^^^^^^^^^^^^^^^^^^^^^^^^^^^^^^^^^^^^^^^^^^^^^^^^^^^^^^^^^^^^^^^^^^^^^^^^^^^^^^^^^^^^^^^^^^^^^^^^^^^^^^^^^^^^^^^^^
  File "/home/ftuser/.local/lib/python3.13/site-packages/ccxt/pro/bybit.py", line 2174, in un_watch_topics
    return await self.watch_multiple(url, messageHashes, message, messageHashes, self.extend(subscription, subExtension))
           ^^^^^^^^^^^^^^^^^^^^^^^^^^^^^^^^^^^^^^^^^^^^^^^^^^^^^^^^^^^^^^^^^^^^^^^^^^^^^^^^^^^^^^^^^^^^^^^^^^^^^^^^^^^^^^
ccxt.base.errors.NetworkError: Connection closed by remote server, closing code 1006
2026-01-05 11:44:46,832 - freqtrade.exchange.exchange_ws - ERROR - Exception in _unwatch_ohlcv
Traceback (most recent call last):
  File "/freqtrade/freqtrade/exchange/exchange_ws.py", line 144, in _unwatch_ohlcv
    await self._ccxt_object.un_watch_ohlcv_for_symbols([[pair, timeframe]])
  File "/home/ftuser/.local/lib/python3.13/site-packages/ccxt/pro/bybit.py", line 727, in un_watch_ohlcv_for_symbols
    return await self.un_watch_topics(url, 'ohlcv', symbols, messageHashes, subMessageHashes, rawHashes, params, subExtension)
           ^^^^^^^^^^^^^^^^^^^^^^^^^^^^^^^^^^^^^^^^^^^^^^^^^^^^^^^^^^^^^^^^^^^^^^^^^^^^^^^^^^^^^^^^^^^^^^^^^^^^^^^^^^^^^^^^^^^
  File "/home/ftuser/.local/lib/python3.13/site-packages/ccxt/pro/bybit.py", line 2174, in un_watch_topics
    return await self.watch_multiple(url, messageHashes, message, messageHashes, self.extend(subscription, subExtension))
           ^^^^^^^^^^^^^^^^^^^^^^^^^^^^^^^^^^^^^^^^^^^^^^^^^^^^^^^^^^^^^^^^^^^^^^^^^^^^^^^^^^^^^^^^^^^^^^^^^^^^^^^^^^^^^^
ccxt.base.errors.NetworkError: Connection closed by remote server, closing code 1006
2026-01-05 11:44:46,834 - freqtrade.exchange.exchange_ws - ERROR - Exception in _unwatch_ohlcv
Traceback (most recent call last):
  File "/freqtrade/freqtrade/exchange/exchange_ws.py", line 144, in _unwatch_ohlcv
    await self._ccxt_object.un_watch_ohlcv_for_symbols([[pair, timeframe]])
  File "/home/ftuser/.local/lib/python3.13/site-packages/ccxt/pro/bybit.py", line 727, in un_watch_ohlcv_for_symbols
    return await self.un_watch_topics(url, 'ohlcv', symbols, messageHashes, subMessageHashes, rawHashes, params, subExtension)
           ^^^^^^^^^^^^^^^^^^^^^^^^^^^^^^^^^^^^^^^^^^^^^^^^^^^^^^^^^^^^^^^^^^^^^^^^^^^^^^^^^^^^^^^^^^^^^^^^^^^^^^^^^^^^^^^^^^^
  File "/home/ftuser/.local/lib/python3.13/site-packages/ccxt/pro/bybit.py", line 2174, in un_watch_topics
    return await self.watch_multiple(url, messageHashes, message, messageHashes, self.extend(subscription, subExtension))
           ^^^^^^^^^^^^^^^^^^^^^^^^^^^^^^^^^^^^^^^^^^^^^^^^^^^^^^^^^^^^^^^^^^^^^^^^^^^^^^^^^^^^^^^^^^^^^^^^^^^^^^^^^^^^^^
ccxt.base.errors.NetworkError: Connection closed by remote server, closing code 1006
2026-01-05 11:44:46,835 - freqtrade.exchange.exchange_ws - ERROR - Exception in _unwatch_ohlcv
Traceback (most recent call last):
  File "/freqtrade/freqtrade/exchange/exchange_ws.py", line 144, in _unwatch_ohlcv
    await self._ccxt_object.un_watch_ohlcv_for_symbols([[pair, timeframe]])
  File "/home/ftuser/.local/lib/python3.13/site-packages/ccxt/pro/bybit.py", line 727, in un_watch_ohlcv_for_symbols
    return await self.un_watch_topics(url, 'ohlcv', symbols, messageHashes, subMessageHashes, rawHashes, params, subExtension)
           ^^^^^^^^^^^^^^^^^^^^^^^^^^^^^^^^^^^^^^^^^^^^^^^^^^^^^^^^^^^^^^^^^^^^^^^^^^^^^^^^^^^^^^^^^^^^^^^^^^^^^^^^^^^^^^^^^^^
  File "/home/ftuser/.local/lib/python3.13/site-packages/ccxt/pro/bybit.py", line 2174, in un_watch_topics
    return await self.watch_multiple(url, messageHashes, message, messageHashes, self.extend(subscription, subExtension))
           ^^^^^^^^^^^^^^^^^^^^^^^^^^^^^^^^^^^^^^^^^^^^^^^^^^^^^^^^^^^^^^^^^^^^^^^^^^^^^^^^^^^^^^^^^^^^^^^^^^^^^^^^^^^^^^
ccxt.base.errors.NetworkError: Connection closed by remote server, closing code 1006
2026-01-05 11:44:46,837 - freqtrade.exchange.exchange_ws - ERROR - Exception in _unwatch_ohlcv
Traceback (most recent call last):
  File "/freqtrade/freqtrade/exchange/exchange_ws.py", line 144, in _unwatch_ohlcv
    await self._ccxt_object.un_watch_ohlcv_for_symbols([[pair, timeframe]])
  File "/home/ftuser/.local/lib/python3.13/site-packages/ccxt/pro/bybit.py", line 727, in un_watch_ohlcv_for_symbols
    return await self.un_watch_topics(url, 'ohlcv', symbols, messageHashes, subMessageHashes, rawHashes, params, subExtension)
           ^^^^^^^^^^^^^^^^^^^^^^^^^^^^^^^^^^^^^^^^^^^^^^^^^^^^^^^^^^^^^^^^^^^^^^^^^^^^^^^^^^^^^^^^^^^^^^^^^^^^^^^^^^^^^^^^^^^
  File "/home/ftuser/.local/lib/python3.13/site-packages/ccxt/pro/bybit.py", line 2174, in un_watch_topics
    return await self.watch_multiple(url, messageHashes, message, messageHashes, self.extend(subscription, subExtension))
           ^^^^^^^^^^^^^^^^^^^^^^^^^^^^^^^^^^^^^^^^^^^^^^^^^^^^^^^^^^^^^^^^^^^^^^^^^^^^^^^^^^^^^^^^^^^^^^^^^^^^^^^^^^^^^^
ccxt.base.errors.NetworkError: Connection closed by remote server, closing code 1006
2026-01-05 11:44:46,839 - freqtrade.exchange.exchange_ws - ERROR - Exception in _unwatch_ohlcv
Traceback (most recent call last):
  File "/freqtrade/freqtrade/exchange/exchange_ws.py", line 144, in _unwatch_ohlcv
    await self._ccxt_object.un_watch_ohlcv_for_symbols([[pair, timeframe]])
  File "/home/ftuser/.local/lib/python3.13/site-packages/ccxt/pro/bybit.py", line 727, in un_watch_ohlcv_for_symbols
    return await self.un_watch_topics(url, 'ohlcv', symbols, messageHashes, subMessageHashes, rawHashes, params, subExtension)
           ^^^^^^^^^^^^^^^^^^^^^^^^^^^^^^^^^^^^^^^^^^^^^^^^^^^^^^^^^^^^^^^^^^^^^^^^^^^^^^^^^^^^^^^^^^^^^^^^^^^^^^^^^^^^^^^^^^^
  File "/home/ftuser/.local/lib/python3.13/site-packages/ccxt/pro/bybit.py", line 2174, in un_watch_topics
    return await self.watch_multiple(url, messageHashes, message, messageHashes, self.extend(subscription, subExtension))
           ^^^^^^^^^^^^^^^^^^^^^^^^^^^^^^^^^^^^^^^^^^^^^^^^^^^^^^^^^^^^^^^^^^^^^^^^^^^^^^^^^^^^^^^^^^^^^^^^^^^^^^^^^^^^^^
ccxt.base.errors.NetworkError: Connection closed by remote server, closing code 1006
2026-01-05 11:44:46,841 - freqtrade.exchange.exchange_ws - ERROR - Exception in _unwatch_ohlcv
Traceback (most recent call last):
  File "/freqtrade/freqtrade/exchange/exchange_ws.py", line 144, in _unwatch_ohlcv
    await self._ccxt_object.un_watch_ohlcv_for_symbols([[pair, timeframe]])
  File "/home/ftuser/.local/lib/python3.13/site-packages/ccxt/pro/bybit.py", line 727, in un_watch_ohlcv_for_symbols
    return await self.un_watch_topics(url, 'ohlcv', symbols, messageHashes, subMessageHashes, rawHashes, params, subExtension)
           ^^^^^^^^^^^^^^^^^^^^^^^^^^^^^^^^^^^^^^^^^^^^^^^^^^^^^^^^^^^^^^^^^^^^^^^^^^^^^^^^^^^^^^^^^^^^^^^^^^^^^^^^^^^^^^^^^^^
  File "/home/ftuser/.local/lib/python3.13/site-packages/ccxt/pro/bybit.py", line 2174, in un_watch_topics
    return await self.watch_multiple(url, messageHashes, message, messageHashes, self.extend(subscription, subExtension))
           ^^^^^^^^^^^^^^^^^^^^^^^^^^^^^^^^^^^^^^^^^^^^^^^^^^^^^^^^^^^^^^^^^^^^^^^^^^^^^^^^^^^^^^^^^^^^^^^^^^^^^^^^^^^^^^
ccxt.base.errors.NetworkError: Connection closed by remote server, closing code 1006
2026-01-05 11:44:46,843 - freqtrade.exchange.exchange_ws - ERROR - Exception in _unwatch_ohlcv
Traceback (most recent call last):
  File "/freqtrade/freqtrade/exchange/exchange_ws.py", line 144, in _unwatch_ohlcv
    await self._ccxt_object.un_watch_ohlcv_for_symbols([[pair, timeframe]])
  File "/home/ftuser/.local/lib/python3.13/site-packages/ccxt/pro/bybit.py", line 727, in un_watch_ohlcv_for_symbols
    return await self.un_watch_topics(url, 'ohlcv', symbols, messageHashes, subMessageHashes, rawHashes, params, subExtension)
           ^^^^^^^^^^^^^^^^^^^^^^^^^^^^^^^^^^^^^^^^^^^^^^^^^^^^^^^^^^^^^^^^^^^^^^^^^^^^^^^^^^^^^^^^^^^^^^^^^^^^^^^^^^^^^^^^^^^
  File "/home/ftuser/.local/lib/python3.13/site-packages/ccxt/pro/bybit.py", line 2174, in un_watch_topics
    return await self.watch_multiple(url, messageHashes, message, messageHashes, self.extend(subscription, subExtension))
           ^^^^^^^^^^^^^^^^^^^^^^^^^^^^^^^^^^^^^^^^^^^^^^^^^^^^^^^^^^^^^^^^^^^^^^^^^^^^^^^^^^^^^^^^^^^^^^^^^^^^^^^^^^^^^^
ccxt.base.errors.NetworkError: Connection closed by remote server, closing code 1006
2026-01-05 11:44:46,845 - freqtrade.exchange.exchange_ws - ERROR - Exception in _unwatch_ohlcv
Traceback (most recent call last):
  File "/freqtrade/freqtrade/exchange/exchange_ws.py", line 144, in _unwatch_ohlcv
    await self._ccxt_object.un_watch_ohlcv_for_symbols([[pair, timeframe]])
  File "/home/ftuser/.local/lib/python3.13/site-packages/ccxt/pro/bybit.py", line 727, in un_watch_ohlcv_for_symbols
    return await self.un_watch_topics(url, 'ohlcv', symbols, messageHashes, subMessageHashes, rawHashes, params, subExtension)
           ^^^^^^^^^^^^^^^^^^^^^^^^^^^^^^^^^^^^^^^^^^^^^^^^^^^^^^^^^^^^^^^^^^^^^^^^^^^^^^^^^^^^^^^^^^^^^^^^^^^^^^^^^^^^^^^^^^^
  File "/home/ftuser/.local/lib/python3.13/site-packages/ccxt/pro/bybit.py", line 2174, in un_watch_topics
    return await self.watch_multiple(url, messageHashes, message, messageHashes, self.extend(subscription, subExtension))
           ^^^^^^^^^^^^^^^^^^^^^^^^^^^^^^^^^^^^^^^^^^^^^^^^^^^^^^^^^^^^^^^^^^^^^^^^^^^^^^^^^^^^^^^^^^^^^^^^^^^^^^^^^^^^^^
ccxt.base.errors.NetworkError: Connection closed by remote server, closing code 1006
2026-01-05 11:44:46,847 - freqtrade.exchange.exchange_ws - ERROR - Exception in _unwatch_ohlcv
Traceback (most recent call last):
  File "/freqtrade/freqtrade/exchange/exchange_ws.py", line 144, in _unwatch_ohlcv
    await self._ccxt_object.un_watch_ohlcv_for_symbols([[pair, timeframe]])
  File "/home/ftuser/.local/lib/python3.13/site-packages/ccxt/pro/bybit.py", line 727, in un_watch_ohlcv_for_symbols
    return await self.un_watch_topics(url, 'ohlcv', symbols, messageHashes, subMessageHashes, rawHashes, params, subExtension)
           ^^^^^^^^^^^^^^^^^^^^^^^^^^^^^^^^^^^^^^^^^^^^^^^^^^^^^^^^^^^^^^^^^^^^^^^^^^^^^^^^^^^^^^^^^^^^^^^^^^^^^^^^^^^^^^^^^^^
  File "/home/ftuser/.local/lib/python3.13/site-packages/ccxt/pro/bybit.py", line 2174, in un_watch_topics
    return await self.watch_multiple(url, messageHashes, message, messageHashes, self.extend(subscription, subExtension))
           ^^^^^^^^^^^^^^^^^^^^^^^^^^^^^^^^^^^^^^^^^^^^^^^^^^^^^^^^^^^^^^^^^^^^^^^^^^^^^^^^^^^^^^^^^^^^^^^^^^^^^^^^^^^^^^
ccxt.base.errors.NetworkError: Connection closed by remote server, closing code 1006
2026-01-05 11:44:46,849 - freqtrade.exchange.exchange_ws - ERROR - Exception in _unwatch_ohlcv
Traceback (most recent call last):
  File "/freqtrade/freqtrade/exchange/exchange_ws.py", line 144, in _unwatch_ohlcv
    await self._ccxt_object.un_watch_ohlcv_for_symbols([[pair, timeframe]])
  File "/home/ftuser/.local/lib/python3.13/site-packages/ccxt/pro/bybit.py", line 727, in un_watch_ohlcv_for_symbols
    return await self.un_watch_topics(url, 'ohlcv', symbols, messageHashes, subMessageHashes, rawHashes, params, subExtension)
           ^^^^^^^^^^^^^^^^^^^^^^^^^^^^^^^^^^^^^^^^^^^^^^^^^^^^^^^^^^^^^^^^^^^^^^^^^^^^^^^^^^^^^^^^^^^^^^^^^^^^^^^^^^^^^^^^^^^
  File "/home/ftuser/.local/lib/python3.13/site-packages/ccxt/pro/bybit.py", line 2174, in un_watch_topics
    return await self.watch_multiple(url, messageHashes, message, messageHashes, self.extend(subscription, subExtension))
           ^^^^^^^^^^^^^^^^^^^^^^^^^^^^^^^^^^^^^^^^^^^^^^^^^^^^^^^^^^^^^^^^^^^^^^^^^^^^^^^^^^^^^^^^^^^^^^^^^^^^^^^^^^^^^^
ccxt.base.errors.NetworkError: Connection closed by remote server, closing code 1006
2026-01-05 11:44:46,851 - freqtrade.exchange.exchange_ws - ERROR - Exception in _unwatch_ohlcv
Traceback (most recent call last):
  File "/freqtrade/freqtrade/exchange/exchange_ws.py", line 144, in _unwatch_ohlcv
    await self._ccxt_object.un_watch_ohlcv_for_symbols([[pair, timeframe]])
  File "/home/ftuser/.local/lib/python3.13/site-packages/ccxt/pro/bybit.py", line 727, in un_watch_ohlcv_for_symbols
    return await self.un_watch_topics(url, 'ohlcv', symbols, messageHashes, subMessageHashes, rawHashes, params, subExtension)
           ^^^^^^^^^^^^^^^^^^^^^^^^^^^^^^^^^^^^^^^^^^^^^^^^^^^^^^^^^^^^^^^^^^^^^^^^^^^^^^^^^^^^^^^^^^^^^^^^^^^^^^^^^^^^^^^^^^^
  File "/home/ftuser/.local/lib/python3.13/site-packages/ccxt/pro/bybit.py", line 2174, in un_watch_topics
    return await self.watch_multiple(url, messageHashes, message, messageHashes, self.extend(subscription, subExtension))
           ^^^^^^^^^^^^^^^^^^^^^^^^^^^^^^^^^^^^^^^^^^^^^^^^^^^^^^^^^^^^^^^^^^^^^^^^^^^^^^^^^^^^^^^^^^^^^^^^^^^^^^^^^^^^^^
ccxt.base.errors.NetworkError: Connection closed by remote server, closing code 1006
2026-01-05 11:44:46,853 - freqtrade.exchange.exchange_ws - ERROR - Exception in _unwatch_ohlcv
Traceback (most recent call last):
  File "/freqtrade/freqtrade/exchange/exchange_ws.py", line 144, in _unwatch_ohlcv
    await self._ccxt_object.un_watch_ohlcv_for_symbols([[pair, timeframe]])
  File "/home/ftuser/.local/lib/python3.13/site-packages/ccxt/pro/bybit.py", line 727, in un_watch_ohlcv_for_symbols
    return await self.un_watch_topics(url, 'ohlcv', symbols, messageHashes, subMessageHashes, rawHashes, params, subExtension)
           ^^^^^^^^^^^^^^^^^^^^^^^^^^^^^^^^^^^^^^^^^^^^^^^^^^^^^^^^^^^^^^^^^^^^^^^^^^^^^^^^^^^^^^^^^^^^^^^^^^^^^^^^^^^^^^^^^^^
  File "/home/ftuser/.local/lib/python3.13/site-packages/ccxt/pro/bybit.py", line 2174, in un_watch_topics
    return await self.watch_multiple(url, messageHashes, message, messageHashes, self.extend(subscription, subExtension))
           ^^^^^^^^^^^^^^^^^^^^^^^^^^^^^^^^^^^^^^^^^^^^^^^^^^^^^^^^^^^^^^^^^^^^^^^^^^^^^^^^^^^^^^^^^^^^^^^^^^^^^^^^^^^^^^
ccxt.base.errors.NetworkError: Connection closed by remote server, closing code 1006
2026-01-05 11:44:46,856 - freqtrade.exchange.exchange_ws - ERROR - Exception in _unwatch_ohlcv
Traceback (most recent call last):
  File "/freqtrade/freqtrade/exchange/exchange_ws.py", line 144, in _unwatch_ohlcv
    await self._ccxt_object.un_watch_ohlcv_for_symbols([[pair, timeframe]])
  File "/home/ftuser/.local/lib/python3.13/site-packages/ccxt/pro/bybit.py", line 727, in un_watch_ohlcv_for_symbols
    return await self.un_watch_topics(url, 'ohlcv', symbols, messageHashes, subMessageHashes, rawHashes, params, subExtension)
           ^^^^^^^^^^^^^^^^^^^^^^^^^^^^^^^^^^^^^^^^^^^^^^^^^^^^^^^^^^^^^^^^^^^^^^^^^^^^^^^^^^^^^^^^^^^^^^^^^^^^^^^^^^^^^^^^^^^
  File "/home/ftuser/.local/lib/python3.13/site-packages/ccxt/pro/bybit.py", line 2174, in un_watch_topics
    return await self.watch_multiple(url, messageHashes, message, messageHashes, self.extend(subscription, subExtension))
           ^^^^^^^^^^^^^^^^^^^^^^^^^^^^^^^^^^^^^^^^^^^^^^^^^^^^^^^^^^^^^^^^^^^^^^^^^^^^^^^^^^^^^^^^^^^^^^^^^^^^^^^^^^^^^^
ccxt.base.errors.NetworkError: Connection closed by remote server, closing code 1006
2026-01-05 11:44:46,857 - freqtrade.exchange.exchange_ws - ERROR - Exception in _unwatch_ohlcv
Traceback (most recent call last):
  File "/freqtrade/freqtrade/exchange/exchange_ws.py", line 144, in _unwatch_ohlcv
    await self._ccxt_object.un_watch_ohlcv_for_symbols([[pair, timeframe]])
  File "/home/ftuser/.local/lib/python3.13/site-packages/ccxt/pro/bybit.py", line 727, in un_watch_ohlcv_for_symbols
    return await self.un_watch_topics(url, 'ohlcv', symbols, messageHashes, subMessageHashes, rawHashes, params, subExtension)
           ^^^^^^^^^^^^^^^^^^^^^^^^^^^^^^^^^^^^^^^^^^^^^^^^^^^^^^^^^^^^^^^^^^^^^^^^^^^^^^^^^^^^^^^^^^^^^^^^^^^^^^^^^^^^^^^^^^^
  File "/home/ftuser/.local/lib/python3.13/site-packages/ccxt/pro/bybit.py", line 2174, in un_watch_topics
    return await self.watch_multiple(url, messageHashes, message, messageHashes, self.extend(subscription, subExtension))
           ^^^^^^^^^^^^^^^^^^^^^^^^^^^^^^^^^^^^^^^^^^^^^^^^^^^^^^^^^^^^^^^^^^^^^^^^^^^^^^^^^^^^^^^^^^^^^^^^^^^^^^^^^^^^^^
ccxt.base.errors.NetworkError: Connection closed by remote server, closing code 1006
2026-01-05 11:44:46,860 - freqtrade.exchange.exchange_ws - ERROR - Exception in _unwatch_ohlcv
Traceback (most recent call last):
  File "/freqtrade/freqtrade/exchange/exchange_ws.py", line 144, in _unwatch_ohlcv
    await self._ccxt_object.un_watch_ohlcv_for_symbols([[pair, timeframe]])
  File "/home/ftuser/.local/lib/python3.13/site-packages/ccxt/pro/bybit.py", line 727, in un_watch_ohlcv_for_symbols
    return await self.un_watch_topics(url, 'ohlcv', symbols, messageHashes, subMessageHashes, rawHashes, params, subExtension)
           ^^^^^^^^^^^^^^^^^^^^^^^^^^^^^^^^^^^^^^^^^^^^^^^^^^^^^^^^^^^^^^^^^^^^^^^^^^^^^^^^^^^^^^^^^^^^^^^^^^^^^^^^^^^^^^^^^^^
  File "/home/ftuser/.local/lib/python3.13/site-packages/ccxt/pro/bybit.py", line 2174, in un_watch_topics
    return await self.watch_multiple(url, messageHashes, message, messageHashes, self.extend(subscription, subExtension))
           ^^^^^^^^^^^^^^^^^^^^^^^^^^^^^^^^^^^^^^^^^^^^^^^^^^^^^^^^^^^^^^^^^^^^^^^^^^^^^^^^^^^^^^^^^^^^^^^^^^^^^^^^^^^^^^
ccxt.base.errors.NetworkError: Connection closed by remote server, closing code 1006
2026-01-05 11:44:46,863 - freqtrade.exchange.exchange_ws - ERROR - Exception in _unwatch_ohlcv
Traceback (most recent call last):
  File "/freqtrade/freqtrade/exchange/exchange_ws.py", line 144, in _unwatch_ohlcv
    await self._ccxt_object.un_watch_ohlcv_for_symbols([[pair, timeframe]])
  File "/home/ftuser/.local/lib/python3.13/site-packages/ccxt/pro/bybit.py", line 727, in un_watch_ohlcv_for_symbols
    return await self.un_watch_topics(url, 'ohlcv', symbols, messageHashes, subMessageHashes, rawHashes, params, subExtension)
           ^^^^^^^^^^^^^^^^^^^^^^^^^^^^^^^^^^^^^^^^^^^^^^^^^^^^^^^^^^^^^^^^^^^^^^^^^^^^^^^^^^^^^^^^^^^^^^^^^^^^^^^^^^^^^^^^^^^
  File "/home/ftuser/.local/lib/python3.13/site-packages/ccxt/pro/bybit.py", line 2174, in un_watch_topics
    return await self.watch_multiple(url, messageHashes, message, messageHashes, self.extend(subscription, subExtension))
           ^^^^^^^^^^^^^^^^^^^^^^^^^^^^^^^^^^^^^^^^^^^^^^^^^^^^^^^^^^^^^^^^^^^^^^^^^^^^^^^^^^^^^^^^^^^^^^^^^^^^^^^^^^^^^^
ccxt.base.errors.NetworkError: Connection closed by remote server, closing code 1006
2026-01-05 11:44:46,867 - freqtrade.exchange.exchange_ws - ERROR - Exception in _unwatch_ohlcv
Traceback (most recent call last):
  File "/freqtrade/freqtrade/exchange/exchange_ws.py", line 144, in _unwatch_ohlcv
    await self._ccxt_object.un_watch_ohlcv_for_symbols([[pair, timeframe]])
  File "/home/ftuser/.local/lib/python3.13/site-packages/ccxt/pro/bybit.py", line 727, in un_watch_ohlcv_for_symbols
    return await self.un_watch_topics(url, 'ohlcv', symbols, messageHashes, subMessageHashes, rawHashes, params, subExtension)
           ^^^^^^^^^^^^^^^^^^^^^^^^^^^^^^^^^^^^^^^^^^^^^^^^^^^^^^^^^^^^^^^^^^^^^^^^^^^^^^^^^^^^^^^^^^^^^^^^^^^^^^^^^^^^^^^^^^^
  File "/home/ftuser/.local/lib/python3.13/site-packages/ccxt/pro/bybit.py", line 2174, in un_watch_topics
    return await self.watch_multiple(url, messageHashes, message, messageHashes, self.extend(subscription, subExtension))
           ^^^^^^^^^^^^^^^^^^^^^^^^^^^^^^^^^^^^^^^^^^^^^^^^^^^^^^^^^^^^^^^^^^^^^^^^^^^^^^^^^^^^^^^^^^^^^^^^^^^^^^^^^^^^^^
ccxt.base.errors.NetworkError: Connection closed by remote server, closing code 1006
2026-01-05 11:44:46,871 - freqtrade.exchange.exchange_ws - ERROR - Exception in _unwatch_ohlcv
Traceback (most recent call last):
  File "/freqtrade/freqtrade/exchange/exchange_ws.py", line 144, in _unwatch_ohlcv
    await self._ccxt_object.un_watch_ohlcv_for_symbols([[pair, timeframe]])
  File "/home/ftuser/.local/lib/python3.13/site-packages/ccxt/pro/bybit.py", line 727, in un_watch_ohlcv_for_symbols
    return await self.un_watch_topics(url, 'ohlcv', symbols, messageHashes, subMessageHashes, rawHashes, params, subExtension)
           ^^^^^^^^^^^^^^^^^^^^^^^^^^^^^^^^^^^^^^^^^^^^^^^^^^^^^^^^^^^^^^^^^^^^^^^^^^^^^^^^^^^^^^^^^^^^^^^^^^^^^^^^^^^^^^^^^^^
  File "/home/ftuser/.local/lib/python3.13/site-packages/ccxt/pro/bybit.py", line 2174, in un_watch_topics
    return await self.watch_multiple(url, messageHashes, message, messageHashes, self.extend(subscription, subExtension))
           ^^^^^^^^^^^^^^^^^^^^^^^^^^^^^^^^^^^^^^^^^^^^^^^^^^^^^^^^^^^^^^^^^^^^^^^^^^^^^^^^^^^^^^^^^^^^^^^^^^^^^^^^^^^^^^
ccxt.base.errors.NetworkError: Connection closed by remote server, closing code 1006
2026-01-05 11:44:46,875 - freqtrade.exchange.exchange_ws - ERROR - Exception in _unwatch_ohlcv
Traceback (most recent call last):
  File "/freqtrade/freqtrade/exchange/exchange_ws.py", line 144, in _unwatch_ohlcv
    await self._ccxt_object.un_watch_ohlcv_for_symbols([[pair, timeframe]])
  File "/home/ftuser/.local/lib/python3.13/site-packages/ccxt/pro/bybit.py", line 727, in un_watch_ohlcv_for_symbols
    return await self.un_watch_topics(url, 'ohlcv', symbols, messageHashes, subMessageHashes, rawHashes, params, subExtension)
           ^^^^^^^^^^^^^^^^^^^^^^^^^^^^^^^^^^^^^^^^^^^^^^^^^^^^^^^^^^^^^^^^^^^^^^^^^^^^^^^^^^^^^^^^^^^^^^^^^^^^^^^^^^^^^^^^^^^
  File "/home/ftuser/.local/lib/python3.13/site-packages/ccxt/pro/bybit.py", line 2174, in un_watch_topics
    return await self.watch_multiple(url, messageHashes, message, messageHashes, self.extend(subscription, subExtension))
           ^^^^^^^^^^^^^^^^^^^^^^^^^^^^^^^^^^^^^^^^^^^^^^^^^^^^^^^^^^^^^^^^^^^^^^^^^^^^^^^^^^^^^^^^^^^^^^^^^^^^^^^^^^^^^^
ccxt.base.errors.NetworkError: Connection closed by remote server, closing code 1006
2026-01-05 11:44:46,879 - freqtrade.exchange.exchange_ws - ERROR - Exception in _unwatch_ohlcv
Traceback (most recent call last):
  File "/freqtrade/freqtrade/exchange/exchange_ws.py", line 144, in _unwatch_ohlcv
    await self._ccxt_object.un_watch_ohlcv_for_symbols([[pair, timeframe]])
  File "/home/ftuser/.local/lib/python3.13/site-packages/ccxt/pro/bybit.py", line 727, in un_watch_ohlcv_for_symbols
    return await self.un_watch_topics(url, 'ohlcv', symbols, messageHashes, subMessageHashes, rawHashes, params, subExtension)
           ^^^^^^^^^^^^^^^^^^^^^^^^^^^^^^^^^^^^^^^^^^^^^^^^^^^^^^^^^^^^^^^^^^^^^^^^^^^^^^^^^^^^^^^^^^^^^^^^^^^^^^^^^^^^^^^^^^^
  File "/home/ftuser/.local/lib/python3.13/site-packages/ccxt/pro/bybit.py", line 2174, in un_watch_topics
    return await self.watch_multiple(url, messageHashes, message, messageHashes, self.extend(subscription, subExtension))
           ^^^^^^^^^^^^^^^^^^^^^^^^^^^^^^^^^^^^^^^^^^^^^^^^^^^^^^^^^^^^^^^^^^^^^^^^^^^^^^^^^^^^^^^^^^^^^^^^^^^^^^^^^^^^^^
ccxt.base.errors.NetworkError: Connection closed by remote server, closing code 1006
2026-01-05 11:44:46,883 - freqtrade.exchange.exchange_ws - ERROR - Exception in _unwatch_ohlcv
Traceback (most recent call last):
  File "/freqtrade/freqtrade/exchange/exchange_ws.py", line 144, in _unwatch_ohlcv
    await self._ccxt_object.un_watch_ohlcv_for_symbols([[pair, timeframe]])
  File "/home/ftuser/.local/lib/python3.13/site-packages/ccxt/pro/bybit.py", line 727, in un_watch_ohlcv_for_symbols
    return await self.un_watch_topics(url, 'ohlcv', symbols, messageHashes, subMessageHashes, rawHashes, params, subExtension)
           ^^^^^^^^^^^^^^^^^^^^^^^^^^^^^^^^^^^^^^^^^^^^^^^^^^^^^^^^^^^^^^^^^^^^^^^^^^^^^^^^^^^^^^^^^^^^^^^^^^^^^^^^^^^^^^^^^^^
  File "/home/ftuser/.local/lib/python3.13/site-packages/ccxt/pro/bybit.py", line 2174, in un_watch_topics
    return await self.watch_multiple(url, messageHashes, message, messageHashes, self.extend(subscription, subExtension))
           ^^^^^^^^^^^^^^^^^^^^^^^^^^^^^^^^^^^^^^^^^^^^^^^^^^^^^^^^^^^^^^^^^^^^^^^^^^^^^^^^^^^^^^^^^^^^^^^^^^^^^^^^^^^^^^
ccxt.base.errors.NetworkError: Connection closed by remote server, closing code 1006
2026-01-05 11:44:46,885 - freqtrade.exchange.exchange_ws - ERROR - Exception in _unwatch_ohlcv
Traceback (most recent call last):
  File "/freqtrade/freqtrade/exchange/exchange_ws.py", line 144, in _unwatch_ohlcv
    await self._ccxt_object.un_watch_ohlcv_for_symbols([[pair, timeframe]])
  File "/home/ftuser/.local/lib/python3.13/site-packages/ccxt/pro/bybit.py", line 727, in un_watch_ohlcv_for_symbols
    return await self.un_watch_topics(url, 'ohlcv', symbols, messageHashes, subMessageHashes, rawHashes, params, subExtension)
           ^^^^^^^^^^^^^^^^^^^^^^^^^^^^^^^^^^^^^^^^^^^^^^^^^^^^^^^^^^^^^^^^^^^^^^^^^^^^^^^^^^^^^^^^^^^^^^^^^^^^^^^^^^^^^^^^^^^
  File "/home/ftuser/.local/lib/python3.13/site-packages/ccxt/pro/bybit.py", line 2174, in un_watch_topics
    return await self.watch_multiple(url, messageHashes, message, messageHashes, self.extend(subscription, subExtension))
           ^^^^^^^^^^^^^^^^^^^^^^^^^^^^^^^^^^^^^^^^^^^^^^^^^^^^^^^^^^^^^^^^^^^^^^^^^^^^^^^^^^^^^^^^^^^^^^^^^^^^^^^^^^^^^^
ccxt.base.errors.NetworkError: Connection closed by remote server, closing code 1006
2026-01-05 11:44:46,887 - freqtrade.exchange.exchange_ws - ERROR - Exception in _unwatch_ohlcv
Traceback (most recent call last):
  File "/freqtrade/freqtrade/exchange/exchange_ws.py", line 144, in _unwatch_ohlcv
    await self._ccxt_object.un_watch_ohlcv_for_symbols([[pair, timeframe]])
  File "/home/ftuser/.local/lib/python3.13/site-packages/ccxt/pro/bybit.py", line 727, in un_watch_ohlcv_for_symbols
    return await self.un_watch_topics(url, 'ohlcv', symbols, messageHashes, subMessageHashes, rawHashes, params, subExtension)
           ^^^^^^^^^^^^^^^^^^^^^^^^^^^^^^^^^^^^^^^^^^^^^^^^^^^^^^^^^^^^^^^^^^^^^^^^^^^^^^^^^^^^^^^^^^^^^^^^^^^^^^^^^^^^^^^^^^^
  File "/home/ftuser/.local/lib/python3.13/site-packages/ccxt/pro/bybit.py", line 2174, in un_watch_topics
    return await self.watch_multiple(url, messageHashes, message, messageHashes, self.extend(subscription, subExtension))
           ^^^^^^^^^^^^^^^^^^^^^^^^^^^^^^^^^^^^^^^^^^^^^^^^^^^^^^^^^^^^^^^^^^^^^^^^^^^^^^^^^^^^^^^^^^^^^^^^^^^^^^^^^^^^^^
ccxt.base.errors.NetworkError: Connection closed by remote server, closing code 1006
2026-01-05 11:44:46,891 - freqtrade.exchange.exchange_ws - ERROR - Exception in _unwatch_ohlcv
Traceback (most recent call last):
  File "/freqtrade/freqtrade/exchange/exchange_ws.py", line 144, in _unwatch_ohlcv
    await self._ccxt_object.un_watch_ohlcv_for_symbols([[pair, timeframe]])
  File "/home/ftuser/.local/lib/python3.13/site-packages/ccxt/pro/bybit.py", line 727, in un_watch_ohlcv_for_symbols
    return await self.un_watch_topics(url, 'ohlcv', symbols, messageHashes, subMessageHashes, rawHashes, params, subExtension)
           ^^^^^^^^^^^^^^^^^^^^^^^^^^^^^^^^^^^^^^^^^^^^^^^^^^^^^^^^^^^^^^^^^^^^^^^^^^^^^^^^^^^^^^^^^^^^^^^^^^^^^^^^^^^^^^^^^^^
  File "/home/ftuser/.local/lib/python3.13/site-packages/ccxt/pro/bybit.py", line 2174, in un_watch_topics
    return await self.watch_multiple(url, messageHashes, message, messageHashes, self.extend(subscription, subExtension))
           ^^^^^^^^^^^^^^^^^^^^^^^^^^^^^^^^^^^^^^^^^^^^^^^^^^^^^^^^^^^^^^^^^^^^^^^^^^^^^^^^^^^^^^^^^^^^^^^^^^^^^^^^^^^^^^
ccxt.base.errors.NetworkError: Connection closed by remote server, closing code 1006
2026-01-05 11:44:46,894 - freqtrade.exchange.exchange_ws - ERROR - Exception in _unwatch_ohlcv
Traceback (most recent call last):
  File "/freqtrade/freqtrade/exchange/exchange_ws.py", line 144, in _unwatch_ohlcv
    await self._ccxt_object.un_watch_ohlcv_for_symbols([[pair, timeframe]])
  File "/home/ftuser/.local/lib/python3.13/site-packages/ccxt/pro/bybit.py", line 727, in un_watch_ohlcv_for_symbols
    return await self.un_watch_topics(url, 'ohlcv', symbols, messageHashes, subMessageHashes, rawHashes, params, subExtension)
           ^^^^^^^^^^^^^^^^^^^^^^^^^^^^^^^^^^^^^^^^^^^^^^^^^^^^^^^^^^^^^^^^^^^^^^^^^^^^^^^^^^^^^^^^^^^^^^^^^^^^^^^^^^^^^^^^^^^
  File "/home/ftuser/.local/lib/python3.13/site-packages/ccxt/pro/bybit.py", line 2174, in un_watch_topics
    return await self.watch_multiple(url, messageHashes, message, messageHashes, self.extend(subscription, subExtension))
           ^^^^^^^^^^^^^^^^^^^^^^^^^^^^^^^^^^^^^^^^^^^^^^^^^^^^^^^^^^^^^^^^^^^^^^^^^^^^^^^^^^^^^^^^^^^^^^^^^^^^^^^^^^^^^^
ccxt.base.errors.NetworkError: Connection closed by remote server, closing code 1006
2026-01-05 11:44:46,898 - freqtrade.exchange.exchange_ws - ERROR - Exception in _unwatch_ohlcv
Traceback (most recent call last):
  File "/freqtrade/freqtrade/exchange/exchange_ws.py", line 144, in _unwatch_ohlcv
    await self._ccxt_object.un_watch_ohlcv_for_symbols([[pair, timeframe]])
  File "/home/ftuser/.local/lib/python3.13/site-packages/ccxt/pro/bybit.py", line 727, in un_watch_ohlcv_for_symbols
    return await self.un_watch_topics(url, 'ohlcv', symbols, messageHashes, subMessageHashes, rawHashes, params, subExtension)
           ^^^^^^^^^^^^^^^^^^^^^^^^^^^^^^^^^^^^^^^^^^^^^^^^^^^^^^^^^^^^^^^^^^^^^^^^^^^^^^^^^^^^^^^^^^^^^^^^^^^^^^^^^^^^^^^^^^^
  File "/home/ftuser/.local/lib/python3.13/site-packages/ccxt/pro/bybit.py", line 2174, in un_watch_topics
    return await self.watch_multiple(url, messageHashes, message, messageHashes, self.extend(subscription, subExtension))
           ^^^^^^^^^^^^^^^^^^^^^^^^^^^^^^^^^^^^^^^^^^^^^^^^^^^^^^^^^^^^^^^^^^^^^^^^^^^^^^^^^^^^^^^^^^^^^^^^^^^^^^^^^^^^^^
ccxt.base.errors.NetworkError: Connection closed by remote server, closing code 1006
2026-01-05 11:44:46,902 - freqtrade.exchange.exchange_ws - ERROR - Exception in _unwatch_ohlcv
Traceback (most recent call last):
  File "/freqtrade/freqtrade/exchange/exchange_ws.py", line 144, in _unwatch_ohlcv
    await self._ccxt_object.un_watch_ohlcv_for_symbols([[pair, timeframe]])
  File "/home/ftuser/.local/lib/python3.13/site-packages/ccxt/pro/bybit.py", line 727, in un_watch_ohlcv_for_symbols
    return await self.un_watch_topics(url, 'ohlcv', symbols, messageHashes, subMessageHashes, rawHashes, params, subExtension)
           ^^^^^^^^^^^^^^^^^^^^^^^^^^^^^^^^^^^^^^^^^^^^^^^^^^^^^^^^^^^^^^^^^^^^^^^^^^^^^^^^^^^^^^^^^^^^^^^^^^^^^^^^^^^^^^^^^^^
  File "/home/ftuser/.local/lib/python3.13/site-packages/ccxt/pro/bybit.py", line 2174, in un_watch_topics
    return await self.watch_multiple(url, messageHashes, message, messageHashes, self.extend(subscription, subExtension))
           ^^^^^^^^^^^^^^^^^^^^^^^^^^^^^^^^^^^^^^^^^^^^^^^^^^^^^^^^^^^^^^^^^^^^^^^^^^^^^^^^^^^^^^^^^^^^^^^^^^^^^^^^^^^^^^
ccxt.base.errors.NetworkError: Connection closed by remote server, closing code 1006
2026-01-05 11:44:46,905 - freqtrade.exchange.exchange_ws - ERROR - Exception in _unwatch_ohlcv
Traceback (most recent call last):
  File "/freqtrade/freqtrade/exchange/exchange_ws.py", line 144, in _unwatch_ohlcv
    await self._ccxt_object.un_watch_ohlcv_for_symbols([[pair, timeframe]])
  File "/home/ftuser/.local/lib/python3.13/site-packages/ccxt/pro/bybit.py", line 727, in un_watch_ohlcv_for_symbols
    return await self.un_watch_topics(url, 'ohlcv', symbols, messageHashes, subMessageHashes, rawHashes, params, subExtension)
           ^^^^^^^^^^^^^^^^^^^^^^^^^^^^^^^^^^^^^^^^^^^^^^^^^^^^^^^^^^^^^^^^^^^^^^^^^^^^^^^^^^^^^^^^^^^^^^^^^^^^^^^^^^^^^^^^^^^
  File "/home/ftuser/.local/lib/python3.13/site-packages/ccxt/pro/bybit.py", line 2174, in un_watch_topics
    return await self.watch_multiple(url, messageHashes, message, messageHashes, self.extend(subscription, subExtension))
           ^^^^^^^^^^^^^^^^^^^^^^^^^^^^^^^^^^^^^^^^^^^^^^^^^^^^^^^^^^^^^^^^^^^^^^^^^^^^^^^^^^^^^^^^^^^^^^^^^^^^^^^^^^^^^^
ccxt.base.errors.NetworkError: Connection closed by remote server, closing code 1006
2026-01-05 11:44:46,909 - freqtrade.exchange.exchange_ws - ERROR - Exception in _unwatch_ohlcv
Traceback (most recent call last):
  File "/freqtrade/freqtrade/exchange/exchange_ws.py", line 144, in _unwatch_ohlcv
    await self._ccxt_object.un_watch_ohlcv_for_symbols([[pair, timeframe]])
  File "/home/ftuser/.local/lib/python3.13/site-packages/ccxt/pro/bybit.py", line 727, in un_watch_ohlcv_for_symbols
    return await self.un_watch_topics(url, 'ohlcv', symbols, messageHashes, subMessageHashes, rawHashes, params, subExtension)
           ^^^^^^^^^^^^^^^^^^^^^^^^^^^^^^^^^^^^^^^^^^^^^^^^^^^^^^^^^^^^^^^^^^^^^^^^^^^^^^^^^^^^^^^^^^^^^^^^^^^^^^^^^^^^^^^^^^^
  File "/home/ftuser/.local/lib/python3.13/site-packages/ccxt/pro/bybit.py", line 2174, in un_watch_topics
    return await self.watch_multiple(url, messageHashes, message, messageHashes, self.extend(subscription, subExtension))
           ^^^^^^^^^^^^^^^^^^^^^^^^^^^^^^^^^^^^^^^^^^^^^^^^^^^^^^^^^^^^^^^^^^^^^^^^^^^^^^^^^^^^^^^^^^^^^^^^^^^^^^^^^^^^^^
ccxt.base.errors.NetworkError: Connection closed by remote server, closing code 1006
2026-01-05 11:44:46,913 - freqtrade.exchange.exchange_ws - ERROR - Exception in _unwatch_ohlcv
Traceback (most recent call last):
  File "/freqtrade/freqtrade/exchange/exchange_ws.py", line 144, in _unwatch_ohlcv
    await self._ccxt_object.un_watch_ohlcv_for_symbols([[pair, timeframe]])
  File "/home/ftuser/.local/lib/python3.13/site-packages/ccxt/pro/bybit.py", line 727, in un_watch_ohlcv_for_symbols
    return await self.un_watch_topics(url, 'ohlcv', symbols, messageHashes, subMessageHashes, rawHashes, params, subExtension)
           ^^^^^^^^^^^^^^^^^^^^^^^^^^^^^^^^^^^^^^^^^^^^^^^^^^^^^^^^^^^^^^^^^^^^^^^^^^^^^^^^^^^^^^^^^^^^^^^^^^^^^^^^^^^^^^^^^^^
  File "/home/ftuser/.local/lib/python3.13/site-packages/ccxt/pro/bybit.py", line 2174, in un_watch_topics
    return await self.watch_multiple(url, messageHashes, message, messageHashes, self.extend(subscription, subExtension))
           ^^^^^^^^^^^^^^^^^^^^^^^^^^^^^^^^^^^^^^^^^^^^^^^^^^^^^^^^^^^^^^^^^^^^^^^^^^^^^^^^^^^^^^^^^^^^^^^^^^^^^^^^^^^^^^
ccxt.base.errors.NetworkError: Connection closed by remote server, closing code 1006
2026-01-05 11:44:46,917 - freqtrade.exchange.exchange_ws - ERROR - Exception in _unwatch_ohlcv
Traceback (most recent call last):
  File "/freqtrade/freqtrade/exchange/exchange_ws.py", line 144, in _unwatch_ohlcv
    await self._ccxt_object.un_watch_ohlcv_for_symbols([[pair, timeframe]])
  File "/home/ftuser/.local/lib/python3.13/site-packages/ccxt/pro/bybit.py", line 727, in un_watch_ohlcv_for_symbols
    return await self.un_watch_topics(url, 'ohlcv', symbols, messageHashes, subMessageHashes, rawHashes, params, subExtension)
           ^^^^^^^^^^^^^^^^^^^^^^^^^^^^^^^^^^^^^^^^^^^^^^^^^^^^^^^^^^^^^^^^^^^^^^^^^^^^^^^^^^^^^^^^^^^^^^^^^^^^^^^^^^^^^^^^^^^
  File "/home/ftuser/.local/lib/python3.13/site-packages/ccxt/pro/bybit.py", line 2174, in un_watch_topics
    return await self.watch_multiple(url, messageHashes, message, messageHashes, self.extend(subscription, subExtension))
           ^^^^^^^^^^^^^^^^^^^^^^^^^^^^^^^^^^^^^^^^^^^^^^^^^^^^^^^^^^^^^^^^^^^^^^^^^^^^^^^^^^^^^^^^^^^^^^^^^^^^^^^^^^^^^^
ccxt.base.errors.NetworkError: Connection closed by remote server, closing code 1006
2026-01-05 11:44:46,921 - freqtrade.exchange.exchange_ws - ERROR - Exception in _unwatch_ohlcv
Traceback (most recent call last):
  File "/freqtrade/freqtrade/exchange/exchange_ws.py", line 144, in _unwatch_ohlcv
    await self._ccxt_object.un_watch_ohlcv_for_symbols([[pair, timeframe]])
  File "/home/ftuser/.local/lib/python3.13/site-packages/ccxt/pro/bybit.py", line 727, in un_watch_ohlcv_for_symbols
    return await self.un_watch_topics(url, 'ohlcv', symbols, messageHashes, subMessageHashes, rawHashes, params, subExtension)
           ^^^^^^^^^^^^^^^^^^^^^^^^^^^^^^^^^^^^^^^^^^^^^^^^^^^^^^^^^^^^^^^^^^^^^^^^^^^^^^^^^^^^^^^^^^^^^^^^^^^^^^^^^^^^^^^^^^^
  File "/home/ftuser/.local/lib/python3.13/site-packages/ccxt/pro/bybit.py", line 2174, in un_watch_topics
    return await self.watch_multiple(url, messageHashes, message, messageHashes, self.extend(subscription, subExtension))
           ^^^^^^^^^^^^^^^^^^^^^^^^^^^^^^^^^^^^^^^^^^^^^^^^^^^^^^^^^^^^^^^^^^^^^^^^^^^^^^^^^^^^^^^^^^^^^^^^^^^^^^^^^^^^^^
ccxt.base.errors.NetworkError: Connection closed by remote server, closing code 1006
2026-01-05 11:44:46,924 - freqtrade.exchange.exchange_ws - ERROR - Exception in _unwatch_ohlcv
Traceback (most recent call last):
  File "/freqtrade/freqtrade/exchange/exchange_ws.py", line 144, in _unwatch_ohlcv
    await self._ccxt_object.un_watch_ohlcv_for_symbols([[pair, timeframe]])
  File "/home/ftuser/.local/lib/python3.13/site-packages/ccxt/pro/bybit.py", line 727, in un_watch_ohlcv_for_symbols
    return await self.un_watch_topics(url, 'ohlcv', symbols, messageHashes, subMessageHashes, rawHashes, params, subExtension)
           ^^^^^^^^^^^^^^^^^^^^^^^^^^^^^^^^^^^^^^^^^^^^^^^^^^^^^^^^^^^^^^^^^^^^^^^^^^^^^^^^^^^^^^^^^^^^^^^^^^^^^^^^^^^^^^^^^^^
  File "/home/ftuser/.local/lib/python3.13/site-packages/ccxt/pro/bybit.py", line 2174, in un_watch_topics
    return await self.watch_multiple(url, messageHashes, message, messageHashes, self.extend(subscription, subExtension))
           ^^^^^^^^^^^^^^^^^^^^^^^^^^^^^^^^^^^^^^^^^^^^^^^^^^^^^^^^^^^^^^^^^^^^^^^^^^^^^^^^^^^^^^^^^^^^^^^^^^^^^^^^^^^^^^
ccxt.base.errors.NetworkError: Connection closed by remote server, closing code 1006
2026-01-05 11:44:46,928 - freqtrade.exchange.exchange_ws - ERROR - Exception in _unwatch_ohlcv
Traceback (most recent call last):
  File "/freqtrade/freqtrade/exchange/exchange_ws.py", line 144, in _unwatch_ohlcv
    await self._ccxt_object.un_watch_ohlcv_for_symbols([[pair, timeframe]])
  File "/home/ftuser/.local/lib/python3.13/site-packages/ccxt/pro/bybit.py", line 727, in un_watch_ohlcv_for_symbols
    return await self.un_watch_topics(url, 'ohlcv', symbols, messageHashes, subMessageHashes, rawHashes, params, subExtension)
           ^^^^^^^^^^^^^^^^^^^^^^^^^^^^^^^^^^^^^^^^^^^^^^^^^^^^^^^^^^^^^^^^^^^^^^^^^^^^^^^^^^^^^^^^^^^^^^^^^^^^^^^^^^^^^^^^^^^
  File "/home/ftuser/.local/lib/python3.13/site-packages/ccxt/pro/bybit.py", line 2174, in un_watch_topics
    return await self.watch_multiple(url, messageHashes, message, messageHashes, self.extend(subscription, subExtension))
           ^^^^^^^^^^^^^^^^^^^^^^^^^^^^^^^^^^^^^^^^^^^^^^^^^^^^^^^^^^^^^^^^^^^^^^^^^^^^^^^^^^^^^^^^^^^^^^^^^^^^^^^^^^^^^^
ccxt.base.errors.NetworkError: Connection closed by remote server, closing code 1006
2026-01-05 11:44:46,932 - freqtrade.exchange.exchange_ws - ERROR - Exception in _unwatch_ohlcv
Traceback (most recent call last):
  File "/freqtrade/freqtrade/exchange/exchange_ws.py", line 144, in _unwatch_ohlcv
    await self._ccxt_object.un_watch_ohlcv_for_symbols([[pair, timeframe]])
  File "/home/ftuser/.local/lib/python3.13/site-packages/ccxt/pro/bybit.py", line 727, in un_watch_ohlcv_for_symbols
    return await self.un_watch_topics(url, 'ohlcv', symbols, messageHashes, subMessageHashes, rawHashes, params, subExtension)
           ^^^^^^^^^^^^^^^^^^^^^^^^^^^^^^^^^^^^^^^^^^^^^^^^^^^^^^^^^^^^^^^^^^^^^^^^^^^^^^^^^^^^^^^^^^^^^^^^^^^^^^^^^^^^^^^^^^^
  File "/home/ftuser/.local/lib/python3.13/site-packages/ccxt/pro/bybit.py", line 2174, in un_watch_topics
    return await self.watch_multiple(url, messageHashes, message, messageHashes, self.extend(subscription, subExtension))
           ^^^^^^^^^^^^^^^^^^^^^^^^^^^^^^^^^^^^^^^^^^^^^^^^^^^^^^^^^^^^^^^^^^^^^^^^^^^^^^^^^^^^^^^^^^^^^^^^^^^^^^^^^^^^^^
ccxt.base.errors.NetworkError: Connection closed by remote server, closing code 1006
2026-01-05 11:44:46,935 - freqtrade.exchange.exchange_ws - ERROR - Exception in _unwatch_ohlcv
Traceback (most recent call last):
  File "/freqtrade/freqtrade/exchange/exchange_ws.py", line 144, in _unwatch_ohlcv
    await self._ccxt_object.un_watch_ohlcv_for_symbols([[pair, timeframe]])
  File "/home/ftuser/.local/lib/python3.13/site-packages/ccxt/pro/bybit.py", line 727, in un_watch_ohlcv_for_symbols
    return await self.un_watch_topics(url, 'ohlcv', symbols, messageHashes, subMessageHashes, rawHashes, params, subExtension)
           ^^^^^^^^^^^^^^^^^^^^^^^^^^^^^^^^^^^^^^^^^^^^^^^^^^^^^^^^^^^^^^^^^^^^^^^^^^^^^^^^^^^^^^^^^^^^^^^^^^^^^^^^^^^^^^^^^^^
  File "/home/ftuser/.local/lib/python3.13/site-packages/ccxt/pro/bybit.py", line 2174, in un_watch_topics
    return await self.watch_multiple(url, messageHashes, message, messageHashes, self.extend(subscription, subExtension))
           ^^^^^^^^^^^^^^^^^^^^^^^^^^^^^^^^^^^^^^^^^^^^^^^^^^^^^^^^^^^^^^^^^^^^^^^^^^^^^^^^^^^^^^^^^^^^^^^^^^^^^^^^^^^^^^
ccxt.base.errors.NetworkError: Connection closed by remote server, closing code 1006
2026-01-05 11:44:46,939 - freqtrade.exchange.exchange_ws - ERROR - Exception in _unwatch_ohlcv
Traceback (most recent call last):
  File "/freqtrade/freqtrade/exchange/exchange_ws.py", line 144, in _unwatch_ohlcv
    await self._ccxt_object.un_watch_ohlcv_for_symbols([[pair, timeframe]])
  File "/home/ftuser/.local/lib/python3.13/site-packages/ccxt/pro/bybit.py", line 727, in un_watch_ohlcv_for_symbols
    return await self.un_watch_topics(url, 'ohlcv', symbols, messageHashes, subMessageHashes, rawHashes, params, subExtension)
           ^^^^^^^^^^^^^^^^^^^^^^^^^^^^^^^^^^^^^^^^^^^^^^^^^^^^^^^^^^^^^^^^^^^^^^^^^^^^^^^^^^^^^^^^^^^^^^^^^^^^^^^^^^^^^^^^^^^
  File "/home/ftuser/.local/lib/python3.13/site-packages/ccxt/pro/bybit.py", line 2174, in un_watch_topics
    return await self.watch_multiple(url, messageHashes, message, messageHashes, self.extend(subscription, subExtension))
           ^^^^^^^^^^^^^^^^^^^^^^^^^^^^^^^^^^^^^^^^^^^^^^^^^^^^^^^^^^^^^^^^^^^^^^^^^^^^^^^^^^^^^^^^^^^^^^^^^^^^^^^^^^^^^^
ccxt.base.errors.NetworkError: Connection closed by remote server, closing code 1006
2026-01-05 11:44:46,942 - freqtrade.exchange.exchange_ws - ERROR - Exception in _unwatch_ohlcv
Traceback (most recent call last):
  File "/freqtrade/freqtrade/exchange/exchange_ws.py", line 144, in _unwatch_ohlcv
    await self._ccxt_object.un_watch_ohlcv_for_symbols([[pair, timeframe]])
  File "/home/ftuser/.local/lib/python3.13/site-packages/ccxt/pro/bybit.py", line 727, in un_watch_ohlcv_for_symbols
    return await self.un_watch_topics(url, 'ohlcv', symbols, messageHashes, subMessageHashes, rawHashes, params, subExtension)
           ^^^^^^^^^^^^^^^^^^^^^^^^^^^^^^^^^^^^^^^^^^^^^^^^^^^^^^^^^^^^^^^^^^^^^^^^^^^^^^^^^^^^^^^^^^^^^^^^^^^^^^^^^^^^^^^^^^^
  File "/home/ftuser/.local/lib/python3.13/site-packages/ccxt/pro/bybit.py", line 2174, in un_watch_topics
    return await self.watch_multiple(url, messageHashes, message, messageHashes, self.extend(subscription, subExtension))
           ^^^^^^^^^^^^^^^^^^^^^^^^^^^^^^^^^^^^^^^^^^^^^^^^^^^^^^^^^^^^^^^^^^^^^^^^^^^^^^^^^^^^^^^^^^^^^^^^^^^^^^^^^^^^^^
ccxt.base.errors.NetworkError: Connection closed by remote server, closing code 1006
2026-01-05 11:44:46,946 - freqtrade.exchange.exchange_ws - ERROR - Exception in _unwatch_ohlcv
Traceback (most recent call last):
  File "/freqtrade/freqtrade/exchange/exchange_ws.py", line 144, in _unwatch_ohlcv
    await self._ccxt_object.un_watch_ohlcv_for_symbols([[pair, timeframe]])
  File "/home/ftuser/.local/lib/python3.13/site-packages/ccxt/pro/bybit.py", line 727, in un_watch_ohlcv_for_symbols
    return await self.un_watch_topics(url, 'ohlcv', symbols, messageHashes, subMessageHashes, rawHashes, params, subExtension)
           ^^^^^^^^^^^^^^^^^^^^^^^^^^^^^^^^^^^^^^^^^^^^^^^^^^^^^^^^^^^^^^^^^^^^^^^^^^^^^^^^^^^^^^^^^^^^^^^^^^^^^^^^^^^^^^^^^^^
  File "/home/ftuser/.local/lib/python3.13/site-packages/ccxt/pro/bybit.py", line 2174, in un_watch_topics
    return await self.watch_multiple(url, messageHashes, message, messageHashes, self.extend(subscription, subExtension))
           ^^^^^^^^^^^^^^^^^^^^^^^^^^^^^^^^^^^^^^^^^^^^^^^^^^^^^^^^^^^^^^^^^^^^^^^^^^^^^^^^^^^^^^^^^^^^^^^^^^^^^^^^^^^^^^
ccxt.base.errors.NetworkError: Connection closed by remote server, closing code 1006
2026-01-05 11:44:46,949 - freqtrade.exchange.exchange_ws - ERROR - Exception in _unwatch_ohlcv
Traceback (most recent call last):
  File "/freqtrade/freqtrade/exchange/exchange_ws.py", line 144, in _unwatch_ohlcv
    await self._ccxt_object.un_watch_ohlcv_for_symbols([[pair, timeframe]])
  File "/home/ftuser/.local/lib/python3.13/site-packages/ccxt/pro/bybit.py", line 727, in un_watch_ohlcv_for_symbols
    return await self.un_watch_topics(url, 'ohlcv', symbols, messageHashes, subMessageHashes, rawHashes, params, subExtension)
           ^^^^^^^^^^^^^^^^^^^^^^^^^^^^^^^^^^^^^^^^^^^^^^^^^^^^^^^^^^^^^^^^^^^^^^^^^^^^^^^^^^^^^^^^^^^^^^^^^^^^^^^^^^^^^^^^^^^
  File "/home/ftuser/.local/lib/python3.13/site-packages/ccxt/pro/bybit.py", line 2174, in un_watch_topics
    return await self.watch_multiple(url, messageHashes, message, messageHashes, self.extend(subscription, subExtension))
           ^^^^^^^^^^^^^^^^^^^^^^^^^^^^^^^^^^^^^^^^^^^^^^^^^^^^^^^^^^^^^^^^^^^^^^^^^^^^^^^^^^^^^^^^^^^^^^^^^^^^^^^^^^^^^^
ccxt.base.errors.NetworkError: Connection closed by remote server, closing code 1006
2026-01-05 11:44:46,953 - freqtrade.exchange.exchange_ws - ERROR - Exception in _unwatch_ohlcv
Traceback (most recent call last):
  File "/freqtrade/freqtrade/exchange/exchange_ws.py", line 144, in _unwatch_ohlcv
    await self._ccxt_object.un_watch_ohlcv_for_symbols([[pair, timeframe]])
  File "/home/ftuser/.local/lib/python3.13/site-packages/ccxt/pro/bybit.py", line 727, in un_watch_ohlcv_for_symbols
    return await self.un_watch_topics(url, 'ohlcv', symbols, messageHashes, subMessageHashes, rawHashes, params, subExtension)
           ^^^^^^^^^^^^^^^^^^^^^^^^^^^^^^^^^^^^^^^^^^^^^^^^^^^^^^^^^^^^^^^^^^^^^^^^^^^^^^^^^^^^^^^^^^^^^^^^^^^^^^^^^^^^^^^^^^^
  File "/home/ftuser/.local/lib/python3.13/site-packages/ccxt/pro/bybit.py", line 2174, in un_watch_topics
    return await self.watch_multiple(url, messageHashes, message, messageHashes, self.extend(subscription, subExtension))
           ^^^^^^^^^^^^^^^^^^^^^^^^^^^^^^^^^^^^^^^^^^^^^^^^^^^^^^^^^^^^^^^^^^^^^^^^^^^^^^^^^^^^^^^^^^^^^^^^^^^^^^^^^^^^^^
ccxt.base.errors.NetworkError: Connection closed by remote server, closing code 1006
2026-01-05 11:44:46,957 - freqtrade.exchange.exchange_ws - ERROR - Exception in _unwatch_ohlcv
Traceback (most recent call last):
  File "/freqtrade/freqtrade/exchange/exchange_ws.py", line 144, in _unwatch_ohlcv
    await self._ccxt_object.un_watch_ohlcv_for_symbols([[pair, timeframe]])
  File "/home/ftuser/.local/lib/python3.13/site-packages/ccxt/pro/bybit.py", line 727, in un_watch_ohlcv_for_symbols
    return await self.un_watch_topics(url, 'ohlcv', symbols, messageHashes, subMessageHashes, rawHashes, params, subExtension)
           ^^^^^^^^^^^^^^^^^^^^^^^^^^^^^^^^^^^^^^^^^^^^^^^^^^^^^^^^^^^^^^^^^^^^^^^^^^^^^^^^^^^^^^^^^^^^^^^^^^^^^^^^^^^^^^^^^^^
  File "/home/ftuser/.local/lib/python3.13/site-packages/ccxt/pro/bybit.py", line 2174, in un_watch_topics
    return await self.watch_multiple(url, messageHashes, message, messageHashes, self.extend(subscription, subExtension))
           ^^^^^^^^^^^^^^^^^^^^^^^^^^^^^^^^^^^^^^^^^^^^^^^^^^^^^^^^^^^^^^^^^^^^^^^^^^^^^^^^^^^^^^^^^^^^^^^^^^^^^^^^^^^^^^
ccxt.base.errors.NetworkError: Connection closed by remote server, closing code 1006
2026-01-05 11:44:46,960 - freqtrade.exchange.exchange_ws - ERROR - Exception in _unwatch_ohlcv
Traceback (most recent call last):
  File "/freqtrade/freqtrade/exchange/exchange_ws.py", line 144, in _unwatch_ohlcv
    await self._ccxt_object.un_watch_ohlcv_for_symbols([[pair, timeframe]])
  File "/home/ftuser/.local/lib/python3.13/site-packages/ccxt/pro/bybit.py", line 727, in un_watch_ohlcv_for_symbols
    return await self.un_watch_topics(url, 'ohlcv', symbols, messageHashes, subMessageHashes, rawHashes, params, subExtension)
           ^^^^^^^^^^^^^^^^^^^^^^^^^^^^^^^^^^^^^^^^^^^^^^^^^^^^^^^^^^^^^^^^^^^^^^^^^^^^^^^^^^^^^^^^^^^^^^^^^^^^^^^^^^^^^^^^^^^
  File "/home/ftuser/.local/lib/python3.13/site-packages/ccxt/pro/bybit.py", line 2174, in un_watch_topics
    return await self.watch_multiple(url, messageHashes, message, messageHashes, self.extend(subscription, subExtension))
           ^^^^^^^^^^^^^^^^^^^^^^^^^^^^^^^^^^^^^^^^^^^^^^^^^^^^^^^^^^^^^^^^^^^^^^^^^^^^^^^^^^^^^^^^^^^^^^^^^^^^^^^^^^^^^^
ccxt.base.errors.NetworkError: Connection closed by remote server, closing code 1006
2026-01-05 11:44:46,964 - freqtrade.exchange.exchange_ws - ERROR - Exception in _unwatch_ohlcv
Traceback (most recent call last):
  File "/freqtrade/freqtrade/exchange/exchange_ws.py", line 144, in _unwatch_ohlcv
    await self._ccxt_object.un_watch_ohlcv_for_symbols([[pair, timeframe]])
  File "/home/ftuser/.local/lib/python3.13/site-packages/ccxt/pro/bybit.py", line 727, in un_watch_ohlcv_for_symbols
    return await self.un_watch_topics(url, 'ohlcv', symbols, messageHashes, subMessageHashes, rawHashes, params, subExtension)
           ^^^^^^^^^^^^^^^^^^^^^^^^^^^^^^^^^^^^^^^^^^^^^^^^^^^^^^^^^^^^^^^^^^^^^^^^^^^^^^^^^^^^^^^^^^^^^^^^^^^^^^^^^^^^^^^^^^^
  File "/home/ftuser/.local/lib/python3.13/site-packages/ccxt/pro/bybit.py", line 2174, in un_watch_topics
    return await self.watch_multiple(url, messageHashes, message, messageHashes, self.extend(subscription, subExtension))
           ^^^^^^^^^^^^^^^^^^^^^^^^^^^^^^^^^^^^^^^^^^^^^^^^^^^^^^^^^^^^^^^^^^^^^^^^^^^^^^^^^^^^^^^^^^^^^^^^^^^^^^^^^^^^^^
ccxt.base.errors.NetworkError: Connection closed by remote server, closing code 1006
2026-01-05 11:44:46,967 - freqtrade.exchange.exchange_ws - ERROR - Exception in _unwatch_ohlcv
Traceback (most recent call last):
  File "/freqtrade/freqtrade/exchange/exchange_ws.py", line 144, in _unwatch_ohlcv
    await self._ccxt_object.un_watch_ohlcv_for_symbols([[pair, timeframe]])
  File "/home/ftuser/.local/lib/python3.13/site-packages/ccxt/pro/bybit.py", line 727, in un_watch_ohlcv_for_symbols
    return await self.un_watch_topics(url, 'ohlcv', symbols, messageHashes, subMessageHashes, rawHashes, params, subExtension)
           ^^^^^^^^^^^^^^^^^^^^^^^^^^^^^^^^^^^^^^^^^^^^^^^^^^^^^^^^^^^^^^^^^^^^^^^^^^^^^^^^^^^^^^^^^^^^^^^^^^^^^^^^^^^^^^^^^^^
  File "/home/ftuser/.local/lib/python3.13/site-packages/ccxt/pro/bybit.py", line 2174, in un_watch_topics
    return await self.watch_multiple(url, messageHashes, message, messageHashes, self.extend(subscription, subExtension))
           ^^^^^^^^^^^^^^^^^^^^^^^^^^^^^^^^^^^^^^^^^^^^^^^^^^^^^^^^^^^^^^^^^^^^^^^^^^^^^^^^^^^^^^^^^^^^^^^^^^^^^^^^^^^^^^
ccxt.base.errors.NetworkError: Connection closed by remote server, closing code 1006
2026-01-05 11:44:46,971 - freqtrade.exchange.exchange_ws - ERROR - Exception in _unwatch_ohlcv
Traceback (most recent call last):
  File "/freqtrade/freqtrade/exchange/exchange_ws.py", line 144, in _unwatch_ohlcv
    await self._ccxt_object.un_watch_ohlcv_for_symbols([[pair, timeframe]])
  File "/home/ftuser/.local/lib/python3.13/site-packages/ccxt/pro/bybit.py", line 727, in un_watch_ohlcv_for_symbols
    return await self.un_watch_topics(url, 'ohlcv', symbols, messageHashes, subMessageHashes, rawHashes, params, subExtension)
           ^^^^^^^^^^^^^^^^^^^^^^^^^^^^^^^^^^^^^^^^^^^^^^^^^^^^^^^^^^^^^^^^^^^^^^^^^^^^^^^^^^^^^^^^^^^^^^^^^^^^^^^^^^^^^^^^^^^
  File "/home/ftuser/.local/lib/python3.13/site-packages/ccxt/pro/bybit.py", line 2174, in un_watch_topics
    return await self.watch_multiple(url, messageHashes, message, messageHashes, self.extend(subscription, subExtension))
           ^^^^^^^^^^^^^^^^^^^^^^^^^^^^^^^^^^^^^^^^^^^^^^^^^^^^^^^^^^^^^^^^^^^^^^^^^^^^^^^^^^^^^^^^^^^^^^^^^^^^^^^^^^^^^^
ccxt.base.errors.NetworkError: Connection closed by remote server, closing code 1006
2026-01-05 11:44:46,975 - freqtrade.exchange.exchange_ws - ERROR - Exception in _unwatch_ohlcv
Traceback (most recent call last):
  File "/freqtrade/freqtrade/exchange/exchange_ws.py", line 144, in _unwatch_ohlcv
    await self._ccxt_object.un_watch_ohlcv_for_symbols([[pair, timeframe]])
  File "/home/ftuser/.local/lib/python3.13/site-packages/ccxt/pro/bybit.py", line 727, in un_watch_ohlcv_for_symbols
    return await self.un_watch_topics(url, 'ohlcv', symbols, messageHashes, subMessageHashes, rawHashes, params, subExtension)
           ^^^^^^^^^^^^^^^^^^^^^^^^^^^^^^^^^^^^^^^^^^^^^^^^^^^^^^^^^^^^^^^^^^^^^^^^^^^^^^^^^^^^^^^^^^^^^^^^^^^^^^^^^^^^^^^^^^^
  File "/home/ftuser/.local/lib/python3.13/site-packages/ccxt/pro/bybit.py", line 2174, in un_watch_topics
    return await self.watch_multiple(url, messageHashes, message, messageHashes, self.extend(subscription, subExtension))
           ^^^^^^^^^^^^^^^^^^^^^^^^^^^^^^^^^^^^^^^^^^^^^^^^^^^^^^^^^^^^^^^^^^^^^^^^^^^^^^^^^^^^^^^^^^^^^^^^^^^^^^^^^^^^^^
ccxt.base.errors.NetworkError: Connection closed by remote server, closing code 1006
2026-01-05 11:44:46,978 - freqtrade.exchange.exchange_ws - ERROR - Exception in _unwatch_ohlcv
Traceback (most recent call last):
  File "/freqtrade/freqtrade/exchange/exchange_ws.py", line 144, in _unwatch_ohlcv
    await self._ccxt_object.un_watch_ohlcv_for_symbols([[pair, timeframe]])
  File "/home/ftuser/.local/lib/python3.13/site-packages/ccxt/pro/bybit.py", line 727, in un_watch_ohlcv_for_symbols
    return await self.un_watch_topics(url, 'ohlcv', symbols, messageHashes, subMessageHashes, rawHashes, params, subExtension)
           ^^^^^^^^^^^^^^^^^^^^^^^^^^^^^^^^^^^^^^^^^^^^^^^^^^^^^^^^^^^^^^^^^^^^^^^^^^^^^^^^^^^^^^^^^^^^^^^^^^^^^^^^^^^^^^^^^^^
  File "/home/ftuser/.local/lib/python3.13/site-packages/ccxt/pro/bybit.py", line 2174, in un_watch_topics
    return await self.watch_multiple(url, messageHashes, message, messageHashes, self.extend(subscription, subExtension))
           ^^^^^^^^^^^^^^^^^^^^^^^^^^^^^^^^^^^^^^^^^^^^^^^^^^^^^^^^^^^^^^^^^^^^^^^^^^^^^^^^^^^^^^^^^^^^^^^^^^^^^^^^^^^^^^
ccxt.base.errors.NetworkError: Connection closed by remote server, closing code 1006
2026-01-05 11:44:46,982 - freqtrade.exchange.exchange_ws - ERROR - Exception in _unwatch_ohlcv
Traceback (most recent call last):
  File "/freqtrade/freqtrade/exchange/exchange_ws.py", line 144, in _unwatch_ohlcv
    await self._ccxt_object.un_watch_ohlcv_for_symbols([[pair, timeframe]])
  File "/home/ftuser/.local/lib/python3.13/site-packages/ccxt/pro/bybit.py", line 727, in un_watch_ohlcv_for_symbols
    return await self.un_watch_topics(url, 'ohlcv', symbols, messageHashes, subMessageHashes, rawHashes, params, subExtension)
           ^^^^^^^^^^^^^^^^^^^^^^^^^^^^^^^^^^^^^^^^^^^^^^^^^^^^^^^^^^^^^^^^^^^^^^^^^^^^^^^^^^^^^^^^^^^^^^^^^^^^^^^^^^^^^^^^^^^
  File "/home/ftuser/.local/lib/python3.13/site-packages/ccxt/pro/bybit.py", line 2174, in un_watch_topics
    return await self.watch_multiple(url, messageHashes, message, messageHashes, self.extend(subscription, subExtension))
           ^^^^^^^^^^^^^^^^^^^^^^^^^^^^^^^^^^^^^^^^^^^^^^^^^^^^^^^^^^^^^^^^^^^^^^^^^^^^^^^^^^^^^^^^^^^^^^^^^^^^^^^^^^^^^^
ccxt.base.errors.NetworkError: Connection closed by remote server, closing code 1006
2026-01-05 11:44:46,985 - freqtrade.exchange.exchange_ws - ERROR - Exception in _unwatch_ohlcv
Traceback (most recent call last):
  File "/freqtrade/freqtrade/exchange/exchange_ws.py", line 144, in _unwatch_ohlcv
    await self._ccxt_object.un_watch_ohlcv_for_symbols([[pair, timeframe]])
  File "/home/ftuser/.local/lib/python3.13/site-packages/ccxt/pro/bybit.py", line 727, in un_watch_ohlcv_for_symbols
    return await self.un_watch_topics(url, 'ohlcv', symbols, messageHashes, subMessageHashes, rawHashes, params, subExtension)
           ^^^^^^^^^^^^^^^^^^^^^^^^^^^^^^^^^^^^^^^^^^^^^^^^^^^^^^^^^^^^^^^^^^^^^^^^^^^^^^^^^^^^^^^^^^^^^^^^^^^^^^^^^^^^^^^^^^^
  File "/home/ftuser/.local/lib/python3.13/site-packages/ccxt/pro/bybit.py", line 2174, in un_watch_topics
    return await self.watch_multiple(url, messageHashes, message, messageHashes, self.extend(subscription, subExtension))
           ^^^^^^^^^^^^^^^^^^^^^^^^^^^^^^^^^^^^^^^^^^^^^^^^^^^^^^^^^^^^^^^^^^^^^^^^^^^^^^^^^^^^^^^^^^^^^^^^^^^^^^^^^^^^^^
ccxt.base.errors.NetworkError: Connection closed by remote server, closing code 1006
2026-01-05 11:44:46,989 - freqtrade.exchange.exchange_ws - ERROR - Exception in _unwatch_ohlcv
Traceback (most recent call last):
  File "/freqtrade/freqtrade/exchange/exchange_ws.py", line 144, in _unwatch_ohlcv
    await self._ccxt_object.un_watch_ohlcv_for_symbols([[pair, timeframe]])
  File "/home/ftuser/.local/lib/python3.13/site-packages/ccxt/pro/bybit.py", line 727, in un_watch_ohlcv_for_symbols
    return await self.un_watch_topics(url, 'ohlcv', symbols, messageHashes, subMessageHashes, rawHashes, params, subExtension)
           ^^^^^^^^^^^^^^^^^^^^^^^^^^^^^^^^^^^^^^^^^^^^^^^^^^^^^^^^^^^^^^^^^^^^^^^^^^^^^^^^^^^^^^^^^^^^^^^^^^^^^^^^^^^^^^^^^^^
  File "/home/ftuser/.local/lib/python3.13/site-packages/ccxt/pro/bybit.py", line 2174, in un_watch_topics
    return await self.watch_multiple(url, messageHashes, message, messageHashes, self.extend(subscription, subExtension))
           ^^^^^^^^^^^^^^^^^^^^^^^^^^^^^^^^^^^^^^^^^^^^^^^^^^^^^^^^^^^^^^^^^^^^^^^^^^^^^^^^^^^^^^^^^^^^^^^^^^^^^^^^^^^^^^
ccxt.base.errors.NetworkError: Connection closed by remote server, closing code 1006
2026-01-05 11:44:46,993 - freqtrade.exchange.exchange_ws - ERROR - Exception in _unwatch_ohlcv
Traceback (most recent call last):
  File "/freqtrade/freqtrade/exchange/exchange_ws.py", line 144, in _unwatch_ohlcv
    await self._ccxt_object.un_watch_ohlcv_for_symbols([[pair, timeframe]])
  File "/home/ftuser/.local/lib/python3.13/site-packages/ccxt/pro/bybit.py", line 727, in un_watch_ohlcv_for_symbols
    return await self.un_watch_topics(url, 'ohlcv', symbols, messageHashes, subMessageHashes, rawHashes, params, subExtension)
           ^^^^^^^^^^^^^^^^^^^^^^^^^^^^^^^^^^^^^^^^^^^^^^^^^^^^^^^^^^^^^^^^^^^^^^^^^^^^^^^^^^^^^^^^^^^^^^^^^^^^^^^^^^^^^^^^^^^
  File "/home/ftuser/.local/lib/python3.13/site-packages/ccxt/pro/bybit.py", line 2174, in un_watch_topics
    return await self.watch_multiple(url, messageHashes, message, messageHashes, self.extend(subscription, subExtension))
           ^^^^^^^^^^^^^^^^^^^^^^^^^^^^^^^^^^^^^^^^^^^^^^^^^^^^^^^^^^^^^^^^^^^^^^^^^^^^^^^^^^^^^^^^^^^^^^^^^^^^^^^^^^^^^^
ccxt.base.errors.NetworkError: Connection closed by remote server, closing code 1006
2026-01-05 11:44:46,996 - freqtrade.exchange.exchange_ws - ERROR - Exception in _unwatch_ohlcv
Traceback (most recent call last):
  File "/freqtrade/freqtrade/exchange/exchange_ws.py", line 144, in _unwatch_ohlcv
    await self._ccxt_object.un_watch_ohlcv_for_symbols([[pair, timeframe]])
  File "/home/ftuser/.local/lib/python3.13/site-packages/ccxt/pro/bybit.py", line 727, in un_watch_ohlcv_for_symbols
    return await self.un_watch_topics(url, 'ohlcv', symbols, messageHashes, subMessageHashes, rawHashes, params, subExtension)
           ^^^^^^^^^^^^^^^^^^^^^^^^^^^^^^^^^^^^^^^^^^^^^^^^^^^^^^^^^^^^^^^^^^^^^^^^^^^^^^^^^^^^^^^^^^^^^^^^^^^^^^^^^^^^^^^^^^^
  File "/home/ftuser/.local/lib/python3.13/site-packages/ccxt/pro/bybit.py", line 2174, in un_watch_topics
    return await self.watch_multiple(url, messageHashes, message, messageHashes, self.extend(subscription, subExtension))
           ^^^^^^^^^^^^^^^^^^^^^^^^^^^^^^^^^^^^^^^^^^^^^^^^^^^^^^^^^^^^^^^^^^^^^^^^^^^^^^^^^^^^^^^^^^^^^^^^^^^^^^^^^^^^^^
ccxt.base.errors.NetworkError: Connection closed by remote server, closing code 1006
2026-01-05 11:44:47,000 - freqtrade.exchange.exchange_ws - ERROR - Exception in _unwatch_ohlcv
Traceback (most recent call last):
  File "/freqtrade/freqtrade/exchange/exchange_ws.py", line 144, in _unwatch_ohlcv
    await self._ccxt_object.un_watch_ohlcv_for_symbols([[pair, timeframe]])
  File "/home/ftuser/.local/lib/python3.13/site-packages/ccxt/pro/bybit.py", line 727, in un_watch_ohlcv_for_symbols
    return await self.un_watch_topics(url, 'ohlcv', symbols, messageHashes, subMessageHashes, rawHashes, params, subExtension)
           ^^^^^^^^^^^^^^^^^^^^^^^^^^^^^^^^^^^^^^^^^^^^^^^^^^^^^^^^^^^^^^^^^^^^^^^^^^^^^^^^^^^^^^^^^^^^^^^^^^^^^^^^^^^^^^^^^^^
  File "/home/ftuser/.local/lib/python3.13/site-packages/ccxt/pro/bybit.py", line 2174, in un_watch_topics
    return await self.watch_multiple(url, messageHashes, message, messageHashes, self.extend(subscription, subExtension))
           ^^^^^^^^^^^^^^^^^^^^^^^^^^^^^^^^^^^^^^^^^^^^^^^^^^^^^^^^^^^^^^^^^^^^^^^^^^^^^^^^^^^^^^^^^^^^^^^^^^^^^^^^^^^^^^
ccxt.base.errors.NetworkError: Connection closed by remote server, closing code 1006
2026-01-05 11:44:47,003 - freqtrade.exchange.exchange_ws - ERROR - Exception in _unwatch_ohlcv
Traceback (most recent call last):
  File "/freqtrade/freqtrade/exchange/exchange_ws.py", line 144, in _unwatch_ohlcv
    await self._ccxt_object.un_watch_ohlcv_for_symbols([[pair, timeframe]])
  File "/home/ftuser/.local/lib/python3.13/site-packages/ccxt/pro/bybit.py", line 727, in un_watch_ohlcv_for_symbols
    return await self.un_watch_topics(url, 'ohlcv', symbols, messageHashes, subMessageHashes, rawHashes, params, subExtension)
           ^^^^^^^^^^^^^^^^^^^^^^^^^^^^^^^^^^^^^^^^^^^^^^^^^^^^^^^^^^^^^^^^^^^^^^^^^^^^^^^^^^^^^^^^^^^^^^^^^^^^^^^^^^^^^^^^^^^
  File "/home/ftuser/.local/lib/python3.13/site-packages/ccxt/pro/bybit.py", line 2174, in un_watch_topics
    return await self.watch_multiple(url, messageHashes, message, messageHashes, self.extend(subscription, subExtension))
           ^^^^^^^^^^^^^^^^^^^^^^^^^^^^^^^^^^^^^^^^^^^^^^^^^^^^^^^^^^^^^^^^^^^^^^^^^^^^^^^^^^^^^^^^^^^^^^^^^^^^^^^^^^^^^^
ccxt.base.errors.NetworkError: Connection closed by remote server, closing code 1006
2026-01-05 11:44:47,007 - freqtrade.exchange.exchange_ws - ERROR - Exception in _unwatch_ohlcv
Traceback (most recent call last):
  File "/freqtrade/freqtrade/exchange/exchange_ws.py", line 144, in _unwatch_ohlcv
    await self._ccxt_object.un_watch_ohlcv_for_symbols([[pair, timeframe]])
  File "/home/ftuser/.local/lib/python3.13/site-packages/ccxt/pro/bybit.py", line 727, in un_watch_ohlcv_for_symbols
    return await self.un_watch_topics(url, 'ohlcv', symbols, messageHashes, subMessageHashes, rawHashes, params, subExtension)
           ^^^^^^^^^^^^^^^^^^^^^^^^^^^^^^^^^^^^^^^^^^^^^^^^^^^^^^^^^^^^^^^^^^^^^^^^^^^^^^^^^^^^^^^^^^^^^^^^^^^^^^^^^^^^^^^^^^^
  File "/home/ftuser/.local/lib/python3.13/site-packages/ccxt/pro/bybit.py", line 2174, in un_watch_topics
    return await self.watch_multiple(url, messageHashes, message, messageHashes, self.extend(subscription, subExtension))
           ^^^^^^^^^^^^^^^^^^^^^^^^^^^^^^^^^^^^^^^^^^^^^^^^^^^^^^^^^^^^^^^^^^^^^^^^^^^^^^^^^^^^^^^^^^^^^^^^^^^^^^^^^^^^^^
ccxt.base.errors.NetworkError: Connection closed by remote server, closing code 1006
2026-01-05 11:44:47,011 - freqtrade.exchange.exchange_ws - ERROR - Exception in _unwatch_ohlcv
Traceback (most recent call last):
  File "/freqtrade/freqtrade/exchange/exchange_ws.py", line 144, in _unwatch_ohlcv
    await self._ccxt_object.un_watch_ohlcv_for_symbols([[pair, timeframe]])
  File "/home/ftuser/.local/lib/python3.13/site-packages/ccxt/pro/bybit.py", line 727, in un_watch_ohlcv_for_symbols
    return await self.un_watch_topics(url, 'ohlcv', symbols, messageHashes, subMessageHashes, rawHashes, params, subExtension)
           ^^^^^^^^^^^^^^^^^^^^^^^^^^^^^^^^^^^^^^^^^^^^^^^^^^^^^^^^^^^^^^^^^^^^^^^^^^^^^^^^^^^^^^^^^^^^^^^^^^^^^^^^^^^^^^^^^^^
  File "/home/ftuser/.local/lib/python3.13/site-packages/ccxt/pro/bybit.py", line 2174, in un_watch_topics
    return await self.watch_multiple(url, messageHashes, message, messageHashes, self.extend(subscription, subExtension))
           ^^^^^^^^^^^^^^^^^^^^^^^^^^^^^^^^^^^^^^^^^^^^^^^^^^^^^^^^^^^^^^^^^^^^^^^^^^^^^^^^^^^^^^^^^^^^^^^^^^^^^^^^^^^^^^
ccxt.base.errors.NetworkError: Connection closed by remote server, closing code 1006
2026-01-05 11:44:47,014 - freqtrade.exchange.exchange_ws - ERROR - Exception in _unwatch_ohlcv
Traceback (most recent call last):
  File "/freqtrade/freqtrade/exchange/exchange_ws.py", line 144, in _unwatch_ohlcv
    await self._ccxt_object.un_watch_ohlcv_for_symbols([[pair, timeframe]])
  File "/home/ftuser/.local/lib/python3.13/site-packages/ccxt/pro/bybit.py", line 727, in un_watch_ohlcv_for_symbols
    return await self.un_watch_topics(url, 'ohlcv', symbols, messageHashes, subMessageHashes, rawHashes, params, subExtension)
           ^^^^^^^^^^^^^^^^^^^^^^^^^^^^^^^^^^^^^^^^^^^^^^^^^^^^^^^^^^^^^^^^^^^^^^^^^^^^^^^^^^^^^^^^^^^^^^^^^^^^^^^^^^^^^^^^^^^
  File "/home/ftuser/.local/lib/python3.13/site-packages/ccxt/pro/bybit.py", line 2174, in un_watch_topics
    return await self.watch_multiple(url, messageHashes, message, messageHashes, self.extend(subscription, subExtension))
           ^^^^^^^^^^^^^^^^^^^^^^^^^^^^^^^^^^^^^^^^^^^^^^^^^^^^^^^^^^^^^^^^^^^^^^^^^^^^^^^^^^^^^^^^^^^^^^^^^^^^^^^^^^^^^^
ccxt.base.errors.NetworkError: Connection closed by remote server, closing code 1006
2026-01-05 11:44:47,018 - freqtrade.exchange.exchange_ws - ERROR - Exception in _unwatch_ohlcv
Traceback (most recent call last):
  File "/freqtrade/freqtrade/exchange/exchange_ws.py", line 144, in _unwatch_ohlcv
    await self._ccxt_object.un_watch_ohlcv_for_symbols([[pair, timeframe]])
  File "/home/ftuser/.local/lib/python3.13/site-packages/ccxt/pro/bybit.py", line 727, in un_watch_ohlcv_for_symbols
    return await self.un_watch_topics(url, 'ohlcv', symbols, messageHashes, subMessageHashes, rawHashes, params, subExtension)
           ^^^^^^^^^^^^^^^^^^^^^^^^^^^^^^^^^^^^^^^^^^^^^^^^^^^^^^^^^^^^^^^^^^^^^^^^^^^^^^^^^^^^^^^^^^^^^^^^^^^^^^^^^^^^^^^^^^^
  File "/home/ftuser/.local/lib/python3.13/site-packages/ccxt/pro/bybit.py", line 2174, in un_watch_topics
    return await self.watch_multiple(url, messageHashes, message, messageHashes, self.extend(subscription, subExtension))
           ^^^^^^^^^^^^^^^^^^^^^^^^^^^^^^^^^^^^^^^^^^^^^^^^^^^^^^^^^^^^^^^^^^^^^^^^^^^^^^^^^^^^^^^^^^^^^^^^^^^^^^^^^^^^^^
ccxt.base.errors.NetworkError: Connection closed by remote server, closing code 1006
2026-01-05 11:44:47,022 - freqtrade.exchange.exchange_ws - ERROR - Exception in _unwatch_ohlcv
Traceback (most recent call last):
  File "/freqtrade/freqtrade/exchange/exchange_ws.py", line 144, in _unwatch_ohlcv
    await self._ccxt_object.un_watch_ohlcv_for_symbols([[pair, timeframe]])
  File "/home/ftuser/.local/lib/python3.13/site-packages/ccxt/pro/bybit.py", line 727, in un_watch_ohlcv_for_symbols
    return await self.un_watch_topics(url, 'ohlcv', symbols, messageHashes, subMessageHashes, rawHashes, params, subExtension)
           ^^^^^^^^^^^^^^^^^^^^^^^^^^^^^^^^^^^^^^^^^^^^^^^^^^^^^^^^^^^^^^^^^^^^^^^^^^^^^^^^^^^^^^^^^^^^^^^^^^^^^^^^^^^^^^^^^^^
  File "/home/ftuser/.local/lib/python3.13/site-packages/ccxt/pro/bybit.py", line 2174, in un_watch_topics
    return await self.watch_multiple(url, messageHashes, message, messageHashes, self.extend(subscription, subExtension))
           ^^^^^^^^^^^^^^^^^^^^^^^^^^^^^^^^^^^^^^^^^^^^^^^^^^^^^^^^^^^^^^^^^^^^^^^^^^^^^^^^^^^^^^^^^^^^^^^^^^^^^^^^^^^^^^
ccxt.base.errors.NetworkError: Connection closed by remote server, closing code 1006
2026-01-05 11:44:47,026 - freqtrade.exchange.exchange_ws - ERROR - Exception in _unwatch_ohlcv
Traceback (most recent call last):
  File "/freqtrade/freqtrade/exchange/exchange_ws.py", line 144, in _unwatch_ohlcv
    await self._ccxt_object.un_watch_ohlcv_for_symbols([[pair, timeframe]])
  File "/home/ftuser/.local/lib/python3.13/site-packages/ccxt/pro/bybit.py", line 727, in un_watch_ohlcv_for_symbols
    return await self.un_watch_topics(url, 'ohlcv', symbols, messageHashes, subMessageHashes, rawHashes, params, subExtension)
           ^^^^^^^^^^^^^^^^^^^^^^^^^^^^^^^^^^^^^^^^^^^^^^^^^^^^^^^^^^^^^^^^^^^^^^^^^^^^^^^^^^^^^^^^^^^^^^^^^^^^^^^^^^^^^^^^^^^
  File "/home/ftuser/.local/lib/python3.13/site-packages/ccxt/pro/bybit.py", line 2174, in un_watch_topics
    return await self.watch_multiple(url, messageHashes, message, messageHashes, self.extend(subscription, subExtension))
           ^^^^^^^^^^^^^^^^^^^^^^^^^^^^^^^^^^^^^^^^^^^^^^^^^^^^^^^^^^^^^^^^^^^^^^^^^^^^^^^^^^^^^^^^^^^^^^^^^^^^^^^^^^^^^^
ccxt.base.errors.NetworkError: Connection closed by remote server, closing code 1006
2026-01-05 11:44:47,030 - freqtrade.exchange.exchange_ws - ERROR - Exception in _unwatch_ohlcv
Traceback (most recent call last):
  File "/freqtrade/freqtrade/exchange/exchange_ws.py", line 144, in _unwatch_ohlcv
    await self._ccxt_object.un_watch_ohlcv_for_symbols([[pair, timeframe]])
  File "/home/ftuser/.local/lib/python3.13/site-packages/ccxt/pro/bybit.py", line 727, in un_watch_ohlcv_for_symbols
    return await self.un_watch_topics(url, 'ohlcv', symbols, messageHashes, subMessageHashes, rawHashes, params, subExtension)
           ^^^^^^^^^^^^^^^^^^^^^^^^^^^^^^^^^^^^^^^^^^^^^^^^^^^^^^^^^^^^^^^^^^^^^^^^^^^^^^^^^^^^^^^^^^^^^^^^^^^^^^^^^^^^^^^^^^^
  File "/home/ftuser/.local/lib/python3.13/site-packages/ccxt/pro/bybit.py", line 2174, in un_watch_topics
    return await self.watch_multiple(url, messageHashes, message, messageHashes, self.extend(subscription, subExtension))
           ^^^^^^^^^^^^^^^^^^^^^^^^^^^^^^^^^^^^^^^^^^^^^^^^^^^^^^^^^^^^^^^^^^^^^^^^^^^^^^^^^^^^^^^^^^^^^^^^^^^^^^^^^^^^^^
ccxt.base.errors.NetworkError: Connection closed by remote server, closing code 1006
2026-01-05 11:44:47,034 - freqtrade.exchange.exchange_ws - ERROR - Exception in _unwatch_ohlcv
Traceback (most recent call last):
  File "/freqtrade/freqtrade/exchange/exchange_ws.py", line 144, in _unwatch_ohlcv
    await self._ccxt_object.un_watch_ohlcv_for_symbols([[pair, timeframe]])
  File "/home/ftuser/.local/lib/python3.13/site-packages/ccxt/pro/bybit.py", line 727, in un_watch_ohlcv_for_symbols
    return await self.un_watch_topics(url, 'ohlcv', symbols, messageHashes, subMessageHashes, rawHashes, params, subExtension)
           ^^^^^^^^^^^^^^^^^^^^^^^^^^^^^^^^^^^^^^^^^^^^^^^^^^^^^^^^^^^^^^^^^^^^^^^^^^^^^^^^^^^^^^^^^^^^^^^^^^^^^^^^^^^^^^^^^^^
  File "/home/ftuser/.local/lib/python3.13/site-packages/ccxt/pro/bybit.py", line 2174, in un_watch_topics
    return await self.watch_multiple(url, messageHashes, message, messageHashes, self.extend(subscription, subExtension))
           ^^^^^^^^^^^^^^^^^^^^^^^^^^^^^^^^^^^^^^^^^^^^^^^^^^^^^^^^^^^^^^^^^^^^^^^^^^^^^^^^^^^^^^^^^^^^^^^^^^^^^^^^^^^^^^
ccxt.base.errors.NetworkError: Connection closed by remote server, closing code 1006
2026-01-05 11:44:47,692 - freqtrade.configuration.load_config - INFO - Using config: /freqtrade/user_data/atlas_engine.json ...
2026-01-05 11:44:47,708 - freqtrade.loggers - INFO - Enabling colorized output.
2026-01-05 11:44:47,709 - freqtrade.loggers - INFO - Logfile configured
2026-01-05 11:44:47,711 - freqtrade.loggers - INFO - Verbosity set to 0
2026-01-05 11:44:47,712 - freqtrade.configuration.configuration - INFO - Runmode set to dry_run.
2026-01-05 11:44:47,713 - freqtrade.configuration.configuration - INFO - Parameter --db-url detected ...
2026-01-05 11:44:47,714 - freqtrade.configuration.configuration - WARNING - `force_entry_enable` RPC message enabled.
2026-01-05 11:44:47,716 - freqtrade.configuration.configuration - INFO - Dry run is enabled
2026-01-05 11:44:47,717 - freqtrade.configuration.configuration - INFO - Using DB: "sqlite:////freqtrade/user_data/atlas_engine.sqlite"
2026-01-05 11:44:47,718 - freqtrade.configuration.configuration - INFO - Using max_open_trades: 4 ...
2026-01-05 11:44:47,748 - freqtrade.configuration.configuration - INFO - Using user-data directory: /freqtrade/user_data ...
2026-01-05 11:44:47,752 - freqtrade.configuration.configuration - INFO - Using data directory: /freqtrade/user_data/data/bybit ...
2026-01-05 11:44:47,753 - freqtrade.exchange.check_exchange - INFO - Checking exchange...
2026-01-05 11:44:47,794 - freqtrade.exchange.check_exchange - INFO - Exchange "bybit" is officially supported by the Freqtrade development team.
2026-01-05 11:44:47,797 - freqtrade.configuration.configuration - INFO - Using pairlist from configuration.
2026-01-05 11:44:47,801 - freqtrade.exchange.exchange - INFO - Instance is running with dry_run enabled
2026-01-05 11:44:47,803 - freqtrade.exchange.exchange - INFO - Using CCXT 4.5.29
2026-01-05 11:44:47,804 - freqtrade.exchange.exchange - INFO - Applying additional ccxt config: {'options': {'defaultType': 'swap', 'defaultSettle': 'USDT'}}
2026-01-05 11:44:47,828 - freqtrade.exchange.exchange - INFO - Applying additional ccxt config: {'options': {'defaultType': 'swap', 'defaultSettle': 'USDT'}}
2026-01-05 11:44:47,856 - freqtrade.exchange.exchange - INFO - Applying additional ccxt config: {'options': {'defaultType': 'swap', 'defaultSettle': 'USDT'}}
2026-01-05 11:44:47,885 - freqtrade.exchange.exchange - INFO - Using Exchange "Bybit"
2026-01-05 11:44:48,520 - asyncio - ERROR - Task was destroyed but it is pending!
task: <Task pending name='Task-1222961' coro=<Throttler.looper() done, defined at /home/ftuser/.local/lib/python3.13/site-packages/ccxt/async_support/base/throttler.py:76> wait_for=<Future pending cb=[Task.task_wakeup()]>>
2026-01-05 11:44:49,730 - freqtrade.resolvers.exchange_resolver - INFO - Using resolved exchange 'Bybit'...
2026-01-05 11:44:49,737 - freqtrade.resolvers.iresolver - INFO - Using resolved strategy AtlasEngine from '/freqtrade/user_data/strategies/atlas_engine.py'...
2026-01-05 11:44:49,738 - freqtrade.strategy.hyper - INFO - Found no parameter file.
2026-01-05 11:44:49,740 - freqtrade.resolvers.strategy_resolver - INFO - Override strategy 'stake_currency' with value from the configuration: USDT.
2026-01-05 11:44:49,740 - freqtrade.resolvers.strategy_resolver - INFO - Override strategy 'stake_amount' with value from the configuration: unlimited.
2026-01-05 11:44:49,741 - freqtrade.resolvers.strategy_resolver - INFO - Override strategy 'unfilledtimeout' with value from the configuration: {'entry': 5, 'exit': 5, 'exit_timeout_count': 0, 'unit': 'minutes'}.
2026-01-05 11:44:49,742 - freqtrade.resolvers.strategy_resolver - INFO - Override strategy 'max_open_trades' with value from the configuration: 4.
2026-01-05 11:44:49,742 - freqtrade.resolvers.strategy_resolver - INFO - Strategy using minimal_roi: {}
2026-01-05 11:44:49,743 - freqtrade.resolvers.strategy_resolver - INFO - Strategy using timeframe: 15m
2026-01-05 11:44:49,744 - freqtrade.resolvers.strategy_resolver - INFO - Strategy using stoploss: -1
2026-01-05 11:44:49,744 - freqtrade.resolvers.strategy_resolver - INFO - Strategy using trailing_stop: False
2026-01-05 11:44:49,745 - freqtrade.resolvers.strategy_resolver - INFO - Strategy using trailing_stop_positive_offset: 0.0
2026-01-05 11:44:49,745 - freqtrade.resolvers.strategy_resolver - INFO - Strategy using trailing_only_offset_is_reached: False
2026-01-05 11:44:49,746 - freqtrade.resolvers.strategy_resolver - INFO - Strategy using use_custom_stoploss: True
2026-01-05 11:44:49,747 - freqtrade.resolvers.strategy_resolver - INFO - Strategy using process_only_new_candles: True
2026-01-05 11:44:49,747 - freqtrade.resolvers.strategy_resolver - INFO - Strategy using order_types: {'entry': 'limit', 'exit': 'limit', 'emergency_exit': 'market', 'stoploss': 'market', 'stoploss_on_exchange': False, 'stoploss_on_exchange_interval': 60, 'stoploss_on_exchange_limit_ratio': 0.99}
2026-01-05 11:44:49,748 - freqtrade.resolvers.strategy_resolver - INFO - Strategy using order_time_in_force: {'entry': 'GTC', 'exit': 'GTC'}
2026-01-05 11:44:49,749 - freqtrade.resolvers.strategy_resolver - INFO - Strategy using stake_currency: USDT
2026-01-05 11:44:49,749 - freqtrade.resolvers.strategy_resolver - INFO - Strategy using stake_amount: unlimited
2026-01-05 11:44:49,750 - freqtrade.resolvers.strategy_resolver - INFO - Strategy using startup_candle_count: 0
2026-01-05 11:44:49,750 - freqtrade.resolvers.strategy_resolver - INFO - Strategy using unfilledtimeout: {'entry': 5, 'exit': 5, 'exit_timeout_count': 0, 'unit': 'minutes'}
2026-01-05 11:44:49,751 - freqtrade.resolvers.strategy_resolver - INFO - Strategy using use_exit_signal: True
2026-01-05 11:44:49,752 - freqtrade.resolvers.strategy_resolver - INFO - Strategy using exit_profit_only: False
2026-01-05 11:44:49,752 - freqtrade.resolvers.strategy_resolver - INFO - Strategy using ignore_roi_if_entry_signal: False
2026-01-05 11:44:49,753 - freqtrade.resolvers.strategy_resolver - INFO - Strategy using exit_profit_offset: 0.0
2026-01-05 11:44:49,754 - freqtrade.resolvers.strategy_resolver - INFO - Strategy using disable_dataframe_checks: False
2026-01-05 11:44:49,754 - freqtrade.resolvers.strategy_resolver - INFO - Strategy using ignore_buying_expired_candle_after: 0
2026-01-05 11:44:49,755 - freqtrade.resolvers.strategy_resolver - INFO - Strategy using position_adjustment_enable: True
2026-01-05 11:44:49,755 - freqtrade.resolvers.strategy_resolver - INFO - Strategy using max_entry_position_adjustment: -1
2026-01-05 11:44:49,756 - freqtrade.resolvers.strategy_resolver - INFO - Strategy using max_open_trades: 4
2026-01-05 11:44:49,757 - freqtrade.configuration.config_validation - INFO - Validating configuration ...
2026-01-05 11:44:49,789 - freqtrade.wallets - INFO - Wallets synced.
2026-01-05 11:44:50,025 - freqtrade.rpc.rpc_manager - INFO - Enabling rpc.telegram ...
2026-01-05 11:44:50,027 - freqtrade.rpc.telegram - INFO - using custom keyboard from config.json: [['/status table', '/reload_config'], ['/forcelong', '/forceshort', '/forceexit'], ['/stop', '/start', '/profit', '/logs']]
2026-01-05 11:44:50,029 - freqtrade.rpc.rpc_manager - INFO - Enabling rpc.api_server
2026-01-05 11:44:50,307 - freqtrade.rpc.api_server.webserver - INFO - Starting HTTP Server at 0.0.0.0:8080
2026-01-05 11:44:50,311 - freqtrade.rpc.telegram - INFO - rpc.telegram is listening for following commands: [['status'], ['profit'], ['balance'], ['start'], ['stop'], ['forceexit', 'forcesell', 'fx'], ['forcebuy', 'forcelong'], ['forceshort'], ['reload_trade'], ['trades'], ['delete'], ['cancel_open_order', 'coo'], ['performance'], ['buys', 'entries'], ['exits', 'sells'], ['mix_tags'], ['stats'], ['daily'], ['weekly'], ['monthly'], ['count'], ['locks'], ['delete_locks', 'unlock'], ['reload_conf', 'reload_config'], ['show_conf', 'show_config'], ['pause', 'stopbuy', 'stopentry'], ['whitelist'], ['blacklist'], ['bl_delete', 'blacklist_delete'], ['logs'], ['health'], ['help'], ['version'], ['marketdir'], ['order'], ['list_custom_data'], ['tg_info'], ['profit_long'], ['profit_short']]
2026-01-05 11:44:50,313 - freqtrade.rpc.api_server.webserver - INFO - Starting Local Rest Server.
2026-01-05 11:44:50,326 - uvicorn.error - INFO - Started server process [1]
2026-01-05 11:44:50,328 - uvicorn.error - INFO - Waiting for application startup.
2026-01-05 11:44:50,330 - uvicorn.error - INFO - Application startup complete.
2026-01-05 11:44:50,331 - uvicorn.error - INFO - Uvicorn running on http://0.0.0.0:8080 (Press CTRL+C to quit)
2026-01-05 11:44:50,348 - freqtrade.resolvers.iresolver - INFO - Using resolved pairlist VolumePairList from '/freqtrade/freqtrade/plugins/pairlist/VolumePairList.py'...
2026-01-05 11:44:50,350 - freqtrade.freqtradebot - INFO - Starting initial pairlist refresh
2026-01-05 11:44:50,436 - telegram.ext.Application - INFO - Application started
2026-01-05 11:44:50,844 - freqtrade.plugins.pairlistmanager - INFO - Whitelist with 20 pairs: ['BTC/USDT:USDT', 'ETH/USDT:USDT', 'SOL/USDT:USDT', 'XRP/USDT:USDT', '1000PEPE/USDT:USDT', 'DOGE/USDT:USDT', 'FARTCOIN/USDT:USDT', 'RIVER/USDT:USDT', '1000BONK/USDT:USDT', 'WIF/USDT:USDT', 'HYPE/USDT:USDT', 'SUI/USDT:USDT', 'PIPPIN/USDT:USDT', 'ADA/USDT:USDT', 'VIRTUAL/USDT:USDT', 'ENA/USDT:USDT', 'ZEC/USDT:USDT', 'BCH/USDT:USDT', 'ASTER/USDT:USDT', 'XAUT/USDT:USDT']
2026-01-05 11:44:50,846 - freqtrade.freqtradebot - INFO - Initial Pairlist refresh took 0.49s
2026-01-05 11:44:50,850 - freqtrade.strategy.hyper - INFO - No params for sell found, using default values.
2026-01-05 11:44:50,851 - freqtrade.strategy.hyper - INFO - Strategy Parameter(default): max_rsi = 70
2026-01-05 11:44:50,852 - freqtrade.strategy.hyper - INFO - No params for buy found, using default values.
2026-01-05 11:44:50,854 - freqtrade.strategy.hyper - INFO - Strategy Parameter(default): min_rsi = 30
2026-01-05 11:44:50,855 - freqtrade.plugins.protectionmanager - INFO - No protection Handlers defined.
2026-01-05 11:44:50,856 - freqtrade.rpc.rpc_manager - INFO - Sending rpc message: {'type': status, 'status': 'running after config reloaded'}
2026-01-05 11:44:50,858 - freqtrade.worker - INFO - Changing state from RELOAD_CONFIG to: RUNNING
2026-01-05 11:44:50,881 - freqtrade.rpc.rpc_manager - INFO - Sending rpc message: {'type': warning, 'status': 'Dry run is enabled. All trades are simulated.'}
2026-01-05 11:44:50,883 - freqtrade.rpc.rpc_manager - INFO - Sending rpc message: {'type': startup, 'status': '*Exchange:* `bybit`\n*Stake per trade:* `unlimited USDT`\n*Minimum ROI:* `{}`\n*Stoploss:* `-1`\n*Position adjustment:* `On`\n*Timeframe:* `15m`\n*Strategy:* `AtlasEngine`'}
2026-01-05 11:44:50,885 - freqtrade.rpc.rpc_manager - INFO - Sending rpc message: {'type': startup, 'status': "Searching for USDT pairs to buy and sell based on [{'VolumePairList': 'VolumePairList - top 20 volume pairs.'}]"}
2026-01-05 11:44:50,908 - freqtrade.persistence.trade_model - INFO - Found open trade: Trade(id=3, pair=RIVER/USDT:USDT, amount=1.8, is_short=True, leverage=1, open_rate=16.325, open_since=2026-01-05 11:15:17)
2026-01-05 11:45:16,484 - freqtrade.worker - INFO - Bot heartbeat. PID=1, version='2025.12', state='RUNNING'
2026-01-05 11:46:21,023 - freqtrade.worker - INFO - Bot heartbeat. PID=1, version='2025.12', state='RUNNING'
2026-01-05 11:47:21,036 - freqtrade.worker - INFO - Bot heartbeat. PID=1, version='2025.12', state='RUNNING'
2026-01-05 11:48:21,042 - freqtrade.worker - INFO - Bot heartbeat. PID=1, version='2025.12', state='RUNNING'
2026-01-05 11:49:21,051 - freqtrade.worker - INFO - Bot heartbeat. PID=1, version='2025.12', state='RUNNING'
2026-01-05 11:50:21,062 - freqtrade.worker - INFO - Bot heartbeat. PID=1, version='2025.12', state='RUNNING'
2026-01-05 11:51:21,077 - freqtrade.worker - INFO - Bot heartbeat. PID=1, version='2025.12', state='RUNNING'
2026-01-05 11:52:21,085 - freqtrade.worker - INFO - Bot heartbeat. PID=1, version='2025.12', state='RUNNING'
2026-01-05 11:53:21,095 - freqtrade.worker - INFO - Bot heartbeat. PID=1, version='2025.12', state='RUNNING'
2026-01-05 11:54:21,106 - freqtrade.worker - INFO - Bot heartbeat. PID=1, version='2025.12', state='RUNNING'
2026-01-05 11:55:21,114 - freqtrade.worker - INFO - Bot heartbeat. PID=1, version='2025.12', state='RUNNING'
2026-01-05 11:56:21,123 - freqtrade.worker - INFO - Bot heartbeat. PID=1, version='2025.12', state='RUNNING'
2026-01-05 11:57:21,129 - freqtrade.worker - INFO - Bot heartbeat. PID=1, version='2025.12', state='RUNNING'
2026-01-05 11:58:21,137 - freqtrade.worker - INFO - Bot heartbeat. PID=1, version='2025.12', state='RUNNING'
2026-01-05 11:59:21,149 - freqtrade.worker - INFO - Bot heartbeat. PID=1, version='2025.12', state='RUNNING'
2026-01-05 12:00:21,473 - freqtrade.worker - INFO - Bot heartbeat. PID=1, version='2025.12', state='RUNNING'
2026-01-05 12:01:02,515 - freqtrade.wallets - INFO - Wallets synced.
2026-01-05 12:01:21,485 - freqtrade.worker - INFO - Bot heartbeat. PID=1, version='2025.12', state='RUNNING'
2026-01-05 12:02:21,492 - freqtrade.worker - INFO - Bot heartbeat. PID=1, version='2025.12', state='RUNNING'
2026-01-05 12:03:21,498 - freqtrade.worker - INFO - Bot heartbeat. PID=1, version='2025.12', state='RUNNING'
2026-01-05 12:04:21,506 - freqtrade.worker - INFO - Bot heartbeat. PID=1, version='2025.12', state='RUNNING'
2026-01-05 12:05:21,513 - freqtrade.worker - INFO - Bot heartbeat. PID=1, version='2025.12', state='RUNNING'
2026-01-05 12:06:21,524 - freqtrade.worker - INFO - Bot heartbeat. PID=1, version='2025.12', state='RUNNING'
2026-01-05 12:07:21,532 - freqtrade.worker - INFO - Bot heartbeat. PID=1, version='2025.12', state='RUNNING'
2026-01-05 12:08:21,539 - freqtrade.worker - INFO - Bot heartbeat. PID=1, version='2025.12', state='RUNNING'
2026-01-05 12:09:21,549 - freqtrade.worker - INFO - Bot heartbeat. PID=1, version='2025.12', state='RUNNING'
2026-01-05 12:10:21,554 - freqtrade.worker - INFO - Bot heartbeat. PID=1, version='2025.12', state='RUNNING'
2026-01-05 12:11:21,565 - freqtrade.worker - INFO - Bot heartbeat. PID=1, version='2025.12', state='RUNNING'
2026-01-05 12:12:21,573 - freqtrade.worker - INFO - Bot heartbeat. PID=1, version='2025.12', state='RUNNING'
2026-01-05 12:13:21,583 - freqtrade.worker - INFO - Bot heartbeat. PID=1, version='2025.12', state='RUNNING'
2026-01-05 12:14:21,599 - freqtrade.worker - INFO - Bot heartbeat. PID=1, version='2025.12', state='RUNNING'
2026-01-05 12:14:52,013 - freqtrade.plugins.pairlistmanager - INFO - Whitelist with 20 pairs: ['BTC/USDT:USDT', 'ETH/USDT:USDT', 'SOL/USDT:USDT', 'XRP/USDT:USDT', '1000PEPE/USDT:USDT', 'DOGE/USDT:USDT', 'FARTCOIN/USDT:USDT', 'RIVER/USDT:USDT', '1000BONK/USDT:USDT', 'WIF/USDT:USDT', 'HYPE/USDT:USDT', 'SUI/USDT:USDT', 'PIPPIN/USDT:USDT', 'ADA/USDT:USDT', 'VIRTUAL/USDT:USDT', 'ENA/USDT:USDT', 'ZEC/USDT:USDT', 'BCH/USDT:USDT', 'XAUT/USDT:USDT', 'ASTER/USDT:USDT']
2026-01-05 12:15:25,250 - freqtrade.worker - INFO - Bot heartbeat. PID=1, version='2025.12', state='RUNNING'
2026-01-05 12:16:25,257 - freqtrade.worker - INFO - Bot heartbeat. PID=1, version='2025.12', state='RUNNING'
2026-01-05 12:17:25,265 - freqtrade.worker - INFO - Bot heartbeat. PID=1, version='2025.12', state='RUNNING'
2026-01-05 12:18:25,270 - freqtrade.worker - INFO - Bot heartbeat. PID=1, version='2025.12', state='RUNNING'
2026-01-05 12:19:25,278 - freqtrade.worker - INFO - Bot heartbeat. PID=1, version='2025.12', state='RUNNING'
2026-01-05 12:20:25,285 - freqtrade.worker - INFO - Bot heartbeat. PID=1, version='2025.12', state='RUNNING'
2026-01-05 12:21:25,294 - freqtrade.worker - INFO - Bot heartbeat. PID=1, version='2025.12', state='RUNNING'
2026-01-05 12:22:25,306 - freqtrade.worker - INFO - Bot heartbeat. PID=1, version='2025.12', state='RUNNING'
2026-01-05 12:23:25,315 - freqtrade.worker - INFO - Bot heartbeat. PID=1, version='2025.12', state='RUNNING'
2026-01-05 12:24:10,625 - freqtrade.freqtradebot - INFO - Exit for RIVER/USDT:USDT detected. Reason: trailing_stop_loss
2026-01-05 12:24:11,098 - freqtrade.freqtradebot - INFO - Skipping cancelling stoploss on exchange for Trade(id=3, pair=RIVER/USDT:USDT, amount=1.8, is_short=True, leverage=1, open_rate=16.325, open_since=2026-01-05 11:15:17).
2026-01-05 12:24:11,105 - freqtrade.wallets - INFO - Wallets synced.
2026-01-05 12:24:11,275 - freqtrade.rpc.rpc_manager - INFO - Sending rpc message: {'type': exit, 'trade_id': 3, 'exchange': 'Bybit', 'pair': 'RIVER/USDT:USDT', 'leverage': 1.0, 'direction': 'Short', 'gain': 'loss', 'limit': 17.167, 'order_rate': 17.167, 'order_type': 'market', 'amount': 1.8, 'open_rate': 16.325, 'close_rate': 17.167, 'current_rate': 17.167, 'profit_amount': -1.6979849, 'profit_ratio': -0.05781876, 'buy_tag': '', 'enter_tag': '', 'exit_reason': 'trailing_stop_loss', 'open_date': datetime.datetime(2026, 1, 5, 11, 15, 17, 615016, tzinfo=datetime.timezone.utc), 'close_date': datetime.datetime(2026, 1, 5, 12, 24, 11, 275616, tzinfo=datetime.timezone.utc), 'stake_amount': 29.385, 'stake_currency': 'USDT', 'base_currency': 'RIVER', 'quote_currency': 'USDT', 'fiat_currency': 'USD', 'sub_trade': False, 'cumulative_profit': 0.0, 'final_profit_ratio': None, 'is_final_exit': False}
2026-01-05 12:24:11,283 - freqtrade.freqtradebot - INFO - Found open order for Trade(id=3, pair=RIVER/USDT:USDT, amount=1.8, is_short=True, leverage=1, open_rate=16.325, open_since=2026-01-05 11:15:17)
2026-01-05 12:24:11,343 - freqtrade.freqtradebot - INFO - Fee for Trade Trade(id=3, pair=RIVER/USDT:USDT, amount=1.8, is_short=True, leverage=1, open_rate=16.325, open_since=2026-01-05 11:15:17) [buy]: 0.01846152 USDT - rate: 0.0006
2026-01-05 12:24:11,345 - freqtrade.persistence.trade_model - INFO - Updating trade (id=3) ...
2026-01-05 12:24:11,347 - freqtrade.persistence.trade_model - INFO - MARKET_BUY has been fulfilled for Trade(id=3, pair=RIVER/USDT:USDT, amount=1.8, is_short=True, leverage=1, open_rate=16.325, open_since=2026-01-05 11:15:17).
2026-01-05 12:24:11,350 - freqtrade.persistence.trade_model - INFO - Marking Trade(id=3, pair=RIVER/USDT:USDT, amount=1.8, is_short=True, leverage=1, open_rate=16.325, open_since=closed) as closed as the trade is fulfilled and found no open orders for it.
2026-01-05 12:24:11,375 - freqtrade.wallets - INFO - Wallets synced.
2026-01-05 12:24:11,380 - freqtrade.rpc.rpc_manager - INFO - Sending rpc message: {'type': exit_fill, 'trade_id': 3, 'exchange': 'Bybit', 'pair': 'RIVER/USDT:USDT', 'leverage': 1.0, 'direction': 'Short', 'gain': 'loss', 'limit': 17.094, 'order_rate': 17.094, 'order_type': 'market', 'amount': 1.8, 'open_rate': 16.325, 'close_rate': 17.094, 'current_rate': None, 'profit_amount': -1.56650606, 'profit_ratio': -0.05334172, 'buy_tag': '', 'enter_tag': '', 'exit_reason': 'trailing_stop_loss', 'open_date': datetime.datetime(2026, 1, 5, 11, 15, 17, 615016, tzinfo=datetime.timezone.utc), 'close_date': datetime.datetime(2026, 1, 5, 12, 24, 11, 274000, tzinfo=datetime.timezone.utc), 'stake_amount': 29.385, 'stake_currency': 'USDT', 'base_currency': 'RIVER', 'quote_currency': 'USDT', 'fiat_currency': 'USD', 'sub_trade': False, 'cumulative_profit': -1.56650606, 'final_profit_ratio': -0.05334172291702399, 'is_final_exit': True}
2026-01-05 12:24:11,398 - freqtrade.wallets - INFO - Wallets synced.
2026-01-05 12:24:25,331 - freqtrade.worker - INFO - Bot heartbeat. PID=1, version='2025.12', state='RUNNING'
2026-01-05 12:25:25,337 - freqtrade.worker - INFO - Bot heartbeat. PID=1, version='2025.12', state='RUNNING'
2026-01-05 12:26:25,344 - freqtrade.worker - INFO - Bot heartbeat. PID=1, version='2025.12', state='RUNNING'
2026-01-05 12:27:25,352 - freqtrade.worker - INFO - Bot heartbeat. PID=1, version='2025.12', state='RUNNING'
2026-01-05 12:28:25,365 - freqtrade.worker - INFO - Bot heartbeat. PID=1, version='2025.12', state='RUNNING'
2026-01-05 12:29:25,371 - freqtrade.worker - INFO - Bot heartbeat. PID=1, version='2025.12', state='RUNNING'
2026-01-05 12:30:30,111 - freqtrade.worker - INFO - Bot heartbeat. PID=1, version='2025.12', state='RUNNING'
2026-01-05 12:31:05,329 - freqtrade.wallets - INFO - Wallets synced.
2026-01-05 12:31:30,118 - freqtrade.worker - INFO - Bot heartbeat. PID=1, version='2025.12', state='RUNNING'
2026-01-05 12:32:30,125 - freqtrade.worker - INFO - Bot heartbeat. PID=1, version='2025.12', state='RUNNING'
2026-01-05 12:33:30,156 - freqtrade.worker - INFO - Bot heartbeat. PID=1, version='2025.12', state='RUNNING'
2026-01-05 12:34:30,175 - freqtrade.worker - INFO - Bot heartbeat. PID=1, version='2025.12', state='RUNNING'
2026-01-05 12:35:30,191 - freqtrade.worker - INFO - Bot heartbeat. PID=1, version='2025.12', state='RUNNING'
2026-01-05 12:36:30,211 - freqtrade.worker - INFO - Bot heartbeat. PID=1, version='2025.12', state='RUNNING'
2026-01-05 12:37:30,223 - freqtrade.worker - INFO - Bot heartbeat. PID=1, version='2025.12', state='RUNNING'
2026-01-05 12:38:30,232 - freqtrade.worker - INFO - Bot heartbeat. PID=1, version='2025.12', state='RUNNING'
2026-01-05 12:39:30,239 - freqtrade.worker - INFO - Bot heartbeat. PID=1, version='2025.12', state='RUNNING'
2026-01-05 12:40:30,249 - freqtrade.worker - INFO - Bot heartbeat. PID=1, version='2025.12', state='RUNNING'
2026-01-05 12:41:30,261 - freqtrade.worker - INFO - Bot heartbeat. PID=1, version='2025.12', state='RUNNING'
2026-01-05 12:42:30,275 - freqtrade.worker - INFO - Bot heartbeat. PID=1, version='2025.12', state='RUNNING'
2026-01-05 12:43:30,286 - freqtrade.worker - INFO - Bot heartbeat. PID=1, version='2025.12', state='RUNNING'
2026-01-05 12:44:30,293 - freqtrade.worker - INFO - Bot heartbeat. PID=1, version='2025.12', state='RUNNING'
2026-01-05 12:44:53,309 - freqtrade.plugins.pairlistmanager - INFO - Whitelist with 20 pairs: ['BTC/USDT:USDT', 'ETH/USDT:USDT', 'SOL/USDT:USDT', 'XRP/USDT:USDT', '1000PEPE/USDT:USDT', 'DOGE/USDT:USDT', 'FARTCOIN/USDT:USDT', 'RIVER/USDT:USDT', 'WIF/USDT:USDT', '1000BONK/USDT:USDT', 'HYPE/USDT:USDT', 'SUI/USDT:USDT', 'PIPPIN/USDT:USDT', 'ADA/USDT:USDT', 'VIRTUAL/USDT:USDT', 'ENA/USDT:USDT', 'BCH/USDT:USDT', 'ZEC/USDT:USDT', 'XAUT/USDT:USDT', 'ASTER/USDT:USDT']
2026-01-05 12:45:34,935 - freqtrade.worker - INFO - Bot heartbeat. PID=1, version='2025.12', state='RUNNING'
2026-01-05 12:46:34,941 - freqtrade.worker - INFO - Bot heartbeat. PID=1, version='2025.12', state='RUNNING'
2026-01-05 12:47:34,947 - freqtrade.worker - INFO - Bot heartbeat. PID=1, version='2025.12', state='RUNNING'
2026-01-05 12:48:34,958 - freqtrade.worker - INFO - Bot heartbeat. PID=1, version='2025.12', state='RUNNING'
2026-01-05 12:49:34,970 - freqtrade.worker - INFO - Bot heartbeat. PID=1, version='2025.12', state='RUNNING'
2026-01-05 12:50:34,980 - freqtrade.worker - INFO - Bot heartbeat. PID=1, version='2025.12', state='RUNNING'
2026-01-05 12:51:34,994 - freqtrade.worker - INFO - Bot heartbeat. PID=1, version='2025.12', state='RUNNING'
2026-01-05 12:52:35,008 - freqtrade.worker - INFO - Bot heartbeat. PID=1, version='2025.12', state='RUNNING'
2026-01-05 12:53:35,037 - freqtrade.worker - INFO - Bot heartbeat. PID=1, version='2025.12', state='RUNNING'
2026-01-05 12:54:35,048 - freqtrade.worker - INFO - Bot heartbeat. PID=1, version='2025.12', state='RUNNING'
2026-01-05 12:55:35,057 - freqtrade.worker - INFO - Bot heartbeat. PID=1, version='2025.12', state='RUNNING'
2026-01-05 12:56:35,071 - freqtrade.worker - INFO - Bot heartbeat. PID=1, version='2025.12', state='RUNNING'
2026-01-05 12:57:35,083 - freqtrade.worker - INFO - Bot heartbeat. PID=1, version='2025.12', state='RUNNING'
2026-01-05 12:58:35,093 - freqtrade.worker - INFO - Bot heartbeat. PID=1, version='2025.12', state='RUNNING'
2026-01-05 12:59:35,102 - freqtrade.worker - INFO - Bot heartbeat. PID=1, version='2025.12', state='RUNNING'
2026-01-05 13:00:39,802 - freqtrade.worker - INFO - Bot heartbeat. PID=1, version='2025.12', state='RUNNING'
2026-01-05 13:01:04,998 - freqtrade.wallets - INFO - Wallets synced.
2026-01-05 13:01:39,817 - freqtrade.worker - INFO - Bot heartbeat. PID=1, version='2025.12', state='RUNNING'
2026-01-05 13:02:39,824 - freqtrade.worker - INFO - Bot heartbeat. PID=1, version='2025.12', state='RUNNING'
2026-01-05 13:03:39,834 - freqtrade.worker - INFO - Bot heartbeat. PID=1, version='2025.12', state='RUNNING'
2026-01-05 13:04:39,847 - freqtrade.worker - INFO - Bot heartbeat. PID=1, version='2025.12', state='RUNNING'
2026-01-05 13:05:39,858 - freqtrade.worker - INFO - Bot heartbeat. PID=1, version='2025.12', state='RUNNING'
2026-01-05 13:06:39,866 - freqtrade.worker - INFO - Bot heartbeat. PID=1, version='2025.12', state='RUNNING'
2026-01-05 13:07:39,874 - freqtrade.worker - INFO - Bot heartbeat. PID=1, version='2025.12', state='RUNNING'
2026-01-05 13:08:39,880 - freqtrade.worker - INFO - Bot heartbeat. PID=1, version='2025.12', state='RUNNING'
2026-01-05 13:09:39,887 - freqtrade.worker - INFO - Bot heartbeat. PID=1, version='2025.12', state='RUNNING'
2026-01-05 13:10:39,905 - freqtrade.worker - INFO - Bot heartbeat. PID=1, version='2025.12', state='RUNNING'
2026-01-05 13:11:39,919 - freqtrade.worker - INFO - Bot heartbeat. PID=1, version='2025.12', state='RUNNING'
2026-01-05 13:12:39,928 - freqtrade.worker - INFO - Bot heartbeat. PID=1, version='2025.12', state='RUNNING'
2026-01-05 13:13:39,933 - freqtrade.worker - INFO - Bot heartbeat. PID=1, version='2025.12', state='RUNNING'
2026-01-05 13:14:39,941 - freqtrade.worker - INFO - Bot heartbeat. PID=1, version='2025.12', state='RUNNING'
2026-01-05 13:15:40,340 - freqtrade.worker - INFO - Bot heartbeat. PID=1, version='2025.12', state='RUNNING'
2026-01-05 13:16:40,346 - freqtrade.worker - INFO - Bot heartbeat. PID=1, version='2025.12', state='RUNNING'
2026-01-05 13:17:40,360 - freqtrade.worker - INFO - Bot heartbeat. PID=1, version='2025.12', state='RUNNING'
2026-01-05 13:18:40,377 - freqtrade.worker - INFO - Bot heartbeat. PID=1, version='2025.12', state='RUNNING'
2026-01-05 13:19:40,383 - freqtrade.worker - INFO - Bot heartbeat. PID=1, version='2025.12', state='RUNNING'
2026-01-05 13:20:40,393 - freqtrade.worker - INFO - Bot heartbeat. PID=1, version='2025.12', state='RUNNING'
2026-01-05 13:21:40,399 - freqtrade.worker - INFO - Bot heartbeat. PID=1, version='2025.12', state='RUNNING'
2026-01-05 13:22:40,407 - freqtrade.worker - INFO - Bot heartbeat. PID=1, version='2025.12', state='RUNNING'
2026-01-05 13:23:40,414 - freqtrade.worker - INFO - Bot heartbeat. PID=1, version='2025.12', state='RUNNING'
