2025-11-22 14:10:19,119 - freqtrade.loggers - INFO - Enabling colorized output.
2025-11-22 14:10:19,119 - freqtrade.loggers - INFO - Logfile configured
2025-11-22 14:10:19,120 - freqtrade.loggers - INFO - Verbosity set to 0
2025-11-22 14:10:19,121 - freqtrade.configuration.configuration - INFO - Runmode set to live.
2025-11-22 14:10:19,121 - freqtrade.configuration.configuration - INFO - Parameter --db-url detected ...
2025-11-22 14:10:19,122 - freqtrade.configuration.configuration - WARNING - `force_entry_enable` RPC message enabled.
2025-11-22 14:10:19,122 - freqtrade.configuration.configuration - INFO - Dry run is disabled
2025-11-22 14:10:19,123 - freqtrade.configuration.configuration - INFO - Using DB: "sqlite:////freqtrade/user_data/db.sqlite"
2025-11-22 14:10:19,123 - freqtrade.configuration.configuration - INFO - Using max_open_trades: 1 ...
2025-11-22 14:10:19,179 - freqtrade.configuration.configuration - INFO - Using user-data directory: /freqtrade/user_data ...
2025-11-22 14:10:19,181 - freqtrade.configuration.configuration - INFO - Using data directory: /freqtrade/user_data/data/bybit ...
2025-11-22 14:10:19,182 - freqtrade.configuration.configuration - INFO - Using freqaimodel class name: XGBoostClassifier
2025-11-22 14:10:19,186 - freqtrade.exchange.check_exchange - INFO - Checking exchange...
2025-11-22 14:10:19,212 - freqtrade.exchange.check_exchange - INFO - Exchange "bybit" is officially supported by the Freqtrade development team.
2025-11-22 14:10:19,213 - freqtrade.configuration.configuration - INFO - Using pairlist from configuration.
2025-11-22 14:10:19,215 - freqtrade.exchange.exchange - INFO - Using CCXT 4.5.2
2025-11-22 14:10:19,216 - freqtrade.exchange.exchange - INFO - Applying additional ccxt config: {'options': {'defaultType': 'swap', 'defaultSettle': 'USDT'}}
2025-11-22 14:10:19,238 - freqtrade.exchange.exchange - INFO - Applying additional ccxt config: {'options': {'defaultType': 'swap', 'defaultSettle': 'USDT'}}
2025-11-22 14:10:19,265 - freqtrade.exchange.exchange - INFO - Applying additional ccxt config: {'options': {'defaultType': 'swap', 'defaultSettle': 'USDT'}}
2025-11-22 14:10:19,293 - freqtrade.exchange.exchange - INFO - Using Exchange "Bybit"
2025-11-22 14:10:33,219 - freqtrade.misc - INFO - dumping json to "/freqtrade/user_data/data/bybit/futures/leverage_tiers_USDT.json"
2025-11-22 14:10:34,066 - freqtrade.exchange.bybit - INFO - Bybit: Unified account. Assuming dedicated subaccount for this bot.
2025-11-22 14:10:34,067 - freqtrade.resolvers.exchange_resolver - INFO - Using resolved exchange 'Bybit'...
2025-11-22 14:10:34,154 - freqtrade.resolvers.iresolver - INFO - Using resolved strategy HybridStrategy from '/freqtrade/user_data/strategies/strategy.py'...
2025-11-22 14:10:34,156 - freqtrade.strategy.hyper - INFO - Found no parameter file.
2025-11-22 14:10:34,158 - freqtrade.resolvers.strategy_resolver - INFO - Override strategy 'stake_currency' with value in config file: USDT.
2025-11-22 14:10:34,160 - freqtrade.resolvers.strategy_resolver - INFO - Override strategy 'stake_amount' with value in config file: unlimited.
2025-11-22 14:10:34,161 - freqtrade.resolvers.strategy_resolver - INFO - Override strategy 'unfilledtimeout' with value in config file: {'entry': 10, 'exit': 10, 'exit_timeout_count': 0, 'unit': 'minutes'}.
2025-11-22 14:10:34,162 - freqtrade.resolvers.strategy_resolver - INFO - Override strategy 'max_open_trades' with value in config file: 1.
2025-11-22 14:10:34,164 - freqtrade.resolvers.strategy_resolver - INFO - Strategy using minimal_roi: {}
2025-11-22 14:10:34,165 - freqtrade.resolvers.strategy_resolver - INFO - Strategy using timeframe: 5m
2025-11-22 14:10:34,166 - freqtrade.resolvers.strategy_resolver - INFO - Strategy using stoploss: -1
2025-11-22 14:10:34,167 - freqtrade.resolvers.strategy_resolver - INFO - Strategy using trailing_stop: False
2025-11-22 14:10:34,168 - freqtrade.resolvers.strategy_resolver - INFO - Strategy using trailing_stop_positive_offset: 0.0
2025-11-22 14:10:34,170 - freqtrade.resolvers.strategy_resolver - INFO - Strategy using trailing_only_offset_is_reached: False
2025-11-22 14:10:34,171 - freqtrade.resolvers.strategy_resolver - INFO - Strategy using use_custom_stoploss: True
2025-11-22 14:10:34,172 - freqtrade.resolvers.strategy_resolver - INFO - Strategy using process_only_new_candles: True
2025-11-22 14:10:34,173 - freqtrade.resolvers.strategy_resolver - INFO - Strategy using order_types: {'entry': 'limit', 'exit': 'limit', 'stoploss': 'limit', 'stoploss_on_exchange': False, 'stoploss_on_exchange_interval': 60}
2025-11-22 14:10:34,175 - freqtrade.resolvers.strategy_resolver - INFO - Strategy using order_time_in_force: {'entry': 'GTC', 'exit': 'GTC'}
2025-11-22 14:10:34,176 - freqtrade.resolvers.strategy_resolver - INFO - Strategy using stake_currency: USDT
2025-11-22 14:10:34,177 - freqtrade.resolvers.strategy_resolver - INFO - Strategy using stake_amount: unlimited
2025-11-22 14:10:34,178 - freqtrade.resolvers.strategy_resolver - INFO - Strategy using startup_candle_count: 0
2025-11-22 14:10:34,179 - freqtrade.resolvers.strategy_resolver - INFO - Strategy using unfilledtimeout: {'entry': 10, 'exit': 10, 'exit_timeout_count': 0, 'unit': 'minutes'}
2025-11-22 14:10:34,181 - freqtrade.resolvers.strategy_resolver - INFO - Strategy using use_exit_signal: True
2025-11-22 14:10:34,182 - freqtrade.resolvers.strategy_resolver - INFO - Strategy using exit_profit_only: False
2025-11-22 14:10:34,183 - freqtrade.resolvers.strategy_resolver - INFO - Strategy using ignore_roi_if_entry_signal: False
2025-11-22 14:10:34,184 - freqtrade.resolvers.strategy_resolver - INFO - Strategy using exit_profit_offset: 0.0
2025-11-22 14:10:34,185 - freqtrade.resolvers.strategy_resolver - INFO - Strategy using disable_dataframe_checks: False
2025-11-22 14:10:34,186 - freqtrade.resolvers.strategy_resolver - INFO - Strategy using ignore_buying_expired_candle_after: 0
2025-11-22 14:10:34,188 - freqtrade.resolvers.strategy_resolver - INFO - Strategy using position_adjustment_enable: False
2025-11-22 14:10:34,189 - freqtrade.resolvers.strategy_resolver - INFO - Strategy using max_entry_position_adjustment: -1
2025-11-22 14:10:34,190 - freqtrade.resolvers.strategy_resolver - INFO - Strategy using max_open_trades: 1
2025-11-22 14:10:34,191 - freqtrade.configuration.config_validation - INFO - Validating configuration ...
2025-11-22 14:10:34,831 - freqtrade.wallets - INFO - Wallets synced.
2025-11-22 14:10:35,114 - freqtrade.rpc.rpc_manager - INFO - Enabling rpc.telegram ...
2025-11-22 14:10:35,401 - freqtrade.rpc.telegram - INFO - using custom keyboard from config.json: [['/status table', '/reload_config'], ['/forcelong', '/forceshort', '/forceexit'], ['/stop', '/start', '/profit', '/logs']]
2025-11-22 14:10:35,402 - freqtrade.rpc.rpc_manager - INFO - Enabling rpc.api_server
2025-11-22 14:10:36,019 - freqtrade.rpc.api_server.webserver - INFO - Starting HTTP Server at 0.0.0.0:8080
2025-11-22 14:10:36,021 - freqtrade.rpc.api_server.webserver - INFO - Starting Local Rest Server.
2025-11-22 14:10:36,072 - uvicorn.error - INFO - Started server process [1]
2025-11-22 14:10:36,074 - uvicorn.error - INFO - Waiting for application startup.
2025-11-22 14:10:36,077 - uvicorn.error - INFO - Application startup complete.
2025-11-22 14:10:36,078 - uvicorn.error - INFO - Uvicorn running on http://0.0.0.0:8080 (Press CTRL+C to quit)
2025-11-22 14:10:36,109 - freqtrade.resolvers.iresolver - INFO - Using resolved pairlist StaticPairList from '/freqtrade/freqtrade/plugins/pairlist/StaticPairList.py'...
2025-11-22 14:10:36,111 - freqtrade.freqtradebot - INFO - Starting initial pairlist refresh
2025-11-22 14:10:36,137 - freqtrade.plugins.pairlistmanager - INFO - Whitelist with 1 pairs: ['WIF/USDT:USDT']
2025-11-22 14:10:36,138 - freqtrade.freqtradebot - INFO - Initial Pairlist refresh took 0.03s
2025-11-22 14:10:36,249 - freqtrade.rpc.telegram - INFO - rpc.telegram is listening for following commands: [['status'], ['profit'], ['balance'], ['start'], ['stop'], ['forceexit', 'forcesell', 'fx'], ['forcebuy', 'forcelong'], ['forceshort'], ['reload_trade'], ['trades'], ['delete'], ['cancel_open_order', 'coo'], ['performance'], ['buys', 'entries'], ['exits', 'sells'], ['mix_tags'], ['stats'], ['daily'], ['weekly'], ['monthly'], ['count'], ['locks'], ['delete_locks', 'unlock'], ['reload_conf', 'reload_config'], ['show_conf', 'show_config'], ['pause', 'stopbuy', 'stopentry'], ['whitelist'], ['blacklist'], ['bl_delete', 'blacklist_delete'], ['logs'], ['health'], ['help'], ['version'], ['marketdir'], ['order'], ['list_custom_data'], ['tg_info'], ['profit_long'], ['profit_short']]
2025-11-22 14:10:36,475 - telegram.ext.Application - INFO - Application started
2025-11-22 14:10:38,582 - freqtrade.resolvers.iresolver - WARNING - Could not import /freqtrade/user_data/freqaimodels/MyReinforcementLearner.py due to 'No module named 'torch''
2025-11-22 14:10:38,587 - freqtrade.resolvers.iresolver - WARNING - Could not import /freqtrade/freqtrade/freqai/prediction_models/ReinforcementLearner_multiproc.py due to 'No module named 'sb3_contrib''
2025-11-22 14:10:38,953 - freqtrade.resolvers.iresolver - INFO - Using resolved freqaimodel XGBoostClassifier from '/freqtrade/freqtrade/freqai/prediction_models/XGBoostClassifier.py'...
2025-11-22 14:10:38,955 - freqtrade.freqai.data_drawer - INFO - Could not find existing datadrawer, starting from scratch
2025-11-22 14:10:38,957 - freqtrade.freqai.data_drawer - INFO - Could not find existing historic_predictions, starting from scratch
2025-11-22 14:10:38,958 - freqtrade.freqai.freqai_interface - INFO - Set fresh train queue from whitelist. Queue: ['WIF/USDT:USDT']
2025-11-22 14:10:38,960 - freqtrade.strategy.interface - INFO - Downloading all training data for all pairs in whitelist and corr_pairlist, this may take a while if the data is not already on disk.
2025-11-22 14:10:38,977 - freqtrade.freqai.utils - INFO - FreqAI auto-downloader using 30 startup candles.
2025-11-22 14:10:39,061 - freqtrade.data.history.history_utils - INFO - Download history data for "WIF/USDT:USDT", 5m, futures and store in /freqtrade/user_data/data/bybit. From 2025-11-06T08:10:38 to 2025-11-22T14:10:38
2025-11-22 14:10:39,860 - freqtrade.data.history.history_utils - INFO - Downloaded data for WIF/USDT:USDT with length 4679.
2025-11-22 14:10:39,900 - freqtrade.data.history.history_utils - INFO - Download history data for "WIF/USDT:USDT", 15m, futures and store in /freqtrade/user_data/data/bybit. From 2025-11-06T08:10:38 to 2025-11-22T14:10:38
2025-11-22 14:10:40,307 - freqtrade.data.history.history_utils - INFO - Downloaded data for WIF/USDT:USDT with length 1559.
2025-11-22 14:10:40,347 - freqtrade.data.history.history_utils - INFO - Download history data for "WIF/USDT:USDT", 1h, futures and store in /freqtrade/user_data/data/bybit. From 2025-11-06T08:10:38 to 2025-11-22T14:10:38
2025-11-22 14:10:40,657 - freqtrade.data.history.history_utils - INFO - Downloaded data for WIF/USDT:USDT with length 389.
2025-11-22 14:10:40,673 - freqtrade.data.history.history_utils - INFO - Download history data for "WIF/USDT:USDT", 8h, funding_rate and store in /freqtrade/user_data/data/bybit. From 2025-11-06T08:10:38 to 2025-11-22T14:10:38
2025-11-22 14:10:40,969 - freqtrade.data.history.history_utils - INFO - Downloaded data for WIF/USDT:USDT with length 96.
2025-11-22 14:10:40,981 - freqtrade.data.history.history_utils - INFO - Download history data for "WIF/USDT:USDT", 4h, mark and store in /freqtrade/user_data/data/bybit. From 2025-11-06T08:10:38 to 2025-11-22T14:10:38
2025-11-22 14:10:41,271 - freqtrade.data.history.history_utils - INFO - Downloaded data for WIF/USDT:USDT with length 96.
2025-11-22 14:10:41,281 - freqtrade.data.history.history_utils - INFO - Download history data for "BTC/USDT", 5m, futures and store in /freqtrade/user_data/data/bybit. From 2025-11-06T08:10:38 to 2025-11-22T14:10:38
2025-11-22 14:10:41,988 - freqtrade.data.history.history_utils - INFO - Downloaded data for BTC/USDT with length 4675.
2025-11-22 14:10:42,035 - freqtrade.data.history.history_utils - INFO - Download history data for "BTC/USDT", 15m, futures and store in /freqtrade/user_data/data/bybit. From 2025-11-06T08:10:38 to 2025-11-22T14:10:38
2025-11-22 14:10:42,429 - freqtrade.data.history.history_utils - INFO - Downloaded data for BTC/USDT with length 1558.
2025-11-22 14:10:42,446 - freqtrade.data.history.history_utils - INFO - Download history data for "BTC/USDT", 1h, futures and store in /freqtrade/user_data/data/bybit. From 2025-11-06T08:10:38 to 2025-11-22T14:10:38
2025-11-22 14:10:42,757 - freqtrade.data.history.history_utils - INFO - Downloaded data for BTC/USDT with length 389.
2025-11-22 14:10:42,769 - freqtrade.data.history.history_utils - INFO - Download history data for "BTC/USDT", 8h, funding_rate and store in /freqtrade/user_data/data/bybit. From 2025-11-06T08:10:38 to 2025-11-22T14:10:38
2025-11-22 14:10:42,772 - freqtrade.exchange.exchange - WARNING - Async code raised an exception: OperationalException('Exchange Bybit does not support fetching historical candle (OHLCV) data. Message: bybit fetchFundingRateHistory() only support linear and inverse market')
2025-11-22 14:10:42,773 - freqtrade.data.history.history_utils - ERROR - Failed to download history data for pair: "BTC/USDT", timeframe: 8h.
Traceback (most recent call last):
  File "/freqtrade/freqtrade/exchange/exchange.py", line 2767, in _async_get_candle_history
    data = await self._fetch_funding_rate_history(
           ^^^^^^^^^^^^^^^^^^^^^^^^^^^^^^^^^^^^^^^
    ...<4 lines>...
    )
    ^
  File "/freqtrade/freqtrade/exchange/exchange.py", line 2816, in _fetch_funding_rate_history
    data = await self._api_async.fetch_funding_rate_history(pair, since=since_ms, limit=limit)
           ^^^^^^^^^^^^^^^^^^^^^^^^^^^^^^^^^^^^^^^^^^^^^^^^^^^^^^^^^^^^^^^^^^^^^^^^^^^^^^^^^^^
  File "/home/ftuser/.local/lib/python3.13/site-packages/ccxt/async_support/bybit.py", line 2768, in fetch_funding_rate_history
    raise NotSupported(self.id + ' fetchFundingRateHistory() only support linear and inverse market')
ccxt.base.errors.NotSupported: bybit fetchFundingRateHistory() only support linear and inverse market

The above exception was the direct cause of the following exception:

Traceback (most recent call last):
  File "/freqtrade/freqtrade/data/history/history_utils.py", line 276, in _download_pair_history
    new_dataframe = exchange.get_historic_ohlcv(
        pair=pair,
    ...<8 lines>...
        until_ms=until_ms if until_ms else None,
    )
  File "/freqtrade/freqtrade/exchange/exchange.py", line 2402, in get_historic_ohlcv
    pair, _, _, data, _ = self.loop.run_until_complete(
                          ~~~~~~~~~~~~~~~~~~~~~~~~~~~~^
        self._async_get_historic_ohlcv(
        ^^^^^^^^^^^^^^^^^^^^^^^^^^^^^^^
    ...<6 lines>...
        )
        ^
    )
    ^
  File "/usr/local/lib/python3.13/asyncio/base_events.py", line 725, in run_until_complete
    return future.result()
           ~~~~~~~~~~~~~^^
  File "/freqtrade/freqtrade/exchange/exchange.py", line 2450, in _async_get_historic_ohlcv
    raise res
  File "/freqtrade/freqtrade/exchange/common.py", line 118, in wrapper
    return await f(*args, **kwargs)
           ^^^^^^^^^^^^^^^^^^^^^^^^
  File "/freqtrade/freqtrade/exchange/exchange.py", line 2787, in _async_get_candle_history
    raise OperationalException(
    ...<2 lines>...
    ) from e
freqtrade.exceptions.OperationalException: Exchange Bybit does not support fetching historical candle (OHLCV) data. Message: bybit fetchFundingRateHistory() only support linear and inverse market
2025-11-22 14:10:42,797 - freqtrade.data.history.history_utils - INFO - Download history data for "BTC/USDT", 4h, mark and store in /freqtrade/user_data/data/bybit. From 2025-11-06T08:10:38 to 2025-11-22T14:10:38
2025-11-22 14:10:43,105 - freqtrade.data.history.history_utils - INFO - Downloaded data for BTC/USDT with length 96.
2025-11-22 14:10:43,117 - freqtrade.data.history.history_utils - INFO - Download history data for "ETH/USDT", 5m, futures and store in /freqtrade/user_data/data/bybit. From 2025-11-06T08:10:38 to 2025-11-22T14:10:38
2025-11-22 14:10:43,838 - freqtrade.data.history.history_utils - INFO - Downloaded data for ETH/USDT with length 4675.
2025-11-22 14:10:43,856 - freqtrade.data.history.history_utils - INFO - Download history data for "ETH/USDT", 15m, futures and store in /freqtrade/user_data/data/bybit. From 2025-11-06T08:10:38 to 2025-11-22T14:10:38
2025-11-22 14:10:44,288 - freqtrade.data.history.history_utils - INFO - Downloaded data for ETH/USDT with length 1558.
2025-11-22 14:10:44,307 - freqtrade.data.history.history_utils - INFO - Download history data for "ETH/USDT", 1h, futures and store in /freqtrade/user_data/data/bybit. From 2025-11-06T08:10:38 to 2025-11-22T14:10:38
2025-11-22 14:10:44,610 - freqtrade.data.history.history_utils - INFO - Downloaded data for ETH/USDT with length 389.
2025-11-22 14:10:44,620 - freqtrade.data.history.history_utils - INFO - Download history data for "ETH/USDT", 8h, funding_rate and store in /freqtrade/user_data/data/bybit. From 2025-11-06T08:10:38 to 2025-11-22T14:10:38
2025-11-22 14:10:44,622 - freqtrade.exchange.exchange - WARNING - Async code raised an exception: OperationalException('Exchange Bybit does not support fetching historical candle (OHLCV) data. Message: bybit fetchFundingRateHistory() only support linear and inverse market')
2025-11-22 14:10:44,623 - freqtrade.data.history.history_utils - ERROR - Failed to download history data for pair: "ETH/USDT", timeframe: 8h.
Traceback (most recent call last):
  File "/freqtrade/freqtrade/exchange/exchange.py", line 2767, in _async_get_candle_history
    data = await self._fetch_funding_rate_history(
           ^^^^^^^^^^^^^^^^^^^^^^^^^^^^^^^^^^^^^^^
    ...<4 lines>...
    )
    ^
  File "/freqtrade/freqtrade/exchange/exchange.py", line 2816, in _fetch_funding_rate_history
    data = await self._api_async.fetch_funding_rate_history(pair, since=since_ms, limit=limit)
           ^^^^^^^^^^^^^^^^^^^^^^^^^^^^^^^^^^^^^^^^^^^^^^^^^^^^^^^^^^^^^^^^^^^^^^^^^^^^^^^^^^^
  File "/home/ftuser/.local/lib/python3.13/site-packages/ccxt/async_support/bybit.py", line 2768, in fetch_funding_rate_history
    raise NotSupported(self.id + ' fetchFundingRateHistory() only support linear and inverse market')
ccxt.base.errors.NotSupported: bybit fetchFundingRateHistory() only support linear and inverse market

The above exception was the direct cause of the following exception:

Traceback (most recent call last):
  File "/freqtrade/freqtrade/data/history/history_utils.py", line 276, in _download_pair_history
    new_dataframe = exchange.get_historic_ohlcv(
        pair=pair,
    ...<8 lines>...
        until_ms=until_ms if until_ms else None,
    )
  File "/freqtrade/freqtrade/exchange/exchange.py", line 2402, in get_historic_ohlcv
    pair, _, _, data, _ = self.loop.run_until_complete(
                          ~~~~~~~~~~~~~~~~~~~~~~~~~~~~^
        self._async_get_historic_ohlcv(
        ^^^^^^^^^^^^^^^^^^^^^^^^^^^^^^^
    ...<6 lines>...
        )
        ^
    )
    ^
  File "/usr/local/lib/python3.13/asyncio/base_events.py", line 725, in run_until_complete
    return future.result()
           ~~~~~~~~~~~~~^^
  File "/freqtrade/freqtrade/exchange/exchange.py", line 2450, in _async_get_historic_ohlcv
    raise res
  File "/freqtrade/freqtrade/exchange/common.py", line 118, in wrapper
    return await f(*args, **kwargs)
           ^^^^^^^^^^^^^^^^^^^^^^^^
  File "/freqtrade/freqtrade/exchange/exchange.py", line 2787, in _async_get_candle_history
    raise OperationalException(
    ...<2 lines>...
    ) from e
freqtrade.exceptions.OperationalException: Exchange Bybit does not support fetching historical candle (OHLCV) data. Message: bybit fetchFundingRateHistory() only support linear and inverse market
2025-11-22 14:10:44,635 - freqtrade.data.history.history_utils - INFO - Download history data for "ETH/USDT", 4h, mark and store in /freqtrade/user_data/data/bybit. From 2025-11-06T08:10:38 to 2025-11-22T14:10:38
2025-11-22 14:10:44,943 - freqtrade.data.history.history_utils - INFO - Downloaded data for ETH/USDT with length 96.
2025-11-22 14:10:44,961 - freqtrade.strategy.hyper - INFO - No params for buy found, using default values.
2025-11-22 14:10:44,963 - freqtrade.strategy.hyper - INFO - Strategy Parameter(default): min_rsi = 30
2025-11-22 14:10:44,964 - freqtrade.strategy.hyper - INFO - No params for sell found, using default values.
2025-11-22 14:10:44,966 - freqtrade.strategy.hyper - INFO - Strategy Parameter(default): max_rsi = 70
2025-11-22 14:10:44,967 - freqtrade.strategy.hyper - INFO - No params for protection found, using default values.
2025-11-22 14:10:44,975 - freqtrade.resolvers.iresolver - INFO - Using resolved protection StoplossGuard from '/freqtrade/freqtrade/plugins/protections/stoploss_guard.py'...
2025-11-22 14:10:44,976 - freqtrade.rpc.rpc_manager - INFO - Sending rpc message: {'type': status, 'status': 'running'}
2025-11-22 14:10:44,981 - freqtrade.worker - INFO - Changing state to: RUNNING
2025-11-22 14:10:45,028 - freqtrade.rpc.rpc_manager - INFO - Sending rpc message: {'type': startup, 'status': '*Exchange:* `bybit`\n*Stake per trade:* `unlimited USDT`\n*Minimum ROI:* `{}`\n*Stoploss:* `-1`\n*Position adjustment:* `Off`\n*Timeframe:* `5m`\n*Strategy:* `HybridStrategy`'}
2025-11-22 14:10:45,030 - freqtrade.rpc.rpc_manager - INFO - Sending rpc message: {'type': startup, 'status': "Searching for USDT pairs to buy and sell based on [{'StaticPairList': 'StaticPairList'}]"}
2025-11-22 14:10:45,041 - freqtrade.rpc.rpc_manager - INFO - Sending rpc message: {'type': startup, 'status': 'Using Protections: \nStoplossGuard - Frequent Stoploss Guard, 4 stoplosses with profit < 0.00% within 1440 minutes.'}
2025-11-22 14:10:45,075 - freqtrade.freqtradebot - INFO - Updating 0 open orders.
2025-11-22 14:10:47,992 - freqtrade.freqai.freqai_interface - WARNING - No model ready for WIF/USDT:USDT, returning null values to strategy.
2025-11-22 14:10:48,000 - freqtrade.freqai.freqai_interface - INFO - Total time spent inferencing pairlist 1.26 seconds
2025-11-22 14:10:49,663 - freqtrade.freqai.base_models.BaseClassifierModel - INFO - -------------------- Starting training WIF/USDT:USDT --------------------
2025-11-22 14:10:49,815 - freqtrade.freqai.data_kitchen - INFO - WIF/USDT:USDT: dropped 176 training points due to NaNs in populated dataset 4319.
2025-11-22 14:10:49,817 - freqtrade.freqai.base_models.BaseClassifierModel - INFO - -------------------- Training on data from 2025-11-07 to 2025-11-22 --------------------
2025-11-22 14:10:50,087 - freqtrade.worker - INFO - Bot heartbeat. PID=1, version='docker-2025.9-dev-5f1d9cba', state='RUNNING'
2025-11-22 14:10:50,117 - datasieve.pipeline - INFO - SVM detected 33 data points as outliers.
2025-11-22 14:10:53,880 - freqtrade.freqai.base_models.BaseClassifierModel - INFO - Training model on 758 features
2025-11-22 14:10:53,882 - freqtrade.freqai.base_models.BaseClassifierModel - INFO - Training model on 4110 data points
2025-11-22 14:11:30,399 - freqtrade.freqai.base_models.BaseClassifierModel - INFO - -------------------- Done training WIF/USDT:USDT (40.74 secs) --------------------
2025-11-22 14:11:30,618 - freqtrade.freqai.freqai_interface - INFO - Total time spent training pairlist 42.47 seconds
2025-11-22 14:11:50,098 - freqtrade.worker - INFO - Bot heartbeat. PID=1, version='docker-2025.9-dev-5f1d9cba', state='RUNNING'
2025-11-22 14:12:50,106 - freqtrade.worker - INFO - Bot heartbeat. PID=1, version='docker-2025.9-dev-5f1d9cba', state='RUNNING'
2025-11-22 14:13:50,115 - freqtrade.worker - INFO - Bot heartbeat. PID=1, version='docker-2025.9-dev-5f1d9cba', state='RUNNING'
2025-11-22 14:14:50,126 - freqtrade.worker - INFO - Bot heartbeat. PID=1, version='docker-2025.9-dev-5f1d9cba', state='RUNNING'
2025-11-22 14:15:02,257 - freqtrade.freqai.data_kitchen - INFO - dropped 41 of 1000 prediction data points due to NaNs.
2025-11-22 14:15:02,760 - freqtrade.freqai.freqai_interface - INFO - Total time spent inferencing pairlist 1.34 seconds
2025-11-22 14:15:51,003 - freqtrade.worker - INFO - Bot heartbeat. PID=1, version='docker-2025.9-dev-5f1d9cba', state='RUNNING'
2025-11-22 14:16:51,009 - freqtrade.worker - INFO - Bot heartbeat. PID=1, version='docker-2025.9-dev-5f1d9cba', state='RUNNING'
2025-11-22 14:17:51,020 - freqtrade.worker - INFO - Bot heartbeat. PID=1, version='docker-2025.9-dev-5f1d9cba', state='RUNNING'
2025-11-22 14:18:51,039 - freqtrade.worker - INFO - Bot heartbeat. PID=1, version='docker-2025.9-dev-5f1d9cba', state='RUNNING'
2025-11-22 14:19:51,049 - freqtrade.worker - INFO - Bot heartbeat. PID=1, version='docker-2025.9-dev-5f1d9cba', state='RUNNING'
2025-11-22 14:20:02,165 - freqtrade.freqai.freqai_interface - INFO - Total time spent inferencing pairlist 0.91 seconds
2025-11-22 14:20:56,007 - freqtrade.worker - INFO - Bot heartbeat. PID=1, version='docker-2025.9-dev-5f1d9cba', state='RUNNING'
2025-11-22 14:21:56,027 - freqtrade.worker - INFO - Bot heartbeat. PID=1, version='docker-2025.9-dev-5f1d9cba', state='RUNNING'
2025-11-22 14:22:56,037 - freqtrade.worker - INFO - Bot heartbeat. PID=1, version='docker-2025.9-dev-5f1d9cba', state='RUNNING'
2025-11-22 14:23:56,052 - freqtrade.worker - INFO - Bot heartbeat. PID=1, version='docker-2025.9-dev-5f1d9cba', state='RUNNING'
2025-11-22 14:24:56,064 - freqtrade.worker - INFO - Bot heartbeat. PID=1, version='docker-2025.9-dev-5f1d9cba', state='RUNNING'
2025-11-22 14:25:02,224 - freqtrade.freqai.freqai_interface - INFO - Total time spent inferencing pairlist 0.93 seconds
2025-11-22 14:25:49,368 - freqtrade.freqai.base_models.BaseClassifierModel - INFO - -------------------- Starting training WIF/USDT:USDT --------------------
2025-11-22 14:25:49,431 - freqtrade.freqai.data_kitchen - INFO - WIF/USDT:USDT: dropped 173 training points due to NaNs in populated dataset 4319.
2025-11-22 14:25:49,433 - freqtrade.freqai.base_models.BaseClassifierModel - INFO - -------------------- Training on data from 2025-11-07 to 2025-11-22 --------------------
2025-11-22 14:25:49,601 - datasieve.pipeline - INFO - SVM detected 27 data points as outliers.
2025-11-22 14:25:53,275 - freqtrade.freqai.base_models.BaseClassifierModel - INFO - Training model on 758 features
2025-11-22 14:25:53,277 - freqtrade.freqai.base_models.BaseClassifierModel - INFO - Training model on 4119 data points
2025-11-22 14:26:01,007 - freqtrade.worker - INFO - Bot heartbeat. PID=1, version='docker-2025.9-dev-5f1d9cba', state='RUNNING'
2025-11-22 14:26:40,350 - freqtrade.freqai.base_models.BaseClassifierModel - INFO - -------------------- Done training WIF/USDT:USDT (50.98 secs) --------------------
2025-11-22 14:26:40,771 - freqtrade.freqai.freqai_interface - INFO - Total time spent training pairlist 52.51 seconds
2025-11-22 14:27:01,019 - freqtrade.worker - INFO - Bot heartbeat. PID=1, version='docker-2025.9-dev-5f1d9cba', state='RUNNING'
2025-11-22 14:28:01,028 - freqtrade.worker - INFO - Bot heartbeat. PID=1, version='docker-2025.9-dev-5f1d9cba', state='RUNNING'
2025-11-22 14:29:01,035 - freqtrade.worker - INFO - Bot heartbeat. PID=1, version='docker-2025.9-dev-5f1d9cba', state='RUNNING'
2025-11-22 14:30:02,543 - freqtrade.freqai.freqai_interface - INFO - Total time spent inferencing pairlist 1.15 seconds
2025-11-22 14:30:06,000 - freqtrade.worker - INFO - Bot heartbeat. PID=1, version='docker-2025.9-dev-5f1d9cba', state='RUNNING'
2025-11-22 14:31:06,008 - freqtrade.worker - INFO - Bot heartbeat. PID=1, version='docker-2025.9-dev-5f1d9cba', state='RUNNING'
2025-11-22 14:31:06,715 - freqtrade.wallets - INFO - Wallets synced.
2025-11-22 14:32:06,015 - freqtrade.worker - INFO - Bot heartbeat. PID=1, version='docker-2025.9-dev-5f1d9cba', state='RUNNING'
2025-11-22 14:33:06,027 - freqtrade.worker - INFO - Bot heartbeat. PID=1, version='docker-2025.9-dev-5f1d9cba', state='RUNNING'
2025-11-22 14:34:06,036 - freqtrade.worker - INFO - Bot heartbeat. PID=1, version='docker-2025.9-dev-5f1d9cba', state='RUNNING'
2025-11-22 14:35:02,256 - freqtrade.freqai.freqai_interface - INFO - Total time spent inferencing pairlist 0.98 seconds
2025-11-22 14:35:11,000 - freqtrade.worker - INFO - Bot heartbeat. PID=1, version='docker-2025.9-dev-5f1d9cba', state='RUNNING'
2025-11-22 14:36:11,007 - freqtrade.worker - INFO - Bot heartbeat. PID=1, version='docker-2025.9-dev-5f1d9cba', state='RUNNING'
2025-11-22 14:37:11,016 - freqtrade.worker - INFO - Bot heartbeat. PID=1, version='docker-2025.9-dev-5f1d9cba', state='RUNNING'
2025-11-22 14:38:11,027 - freqtrade.worker - INFO - Bot heartbeat. PID=1, version='docker-2025.9-dev-5f1d9cba', state='RUNNING'
2025-11-22 14:39:11,038 - freqtrade.worker - INFO - Bot heartbeat. PID=1, version='docker-2025.9-dev-5f1d9cba', state='RUNNING'
2025-11-22 14:40:02,164 - freqtrade.freqai.freqai_interface - INFO - Total time spent inferencing pairlist 0.90 seconds
2025-11-22 14:40:16,001 - freqtrade.worker - INFO - Bot heartbeat. PID=1, version='docker-2025.9-dev-5f1d9cba', state='RUNNING'
2025-11-22 14:40:49,492 - freqtrade.freqai.base_models.BaseClassifierModel - INFO - -------------------- Starting training WIF/USDT:USDT --------------------
2025-11-22 14:40:49,618 - freqtrade.freqai.data_kitchen - INFO - WIF/USDT:USDT: dropped 170 training points due to NaNs in populated dataset 4319.
2025-11-22 14:40:49,620 - freqtrade.freqai.base_models.BaseClassifierModel - INFO - -------------------- Training on data from 2025-11-07 to 2025-11-22 --------------------
2025-11-22 14:40:49,833 - datasieve.pipeline - INFO - SVM detected 102 data points as outliers.
2025-11-22 14:40:52,793 - freqtrade.freqai.base_models.BaseClassifierModel - INFO - Training model on 758 features
2025-11-22 14:40:52,795 - freqtrade.freqai.base_models.BaseClassifierModel - INFO - Training model on 4047 data points
2025-11-22 14:41:16,017 - freqtrade.worker - INFO - Bot heartbeat. PID=1, version='docker-2025.9-dev-5f1d9cba', state='RUNNING'
2025-11-22 14:41:38,175 - freqtrade.freqai.base_models.BaseClassifierModel - INFO - -------------------- Done training WIF/USDT:USDT (48.68 secs) --------------------
2025-11-22 14:41:38,303 - freqtrade.freqai.data_drawer - INFO - Freqai purging old model file /freqtrade/user_data/models/1/sub-train-WIF_1763820648
2025-11-22 14:41:38,319 - freqtrade.freqai.freqai_interface - INFO - Total time spent training pairlist 49.88 seconds
2025-11-22 14:42:16,023 - freqtrade.worker - INFO - Bot heartbeat. PID=1, version='docker-2025.9-dev-5f1d9cba', state='RUNNING'
2025-11-22 14:43:16,038 - freqtrade.worker - INFO - Bot heartbeat. PID=1, version='docker-2025.9-dev-5f1d9cba', state='RUNNING'
2025-11-22 14:44:16,050 - freqtrade.worker - INFO - Bot heartbeat. PID=1, version='docker-2025.9-dev-5f1d9cba', state='RUNNING'
2025-11-22 14:45:02,266 - freqtrade.freqai.freqai_interface - INFO - Total time spent inferencing pairlist 1.00 seconds
2025-11-22 14:45:21,001 - freqtrade.worker - INFO - Bot heartbeat. PID=1, version='docker-2025.9-dev-5f1d9cba', state='RUNNING'
2025-11-22 14:46:21,008 - freqtrade.worker - INFO - Bot heartbeat. PID=1, version='docker-2025.9-dev-5f1d9cba', state='RUNNING'
2025-11-22 14:47:21,017 - freqtrade.worker - INFO - Bot heartbeat. PID=1, version='docker-2025.9-dev-5f1d9cba', state='RUNNING'
2025-11-22 14:48:21,026 - freqtrade.worker - INFO - Bot heartbeat. PID=1, version='docker-2025.9-dev-5f1d9cba', state='RUNNING'
2025-11-22 14:49:21,034 - freqtrade.worker - INFO - Bot heartbeat. PID=1, version='docker-2025.9-dev-5f1d9cba', state='RUNNING'
2025-11-22 14:50:02,076 - freqtrade.freqai.freqai_interface - INFO - Total time spent inferencing pairlist 0.82 seconds
2025-11-22 14:50:26,002 - freqtrade.worker - INFO - Bot heartbeat. PID=1, version='docker-2025.9-dev-5f1d9cba', state='RUNNING'
2025-11-22 14:51:26,009 - freqtrade.worker - INFO - Bot heartbeat. PID=1, version='docker-2025.9-dev-5f1d9cba', state='RUNNING'
2025-11-22 14:52:26,018 - freqtrade.worker - INFO - Bot heartbeat. PID=1, version='docker-2025.9-dev-5f1d9cba', state='RUNNING'
2025-11-22 14:53:26,039 - freqtrade.worker - INFO - Bot heartbeat. PID=1, version='docker-2025.9-dev-5f1d9cba', state='RUNNING'
2025-11-22 14:54:26,051 - freqtrade.worker - INFO - Bot heartbeat. PID=1, version='docker-2025.9-dev-5f1d9cba', state='RUNNING'
2025-11-22 14:55:02,304 - freqtrade.freqai.freqai_interface - INFO - Total time spent inferencing pairlist 1.05 seconds
2025-11-22 14:55:31,002 - freqtrade.worker - INFO - Bot heartbeat. PID=1, version='docker-2025.9-dev-5f1d9cba', state='RUNNING'
2025-11-22 14:55:49,876 - freqtrade.freqai.base_models.BaseClassifierModel - INFO - -------------------- Starting training WIF/USDT:USDT --------------------
2025-11-22 14:55:49,955 - freqtrade.freqai.data_kitchen - INFO - WIF/USDT:USDT: dropped 167 training points due to NaNs in populated dataset 4319.
2025-11-22 14:55:49,957 - freqtrade.freqai.base_models.BaseClassifierModel - INFO - -------------------- Training on data from 2025-11-07 to 2025-11-22 --------------------
2025-11-22 14:55:50,113 - datasieve.pipeline - INFO - SVM detected 97 data points as outliers.
2025-11-22 14:55:52,852 - freqtrade.freqai.base_models.BaseClassifierModel - INFO - Training model on 758 features
2025-11-22 14:55:52,853 - freqtrade.freqai.base_models.BaseClassifierModel - INFO - Training model on 4055 data points
2025-11-22 14:56:31,016 - freqtrade.worker - INFO - Bot heartbeat. PID=1, version='docker-2025.9-dev-5f1d9cba', state='RUNNING'
2025-11-22 14:56:38,856 - freqtrade.freqai.base_models.BaseClassifierModel - INFO - -------------------- Done training WIF/USDT:USDT (48.98 secs) --------------------
2025-11-22 14:56:39,054 - freqtrade.freqai.data_drawer - INFO - Freqai purging old model file /freqtrade/user_data/models/1/sub-train-WIF_1763821548
2025-11-22 14:56:39,070 - freqtrade.freqai.freqai_interface - INFO - Total time spent training pairlist 50.22 seconds
2025-11-22 14:57:31,029 - freqtrade.worker - INFO - Bot heartbeat. PID=1, version='docker-2025.9-dev-5f1d9cba', state='RUNNING'
2025-11-22 14:58:31,040 - freqtrade.worker - INFO - Bot heartbeat. PID=1, version='docker-2025.9-dev-5f1d9cba', state='RUNNING'
2025-11-22 14:59:31,051 - freqtrade.worker - INFO - Bot heartbeat. PID=1, version='docker-2025.9-dev-5f1d9cba', state='RUNNING'
2025-11-22 14:59:59,726 - uvicorn.error - WARNING - Invalid HTTP request received.
2025-11-22 15:00:02,383 - freqtrade.freqai.freqai_interface - INFO - Total time spent inferencing pairlist 1.01 seconds
2025-11-22 15:00:03,883 - uvicorn.error - WARNING - Invalid HTTP request received.
2025-11-22 15:00:29,099 - uvicorn.error - WARNING - Invalid HTTP request received.
2025-11-22 15:00:36,003 - freqtrade.worker - INFO - Bot heartbeat. PID=1, version='docker-2025.9-dev-5f1d9cba', state='RUNNING'
2025-11-22 15:01:06,778 - freqtrade.wallets - INFO - Wallets synced.
2025-11-22 15:01:36,013 - freqtrade.worker - INFO - Bot heartbeat. PID=1, version='docker-2025.9-dev-5f1d9cba', state='RUNNING'
2025-11-22 15:02:36,025 - freqtrade.worker - INFO - Bot heartbeat. PID=1, version='docker-2025.9-dev-5f1d9cba', state='RUNNING'
2025-11-22 15:03:36,033 - freqtrade.worker - INFO - Bot heartbeat. PID=1, version='docker-2025.9-dev-5f1d9cba', state='RUNNING'
2025-11-22 15:04:36,046 - freqtrade.worker - INFO - Bot heartbeat. PID=1, version='docker-2025.9-dev-5f1d9cba', state='RUNNING'
2025-11-22 15:05:02,329 - freqtrade.freqai.freqai_interface - INFO - Total time spent inferencing pairlist 1.05 seconds
2025-11-22 15:05:41,004 - freqtrade.worker - INFO - Bot heartbeat. PID=1, version='docker-2025.9-dev-5f1d9cba', state='RUNNING'
2025-11-22 15:06:41,013 - freqtrade.worker - INFO - Bot heartbeat. PID=1, version='docker-2025.9-dev-5f1d9cba', state='RUNNING'
2025-11-22 15:07:41,019 - freqtrade.worker - INFO - Bot heartbeat. PID=1, version='docker-2025.9-dev-5f1d9cba', state='RUNNING'
2025-11-22 15:08:41,030 - freqtrade.worker - INFO - Bot heartbeat. PID=1, version='docker-2025.9-dev-5f1d9cba', state='RUNNING'
2025-11-22 15:09:41,040 - freqtrade.worker - INFO - Bot heartbeat. PID=1, version='docker-2025.9-dev-5f1d9cba', state='RUNNING'
2025-11-22 15:10:02,327 - freqtrade.freqai.freqai_interface - INFO - Total time spent inferencing pairlist 1.04 seconds
2025-11-22 15:10:36,829 - freqtrade.plugins.pairlistmanager - INFO - Whitelist with 1 pairs: ['WIF/USDT:USDT']
2025-11-22 15:10:41,788 - freqtrade.worker - INFO - Bot heartbeat. PID=1, version='docker-2025.9-dev-5f1d9cba', state='RUNNING'
2025-11-22 15:10:49,873 - freqtrade.freqai.base_models.BaseClassifierModel - INFO - -------------------- Starting training WIF/USDT:USDT --------------------
2025-11-22 15:10:50,005 - freqtrade.freqai.data_kitchen - INFO - WIF/USDT:USDT: dropped 164 training points due to NaNs in populated dataset 4319.
2025-11-22 15:10:50,008 - freqtrade.freqai.base_models.BaseClassifierModel - INFO - -------------------- Training on data from 2025-11-07 to 2025-11-22 --------------------
2025-11-22 15:10:50,174 - datasieve.pipeline - INFO - SVM detected 97 data points as outliers.
2025-11-22 15:10:53,211 - freqtrade.freqai.base_models.BaseClassifierModel - INFO - Training model on 758 features
2025-11-22 15:10:53,213 - freqtrade.freqai.base_models.BaseClassifierModel - INFO - Training model on 4058 data points
2025-11-22 15:11:40,206 - freqtrade.freqai.base_models.BaseClassifierModel - INFO - -------------------- Done training WIF/USDT:USDT (50.33 secs) --------------------
2025-11-22 15:11:40,314 - freqtrade.freqai.data_drawer - INFO - Freqai purging old model file /freqtrade/user_data/models/1/sub-train-WIF_1763822448
2025-11-22 15:11:40,329 - freqtrade.freqai.freqai_interface - INFO - Total time spent training pairlist 51.64 seconds
2025-11-22 15:11:41,800 - freqtrade.worker - INFO - Bot heartbeat. PID=1, version='docker-2025.9-dev-5f1d9cba', state='RUNNING'
2025-11-22 15:12:41,808 - freqtrade.worker - INFO - Bot heartbeat. PID=1, version='docker-2025.9-dev-5f1d9cba', state='RUNNING'
2025-11-22 15:13:41,816 - freqtrade.worker - INFO - Bot heartbeat. PID=1, version='docker-2025.9-dev-5f1d9cba', state='RUNNING'
2025-11-22 15:14:41,826 - freqtrade.worker - INFO - Bot heartbeat. PID=1, version='docker-2025.9-dev-5f1d9cba', state='RUNNING'
2025-11-22 15:15:02,229 - freqtrade.freqai.freqai_interface - INFO - Total time spent inferencing pairlist 0.87 seconds
2025-11-22 15:15:46,004 - freqtrade.worker - INFO - Bot heartbeat. PID=1, version='docker-2025.9-dev-5f1d9cba', state='RUNNING'
2025-11-22 15:16:46,015 - freqtrade.worker - INFO - Bot heartbeat. PID=1, version='docker-2025.9-dev-5f1d9cba', state='RUNNING'
2025-11-22 15:17:46,021 - freqtrade.worker - INFO - Bot heartbeat. PID=1, version='docker-2025.9-dev-5f1d9cba', state='RUNNING'
2025-11-22 15:18:46,034 - freqtrade.worker - INFO - Bot heartbeat. PID=1, version='docker-2025.9-dev-5f1d9cba', state='RUNNING'
2025-11-22 15:19:46,056 - freqtrade.worker - INFO - Bot heartbeat. PID=1, version='docker-2025.9-dev-5f1d9cba', state='RUNNING'
2025-11-22 15:20:02,241 - freqtrade.freqai.freqai_interface - INFO - Total time spent inferencing pairlist 0.97 seconds
2025-11-22 15:20:51,005 - freqtrade.worker - INFO - Bot heartbeat. PID=1, version='docker-2025.9-dev-5f1d9cba', state='RUNNING'
2025-11-22 15:21:51,015 - freqtrade.worker - INFO - Bot heartbeat. PID=1, version='docker-2025.9-dev-5f1d9cba', state='RUNNING'
2025-11-22 15:22:51,027 - freqtrade.worker - INFO - Bot heartbeat. PID=1, version='docker-2025.9-dev-5f1d9cba', state='RUNNING'
2025-11-22 15:23:51,038 - freqtrade.worker - INFO - Bot heartbeat. PID=1, version='docker-2025.9-dev-5f1d9cba', state='RUNNING'
2025-11-22 15:24:51,049 - freqtrade.worker - INFO - Bot heartbeat. PID=1, version='docker-2025.9-dev-5f1d9cba', state='RUNNING'
2025-11-22 15:25:02,229 - freqtrade.freqai.freqai_interface - INFO - Total time spent inferencing pairlist 0.97 seconds
2025-11-22 15:25:49,860 - freqtrade.freqai.base_models.BaseClassifierModel - INFO - -------------------- Starting training WIF/USDT:USDT --------------------
2025-11-22 15:25:49,936 - freqtrade.freqai.data_kitchen - INFO - WIF/USDT:USDT: dropped 161 training points due to NaNs in populated dataset 4319.
2025-11-22 15:25:49,938 - freqtrade.freqai.base_models.BaseClassifierModel - INFO - -------------------- Training on data from 2025-11-07 to 2025-11-22 --------------------
2025-11-22 15:25:50,087 - datasieve.pipeline - INFO - SVM detected 98 data points as outliers.
2025-11-22 15:25:52,560 - freqtrade.freqai.base_models.BaseClassifierModel - INFO - Training model on 758 features
2025-11-22 15:25:52,561 - freqtrade.freqai.base_models.BaseClassifierModel - INFO - Training model on 4060 data points
2025-11-22 15:25:56,003 - freqtrade.worker - INFO - Bot heartbeat. PID=1, version='docker-2025.9-dev-5f1d9cba', state='RUNNING'
2025-11-22 15:26:38,103 - freqtrade.freqai.base_models.BaseClassifierModel - INFO - -------------------- Done training WIF/USDT:USDT (48.24 secs) --------------------
2025-11-22 15:26:38,333 - freqtrade.freqai.data_drawer - INFO - Freqai purging old model file /freqtrade/user_data/models/1/sub-train-WIF_1763823348
2025-11-22 15:26:38,350 - freqtrade.freqai.freqai_interface - INFO - Total time spent training pairlist 49.45 seconds
2025-11-22 15:26:56,014 - freqtrade.worker - INFO - Bot heartbeat. PID=1, version='docker-2025.9-dev-5f1d9cba', state='RUNNING'
2025-11-22 15:27:56,023 - freqtrade.worker - INFO - Bot heartbeat. PID=1, version='docker-2025.9-dev-5f1d9cba', state='RUNNING'
2025-11-22 15:28:56,034 - freqtrade.worker - INFO - Bot heartbeat. PID=1, version='docker-2025.9-dev-5f1d9cba', state='RUNNING'
2025-11-22 15:29:56,042 - freqtrade.worker - INFO - Bot heartbeat. PID=1, version='docker-2025.9-dev-5f1d9cba', state='RUNNING'
2025-11-22 15:30:02,483 - freqtrade.freqai.freqai_interface - INFO - Total time spent inferencing pairlist 1.13 seconds
2025-11-22 15:31:01,004 - freqtrade.worker - INFO - Bot heartbeat. PID=1, version='docker-2025.9-dev-5f1d9cba', state='RUNNING'
2025-11-22 15:31:06,713 - freqtrade.wallets - INFO - Wallets synced.
2025-11-22 15:32:01,010 - freqtrade.worker - INFO - Bot heartbeat. PID=1, version='docker-2025.9-dev-5f1d9cba', state='RUNNING'
2025-11-22 15:33:01,021 - freqtrade.worker - INFO - Bot heartbeat. PID=1, version='docker-2025.9-dev-5f1d9cba', state='RUNNING'
2025-11-22 15:34:01,031 - freqtrade.worker - INFO - Bot heartbeat. PID=1, version='docker-2025.9-dev-5f1d9cba', state='RUNNING'
2025-11-22 15:35:02,719 - freqtrade.freqai.freqai_interface - INFO - Total time spent inferencing pairlist 1.41 seconds
2025-11-22 15:35:06,001 - freqtrade.worker - INFO - Bot heartbeat. PID=1, version='docker-2025.9-dev-5f1d9cba', state='RUNNING'
2025-11-22 15:36:06,012 - freqtrade.worker - INFO - Bot heartbeat. PID=1, version='docker-2025.9-dev-5f1d9cba', state='RUNNING'
2025-11-22 15:37:06,025 - freqtrade.worker - INFO - Bot heartbeat. PID=1, version='docker-2025.9-dev-5f1d9cba', state='RUNNING'
2025-11-22 15:38:06,037 - freqtrade.worker - INFO - Bot heartbeat. PID=1, version='docker-2025.9-dev-5f1d9cba', state='RUNNING'
2025-11-22 15:39:06,047 - freqtrade.worker - INFO - Bot heartbeat. PID=1, version='docker-2025.9-dev-5f1d9cba', state='RUNNING'
2025-11-22 15:40:02,223 - freqtrade.freqai.freqai_interface - INFO - Total time spent inferencing pairlist 0.95 seconds
2025-11-22 15:40:11,001 - freqtrade.worker - INFO - Bot heartbeat. PID=1, version='docker-2025.9-dev-5f1d9cba', state='RUNNING'
2025-11-22 15:40:49,994 - freqtrade.freqai.base_models.BaseClassifierModel - INFO - -------------------- Starting training WIF/USDT:USDT --------------------
2025-11-22 15:40:50,053 - freqtrade.freqai.data_kitchen - INFO - WIF/USDT:USDT: dropped 158 training points due to NaNs in populated dataset 4319.
2025-11-22 15:40:50,055 - freqtrade.freqai.base_models.BaseClassifierModel - INFO - -------------------- Training on data from 2025-11-07 to 2025-11-22 --------------------
2025-11-22 15:40:50,211 - datasieve.pipeline - INFO - SVM detected 48 data points as outliers.
2025-11-22 15:40:53,123 - freqtrade.freqai.base_models.BaseClassifierModel - INFO - Training model on 758 features
2025-11-22 15:40:53,125 - freqtrade.freqai.base_models.BaseClassifierModel - INFO - Training model on 4113 data points
2025-11-22 15:41:11,008 - freqtrade.worker - INFO - Bot heartbeat. PID=1, version='docker-2025.9-dev-5f1d9cba', state='RUNNING'
2025-11-22 15:41:39,206 - freqtrade.freqai.base_models.BaseClassifierModel - INFO - -------------------- Done training WIF/USDT:USDT (49.21 secs) --------------------
2025-11-22 15:41:39,328 - freqtrade.freqai.data_drawer - INFO - Freqai purging old model file /freqtrade/user_data/models/1/sub-train-WIF_1763824248
2025-11-22 15:41:39,343 - freqtrade.freqai.freqai_interface - INFO - Total time spent training pairlist 50.43 seconds
2025-11-22 15:42:11,017 - freqtrade.worker - INFO - Bot heartbeat. PID=1, version='docker-2025.9-dev-5f1d9cba', state='RUNNING'
2025-11-22 15:43:11,025 - freqtrade.worker - INFO - Bot heartbeat. PID=1, version='docker-2025.9-dev-5f1d9cba', state='RUNNING'
2025-11-22 15:44:11,035 - freqtrade.worker - INFO - Bot heartbeat. PID=1, version='docker-2025.9-dev-5f1d9cba', state='RUNNING'
2025-11-22 15:45:02,274 - freqtrade.freqai.freqai_interface - INFO - Total time spent inferencing pairlist 0.92 seconds
2025-11-22 15:45:16,001 - freqtrade.worker - INFO - Bot heartbeat. PID=1, version='docker-2025.9-dev-5f1d9cba', state='RUNNING'
2025-11-22 15:46:16,012 - freqtrade.worker - INFO - Bot heartbeat. PID=1, version='docker-2025.9-dev-5f1d9cba', state='RUNNING'
2025-11-22 15:47:16,024 - freqtrade.worker - INFO - Bot heartbeat. PID=1, version='docker-2025.9-dev-5f1d9cba', state='RUNNING'
2025-11-22 15:48:16,032 - freqtrade.worker - INFO - Bot heartbeat. PID=1, version='docker-2025.9-dev-5f1d9cba', state='RUNNING'
2025-11-22 15:49:16,045 - freqtrade.worker - INFO - Bot heartbeat. PID=1, version='docker-2025.9-dev-5f1d9cba', state='RUNNING'
2025-11-22 15:50:02,272 - freqtrade.freqai.freqai_interface - INFO - Total time spent inferencing pairlist 1.01 seconds
2025-11-22 15:50:21,001 - freqtrade.worker - INFO - Bot heartbeat. PID=1, version='docker-2025.9-dev-5f1d9cba', state='RUNNING'
2025-11-22 15:51:21,007 - freqtrade.worker - INFO - Bot heartbeat. PID=1, version='docker-2025.9-dev-5f1d9cba', state='RUNNING'
2025-11-22 15:52:21,017 - freqtrade.worker - INFO - Bot heartbeat. PID=1, version='docker-2025.9-dev-5f1d9cba', state='RUNNING'
2025-11-22 15:53:21,025 - freqtrade.worker - INFO - Bot heartbeat. PID=1, version='docker-2025.9-dev-5f1d9cba', state='RUNNING'
2025-11-22 15:54:21,035 - freqtrade.worker - INFO - Bot heartbeat. PID=1, version='docker-2025.9-dev-5f1d9cba', state='RUNNING'
2025-11-22 15:55:02,356 - freqtrade.freqai.freqai_interface - INFO - Total time spent inferencing pairlist 1.11 seconds
2025-11-22 15:55:26,002 - freqtrade.worker - INFO - Bot heartbeat. PID=1, version='docker-2025.9-dev-5f1d9cba', state='RUNNING'
2025-11-22 15:55:50,053 - freqtrade.freqai.base_models.BaseClassifierModel - INFO - -------------------- Starting training WIF/USDT:USDT --------------------
2025-11-22 15:55:50,122 - freqtrade.freqai.data_kitchen - INFO - WIF/USDT:USDT: dropped 155 training points due to NaNs in populated dataset 4319.
2025-11-22 15:55:50,123 - freqtrade.freqai.base_models.BaseClassifierModel - INFO - -------------------- Training on data from 2025-11-07 to 2025-11-22 --------------------
2025-11-22 15:55:50,285 - datasieve.pipeline - INFO - SVM detected 49 data points as outliers.
2025-11-22 15:55:52,964 - freqtrade.freqai.base_models.BaseClassifierModel - INFO - Training model on 758 features
2025-11-22 15:55:52,965 - freqtrade.freqai.base_models.BaseClassifierModel - INFO - Training model on 4115 data points
2025-11-22 15:56:26,016 - freqtrade.worker - INFO - Bot heartbeat. PID=1, version='docker-2025.9-dev-5f1d9cba', state='RUNNING'
2025-11-22 15:56:39,599 - freqtrade.freqai.base_models.BaseClassifierModel - INFO - -------------------- Done training WIF/USDT:USDT (49.54 secs) --------------------
2025-11-22 15:56:39,783 - freqtrade.freqai.data_drawer - INFO - Freqai purging old model file /freqtrade/user_data/models/1/sub-train-WIF_1763825148
2025-11-22 15:56:39,797 - freqtrade.freqai.freqai_interface - INFO - Total time spent training pairlist 50.94 seconds
2025-11-22 15:57:26,026 - freqtrade.worker - INFO - Bot heartbeat. PID=1, version='docker-2025.9-dev-5f1d9cba', state='RUNNING'
2025-11-22 15:58:26,037 - freqtrade.worker - INFO - Bot heartbeat. PID=1, version='docker-2025.9-dev-5f1d9cba', state='RUNNING'
2025-11-22 15:59:26,049 - freqtrade.worker - INFO - Bot heartbeat. PID=1, version='docker-2025.9-dev-5f1d9cba', state='RUNNING'
2025-11-22 16:00:02,493 - freqtrade.freqai.freqai_interface - INFO - Total time spent inferencing pairlist 1.05 seconds
2025-11-22 16:00:31,001 - freqtrade.worker - INFO - Bot heartbeat. PID=1, version='docker-2025.9-dev-5f1d9cba', state='RUNNING'
2025-11-22 16:01:06,627 - freqtrade.wallets - INFO - Wallets synced.
2025-11-22 16:01:31,007 - freqtrade.worker - INFO - Bot heartbeat. PID=1, version='docker-2025.9-dev-5f1d9cba', state='RUNNING'
2025-11-22 16:02:31,017 - freqtrade.worker - INFO - Bot heartbeat. PID=1, version='docker-2025.9-dev-5f1d9cba', state='RUNNING'
2025-11-22 16:03:31,030 - freqtrade.worker - INFO - Bot heartbeat. PID=1, version='docker-2025.9-dev-5f1d9cba', state='RUNNING'
2025-11-22 16:04:31,048 - freqtrade.worker - INFO - Bot heartbeat. PID=1, version='docker-2025.9-dev-5f1d9cba', state='RUNNING'
2025-11-22 16:05:02,180 - freqtrade.freqai.freqai_interface - INFO - Total time spent inferencing pairlist 0.94 seconds
2025-11-22 16:05:36,002 - freqtrade.worker - INFO - Bot heartbeat. PID=1, version='docker-2025.9-dev-5f1d9cba', state='RUNNING'
2025-11-22 16:06:36,014 - freqtrade.worker - INFO - Bot heartbeat. PID=1, version='docker-2025.9-dev-5f1d9cba', state='RUNNING'
2025-11-22 16:07:36,021 - freqtrade.worker - INFO - Bot heartbeat. PID=1, version='docker-2025.9-dev-5f1d9cba', state='RUNNING'
2025-11-22 16:08:36,032 - freqtrade.worker - INFO - Bot heartbeat. PID=1, version='docker-2025.9-dev-5f1d9cba', state='RUNNING'
2025-11-22 16:09:36,040 - freqtrade.worker - INFO - Bot heartbeat. PID=1, version='docker-2025.9-dev-5f1d9cba', state='RUNNING'
2025-11-22 16:10:02,137 - freqtrade.freqai.freqai_interface - INFO - Total time spent inferencing pairlist 0.89 seconds
2025-11-22 16:10:41,109 - freqtrade.plugins.pairlistmanager - INFO - Whitelist with 1 pairs: ['WIF/USDT:USDT']
2025-11-22 16:10:41,134 - freqtrade.worker - INFO - Bot heartbeat. PID=1, version='docker-2025.9-dev-5f1d9cba', state='RUNNING'
2025-11-22 16:10:49,382 - freqtrade.freqai.base_models.BaseClassifierModel - INFO - -------------------- Starting training WIF/USDT:USDT --------------------
2025-11-22 16:10:49,488 - freqtrade.freqai.data_kitchen - INFO - WIF/USDT:USDT: dropped 152 training points due to NaNs in populated dataset 4319.
2025-11-22 16:10:49,490 - freqtrade.freqai.base_models.BaseClassifierModel - INFO - -------------------- Training on data from 2025-11-07 to 2025-11-22 --------------------
2025-11-22 16:10:49,638 - datasieve.pipeline - INFO - SVM detected 50 data points as outliers.
2025-11-22 16:10:52,439 - freqtrade.freqai.base_models.BaseClassifierModel - INFO - Training model on 758 features
2025-11-22 16:10:52,440 - freqtrade.freqai.base_models.BaseClassifierModel - INFO - Training model on 4117 data points
2025-11-22 16:11:38,824 - freqtrade.freqai.base_models.BaseClassifierModel - INFO - -------------------- Done training WIF/USDT:USDT (49.44 secs) --------------------
2025-11-22 16:11:38,949 - freqtrade.freqai.data_drawer - INFO - Freqai purging old model file /freqtrade/user_data/models/1/sub-train-WIF_1763826048
2025-11-22 16:11:38,970 - freqtrade.freqai.freqai_interface - INFO - Total time spent training pairlist 50.60 seconds
2025-11-22 16:11:41,140 - freqtrade.worker - INFO - Bot heartbeat. PID=1, version='docker-2025.9-dev-5f1d9cba', state='RUNNING'
2025-11-22 16:12:41,147 - freqtrade.worker - INFO - Bot heartbeat. PID=1, version='docker-2025.9-dev-5f1d9cba', state='RUNNING'
2025-11-22 16:13:41,162 - freqtrade.worker - INFO - Bot heartbeat. PID=1, version='docker-2025.9-dev-5f1d9cba', state='RUNNING'
2025-11-22 16:14:41,170 - freqtrade.worker - INFO - Bot heartbeat. PID=1, version='docker-2025.9-dev-5f1d9cba', state='RUNNING'
2025-11-22 16:15:02,401 - freqtrade.freqai.freqai_interface - INFO - Total time spent inferencing pairlist 1.06 seconds
2025-11-22 16:15:46,003 - freqtrade.worker - INFO - Bot heartbeat. PID=1, version='docker-2025.9-dev-5f1d9cba', state='RUNNING'
2025-11-22 16:16:46,009 - freqtrade.worker - INFO - Bot heartbeat. PID=1, version='docker-2025.9-dev-5f1d9cba', state='RUNNING'
2025-11-22 16:17:46,022 - freqtrade.worker - INFO - Bot heartbeat. PID=1, version='docker-2025.9-dev-5f1d9cba', state='RUNNING'
2025-11-22 16:18:46,034 - freqtrade.worker - INFO - Bot heartbeat. PID=1, version='docker-2025.9-dev-5f1d9cba', state='RUNNING'
2025-11-22 16:19:46,040 - freqtrade.worker - INFO - Bot heartbeat. PID=1, version='docker-2025.9-dev-5f1d9cba', state='RUNNING'
2025-11-22 16:20:02,245 - freqtrade.freqai.freqai_interface - INFO - Total time spent inferencing pairlist 0.97 seconds
2025-11-22 16:20:51,007 - freqtrade.worker - INFO - Bot heartbeat. PID=1, version='docker-2025.9-dev-5f1d9cba', state='RUNNING'
2025-11-22 16:21:51,018 - freqtrade.worker - INFO - Bot heartbeat. PID=1, version='docker-2025.9-dev-5f1d9cba', state='RUNNING'
2025-11-22 16:22:51,036 - freqtrade.worker - INFO - Bot heartbeat. PID=1, version='docker-2025.9-dev-5f1d9cba', state='RUNNING'
2025-11-22 16:23:51,041 - freqtrade.worker - INFO - Bot heartbeat. PID=1, version='docker-2025.9-dev-5f1d9cba', state='RUNNING'
2025-11-22 16:24:51,052 - freqtrade.worker - INFO - Bot heartbeat. PID=1, version='docker-2025.9-dev-5f1d9cba', state='RUNNING'
2025-11-22 16:25:02,339 - freqtrade.freqai.freqai_interface - INFO - Total time spent inferencing pairlist 1.06 seconds
2025-11-22 16:25:49,551 - freqtrade.freqai.base_models.BaseClassifierModel - INFO - -------------------- Starting training WIF/USDT:USDT --------------------
2025-11-22 16:25:49,628 - freqtrade.freqai.data_kitchen - INFO - WIF/USDT:USDT: dropped 149 training points due to NaNs in populated dataset 4319.
2025-11-22 16:25:49,631 - freqtrade.freqai.base_models.BaseClassifierModel - INFO - -------------------- Training on data from 2025-11-07 to 2025-11-22 --------------------
2025-11-22 16:25:49,782 - datasieve.pipeline - INFO - SVM detected 22 data points as outliers.
2025-11-22 16:25:53,014 - freqtrade.freqai.base_models.BaseClassifierModel - INFO - Training model on 758 features
2025-11-22 16:25:53,016 - freqtrade.freqai.base_models.BaseClassifierModel - INFO - Training model on 4148 data points
2025-11-22 16:25:56,005 - freqtrade.worker - INFO - Bot heartbeat. PID=1, version='docker-2025.9-dev-5f1d9cba', state='RUNNING'
2025-11-22 16:26:40,883 - freqtrade.freqai.base_models.BaseClassifierModel - INFO - -------------------- Done training WIF/USDT:USDT (51.33 secs) --------------------
2025-11-22 16:26:41,189 - freqtrade.freqai.data_drawer - INFO - Freqai purging old model file /freqtrade/user_data/models/1/sub-train-WIF_1763826948
2025-11-22 16:26:41,221 - freqtrade.freqai.freqai_interface - INFO - Total time spent training pairlist 52.74 seconds
2025-11-22 16:26:56,021 - freqtrade.worker - INFO - Bot heartbeat. PID=1, version='docker-2025.9-dev-5f1d9cba', state='RUNNING'
2025-11-22 16:27:56,035 - freqtrade.worker - INFO - Bot heartbeat. PID=1, version='docker-2025.9-dev-5f1d9cba', state='RUNNING'
2025-11-22 16:28:56,045 - freqtrade.worker - INFO - Bot heartbeat. PID=1, version='docker-2025.9-dev-5f1d9cba', state='RUNNING'
2025-11-22 16:29:56,052 - freqtrade.worker - INFO - Bot heartbeat. PID=1, version='docker-2025.9-dev-5f1d9cba', state='RUNNING'
2025-11-22 16:30:02,204 - freqtrade.freqai.freqai_interface - INFO - Total time spent inferencing pairlist 0.86 seconds
2025-11-22 16:31:01,006 - freqtrade.worker - INFO - Bot heartbeat. PID=1, version='docker-2025.9-dev-5f1d9cba', state='RUNNING'
2025-11-22 16:31:06,439 - freqtrade.wallets - INFO - Wallets synced.
2025-11-22 16:32:01,015 - freqtrade.worker - INFO - Bot heartbeat. PID=1, version='docker-2025.9-dev-5f1d9cba', state='RUNNING'
2025-11-22 16:33:01,022 - freqtrade.worker - INFO - Bot heartbeat. PID=1, version='docker-2025.9-dev-5f1d9cba', state='RUNNING'
2025-11-22 16:34:01,031 - freqtrade.worker - INFO - Bot heartbeat. PID=1, version='docker-2025.9-dev-5f1d9cba', state='RUNNING'
2025-11-22 16:35:02,122 - freqtrade.freqai.freqai_interface - INFO - Total time spent inferencing pairlist 0.84 seconds
2025-11-22 16:35:06,000 - freqtrade.worker - INFO - Bot heartbeat. PID=1, version='docker-2025.9-dev-5f1d9cba', state='RUNNING'
2025-11-22 16:36:06,008 - freqtrade.worker - INFO - Bot heartbeat. PID=1, version='docker-2025.9-dev-5f1d9cba', state='RUNNING'
2025-11-22 16:37:06,014 - freqtrade.worker - INFO - Bot heartbeat. PID=1, version='docker-2025.9-dev-5f1d9cba', state='RUNNING'
2025-11-22 16:38:06,023 - freqtrade.worker - INFO - Bot heartbeat. PID=1, version='docker-2025.9-dev-5f1d9cba', state='RUNNING'
2025-11-22 16:39:06,036 - freqtrade.worker - INFO - Bot heartbeat. PID=1, version='docker-2025.9-dev-5f1d9cba', state='RUNNING'
2025-11-22 16:40:02,237 - freqtrade.freqai.freqai_interface - INFO - Total time spent inferencing pairlist 0.99 seconds
2025-11-22 16:40:11,000 - freqtrade.worker - INFO - Bot heartbeat. PID=1, version='docker-2025.9-dev-5f1d9cba', state='RUNNING'
2025-11-22 16:40:49,941 - freqtrade.freqai.base_models.BaseClassifierModel - INFO - -------------------- Starting training WIF/USDT:USDT --------------------
2025-11-22 16:40:50,010 - freqtrade.freqai.data_kitchen - INFO - WIF/USDT:USDT: dropped 146 training points due to NaNs in populated dataset 4319.
2025-11-22 16:40:50,011 - freqtrade.freqai.base_models.BaseClassifierModel - INFO - -------------------- Training on data from 2025-11-07 to 2025-11-22 --------------------
2025-11-22 16:40:50,178 - datasieve.pipeline - INFO - SVM detected 23 data points as outliers.
2025-11-22 16:40:52,535 - freqtrade.freqai.base_models.BaseClassifierModel - INFO - Training model on 758 features
2025-11-22 16:40:52,537 - freqtrade.freqai.base_models.BaseClassifierModel - INFO - Training model on 4150 data points
2025-11-22 16:41:11,007 - freqtrade.worker - INFO - Bot heartbeat. PID=1, version='docker-2025.9-dev-5f1d9cba', state='RUNNING'
2025-11-22 16:41:38,081 - freqtrade.freqai.base_models.BaseClassifierModel - INFO - -------------------- Done training WIF/USDT:USDT (48.14 secs) --------------------
2025-11-22 16:41:38,228 - freqtrade.freqai.data_drawer - INFO - Freqai purging old model file /freqtrade/user_data/models/1/sub-train-WIF_1763827848
2025-11-22 16:41:38,250 - freqtrade.freqai.freqai_interface - INFO - Total time spent training pairlist 49.50 seconds
2025-11-22 16:42:11,016 - freqtrade.worker - INFO - Bot heartbeat. PID=1, version='docker-2025.9-dev-5f1d9cba', state='RUNNING'
2025-11-22 16:43:11,051 - freqtrade.worker - INFO - Bot heartbeat. PID=1, version='docker-2025.9-dev-5f1d9cba', state='RUNNING'
2025-11-22 16:44:11,063 - freqtrade.worker - INFO - Bot heartbeat. PID=1, version='docker-2025.9-dev-5f1d9cba', state='RUNNING'
2025-11-22 16:44:25,099 - uvicorn.error - WARNING - Invalid HTTP request received.
2025-11-22 16:44:27,590 - uvicorn.error - WARNING - Invalid HTTP request received.
2025-11-22 16:44:32,679 - uvicorn.error - WARNING - Invalid HTTP request received.
2025-11-22 16:45:02,433 - freqtrade.freqai.freqai_interface - INFO - Total time spent inferencing pairlist 1.07 seconds
2025-11-22 16:45:16,001 - freqtrade.worker - INFO - Bot heartbeat. PID=1, version='docker-2025.9-dev-5f1d9cba', state='RUNNING'
2025-11-22 16:46:16,008 - freqtrade.worker - INFO - Bot heartbeat. PID=1, version='docker-2025.9-dev-5f1d9cba', state='RUNNING'
2025-11-22 16:47:16,024 - freqtrade.worker - INFO - Bot heartbeat. PID=1, version='docker-2025.9-dev-5f1d9cba', state='RUNNING'
2025-11-22 16:48:16,031 - freqtrade.worker - INFO - Bot heartbeat. PID=1, version='docker-2025.9-dev-5f1d9cba', state='RUNNING'
2025-11-22 16:49:16,045 - freqtrade.worker - INFO - Bot heartbeat. PID=1, version='docker-2025.9-dev-5f1d9cba', state='RUNNING'
2025-11-22 16:50:02,168 - freqtrade.freqai.freqai_interface - INFO - Total time spent inferencing pairlist 0.94 seconds
2025-11-22 16:50:21,001 - freqtrade.worker - INFO - Bot heartbeat. PID=1, version='docker-2025.9-dev-5f1d9cba', state='RUNNING'
2025-11-22 16:51:21,008 - freqtrade.worker - INFO - Bot heartbeat. PID=1, version='docker-2025.9-dev-5f1d9cba', state='RUNNING'
2025-11-22 16:52:21,022 - freqtrade.worker - INFO - Bot heartbeat. PID=1, version='docker-2025.9-dev-5f1d9cba', state='RUNNING'
2025-11-22 16:53:21,030 - freqtrade.worker - INFO - Bot heartbeat. PID=1, version='docker-2025.9-dev-5f1d9cba', state='RUNNING'
2025-11-22 16:54:21,039 - freqtrade.worker - INFO - Bot heartbeat. PID=1, version='docker-2025.9-dev-5f1d9cba', state='RUNNING'
2025-11-22 16:55:01,998 - freqtrade.freqai.freqai_interface - INFO - Total time spent inferencing pairlist 0.83 seconds
2025-11-22 16:55:26,002 - freqtrade.worker - INFO - Bot heartbeat. PID=1, version='docker-2025.9-dev-5f1d9cba', state='RUNNING'
2025-11-22 16:55:49,784 - freqtrade.freqai.base_models.BaseClassifierModel - INFO - -------------------- Starting training WIF/USDT:USDT --------------------
2025-11-22 16:55:49,851 - freqtrade.freqai.data_kitchen - INFO - WIF/USDT:USDT: dropped 143 training points due to NaNs in populated dataset 4319.
2025-11-22 16:55:49,853 - freqtrade.freqai.base_models.BaseClassifierModel - INFO - -------------------- Training on data from 2025-11-07 to 2025-11-22 --------------------
2025-11-22 16:55:50,018 - datasieve.pipeline - INFO - SVM detected 93 data points as outliers.
2025-11-22 16:55:52,080 - freqtrade.freqai.base_models.BaseClassifierModel - INFO - Training model on 758 features
2025-11-22 16:55:52,082 - freqtrade.freqai.base_models.BaseClassifierModel - INFO - Training model on 4083 data points
2025-11-22 16:56:26,017 - freqtrade.worker - INFO - Bot heartbeat. PID=1, version='docker-2025.9-dev-5f1d9cba', state='RUNNING'
2025-11-22 16:56:37,914 - freqtrade.freqai.base_models.BaseClassifierModel - INFO - -------------------- Done training WIF/USDT:USDT (48.13 secs) --------------------
2025-11-22 16:56:38,148 - freqtrade.freqai.data_drawer - INFO - Freqai purging old model file /freqtrade/user_data/models/1/sub-train-WIF_1763828748
2025-11-22 16:56:38,172 - freqtrade.freqai.freqai_interface - INFO - Total time spent training pairlist 49.38 seconds
2025-11-22 16:57:26,028 - freqtrade.worker - INFO - Bot heartbeat. PID=1, version='docker-2025.9-dev-5f1d9cba', state='RUNNING'
2025-11-22 16:58:26,035 - freqtrade.worker - INFO - Bot heartbeat. PID=1, version='docker-2025.9-dev-5f1d9cba', state='RUNNING'
2025-11-22 16:59:26,050 - freqtrade.worker - INFO - Bot heartbeat. PID=1, version='docker-2025.9-dev-5f1d9cba', state='RUNNING'
2025-11-22 17:00:02,757 - freqtrade.freqai.freqai_interface - INFO - Total time spent inferencing pairlist 1.35 seconds
2025-11-22 17:00:31,002 - freqtrade.worker - INFO - Bot heartbeat. PID=1, version='docker-2025.9-dev-5f1d9cba', state='RUNNING'
2025-11-22 17:01:06,483 - freqtrade.wallets - INFO - Wallets synced.
2025-11-22 17:01:31,013 - freqtrade.worker - INFO - Bot heartbeat. PID=1, version='docker-2025.9-dev-5f1d9cba', state='RUNNING'
2025-11-22 17:02:31,023 - freqtrade.worker - INFO - Bot heartbeat. PID=1, version='docker-2025.9-dev-5f1d9cba', state='RUNNING'
2025-11-22 17:03:31,030 - freqtrade.worker - INFO - Bot heartbeat. PID=1, version='docker-2025.9-dev-5f1d9cba', state='RUNNING'
2025-11-22 17:03:53,946 - uvicorn.error - WARNING - Invalid HTTP request received.
2025-11-22 17:04:31,046 - freqtrade.worker - INFO - Bot heartbeat. PID=1, version='docker-2025.9-dev-5f1d9cba', state='RUNNING'
2025-11-22 17:05:02,243 - freqtrade.freqai.freqai_interface - INFO - Total time spent inferencing pairlist 0.97 seconds
2025-11-22 17:05:36,003 - freqtrade.worker - INFO - Bot heartbeat. PID=1, version='docker-2025.9-dev-5f1d9cba', state='RUNNING'
2025-11-22 17:06:36,013 - freqtrade.worker - INFO - Bot heartbeat. PID=1, version='docker-2025.9-dev-5f1d9cba', state='RUNNING'
2025-11-22 17:07:36,020 - freqtrade.worker - INFO - Bot heartbeat. PID=1, version='docker-2025.9-dev-5f1d9cba', state='RUNNING'
2025-11-22 17:08:36,032 - freqtrade.worker - INFO - Bot heartbeat. PID=1, version='docker-2025.9-dev-5f1d9cba', state='RUNNING'
2025-11-22 17:09:36,042 - freqtrade.worker - INFO - Bot heartbeat. PID=1, version='docker-2025.9-dev-5f1d9cba', state='RUNNING'
2025-11-22 17:10:02,262 - freqtrade.freqai.freqai_interface - INFO - Total time spent inferencing pairlist 1.02 seconds
2025-11-22 17:10:33,287 - uvicorn.error - WARNING - Invalid HTTP request received.
2025-11-22 17:10:41,004 - freqtrade.worker - INFO - Bot heartbeat. PID=1, version='docker-2025.9-dev-5f1d9cba', state='RUNNING'
2025-11-22 17:10:46,673 - freqtrade.plugins.pairlistmanager - INFO - Whitelist with 1 pairs: ['WIF/USDT:USDT']
2025-11-22 17:10:49,959 - freqtrade.freqai.base_models.BaseClassifierModel - INFO - -------------------- Starting training WIF/USDT:USDT --------------------
2025-11-22 17:10:50,039 - freqtrade.freqai.data_kitchen - INFO - WIF/USDT:USDT: dropped 140 training points due to NaNs in populated dataset 4319.
2025-11-22 17:10:50,041 - freqtrade.freqai.base_models.BaseClassifierModel - INFO - -------------------- Training on data from 2025-11-07 to 2025-11-22 --------------------
2025-11-22 17:10:50,287 - datasieve.pipeline - INFO - SVM detected 100 data points as outliers.
2025-11-22 17:10:52,913 - freqtrade.freqai.base_models.BaseClassifierModel - INFO - Training model on 758 features
2025-11-22 17:10:52,915 - freqtrade.freqai.base_models.BaseClassifierModel - INFO - Training model on 4079 data points
2025-11-22 17:11:36,644 - freqtrade.freqai.base_models.BaseClassifierModel - INFO - -------------------- Done training WIF/USDT:USDT (46.68 secs) --------------------
2025-11-22 17:11:36,818 - freqtrade.freqai.data_drawer - INFO - Freqai purging old model file /freqtrade/user_data/models/1/sub-train-WIF_1763829648
2025-11-22 17:11:36,842 - freqtrade.freqai.freqai_interface - INFO - Total time spent training pairlist 47.99 seconds
2025-11-22 17:11:41,713 - freqtrade.worker - INFO - Bot heartbeat. PID=1, version='docker-2025.9-dev-5f1d9cba', state='RUNNING'
2025-11-22 17:12:41,721 - freqtrade.worker - INFO - Bot heartbeat. PID=1, version='docker-2025.9-dev-5f1d9cba', state='RUNNING'
2025-11-22 17:13:41,733 - freqtrade.worker - INFO - Bot heartbeat. PID=1, version='docker-2025.9-dev-5f1d9cba', state='RUNNING'
2025-11-22 17:14:41,741 - freqtrade.worker - INFO - Bot heartbeat. PID=1, version='docker-2025.9-dev-5f1d9cba', state='RUNNING'
2025-11-22 17:15:02,394 - freqtrade.freqai.freqai_interface - INFO - Total time spent inferencing pairlist 1.09 seconds
2025-11-22 17:15:46,009 - freqtrade.worker - INFO - Bot heartbeat. PID=1, version='docker-2025.9-dev-5f1d9cba', state='RUNNING'
2025-11-22 17:16:46,015 - freqtrade.worker - INFO - Bot heartbeat. PID=1, version='docker-2025.9-dev-5f1d9cba', state='RUNNING'
2025-11-22 17:17:46,025 - freqtrade.worker - INFO - Bot heartbeat. PID=1, version='docker-2025.9-dev-5f1d9cba', state='RUNNING'
2025-11-22 17:18:46,035 - freqtrade.worker - INFO - Bot heartbeat. PID=1, version='docker-2025.9-dev-5f1d9cba', state='RUNNING'
2025-11-22 17:19:46,044 - freqtrade.worker - INFO - Bot heartbeat. PID=1, version='docker-2025.9-dev-5f1d9cba', state='RUNNING'
2025-11-22 17:20:02,303 - freqtrade.freqai.freqai_interface - INFO - Total time spent inferencing pairlist 1.06 seconds
2025-11-22 17:20:51,004 - freqtrade.worker - INFO - Bot heartbeat. PID=1, version='docker-2025.9-dev-5f1d9cba', state='RUNNING'
2025-11-22 17:21:51,011 - freqtrade.worker - INFO - Bot heartbeat. PID=1, version='docker-2025.9-dev-5f1d9cba', state='RUNNING'
2025-11-22 17:22:51,036 - freqtrade.worker - INFO - Bot heartbeat. PID=1, version='docker-2025.9-dev-5f1d9cba', state='RUNNING'
2025-11-22 17:23:51,045 - freqtrade.worker - INFO - Bot heartbeat. PID=1, version='docker-2025.9-dev-5f1d9cba', state='RUNNING'
2025-11-22 17:24:51,054 - freqtrade.worker - INFO - Bot heartbeat. PID=1, version='docker-2025.9-dev-5f1d9cba', state='RUNNING'
2025-11-22 17:25:02,212 - freqtrade.freqai.freqai_interface - INFO - Total time spent inferencing pairlist 0.98 seconds
2025-11-22 17:25:49,563 - freqtrade.freqai.base_models.BaseClassifierModel - INFO - -------------------- Starting training WIF/USDT:USDT --------------------
2025-11-22 17:25:49,658 - freqtrade.freqai.data_kitchen - INFO - WIF/USDT:USDT: dropped 137 training points due to NaNs in populated dataset 4319.
2025-11-22 17:25:49,659 - freqtrade.freqai.base_models.BaseClassifierModel - INFO - -------------------- Training on data from 2025-11-07 to 2025-11-22 --------------------
2025-11-22 17:25:49,816 - datasieve.pipeline - INFO - SVM detected 118 data points as outliers.
2025-11-22 17:25:52,234 - freqtrade.freqai.base_models.BaseClassifierModel - INFO - Training model on 758 features
2025-11-22 17:25:52,236 - freqtrade.freqai.base_models.BaseClassifierModel - INFO - Training model on 4064 data points
2025-11-22 17:25:56,006 - freqtrade.worker - INFO - Bot heartbeat. PID=1, version='docker-2025.9-dev-5f1d9cba', state='RUNNING'
2025-11-22 17:26:39,032 - freqtrade.freqai.base_models.BaseClassifierModel - INFO - -------------------- Done training WIF/USDT:USDT (49.47 secs) --------------------
2025-11-22 17:26:39,273 - freqtrade.freqai.data_drawer - INFO - Freqai purging old model file /freqtrade/user_data/models/1/sub-train-WIF_1763830548
2025-11-22 17:26:39,291 - freqtrade.freqai.freqai_interface - INFO - Total time spent training pairlist 50.90 seconds
2025-11-22 17:26:56,024 - freqtrade.worker - INFO - Bot heartbeat. PID=1, version='docker-2025.9-dev-5f1d9cba', state='RUNNING'
2025-11-22 17:27:56,032 - freqtrade.worker - INFO - Bot heartbeat. PID=1, version='docker-2025.9-dev-5f1d9cba', state='RUNNING'
2025-11-22 17:28:56,042 - freqtrade.worker - INFO - Bot heartbeat. PID=1, version='docker-2025.9-dev-5f1d9cba', state='RUNNING'
2025-11-22 17:29:56,050 - freqtrade.worker - INFO - Bot heartbeat. PID=1, version='docker-2025.9-dev-5f1d9cba', state='RUNNING'
2025-11-22 17:30:02,216 - freqtrade.freqai.freqai_interface - INFO - Total time spent inferencing pairlist 0.94 seconds
2025-11-22 17:31:01,004 - freqtrade.worker - INFO - Bot heartbeat. PID=1, version='docker-2025.9-dev-5f1d9cba', state='RUNNING'
2025-11-22 17:31:06,605 - freqtrade.wallets - INFO - Wallets synced.
2025-11-22 17:32:01,012 - freqtrade.worker - INFO - Bot heartbeat. PID=1, version='docker-2025.9-dev-5f1d9cba', state='RUNNING'
2025-11-22 17:33:01,029 - freqtrade.worker - INFO - Bot heartbeat. PID=1, version='docker-2025.9-dev-5f1d9cba', state='RUNNING'
2025-11-22 17:34:01,036 - freqtrade.worker - INFO - Bot heartbeat. PID=1, version='docker-2025.9-dev-5f1d9cba', state='RUNNING'
2025-11-22 17:35:02,245 - freqtrade.freqai.freqai_interface - INFO - Total time spent inferencing pairlist 0.98 seconds
2025-11-22 17:35:06,000 - freqtrade.worker - INFO - Bot heartbeat. PID=1, version='docker-2025.9-dev-5f1d9cba', state='RUNNING'
2025-11-22 17:36:06,006 - freqtrade.worker - INFO - Bot heartbeat. PID=1, version='docker-2025.9-dev-5f1d9cba', state='RUNNING'
2025-11-22 17:37:06,016 - freqtrade.worker - INFO - Bot heartbeat. PID=1, version='docker-2025.9-dev-5f1d9cba', state='RUNNING'
2025-11-22 17:38:06,026 - freqtrade.worker - INFO - Bot heartbeat. PID=1, version='docker-2025.9-dev-5f1d9cba', state='RUNNING'
2025-11-22 17:39:06,039 - freqtrade.worker - INFO - Bot heartbeat. PID=1, version='docker-2025.9-dev-5f1d9cba', state='RUNNING'
2025-11-22 17:40:02,230 - freqtrade.freqai.freqai_interface - INFO - Total time spent inferencing pairlist 0.99 seconds
2025-11-22 17:40:11,001 - freqtrade.worker - INFO - Bot heartbeat. PID=1, version='docker-2025.9-dev-5f1d9cba', state='RUNNING'
2025-11-22 17:40:49,886 - freqtrade.freqai.base_models.BaseClassifierModel - INFO - -------------------- Starting training WIF/USDT:USDT --------------------
2025-11-22 17:40:49,967 - freqtrade.freqai.data_kitchen - INFO - WIF/USDT:USDT: dropped 134 training points due to NaNs in populated dataset 4319.
2025-11-22 17:40:49,969 - freqtrade.freqai.base_models.BaseClassifierModel - INFO - -------------------- Training on data from 2025-11-07 to 2025-11-22 --------------------
2025-11-22 17:40:50,211 - datasieve.pipeline - INFO - SVM detected 155 data points as outliers.
2025-11-22 17:40:52,702 - freqtrade.freqai.base_models.BaseClassifierModel - INFO - Training model on 758 features
2025-11-22 17:40:52,705 - freqtrade.freqai.base_models.BaseClassifierModel - INFO - Training model on 4030 data points
2025-11-22 17:41:11,009 - freqtrade.worker - INFO - Bot heartbeat. PID=1, version='docker-2025.9-dev-5f1d9cba', state='RUNNING'
2025-11-22 17:41:38,235 - freqtrade.freqai.base_models.BaseClassifierModel - INFO - -------------------- Done training WIF/USDT:USDT (48.35 secs) --------------------
2025-11-22 17:41:38,377 - freqtrade.freqai.data_drawer - INFO - Freqai purging old model file /freqtrade/user_data/models/1/sub-train-WIF_1763831448
2025-11-22 17:41:38,403 - freqtrade.freqai.freqai_interface - INFO - Total time spent training pairlist 49.57 seconds
2025-11-22 17:42:11,022 - freqtrade.worker - INFO - Bot heartbeat. PID=1, version='docker-2025.9-dev-5f1d9cba', state='RUNNING'
2025-11-22 17:43:11,036 - freqtrade.worker - INFO - Bot heartbeat. PID=1, version='docker-2025.9-dev-5f1d9cba', state='RUNNING'
2025-11-22 17:44:11,045 - freqtrade.worker - INFO - Bot heartbeat. PID=1, version='docker-2025.9-dev-5f1d9cba', state='RUNNING'
2025-11-22 17:45:02,278 - freqtrade.freqai.freqai_interface - INFO - Total time spent inferencing pairlist 0.94 seconds
2025-11-22 17:45:16,001 - freqtrade.worker - INFO - Bot heartbeat. PID=1, version='docker-2025.9-dev-5f1d9cba', state='RUNNING'
2025-11-22 17:46:16,014 - freqtrade.worker - INFO - Bot heartbeat. PID=1, version='docker-2025.9-dev-5f1d9cba', state='RUNNING'
2025-11-22 17:47:16,023 - freqtrade.worker - INFO - Bot heartbeat. PID=1, version='docker-2025.9-dev-5f1d9cba', state='RUNNING'
2025-11-22 17:48:16,032 - freqtrade.worker - INFO - Bot heartbeat. PID=1, version='docker-2025.9-dev-5f1d9cba', state='RUNNING'
2025-11-22 17:49:16,041 - freqtrade.worker - INFO - Bot heartbeat. PID=1, version='docker-2025.9-dev-5f1d9cba', state='RUNNING'
2025-11-22 17:50:02,121 - freqtrade.freqai.freqai_interface - INFO - Total time spent inferencing pairlist 0.88 seconds
2025-11-22 17:50:21,002 - freqtrade.worker - INFO - Bot heartbeat. PID=1, version='docker-2025.9-dev-5f1d9cba', state='RUNNING'
2025-11-22 17:51:21,014 - freqtrade.worker - INFO - Bot heartbeat. PID=1, version='docker-2025.9-dev-5f1d9cba', state='RUNNING'
2025-11-22 17:52:21,021 - freqtrade.worker - INFO - Bot heartbeat. PID=1, version='docker-2025.9-dev-5f1d9cba', state='RUNNING'
2025-11-22 17:53:21,031 - freqtrade.worker - INFO - Bot heartbeat. PID=1, version='docker-2025.9-dev-5f1d9cba', state='RUNNING'
2025-11-22 17:54:21,037 - freqtrade.worker - INFO - Bot heartbeat. PID=1, version='docker-2025.9-dev-5f1d9cba', state='RUNNING'
2025-11-22 17:55:02,034 - freqtrade.freqai.freqai_interface - INFO - Total time spent inferencing pairlist 0.82 seconds
2025-11-22 17:55:26,002 - freqtrade.worker - INFO - Bot heartbeat. PID=1, version='docker-2025.9-dev-5f1d9cba', state='RUNNING'
2025-11-22 17:55:49,060 - freqtrade.freqai.base_models.BaseClassifierModel - INFO - -------------------- Starting training WIF/USDT:USDT --------------------
2025-11-22 17:55:49,139 - freqtrade.freqai.data_kitchen - INFO - WIF/USDT:USDT: dropped 131 training points due to NaNs in populated dataset 4319.
2025-11-22 17:55:49,140 - freqtrade.freqai.base_models.BaseClassifierModel - INFO - -------------------- Training on data from 2025-11-07 to 2025-11-22 --------------------
2025-11-22 17:55:49,296 - datasieve.pipeline - INFO - SVM detected 103 data points as outliers.
2025-11-22 17:55:51,689 - freqtrade.freqai.base_models.BaseClassifierModel - INFO - Training model on 758 features
2025-11-22 17:55:51,691 - freqtrade.freqai.base_models.BaseClassifierModel - INFO - Training model on 4085 data points
2025-11-22 17:56:26,008 - freqtrade.worker - INFO - Bot heartbeat. PID=1, version='docker-2025.9-dev-5f1d9cba', state='RUNNING'
2025-11-22 17:56:38,091 - freqtrade.freqai.base_models.BaseClassifierModel - INFO - -------------------- Done training WIF/USDT:USDT (49.03 secs) --------------------
2025-11-22 17:56:38,323 - freqtrade.freqai.data_drawer - INFO - Freqai purging old model file /freqtrade/user_data/models/1/sub-train-WIF_1763832348
2025-11-22 17:56:38,340 - freqtrade.freqai.freqai_interface - INFO - Total time spent training pairlist 50.34 seconds
2025-11-22 17:57:26,021 - freqtrade.worker - INFO - Bot heartbeat. PID=1, version='docker-2025.9-dev-5f1d9cba', state='RUNNING'
2025-11-22 17:58:26,029 - freqtrade.worker - INFO - Bot heartbeat. PID=1, version='docker-2025.9-dev-5f1d9cba', state='RUNNING'
2025-11-22 17:59:26,039 - freqtrade.worker - INFO - Bot heartbeat. PID=1, version='docker-2025.9-dev-5f1d9cba', state='RUNNING'
2025-11-22 18:00:02,668 - freqtrade.freqai.freqai_interface - INFO - Total time spent inferencing pairlist 1.26 seconds
2025-11-22 18:00:31,002 - freqtrade.worker - INFO - Bot heartbeat. PID=1, version='docker-2025.9-dev-5f1d9cba', state='RUNNING'
2025-11-22 18:01:06,577 - freqtrade.wallets - INFO - Wallets synced.
2025-11-22 18:01:31,012 - freqtrade.worker - INFO - Bot heartbeat. PID=1, version='docker-2025.9-dev-5f1d9cba', state='RUNNING'
2025-11-22 18:02:31,021 - freqtrade.worker - INFO - Bot heartbeat. PID=1, version='docker-2025.9-dev-5f1d9cba', state='RUNNING'
2025-11-22 18:03:31,031 - freqtrade.worker - INFO - Bot heartbeat. PID=1, version='docker-2025.9-dev-5f1d9cba', state='RUNNING'
2025-11-22 18:04:31,040 - freqtrade.worker - INFO - Bot heartbeat. PID=1, version='docker-2025.9-dev-5f1d9cba', state='RUNNING'
2025-11-22 18:05:02,057 - freqtrade.freqai.freqai_interface - INFO - Total time spent inferencing pairlist 0.82 seconds
2025-11-22 18:05:36,002 - freqtrade.worker - INFO - Bot heartbeat. PID=1, version='docker-2025.9-dev-5f1d9cba', state='RUNNING'
2025-11-22 18:06:36,009 - freqtrade.worker - INFO - Bot heartbeat. PID=1, version='docker-2025.9-dev-5f1d9cba', state='RUNNING'
2025-11-22 18:07:36,016 - freqtrade.worker - INFO - Bot heartbeat. PID=1, version='docker-2025.9-dev-5f1d9cba', state='RUNNING'
2025-11-22 18:08:36,025 - freqtrade.worker - INFO - Bot heartbeat. PID=1, version='docker-2025.9-dev-5f1d9cba', state='RUNNING'
2025-11-22 18:09:36,033 - freqtrade.worker - INFO - Bot heartbeat. PID=1, version='docker-2025.9-dev-5f1d9cba', state='RUNNING'
2025-11-22 18:10:02,210 - freqtrade.freqai.freqai_interface - INFO - Total time spent inferencing pairlist 0.96 seconds
2025-11-22 18:10:41,002 - freqtrade.worker - INFO - Bot heartbeat. PID=1, version='docker-2025.9-dev-5f1d9cba', state='RUNNING'
2025-11-22 18:10:49,854 - freqtrade.freqai.base_models.BaseClassifierModel - INFO - -------------------- Starting training WIF/USDT:USDT --------------------
2025-11-22 18:10:49,926 - freqtrade.freqai.data_kitchen - INFO - WIF/USDT:USDT: dropped 128 training points due to NaNs in populated dataset 4319.
2025-11-22 18:10:49,927 - freqtrade.freqai.base_models.BaseClassifierModel - INFO - -------------------- Training on data from 2025-11-07 to 2025-11-22 --------------------
2025-11-22 18:10:50,084 - datasieve.pipeline - INFO - SVM detected 104 data points as outliers.
2025-11-22 18:10:52,998 - freqtrade.freqai.base_models.BaseClassifierModel - INFO - Training model on 758 features
2025-11-22 18:10:53,010 - freqtrade.freqai.base_models.BaseClassifierModel - INFO - Training model on 4087 data points
2025-11-22 18:10:56,728 - freqtrade.plugins.pairlistmanager - INFO - Whitelist with 1 pairs: ['WIF/USDT:USDT']
2025-11-22 18:11:41,743 - freqtrade.worker - INFO - Bot heartbeat. PID=1, version='docker-2025.9-dev-5f1d9cba', state='RUNNING'
2025-11-22 18:11:41,902 - freqtrade.freqai.base_models.BaseClassifierModel - INFO - -------------------- Done training WIF/USDT:USDT (52.05 secs) --------------------
2025-11-22 18:11:42,086 - freqtrade.freqai.data_drawer - INFO - Freqai purging old model file /freqtrade/user_data/models/1/sub-train-WIF_1763833248
2025-11-22 18:11:42,101 - freqtrade.freqai.freqai_interface - INFO - Total time spent training pairlist 53.26 seconds
2025-11-22 18:12:41,753 - freqtrade.worker - INFO - Bot heartbeat. PID=1, version='docker-2025.9-dev-5f1d9cba', state='RUNNING'
2025-11-22 18:13:41,762 - freqtrade.worker - INFO - Bot heartbeat. PID=1, version='docker-2025.9-dev-5f1d9cba', state='RUNNING'
2025-11-22 18:14:41,768 - freqtrade.worker - INFO - Bot heartbeat. PID=1, version='docker-2025.9-dev-5f1d9cba', state='RUNNING'
2025-11-22 18:15:02,252 - freqtrade.freqai.freqai_interface - INFO - Total time spent inferencing pairlist 0.91 seconds
2025-11-22 18:15:46,004 - freqtrade.worker - INFO - Bot heartbeat. PID=1, version='docker-2025.9-dev-5f1d9cba', state='RUNNING'
2025-11-22 18:16:46,012 - freqtrade.worker - INFO - Bot heartbeat. PID=1, version='docker-2025.9-dev-5f1d9cba', state='RUNNING'
2025-11-22 18:17:46,020 - freqtrade.worker - INFO - Bot heartbeat. PID=1, version='docker-2025.9-dev-5f1d9cba', state='RUNNING'
2025-11-22 18:18:46,031 - freqtrade.worker - INFO - Bot heartbeat. PID=1, version='docker-2025.9-dev-5f1d9cba', state='RUNNING'
2025-11-22 18:19:46,037 - freqtrade.worker - INFO - Bot heartbeat. PID=1, version='docker-2025.9-dev-5f1d9cba', state='RUNNING'
2025-11-22 18:20:02,279 - freqtrade.freqai.freqai_interface - INFO - Total time spent inferencing pairlist 1.02 seconds
2025-11-22 18:20:51,006 - freqtrade.worker - INFO - Bot heartbeat. PID=1, version='docker-2025.9-dev-5f1d9cba', state='RUNNING'
2025-11-22 18:21:51,016 - freqtrade.worker - INFO - Bot heartbeat. PID=1, version='docker-2025.9-dev-5f1d9cba', state='RUNNING'
2025-11-22 18:22:51,023 - freqtrade.worker - INFO - Bot heartbeat. PID=1, version='docker-2025.9-dev-5f1d9cba', state='RUNNING'
2025-11-22 18:23:51,033 - freqtrade.worker - INFO - Bot heartbeat. PID=1, version='docker-2025.9-dev-5f1d9cba', state='RUNNING'
2025-11-22 18:24:51,041 - freqtrade.worker - INFO - Bot heartbeat. PID=1, version='docker-2025.9-dev-5f1d9cba', state='RUNNING'
2025-11-22 18:25:02,128 - freqtrade.freqai.freqai_interface - INFO - Total time spent inferencing pairlist 0.90 seconds
2025-11-22 18:25:49,786 - freqtrade.freqai.base_models.BaseClassifierModel - INFO - -------------------- Starting training WIF/USDT:USDT --------------------
2025-11-22 18:25:49,863 - freqtrade.freqai.data_kitchen - INFO - WIF/USDT:USDT: dropped 125 training points due to NaNs in populated dataset 4319.
2025-11-22 18:25:49,864 - freqtrade.freqai.base_models.BaseClassifierModel - INFO - -------------------- Training on data from 2025-11-07 to 2025-11-22 --------------------
2025-11-22 18:25:50,015 - datasieve.pipeline - INFO - SVM detected 237 data points as outliers.
2025-11-22 18:25:52,108 - freqtrade.freqai.base_models.BaseClassifierModel - INFO - Training model on 758 features
2025-11-22 18:25:52,109 - freqtrade.freqai.base_models.BaseClassifierModel - INFO - Training model on 3957 data points
2025-11-22 18:25:56,004 - freqtrade.worker - INFO - Bot heartbeat. PID=1, version='docker-2025.9-dev-5f1d9cba', state='RUNNING'
2025-11-22 18:26:39,360 - freqtrade.freqai.base_models.BaseClassifierModel - INFO - -------------------- Done training WIF/USDT:USDT (49.57 secs) --------------------
2025-11-22 18:26:39,565 - freqtrade.freqai.data_drawer - INFO - Freqai purging old model file /freqtrade/user_data/models/1/sub-train-WIF_1763834148
2025-11-22 18:26:39,579 - freqtrade.freqai.freqai_interface - INFO - Total time spent training pairlist 50.92 seconds
2025-11-22 18:26:56,018 - freqtrade.worker - INFO - Bot heartbeat. PID=1, version='docker-2025.9-dev-5f1d9cba', state='RUNNING'
2025-11-22 18:27:56,027 - freqtrade.worker - INFO - Bot heartbeat. PID=1, version='docker-2025.9-dev-5f1d9cba', state='RUNNING'
2025-11-22 18:28:56,047 - freqtrade.worker - INFO - Bot heartbeat. PID=1, version='docker-2025.9-dev-5f1d9cba', state='RUNNING'
2025-11-22 18:29:56,054 - freqtrade.worker - INFO - Bot heartbeat. PID=1, version='docker-2025.9-dev-5f1d9cba', state='RUNNING'
2025-11-22 18:30:02,604 - freqtrade.freqai.freqai_interface - INFO - Total time spent inferencing pairlist 1.23 seconds
2025-11-22 18:31:01,005 - freqtrade.worker - INFO - Bot heartbeat. PID=1, version='docker-2025.9-dev-5f1d9cba', state='RUNNING'
2025-11-22 18:31:06,616 - freqtrade.wallets - INFO - Wallets synced.
2025-11-22 18:32:01,012 - freqtrade.worker - INFO - Bot heartbeat. PID=1, version='docker-2025.9-dev-5f1d9cba', state='RUNNING'
2025-11-22 18:33:01,020 - freqtrade.worker - INFO - Bot heartbeat. PID=1, version='docker-2025.9-dev-5f1d9cba', state='RUNNING'
2025-11-22 18:34:01,031 - freqtrade.worker - INFO - Bot heartbeat. PID=1, version='docker-2025.9-dev-5f1d9cba', state='RUNNING'
2025-11-22 18:35:02,019 - freqtrade.freqai.freqai_interface - INFO - Total time spent inferencing pairlist 0.79 seconds
2025-11-22 18:35:06,000 - freqtrade.worker - INFO - Bot heartbeat. PID=1, version='docker-2025.9-dev-5f1d9cba', state='RUNNING'
2025-11-22 18:36:06,006 - freqtrade.worker - INFO - Bot heartbeat. PID=1, version='docker-2025.9-dev-5f1d9cba', state='RUNNING'
2025-11-22 18:37:06,024 - freqtrade.worker - INFO - Bot heartbeat. PID=1, version='docker-2025.9-dev-5f1d9cba', state='RUNNING'
2025-11-22 18:38:06,036 - freqtrade.worker - INFO - Bot heartbeat. PID=1, version='docker-2025.9-dev-5f1d9cba', state='RUNNING'
2025-11-22 18:39:06,049 - freqtrade.worker - INFO - Bot heartbeat. PID=1, version='docker-2025.9-dev-5f1d9cba', state='RUNNING'
2025-11-22 18:40:02,439 - freqtrade.freqai.freqai_interface - INFO - Total time spent inferencing pairlist 1.14 seconds
2025-11-22 18:40:11,001 - freqtrade.worker - INFO - Bot heartbeat. PID=1, version='docker-2025.9-dev-5f1d9cba', state='RUNNING'
2025-11-22 18:40:49,500 - freqtrade.freqai.base_models.BaseClassifierModel - INFO - -------------------- Starting training WIF/USDT:USDT --------------------
2025-11-22 18:40:49,586 - freqtrade.freqai.data_kitchen - INFO - WIF/USDT:USDT: dropped 122 training points due to NaNs in populated dataset 4319.
2025-11-22 18:40:49,588 - freqtrade.freqai.base_models.BaseClassifierModel - INFO - -------------------- Training on data from 2025-11-07 to 2025-11-22 --------------------
2025-11-22 18:40:49,754 - datasieve.pipeline - INFO - SVM detected 313 data points as outliers.
2025-11-22 18:40:52,216 - freqtrade.freqai.base_models.BaseClassifierModel - INFO - Training model on 758 features
2025-11-22 18:40:52,217 - freqtrade.freqai.base_models.BaseClassifierModel - INFO - Training model on 3884 data points
2025-11-22 18:41:11,008 - freqtrade.worker - INFO - Bot heartbeat. PID=1, version='docker-2025.9-dev-5f1d9cba', state='RUNNING'
2025-11-22 18:41:35,550 - freqtrade.freqai.base_models.BaseClassifierModel - INFO - -------------------- Done training WIF/USDT:USDT (46.05 secs) --------------------
2025-11-22 18:41:35,760 - freqtrade.freqai.data_drawer - INFO - Freqai purging old model file /freqtrade/user_data/models/1/sub-train-WIF_1763835048
2025-11-22 18:41:35,775 - freqtrade.freqai.freqai_interface - INFO - Total time spent training pairlist 47.57 seconds
2025-11-22 18:42:11,018 - freqtrade.worker - INFO - Bot heartbeat. PID=1, version='docker-2025.9-dev-5f1d9cba', state='RUNNING'
2025-11-22 18:43:11,028 - freqtrade.worker - INFO - Bot heartbeat. PID=1, version='docker-2025.9-dev-5f1d9cba', state='RUNNING'
2025-11-22 18:44:11,039 - freqtrade.worker - INFO - Bot heartbeat. PID=1, version='docker-2025.9-dev-5f1d9cba', state='RUNNING'
2025-11-22 18:45:02,467 - freqtrade.freqai.freqai_interface - INFO - Total time spent inferencing pairlist 1.08 seconds
2025-11-22 18:45:16,001 - freqtrade.worker - INFO - Bot heartbeat. PID=1, version='docker-2025.9-dev-5f1d9cba', state='RUNNING'
2025-11-22 18:46:16,008 - freqtrade.worker - INFO - Bot heartbeat. PID=1, version='docker-2025.9-dev-5f1d9cba', state='RUNNING'
2025-11-22 18:47:16,019 - freqtrade.worker - INFO - Bot heartbeat. PID=1, version='docker-2025.9-dev-5f1d9cba', state='RUNNING'
2025-11-22 18:48:16,031 - freqtrade.worker - INFO - Bot heartbeat. PID=1, version='docker-2025.9-dev-5f1d9cba', state='RUNNING'
2025-11-22 18:49:16,049 - freqtrade.worker - INFO - Bot heartbeat. PID=1, version='docker-2025.9-dev-5f1d9cba', state='RUNNING'
2025-11-22 18:50:02,288 - freqtrade.freqai.freqai_interface - INFO - Total time spent inferencing pairlist 1.04 seconds
2025-11-22 18:50:21,003 - freqtrade.worker - INFO - Bot heartbeat. PID=1, version='docker-2025.9-dev-5f1d9cba', state='RUNNING'
2025-11-22 18:51:21,010 - freqtrade.worker - INFO - Bot heartbeat. PID=1, version='docker-2025.9-dev-5f1d9cba', state='RUNNING'
2025-11-22 18:52:21,020 - freqtrade.worker - INFO - Bot heartbeat. PID=1, version='docker-2025.9-dev-5f1d9cba', state='RUNNING'
2025-11-22 18:53:21,037 - freqtrade.worker - INFO - Bot heartbeat. PID=1, version='docker-2025.9-dev-5f1d9cba', state='RUNNING'
2025-11-22 18:54:21,047 - freqtrade.worker - INFO - Bot heartbeat. PID=1, version='docker-2025.9-dev-5f1d9cba', state='RUNNING'
2025-11-22 18:55:02,265 - freqtrade.freqai.freqai_interface - INFO - Total time spent inferencing pairlist 0.98 seconds
2025-11-22 18:55:26,002 - freqtrade.worker - INFO - Bot heartbeat. PID=1, version='docker-2025.9-dev-5f1d9cba', state='RUNNING'
2025-11-22 18:55:49,476 - freqtrade.freqai.base_models.BaseClassifierModel - INFO - -------------------- Starting training WIF/USDT:USDT --------------------
2025-11-22 18:55:49,553 - freqtrade.freqai.data_kitchen - INFO - WIF/USDT:USDT: dropped 119 training points due to NaNs in populated dataset 4319.
2025-11-22 18:55:49,555 - freqtrade.freqai.base_models.BaseClassifierModel - INFO - -------------------- Training on data from 2025-11-07 to 2025-11-22 --------------------
2025-11-22 18:55:49,716 - datasieve.pipeline - INFO - SVM detected 321 data points as outliers.
2025-11-22 18:55:51,818 - freqtrade.freqai.base_models.BaseClassifierModel - INFO - Training model on 758 features
2025-11-22 18:55:51,819 - freqtrade.freqai.base_models.BaseClassifierModel - INFO - Training model on 3879 data points
2025-11-22 18:56:26,010 - freqtrade.worker - INFO - Bot heartbeat. PID=1, version='docker-2025.9-dev-5f1d9cba', state='RUNNING'
2025-11-22 18:56:37,204 - freqtrade.freqai.base_models.BaseClassifierModel - INFO - -------------------- Done training WIF/USDT:USDT (47.73 secs) --------------------
2025-11-22 18:56:37,375 - freqtrade.freqai.data_drawer - INFO - Freqai purging old model file /freqtrade/user_data/models/1/sub-train-WIF_1763835948
2025-11-22 18:56:37,389 - freqtrade.freqai.freqai_interface - INFO - Total time spent training pairlist 49.07 seconds
2025-11-22 18:57:26,019 - freqtrade.worker - INFO - Bot heartbeat. PID=1, version='docker-2025.9-dev-5f1d9cba', state='RUNNING'
2025-11-22 18:58:08,435 - uvicorn.error - WARNING - Invalid HTTP request received.
2025-11-22 18:58:26,029 - freqtrade.worker - INFO - Bot heartbeat. PID=1, version='docker-2025.9-dev-5f1d9cba', state='RUNNING'
2025-11-22 18:59:26,036 - freqtrade.worker - INFO - Bot heartbeat. PID=1, version='docker-2025.9-dev-5f1d9cba', state='RUNNING'
2025-11-22 19:00:02,236 - freqtrade.freqai.freqai_interface - INFO - Total time spent inferencing pairlist 0.80 seconds
2025-11-22 19:00:31,004 - freqtrade.worker - INFO - Bot heartbeat. PID=1, version='docker-2025.9-dev-5f1d9cba', state='RUNNING'
2025-11-22 19:01:06,434 - freqtrade.wallets - INFO - Wallets synced.
2025-11-22 19:01:31,013 - freqtrade.worker - INFO - Bot heartbeat. PID=1, version='docker-2025.9-dev-5f1d9cba', state='RUNNING'
2025-11-22 19:02:31,020 - freqtrade.worker - INFO - Bot heartbeat. PID=1, version='docker-2025.9-dev-5f1d9cba', state='RUNNING'
2025-11-22 19:03:31,028 - freqtrade.worker - INFO - Bot heartbeat. PID=1, version='docker-2025.9-dev-5f1d9cba', state='RUNNING'
2025-11-22 19:04:31,036 - freqtrade.worker - INFO - Bot heartbeat. PID=1, version='docker-2025.9-dev-5f1d9cba', state='RUNNING'
2025-11-22 19:05:02,158 - freqtrade.freqai.freqai_interface - INFO - Total time spent inferencing pairlist 0.99 seconds
2025-11-22 19:05:22,650 - uvicorn.error - WARNING - Invalid HTTP request received.
2025-11-22 19:05:23,239 - uvicorn.error - WARNING - Invalid HTTP request received.
2025-11-22 19:05:36,003 - freqtrade.worker - INFO - Bot heartbeat. PID=1, version='docker-2025.9-dev-5f1d9cba', state='RUNNING'
2025-11-22 19:06:36,010 - freqtrade.worker - INFO - Bot heartbeat. PID=1, version='docker-2025.9-dev-5f1d9cba', state='RUNNING'
2025-11-22 19:07:36,024 - freqtrade.worker - INFO - Bot heartbeat. PID=1, version='docker-2025.9-dev-5f1d9cba', state='RUNNING'
2025-11-22 19:08:36,032 - freqtrade.worker - INFO - Bot heartbeat. PID=1, version='docker-2025.9-dev-5f1d9cba', state='RUNNING'
2025-11-22 19:09:36,042 - freqtrade.worker - INFO - Bot heartbeat. PID=1, version='docker-2025.9-dev-5f1d9cba', state='RUNNING'
2025-11-22 19:10:02,401 - freqtrade.freqai.freqai_interface - INFO - Total time spent inferencing pairlist 1.14 seconds
2025-11-22 19:10:41,002 - freqtrade.worker - INFO - Bot heartbeat. PID=1, version='docker-2025.9-dev-5f1d9cba', state='RUNNING'
2025-11-22 19:10:49,837 - freqtrade.freqai.base_models.BaseClassifierModel - INFO - -------------------- Starting training WIF/USDT:USDT --------------------
2025-11-22 19:10:49,894 - freqtrade.freqai.data_kitchen - INFO - WIF/USDT:USDT: dropped 116 training points due to NaNs in populated dataset 4319.
2025-11-22 19:10:49,895 - freqtrade.freqai.base_models.BaseClassifierModel - INFO - -------------------- Training on data from 2025-11-07 to 2025-11-22 --------------------
2025-11-22 19:10:50,059 - datasieve.pipeline - INFO - SVM detected 85 data points as outliers.
2025-11-22 19:10:52,472 - freqtrade.freqai.base_models.BaseClassifierModel - INFO - Training model on 758 features
2025-11-22 19:10:52,474 - freqtrade.freqai.base_models.BaseClassifierModel - INFO - Training model on 4118 data points
2025-11-22 19:11:06,505 - freqtrade.plugins.pairlistmanager - INFO - Whitelist with 1 pairs: ['WIF/USDT:USDT']
2025-11-22 19:11:41,525 - freqtrade.worker - INFO - Bot heartbeat. PID=1, version='docker-2025.9-dev-5f1d9cba', state='RUNNING'
2025-11-22 19:11:42,639 - freqtrade.freqai.base_models.BaseClassifierModel - INFO - -------------------- Done training WIF/USDT:USDT (52.80 secs) --------------------
2025-11-22 19:11:42,892 - freqtrade.freqai.data_drawer - INFO - Freqai purging old model file /freqtrade/user_data/models/1/sub-train-WIF_1763836848
2025-11-22 19:11:42,907 - freqtrade.freqai.freqai_interface - INFO - Total time spent training pairlist 53.96 seconds
2025-11-22 19:12:41,536 - freqtrade.worker - INFO - Bot heartbeat. PID=1, version='docker-2025.9-dev-5f1d9cba', state='RUNNING'
2025-11-22 19:13:41,545 - freqtrade.worker - INFO - Bot heartbeat. PID=1, version='docker-2025.9-dev-5f1d9cba', state='RUNNING'
2025-11-22 19:14:41,552 - freqtrade.worker - INFO - Bot heartbeat. PID=1, version='docker-2025.9-dev-5f1d9cba', state='RUNNING'
2025-11-22 19:15:02,279 - freqtrade.freqai.freqai_interface - INFO - Total time spent inferencing pairlist 0.95 seconds
2025-11-22 19:15:46,005 - freqtrade.worker - INFO - Bot heartbeat. PID=1, version='docker-2025.9-dev-5f1d9cba', state='RUNNING'
2025-11-22 19:16:46,012 - freqtrade.worker - INFO - Bot heartbeat. PID=1, version='docker-2025.9-dev-5f1d9cba', state='RUNNING'
2025-11-22 19:17:46,025 - freqtrade.worker - INFO - Bot heartbeat. PID=1, version='docker-2025.9-dev-5f1d9cba', state='RUNNING'
2025-11-22 19:18:46,037 - freqtrade.worker - INFO - Bot heartbeat. PID=1, version='docker-2025.9-dev-5f1d9cba', state='RUNNING'
2025-11-22 19:19:46,046 - freqtrade.worker - INFO - Bot heartbeat. PID=1, version='docker-2025.9-dev-5f1d9cba', state='RUNNING'
2025-11-22 19:20:02,315 - freqtrade.freqai.freqai_interface - INFO - Total time spent inferencing pairlist 1.05 seconds
2025-11-22 19:20:51,003 - freqtrade.worker - INFO - Bot heartbeat. PID=1, version='docker-2025.9-dev-5f1d9cba', state='RUNNING'
2025-11-22 19:21:51,010 - freqtrade.worker - INFO - Bot heartbeat. PID=1, version='docker-2025.9-dev-5f1d9cba', state='RUNNING'
2025-11-22 19:22:51,022 - freqtrade.worker - INFO - Bot heartbeat. PID=1, version='docker-2025.9-dev-5f1d9cba', state='RUNNING'
2025-11-22 19:23:51,028 - freqtrade.worker - INFO - Bot heartbeat. PID=1, version='docker-2025.9-dev-5f1d9cba', state='RUNNING'
2025-11-22 19:24:51,035 - freqtrade.worker - INFO - Bot heartbeat. PID=1, version='docker-2025.9-dev-5f1d9cba', state='RUNNING'
2025-11-22 19:25:02,200 - freqtrade.freqai.freqai_interface - INFO - Total time spent inferencing pairlist 0.99 seconds
2025-11-22 19:25:49,486 - freqtrade.freqai.base_models.BaseClassifierModel - INFO - -------------------- Starting training WIF/USDT:USDT --------------------
2025-11-22 19:25:49,550 - freqtrade.freqai.data_kitchen - INFO - WIF/USDT:USDT: dropped 113 training points due to NaNs in populated dataset 4319.
2025-11-22 19:25:49,551 - freqtrade.freqai.base_models.BaseClassifierModel - INFO - -------------------- Training on data from 2025-11-07 to 2025-11-22 --------------------
2025-11-22 19:25:49,713 - datasieve.pipeline - INFO - SVM detected 50 data points as outliers.
2025-11-22 19:25:52,623 - freqtrade.freqai.base_models.BaseClassifierModel - INFO - Training model on 758 features
2025-11-22 19:25:52,625 - freqtrade.freqai.base_models.BaseClassifierModel - INFO - Training model on 4156 data points
2025-11-22 19:25:56,007 - freqtrade.worker - INFO - Bot heartbeat. PID=1, version='docker-2025.9-dev-5f1d9cba', state='RUNNING'
2025-11-22 19:26:42,670 - freqtrade.freqai.base_models.BaseClassifierModel - INFO - -------------------- Done training WIF/USDT:USDT (53.18 secs) --------------------
2025-11-22 19:26:42,919 - freqtrade.freqai.data_drawer - INFO - Freqai purging old model file /freqtrade/user_data/models/1/sub-train-WIF_1763837748
2025-11-22 19:26:42,934 - freqtrade.freqai.freqai_interface - INFO - Total time spent training pairlist 54.53 seconds
2025-11-22 19:26:56,018 - freqtrade.worker - INFO - Bot heartbeat. PID=1, version='docker-2025.9-dev-5f1d9cba', state='RUNNING'
2025-11-22 19:27:56,032 - freqtrade.worker - INFO - Bot heartbeat. PID=1, version='docker-2025.9-dev-5f1d9cba', state='RUNNING'
2025-11-22 19:28:56,049 - freqtrade.worker - INFO - Bot heartbeat. PID=1, version='docker-2025.9-dev-5f1d9cba', state='RUNNING'
2025-11-22 19:29:56,061 - freqtrade.worker - INFO - Bot heartbeat. PID=1, version='docker-2025.9-dev-5f1d9cba', state='RUNNING'
2025-11-22 19:30:02,351 - freqtrade.freqai.freqai_interface - INFO - Total time spent inferencing pairlist 1.00 seconds
2025-11-22 19:31:01,005 - freqtrade.worker - INFO - Bot heartbeat. PID=1, version='docker-2025.9-dev-5f1d9cba', state='RUNNING'
2025-11-22 19:31:06,624 - freqtrade.wallets - INFO - Wallets synced.
2025-11-22 19:32:01,014 - freqtrade.worker - INFO - Bot heartbeat. PID=1, version='docker-2025.9-dev-5f1d9cba', state='RUNNING'
2025-11-22 19:33:01,024 - freqtrade.worker - INFO - Bot heartbeat. PID=1, version='docker-2025.9-dev-5f1d9cba', state='RUNNING'
2025-11-22 19:34:01,034 - freqtrade.worker - INFO - Bot heartbeat. PID=1, version='docker-2025.9-dev-5f1d9cba', state='RUNNING'
2025-11-22 19:35:02,116 - freqtrade.freqai.freqai_interface - INFO - Total time spent inferencing pairlist 0.92 seconds
2025-11-22 19:35:06,000 - freqtrade.worker - INFO - Bot heartbeat. PID=1, version='docker-2025.9-dev-5f1d9cba', state='RUNNING'
2025-11-22 19:36:06,009 - freqtrade.worker - INFO - Bot heartbeat. PID=1, version='docker-2025.9-dev-5f1d9cba', state='RUNNING'
2025-11-22 19:37:06,019 - freqtrade.worker - INFO - Bot heartbeat. PID=1, version='docker-2025.9-dev-5f1d9cba', state='RUNNING'
2025-11-22 19:38:06,034 - freqtrade.worker - INFO - Bot heartbeat. PID=1, version='docker-2025.9-dev-5f1d9cba', state='RUNNING'
2025-11-22 19:39:06,048 - freqtrade.worker - INFO - Bot heartbeat. PID=1, version='docker-2025.9-dev-5f1d9cba', state='RUNNING'
2025-11-22 19:40:02,053 - freqtrade.freqai.freqai_interface - INFO - Total time spent inferencing pairlist 0.89 seconds
2025-11-22 19:40:11,000 - freqtrade.worker - INFO - Bot heartbeat. PID=1, version='docker-2025.9-dev-5f1d9cba', state='RUNNING'
2025-11-22 19:40:28,633 - uvicorn.error - WARNING - Invalid HTTP request received.
2025-11-22 19:40:49,301 - freqtrade.freqai.base_models.BaseClassifierModel - INFO - -------------------- Starting training WIF/USDT:USDT --------------------
2025-11-22 19:40:49,376 - freqtrade.freqai.data_kitchen - INFO - WIF/USDT:USDT: dropped 110 training points due to NaNs in populated dataset 4319.
2025-11-22 19:40:49,378 - freqtrade.freqai.base_models.BaseClassifierModel - INFO - -------------------- Training on data from 2025-11-07 to 2025-11-22 --------------------
2025-11-22 19:40:49,540 - datasieve.pipeline - INFO - SVM detected 52 data points as outliers.
2025-11-22 19:40:52,169 - freqtrade.freqai.base_models.BaseClassifierModel - INFO - Training model on 758 features
2025-11-22 19:40:52,170 - freqtrade.freqai.base_models.BaseClassifierModel - INFO - Training model on 4157 data points
2025-11-22 19:41:11,018 - freqtrade.worker - INFO - Bot heartbeat. PID=1, version='docker-2025.9-dev-5f1d9cba', state='RUNNING'
2025-11-22 19:41:42,443 - freqtrade.freqai.base_models.BaseClassifierModel - INFO - -------------------- Done training WIF/USDT:USDT (53.14 secs) --------------------
2025-11-22 19:41:42,624 - freqtrade.freqai.data_drawer - INFO - Freqai purging old model file /freqtrade/user_data/models/1/sub-train-WIF_1763838648
2025-11-22 19:41:42,639 - freqtrade.freqai.freqai_interface - INFO - Total time spent training pairlist 54.18 seconds
2025-11-22 19:42:11,031 - freqtrade.worker - INFO - Bot heartbeat. PID=1, version='docker-2025.9-dev-5f1d9cba', state='RUNNING'
2025-11-22 19:43:11,038 - freqtrade.worker - INFO - Bot heartbeat. PID=1, version='docker-2025.9-dev-5f1d9cba', state='RUNNING'
2025-11-22 19:44:11,048 - freqtrade.worker - INFO - Bot heartbeat. PID=1, version='docker-2025.9-dev-5f1d9cba', state='RUNNING'
2025-11-22 19:45:02,204 - freqtrade.freqai.freqai_interface - INFO - Total time spent inferencing pairlist 0.85 seconds
2025-11-22 19:45:16,001 - freqtrade.worker - INFO - Bot heartbeat. PID=1, version='docker-2025.9-dev-5f1d9cba', state='RUNNING'
2025-11-22 19:46:16,011 - freqtrade.worker - INFO - Bot heartbeat. PID=1, version='docker-2025.9-dev-5f1d9cba', state='RUNNING'
2025-11-22 19:47:16,025 - freqtrade.worker - INFO - Bot heartbeat. PID=1, version='docker-2025.9-dev-5f1d9cba', state='RUNNING'
2025-11-22 19:48:16,033 - freqtrade.worker - INFO - Bot heartbeat. PID=1, version='docker-2025.9-dev-5f1d9cba', state='RUNNING'
2025-11-22 19:49:16,040 - freqtrade.worker - INFO - Bot heartbeat. PID=1, version='docker-2025.9-dev-5f1d9cba', state='RUNNING'
2025-11-22 19:50:02,212 - freqtrade.freqai.freqai_interface - INFO - Total time spent inferencing pairlist 0.92 seconds
2025-11-22 19:50:21,002 - freqtrade.worker - INFO - Bot heartbeat. PID=1, version='docker-2025.9-dev-5f1d9cba', state='RUNNING'
2025-11-22 19:51:21,011 - freqtrade.worker - INFO - Bot heartbeat. PID=1, version='docker-2025.9-dev-5f1d9cba', state='RUNNING'
2025-11-22 19:52:21,022 - freqtrade.worker - INFO - Bot heartbeat. PID=1, version='docker-2025.9-dev-5f1d9cba', state='RUNNING'
2025-11-22 19:53:21,030 - freqtrade.worker - INFO - Bot heartbeat. PID=1, version='docker-2025.9-dev-5f1d9cba', state='RUNNING'
2025-11-22 19:54:21,041 - freqtrade.worker - INFO - Bot heartbeat. PID=1, version='docker-2025.9-dev-5f1d9cba', state='RUNNING'
2025-11-22 19:54:32,575 - uvicorn.error - WARNING - Invalid HTTP request received.
2025-11-22 19:54:32,979 - uvicorn.error - WARNING - Invalid HTTP request received.
2025-11-22 19:55:02,026 - freqtrade.freqai.freqai_interface - INFO - Total time spent inferencing pairlist 0.84 seconds
2025-11-22 19:55:26,003 - freqtrade.worker - INFO - Bot heartbeat. PID=1, version='docker-2025.9-dev-5f1d9cba', state='RUNNING'
2025-11-22 19:55:49,324 - freqtrade.freqai.base_models.BaseClassifierModel - INFO - -------------------- Starting training WIF/USDT:USDT --------------------
2025-11-22 19:55:49,383 - freqtrade.freqai.data_kitchen - INFO - WIF/USDT:USDT: dropped 107 training points due to NaNs in populated dataset 4319.
2025-11-22 19:55:49,384 - freqtrade.freqai.base_models.BaseClassifierModel - INFO - -------------------- Training on data from 2025-11-07 to 2025-11-22 --------------------
2025-11-22 19:55:49,590 - datasieve.pipeline - INFO - SVM detected 21 data points as outliers.
2025-11-22 19:55:52,464 - freqtrade.freqai.base_models.BaseClassifierModel - INFO - Training model on 758 features
2025-11-22 19:55:52,466 - freqtrade.freqai.base_models.BaseClassifierModel - INFO - Training model on 4191 data points
2025-11-22 19:56:26,019 - freqtrade.worker - INFO - Bot heartbeat. PID=1, version='docker-2025.9-dev-5f1d9cba', state='RUNNING'
2025-11-22 19:56:43,411 - freqtrade.freqai.base_models.BaseClassifierModel - INFO - -------------------- Done training WIF/USDT:USDT (54.09 secs) --------------------
2025-11-22 19:56:43,633 - freqtrade.freqai.data_drawer - INFO - Freqai purging old model file /freqtrade/user_data/models/1/sub-train-WIF_1763839548
2025-11-22 19:56:43,648 - freqtrade.freqai.freqai_interface - INFO - Total time spent training pairlist 55.36 seconds
2025-11-22 19:57:26,026 - freqtrade.worker - INFO - Bot heartbeat. PID=1, version='docker-2025.9-dev-5f1d9cba', state='RUNNING'
2025-11-22 19:58:26,037 - freqtrade.worker - INFO - Bot heartbeat. PID=1, version='docker-2025.9-dev-5f1d9cba', state='RUNNING'
2025-11-22 19:59:26,050 - freqtrade.worker - INFO - Bot heartbeat. PID=1, version='docker-2025.9-dev-5f1d9cba', state='RUNNING'
2025-11-22 20:00:02,408 - freqtrade.freqai.freqai_interface - INFO - Total time spent inferencing pairlist 1.01 seconds
2025-11-22 20:00:31,005 - freqtrade.worker - INFO - Bot heartbeat. PID=1, version='docker-2025.9-dev-5f1d9cba', state='RUNNING'
2025-11-22 20:01:06,686 - freqtrade.wallets - INFO - Wallets synced.
2025-11-22 20:01:31,013 - freqtrade.worker - INFO - Bot heartbeat. PID=1, version='docker-2025.9-dev-5f1d9cba', state='RUNNING'
2025-11-22 20:02:31,020 - freqtrade.worker - INFO - Bot heartbeat. PID=1, version='docker-2025.9-dev-5f1d9cba', state='RUNNING'
2025-11-22 20:03:31,030 - freqtrade.worker - INFO - Bot heartbeat. PID=1, version='docker-2025.9-dev-5f1d9cba', state='RUNNING'
2025-11-22 20:04:31,040 - freqtrade.worker - INFO - Bot heartbeat. PID=1, version='docker-2025.9-dev-5f1d9cba', state='RUNNING'
2025-11-22 20:05:02,241 - freqtrade.freqai.freqai_interface - INFO - Total time spent inferencing pairlist 1.03 seconds
2025-11-22 20:05:36,003 - freqtrade.worker - INFO - Bot heartbeat. PID=1, version='docker-2025.9-dev-5f1d9cba', state='RUNNING'
2025-11-22 20:06:36,010 - freqtrade.worker - INFO - Bot heartbeat. PID=1, version='docker-2025.9-dev-5f1d9cba', state='RUNNING'
2025-11-22 20:07:36,018 - freqtrade.worker - INFO - Bot heartbeat. PID=1, version='docker-2025.9-dev-5f1d9cba', state='RUNNING'
2025-11-22 20:08:36,028 - freqtrade.worker - INFO - Bot heartbeat. PID=1, version='docker-2025.9-dev-5f1d9cba', state='RUNNING'
2025-11-22 20:09:36,041 - freqtrade.worker - INFO - Bot heartbeat. PID=1, version='docker-2025.9-dev-5f1d9cba', state='RUNNING'
2025-11-22 20:10:02,363 - freqtrade.freqai.freqai_interface - INFO - Total time spent inferencing pairlist 1.10 seconds
2025-11-22 20:10:41,002 - freqtrade.worker - INFO - Bot heartbeat. PID=1, version='docker-2025.9-dev-5f1d9cba', state='RUNNING'
2025-11-22 20:10:49,402 - freqtrade.freqai.base_models.BaseClassifierModel - INFO - -------------------- Starting training WIF/USDT:USDT --------------------
2025-11-22 20:10:49,464 - freqtrade.freqai.data_kitchen - INFO - WIF/USDT:USDT: dropped 104 training points due to NaNs in populated dataset 4319.
2025-11-22 20:10:49,465 - freqtrade.freqai.base_models.BaseClassifierModel - INFO - -------------------- Training on data from 2025-11-07 to 2025-11-22 --------------------
2025-11-22 20:10:49,633 - datasieve.pipeline - INFO - SVM detected 21 data points as outliers.
2025-11-22 20:10:52,603 - freqtrade.freqai.base_models.BaseClassifierModel - INFO - Training model on 758 features
2025-11-22 20:10:52,604 - freqtrade.freqai.base_models.BaseClassifierModel - INFO - Training model on 4194 data points
2025-11-22 20:11:16,431 - freqtrade.plugins.pairlistmanager - INFO - Whitelist with 1 pairs: ['WIF/USDT:USDT']
2025-11-22 20:11:41,459 - freqtrade.worker - INFO - Bot heartbeat. PID=1, version='docker-2025.9-dev-5f1d9cba', state='RUNNING'
2025-11-22 20:11:42,725 - freqtrade.freqai.base_models.BaseClassifierModel - INFO - -------------------- Done training WIF/USDT:USDT (53.32 secs) --------------------
2025-11-22 20:11:43,041 - freqtrade.freqai.data_drawer - INFO - Freqai purging old model file /freqtrade/user_data/models/1/sub-train-WIF_1763840448
2025-11-22 20:11:43,059 - freqtrade.freqai.freqai_interface - INFO - Total time spent training pairlist 54.88 seconds
2025-11-22 20:12:41,465 - freqtrade.worker - INFO - Bot heartbeat. PID=1, version='docker-2025.9-dev-5f1d9cba', state='RUNNING'
2025-11-22 20:13:41,474 - freqtrade.worker - INFO - Bot heartbeat. PID=1, version='docker-2025.9-dev-5f1d9cba', state='RUNNING'
2025-11-22 20:14:41,481 - freqtrade.worker - INFO - Bot heartbeat. PID=1, version='docker-2025.9-dev-5f1d9cba', state='RUNNING'
2025-11-22 20:15:02,210 - freqtrade.freqai.freqai_interface - INFO - Total time spent inferencing pairlist 0.98 seconds
2025-11-22 20:15:46,004 - freqtrade.worker - INFO - Bot heartbeat. PID=1, version='docker-2025.9-dev-5f1d9cba', state='RUNNING'
2025-11-22 20:16:46,013 - freqtrade.worker - INFO - Bot heartbeat. PID=1, version='docker-2025.9-dev-5f1d9cba', state='RUNNING'
2025-11-22 20:17:46,029 - freqtrade.worker - INFO - Bot heartbeat. PID=1, version='docker-2025.9-dev-5f1d9cba', state='RUNNING'
2025-11-22 20:18:46,035 - freqtrade.worker - INFO - Bot heartbeat. PID=1, version='docker-2025.9-dev-5f1d9cba', state='RUNNING'
2025-11-22 20:19:46,044 - freqtrade.worker - INFO - Bot heartbeat. PID=1, version='docker-2025.9-dev-5f1d9cba', state='RUNNING'
2025-11-22 20:20:02,166 - freqtrade.freqai.freqai_interface - INFO - Total time spent inferencing pairlist 0.93 seconds
2025-11-22 20:20:51,006 - freqtrade.worker - INFO - Bot heartbeat. PID=1, version='docker-2025.9-dev-5f1d9cba', state='RUNNING'
2025-11-22 20:21:51,013 - freqtrade.worker - INFO - Bot heartbeat. PID=1, version='docker-2025.9-dev-5f1d9cba', state='RUNNING'
2025-11-22 20:22:51,023 - freqtrade.worker - INFO - Bot heartbeat. PID=1, version='docker-2025.9-dev-5f1d9cba', state='RUNNING'
2025-11-22 20:23:51,033 - freqtrade.worker - INFO - Bot heartbeat. PID=1, version='docker-2025.9-dev-5f1d9cba', state='RUNNING'
2025-11-22 20:24:51,040 - freqtrade.worker - INFO - Bot heartbeat. PID=1, version='docker-2025.9-dev-5f1d9cba', state='RUNNING'
2025-11-22 20:25:02,378 - freqtrade.freqai.freqai_interface - INFO - Total time spent inferencing pairlist 1.13 seconds
2025-11-22 20:25:49,632 - freqtrade.freqai.base_models.BaseClassifierModel - INFO - -------------------- Starting training WIF/USDT:USDT --------------------
2025-11-22 20:25:49,696 - freqtrade.freqai.data_kitchen - INFO - WIF/USDT:USDT: dropped 101 training points due to NaNs in populated dataset 4319.
2025-11-22 20:25:49,698 - freqtrade.freqai.base_models.BaseClassifierModel - INFO - -------------------- Training on data from 2025-11-07 to 2025-11-22 --------------------
2025-11-22 20:25:49,912 - datasieve.pipeline - INFO - SVM detected 24 data points as outliers.
2025-11-22 20:25:52,870 - freqtrade.freqai.base_models.BaseClassifierModel - INFO - Training model on 758 features
2025-11-22 20:25:52,872 - freqtrade.freqai.base_models.BaseClassifierModel - INFO - Training model on 4194 data points
2025-11-22 20:25:56,005 - freqtrade.worker - INFO - Bot heartbeat. PID=1, version='docker-2025.9-dev-5f1d9cba', state='RUNNING'
2025-11-22 20:26:42,913 - freqtrade.freqai.base_models.BaseClassifierModel - INFO - -------------------- Done training WIF/USDT:USDT (53.28 secs) --------------------
2025-11-22 20:26:43,106 - freqtrade.freqai.data_drawer - INFO - Freqai purging old model file /freqtrade/user_data/models/1/sub-train-WIF_1763841348
2025-11-22 20:26:43,126 - freqtrade.freqai.freqai_interface - INFO - Total time spent training pairlist 54.56 seconds
2025-11-22 20:26:56,018 - freqtrade.worker - INFO - Bot heartbeat. PID=1, version='docker-2025.9-dev-5f1d9cba', state='RUNNING'
2025-11-22 20:27:56,024 - freqtrade.worker - INFO - Bot heartbeat. PID=1, version='docker-2025.9-dev-5f1d9cba', state='RUNNING'
2025-11-22 20:28:56,034 - freqtrade.worker - INFO - Bot heartbeat. PID=1, version='docker-2025.9-dev-5f1d9cba', state='RUNNING'
2025-11-22 20:29:56,044 - freqtrade.worker - INFO - Bot heartbeat. PID=1, version='docker-2025.9-dev-5f1d9cba', state='RUNNING'
2025-11-22 20:30:02,400 - freqtrade.freqai.freqai_interface - INFO - Total time spent inferencing pairlist 1.11 seconds
2025-11-22 20:31:01,004 - freqtrade.worker - INFO - Bot heartbeat. PID=1, version='docker-2025.9-dev-5f1d9cba', state='RUNNING'
2025-11-22 20:31:06,478 - freqtrade.wallets - INFO - Wallets synced.
2025-11-22 20:32:01,014 - freqtrade.worker - INFO - Bot heartbeat. PID=1, version='docker-2025.9-dev-5f1d9cba', state='RUNNING'
2025-11-22 20:33:01,020 - freqtrade.worker - INFO - Bot heartbeat. PID=1, version='docker-2025.9-dev-5f1d9cba', state='RUNNING'
2025-11-22 20:34:01,031 - freqtrade.worker - INFO - Bot heartbeat. PID=1, version='docker-2025.9-dev-5f1d9cba', state='RUNNING'
2025-11-22 20:35:02,182 - freqtrade.freqai.freqai_interface - INFO - Total time spent inferencing pairlist 0.91 seconds
2025-11-22 20:35:06,000 - freqtrade.worker - INFO - Bot heartbeat. PID=1, version='docker-2025.9-dev-5f1d9cba', state='RUNNING'
2025-11-22 20:36:06,006 - freqtrade.worker - INFO - Bot heartbeat. PID=1, version='docker-2025.9-dev-5f1d9cba', state='RUNNING'
2025-11-22 20:37:06,012 - freqtrade.worker - INFO - Bot heartbeat. PID=1, version='docker-2025.9-dev-5f1d9cba', state='RUNNING'
2025-11-22 20:38:06,023 - freqtrade.worker - INFO - Bot heartbeat. PID=1, version='docker-2025.9-dev-5f1d9cba', state='RUNNING'
2025-11-22 20:39:06,035 - freqtrade.worker - INFO - Bot heartbeat. PID=1, version='docker-2025.9-dev-5f1d9cba', state='RUNNING'
2025-11-22 20:40:02,228 - freqtrade.freqai.freqai_interface - INFO - Total time spent inferencing pairlist 0.98 seconds
2025-11-22 20:40:11,001 - freqtrade.worker - INFO - Bot heartbeat. PID=1, version='docker-2025.9-dev-5f1d9cba', state='RUNNING'
2025-11-22 20:40:49,765 - freqtrade.freqai.base_models.BaseClassifierModel - INFO - -------------------- Starting training WIF/USDT:USDT --------------------
2025-11-22 20:40:49,852 - freqtrade.freqai.data_kitchen - INFO - WIF/USDT:USDT: dropped 98 training points due to NaNs in populated dataset 4319.
2025-11-22 20:40:49,853 - freqtrade.freqai.base_models.BaseClassifierModel - INFO - -------------------- Training on data from 2025-11-07 to 2025-11-22 --------------------
2025-11-22 20:40:50,021 - datasieve.pipeline - INFO - SVM detected 28 data points as outliers.
2025-11-22 20:40:52,773 - freqtrade.freqai.base_models.BaseClassifierModel - INFO - Training model on 758 features
2025-11-22 20:40:52,774 - freqtrade.freqai.base_models.BaseClassifierModel - INFO - Training model on 4193 data points
2025-11-22 20:41:11,025 - freqtrade.worker - INFO - Bot heartbeat. PID=1, version='docker-2025.9-dev-5f1d9cba', state='RUNNING'
2025-11-22 20:41:40,364 - freqtrade.freqai.base_models.BaseClassifierModel - INFO - -------------------- Done training WIF/USDT:USDT (50.60 secs) --------------------
2025-11-22 20:41:40,493 - freqtrade.freqai.data_drawer - INFO - Freqai purging old model file /freqtrade/user_data/models/1/sub-train-WIF_1763842248
2025-11-22 20:41:40,516 - freqtrade.freqai.freqai_interface - INFO - Total time spent training pairlist 51.83 seconds
2025-11-22 20:42:11,032 - freqtrade.worker - INFO - Bot heartbeat. PID=1, version='docker-2025.9-dev-5f1d9cba', state='RUNNING'
2025-11-22 20:43:11,044 - freqtrade.worker - INFO - Bot heartbeat. PID=1, version='docker-2025.9-dev-5f1d9cba', state='RUNNING'
2025-11-22 20:44:11,056 - freqtrade.worker - INFO - Bot heartbeat. PID=1, version='docker-2025.9-dev-5f1d9cba', state='RUNNING'
2025-11-22 20:45:02,320 - freqtrade.freqai.freqai_interface - INFO - Total time spent inferencing pairlist 1.01 seconds
2025-11-22 20:45:16,002 - freqtrade.worker - INFO - Bot heartbeat. PID=1, version='docker-2025.9-dev-5f1d9cba', state='RUNNING'
2025-11-22 20:46:16,007 - freqtrade.worker - INFO - Bot heartbeat. PID=1, version='docker-2025.9-dev-5f1d9cba', state='RUNNING'
2025-11-22 20:47:16,014 - freqtrade.worker - INFO - Bot heartbeat. PID=1, version='docker-2025.9-dev-5f1d9cba', state='RUNNING'
2025-11-22 20:48:16,022 - freqtrade.worker - INFO - Bot heartbeat. PID=1, version='docker-2025.9-dev-5f1d9cba', state='RUNNING'
2025-11-22 20:49:16,031 - freqtrade.worker - INFO - Bot heartbeat. PID=1, version='docker-2025.9-dev-5f1d9cba', state='RUNNING'
2025-11-22 20:50:02,247 - freqtrade.freqai.freqai_interface - INFO - Total time spent inferencing pairlist 0.99 seconds
2025-11-22 20:50:21,002 - freqtrade.worker - INFO - Bot heartbeat. PID=1, version='docker-2025.9-dev-5f1d9cba', state='RUNNING'
2025-11-22 20:51:21,008 - freqtrade.worker - INFO - Bot heartbeat. PID=1, version='docker-2025.9-dev-5f1d9cba', state='RUNNING'
2025-11-22 20:52:21,014 - freqtrade.worker - INFO - Bot heartbeat. PID=1, version='docker-2025.9-dev-5f1d9cba', state='RUNNING'
2025-11-22 20:53:21,020 - freqtrade.worker - INFO - Bot heartbeat. PID=1, version='docker-2025.9-dev-5f1d9cba', state='RUNNING'
2025-11-22 20:54:21,035 - freqtrade.worker - INFO - Bot heartbeat. PID=1, version='docker-2025.9-dev-5f1d9cba', state='RUNNING'
2025-11-22 20:55:02,244 - freqtrade.freqai.freqai_interface - INFO - Total time spent inferencing pairlist 1.01 seconds
2025-11-22 20:55:26,002 - freqtrade.worker - INFO - Bot heartbeat. PID=1, version='docker-2025.9-dev-5f1d9cba', state='RUNNING'
2025-11-22 20:55:49,316 - freqtrade.freqai.base_models.BaseClassifierModel - INFO - -------------------- Starting training WIF/USDT:USDT --------------------
2025-11-22 20:55:49,379 - freqtrade.freqai.data_kitchen - INFO - WIF/USDT:USDT: dropped 95 training points due to NaNs in populated dataset 4319.
2025-11-22 20:55:49,381 - freqtrade.freqai.base_models.BaseClassifierModel - INFO - -------------------- Training on data from 2025-11-07 to 2025-11-22 --------------------
2025-11-22 20:55:49,565 - datasieve.pipeline - INFO - SVM detected 29 data points as outliers.
2025-11-22 20:55:52,445 - freqtrade.freqai.base_models.BaseClassifierModel - INFO - Training model on 758 features
2025-11-22 20:55:52,449 - freqtrade.freqai.base_models.BaseClassifierModel - INFO - Training model on 4195 data points
2025-11-22 20:56:26,011 - freqtrade.worker - INFO - Bot heartbeat. PID=1, version='docker-2025.9-dev-5f1d9cba', state='RUNNING'
2025-11-22 20:56:41,554 - freqtrade.freqai.base_models.BaseClassifierModel - INFO - -------------------- Done training WIF/USDT:USDT (52.24 secs) --------------------
2025-11-22 20:56:41,695 - freqtrade.freqai.data_drawer - INFO - Freqai purging old model file /freqtrade/user_data/models/1/sub-train-WIF_1763843148
2025-11-22 20:56:41,711 - freqtrade.freqai.freqai_interface - INFO - Total time spent training pairlist 53.60 seconds
2025-11-22 20:57:26,022 - freqtrade.worker - INFO - Bot heartbeat. PID=1, version='docker-2025.9-dev-5f1d9cba', state='RUNNING'
2025-11-22 20:58:26,030 - freqtrade.worker - INFO - Bot heartbeat. PID=1, version='docker-2025.9-dev-5f1d9cba', state='RUNNING'
2025-11-22 20:59:26,044 - freqtrade.worker - INFO - Bot heartbeat. PID=1, version='docker-2025.9-dev-5f1d9cba', state='RUNNING'
2025-11-22 21:00:02,387 - freqtrade.freqai.freqai_interface - INFO - Total time spent inferencing pairlist 0.99 seconds
2025-11-22 21:00:31,003 - freqtrade.worker - INFO - Bot heartbeat. PID=1, version='docker-2025.9-dev-5f1d9cba', state='RUNNING'
2025-11-22 21:01:06,453 - freqtrade.wallets - INFO - Wallets synced.
2025-11-22 21:01:31,010 - freqtrade.worker - INFO - Bot heartbeat. PID=1, version='docker-2025.9-dev-5f1d9cba', state='RUNNING'
2025-11-22 21:02:31,019 - freqtrade.worker - INFO - Bot heartbeat. PID=1, version='docker-2025.9-dev-5f1d9cba', state='RUNNING'
2025-11-22 21:03:31,028 - freqtrade.worker - INFO - Bot heartbeat. PID=1, version='docker-2025.9-dev-5f1d9cba', state='RUNNING'
2025-11-22 21:04:31,037 - freqtrade.worker - INFO - Bot heartbeat. PID=1, version='docker-2025.9-dev-5f1d9cba', state='RUNNING'
2025-11-22 21:05:02,231 - freqtrade.freqai.freqai_interface - INFO - Total time spent inferencing pairlist 1.05 seconds
2025-11-22 21:05:36,002 - freqtrade.worker - INFO - Bot heartbeat. PID=1, version='docker-2025.9-dev-5f1d9cba', state='RUNNING'
2025-11-22 21:06:36,009 - freqtrade.worker - INFO - Bot heartbeat. PID=1, version='docker-2025.9-dev-5f1d9cba', state='RUNNING'
2025-11-22 21:07:36,018 - freqtrade.worker - INFO - Bot heartbeat. PID=1, version='docker-2025.9-dev-5f1d9cba', state='RUNNING'
2025-11-22 21:08:36,029 - freqtrade.worker - INFO - Bot heartbeat. PID=1, version='docker-2025.9-dev-5f1d9cba', state='RUNNING'
2025-11-22 21:09:36,036 - freqtrade.worker - INFO - Bot heartbeat. PID=1, version='docker-2025.9-dev-5f1d9cba', state='RUNNING'
2025-11-22 21:10:02,143 - freqtrade.freqai.freqai_interface - INFO - Total time spent inferencing pairlist 0.95 seconds
2025-11-22 21:10:41,002 - freqtrade.worker - INFO - Bot heartbeat. PID=1, version='docker-2025.9-dev-5f1d9cba', state='RUNNING'
2025-11-22 21:10:49,313 - freqtrade.freqai.base_models.BaseClassifierModel - INFO - -------------------- Starting training WIF/USDT:USDT --------------------
2025-11-22 21:10:49,374 - freqtrade.freqai.data_kitchen - INFO - WIF/USDT:USDT: dropped 92 training points due to NaNs in populated dataset 4319.
2025-11-22 21:10:49,376 - freqtrade.freqai.base_models.BaseClassifierModel - INFO - -------------------- Training on data from 2025-11-07 to 2025-11-22 --------------------
2025-11-22 21:10:49,534 - datasieve.pipeline - INFO - SVM detected 32 data points as outliers.
2025-11-22 21:10:52,593 - freqtrade.freqai.base_models.BaseClassifierModel - INFO - Training model on 758 features
2025-11-22 21:10:52,598 - freqtrade.freqai.base_models.BaseClassifierModel - INFO - Training model on 4195 data points
2025-11-22 21:11:26,820 - freqtrade.plugins.pairlistmanager - INFO - Whitelist with 1 pairs: ['WIF/USDT:USDT']
2025-11-22 21:11:41,865 - freqtrade.worker - INFO - Bot heartbeat. PID=1, version='docker-2025.9-dev-5f1d9cba', state='RUNNING'
2025-11-22 21:11:42,116 - freqtrade.freqai.base_models.BaseClassifierModel - INFO - -------------------- Done training WIF/USDT:USDT (52.80 secs) --------------------
2025-11-22 21:11:42,357 - freqtrade.freqai.data_drawer - INFO - Freqai purging old model file /freqtrade/user_data/models/1/sub-train-WIF_1763844048
2025-11-22 21:11:42,371 - freqtrade.freqai.freqai_interface - INFO - Total time spent training pairlist 54.15 seconds
2025-11-22 21:12:41,873 - freqtrade.worker - INFO - Bot heartbeat. PID=1, version='docker-2025.9-dev-5f1d9cba', state='RUNNING'
2025-11-22 21:13:41,881 - freqtrade.worker - INFO - Bot heartbeat. PID=1, version='docker-2025.9-dev-5f1d9cba', state='RUNNING'
2025-11-22 21:14:41,888 - freqtrade.worker - INFO - Bot heartbeat. PID=1, version='docker-2025.9-dev-5f1d9cba', state='RUNNING'
2025-11-22 21:15:02,047 - freqtrade.freqai.freqai_interface - INFO - Total time spent inferencing pairlist 0.81 seconds
2025-11-22 21:15:46,002 - freqtrade.worker - INFO - Bot heartbeat. PID=1, version='docker-2025.9-dev-5f1d9cba', state='RUNNING'
2025-11-22 21:16:46,010 - freqtrade.worker - INFO - Bot heartbeat. PID=1, version='docker-2025.9-dev-5f1d9cba', state='RUNNING'
2025-11-22 21:17:46,022 - freqtrade.worker - INFO - Bot heartbeat. PID=1, version='docker-2025.9-dev-5f1d9cba', state='RUNNING'
2025-11-22 21:18:46,034 - freqtrade.worker - INFO - Bot heartbeat. PID=1, version='docker-2025.9-dev-5f1d9cba', state='RUNNING'
2025-11-22 21:19:46,044 - freqtrade.worker - INFO - Bot heartbeat. PID=1, version='docker-2025.9-dev-5f1d9cba', state='RUNNING'
2025-11-22 21:20:02,231 - freqtrade.freqai.freqai_interface - INFO - Total time spent inferencing pairlist 0.95 seconds
2025-11-22 21:20:51,006 - freqtrade.worker - INFO - Bot heartbeat. PID=1, version='docker-2025.9-dev-5f1d9cba', state='RUNNING'
2025-11-22 21:21:51,016 - freqtrade.worker - INFO - Bot heartbeat. PID=1, version='docker-2025.9-dev-5f1d9cba', state='RUNNING'
2025-11-22 21:22:51,026 - freqtrade.worker - INFO - Bot heartbeat. PID=1, version='docker-2025.9-dev-5f1d9cba', state='RUNNING'
2025-11-22 21:23:51,037 - freqtrade.worker - INFO - Bot heartbeat. PID=1, version='docker-2025.9-dev-5f1d9cba', state='RUNNING'
2025-11-22 21:24:51,043 - freqtrade.worker - INFO - Bot heartbeat. PID=1, version='docker-2025.9-dev-5f1d9cba', state='RUNNING'
2025-11-22 21:25:02,448 - freqtrade.freqai.freqai_interface - INFO - Total time spent inferencing pairlist 1.24 seconds
2025-11-22 21:25:49,928 - freqtrade.freqai.base_models.BaseClassifierModel - INFO - -------------------- Starting training WIF/USDT:USDT --------------------
2025-11-22 21:25:50,003 - freqtrade.freqai.data_kitchen - INFO - WIF/USDT:USDT: dropped 89 training points due to NaNs in populated dataset 4319.
2025-11-22 21:25:50,004 - freqtrade.freqai.base_models.BaseClassifierModel - INFO - -------------------- Training on data from 2025-11-07 to 2025-11-22 --------------------
2025-11-22 21:25:50,162 - datasieve.pipeline - INFO - SVM detected 22 data points as outliers.
2025-11-22 21:25:52,972 - freqtrade.freqai.base_models.BaseClassifierModel - INFO - Training model on 758 features
2025-11-22 21:25:52,973 - freqtrade.freqai.base_models.BaseClassifierModel - INFO - Training model on 4208 data points
2025-11-22 21:25:56,004 - freqtrade.worker - INFO - Bot heartbeat. PID=1, version='docker-2025.9-dev-5f1d9cba', state='RUNNING'
2025-11-22 21:26:41,432 - freqtrade.freqai.base_models.BaseClassifierModel - INFO - -------------------- Done training WIF/USDT:USDT (51.50 secs) --------------------
2025-11-22 21:26:41,560 - freqtrade.freqai.data_drawer - INFO - Freqai purging old model file /freqtrade/user_data/models/1/sub-train-WIF_1763844948
2025-11-22 21:26:41,574 - freqtrade.freqai.freqai_interface - INFO - Total time spent training pairlist 52.67 seconds
2025-11-22 21:26:56,011 - freqtrade.worker - INFO - Bot heartbeat. PID=1, version='docker-2025.9-dev-5f1d9cba', state='RUNNING'
2025-11-22 21:27:56,019 - freqtrade.worker - INFO - Bot heartbeat. PID=1, version='docker-2025.9-dev-5f1d9cba', state='RUNNING'
2025-11-22 21:28:56,031 - freqtrade.worker - INFO - Bot heartbeat. PID=1, version='docker-2025.9-dev-5f1d9cba', state='RUNNING'
2025-11-22 21:29:56,043 - freqtrade.worker - INFO - Bot heartbeat. PID=1, version='docker-2025.9-dev-5f1d9cba', state='RUNNING'
2025-11-22 21:30:02,229 - freqtrade.freqai.freqai_interface - INFO - Total time spent inferencing pairlist 0.92 seconds
2025-11-22 21:31:01,004 - freqtrade.worker - INFO - Bot heartbeat. PID=1, version='docker-2025.9-dev-5f1d9cba', state='RUNNING'
2025-11-22 21:31:06,617 - freqtrade.wallets - INFO - Wallets synced.
2025-11-22 21:32:01,011 - freqtrade.worker - INFO - Bot heartbeat. PID=1, version='docker-2025.9-dev-5f1d9cba', state='RUNNING'
2025-11-22 21:33:01,023 - freqtrade.worker - INFO - Bot heartbeat. PID=1, version='docker-2025.9-dev-5f1d9cba', state='RUNNING'
2025-11-22 21:34:01,029 - freqtrade.worker - INFO - Bot heartbeat. PID=1, version='docker-2025.9-dev-5f1d9cba', state='RUNNING'
2025-11-22 21:35:02,187 - freqtrade.freqai.freqai_interface - INFO - Total time spent inferencing pairlist 0.91 seconds
2025-11-22 21:35:06,000 - freqtrade.worker - INFO - Bot heartbeat. PID=1, version='docker-2025.9-dev-5f1d9cba', state='RUNNING'
2025-11-22 21:36:06,009 - freqtrade.worker - INFO - Bot heartbeat. PID=1, version='docker-2025.9-dev-5f1d9cba', state='RUNNING'
2025-11-22 21:37:06,015 - freqtrade.worker - INFO - Bot heartbeat. PID=1, version='docker-2025.9-dev-5f1d9cba', state='RUNNING'
2025-11-22 21:38:06,023 - freqtrade.worker - INFO - Bot heartbeat. PID=1, version='docker-2025.9-dev-5f1d9cba', state='RUNNING'
2025-11-22 21:39:06,047 - freqtrade.worker - INFO - Bot heartbeat. PID=1, version='docker-2025.9-dev-5f1d9cba', state='RUNNING'
2025-11-22 21:40:02,015 - freqtrade.freqai.freqai_interface - INFO - Total time spent inferencing pairlist 0.77 seconds
2025-11-22 21:40:11,000 - freqtrade.worker - INFO - Bot heartbeat. PID=1, version='docker-2025.9-dev-5f1d9cba', state='RUNNING'
2025-11-22 21:40:49,242 - freqtrade.freqai.base_models.BaseClassifierModel - INFO - -------------------- Starting training WIF/USDT:USDT --------------------
2025-11-22 21:40:49,304 - freqtrade.freqai.data_kitchen - INFO - WIF/USDT:USDT: dropped 86 training points due to NaNs in populated dataset 4319.
2025-11-22 21:40:49,305 - freqtrade.freqai.base_models.BaseClassifierModel - INFO - -------------------- Training on data from 2025-11-07 to 2025-11-22 --------------------
2025-11-22 21:40:49,494 - datasieve.pipeline - INFO - SVM detected 16 data points as outliers.
2025-11-22 21:40:52,582 - freqtrade.freqai.base_models.BaseClassifierModel - INFO - Training model on 758 features
2025-11-22 21:40:52,586 - freqtrade.freqai.base_models.BaseClassifierModel - INFO - Training model on 4217 data points
2025-11-22 21:41:11,014 - freqtrade.worker - INFO - Bot heartbeat. PID=1, version='docker-2025.9-dev-5f1d9cba', state='RUNNING'
2025-11-22 21:41:38,665 - freqtrade.freqai.base_models.BaseClassifierModel - INFO - -------------------- Done training WIF/USDT:USDT (49.42 secs) --------------------
2025-11-22 21:41:38,731 - freqtrade.freqai.data_drawer - INFO - Freqai purging old model file /freqtrade/user_data/models/1/sub-train-WIF_1763845848
2025-11-22 21:41:38,742 - freqtrade.freqai.freqai_interface - INFO - Total time spent training pairlist 50.65 seconds
2025-11-22 21:42:11,022 - freqtrade.worker - INFO - Bot heartbeat. PID=1, version='docker-2025.9-dev-5f1d9cba', state='RUNNING'
2025-11-22 21:43:11,032 - freqtrade.worker - INFO - Bot heartbeat. PID=1, version='docker-2025.9-dev-5f1d9cba', state='RUNNING'
2025-11-22 21:44:11,047 - freqtrade.worker - INFO - Bot heartbeat. PID=1, version='docker-2025.9-dev-5f1d9cba', state='RUNNING'
2025-11-22 21:45:02,401 - freqtrade.freqai.freqai_interface - INFO - Total time spent inferencing pairlist 0.95 seconds
2025-11-22 21:45:16,001 - freqtrade.worker - INFO - Bot heartbeat. PID=1, version='docker-2025.9-dev-5f1d9cba', state='RUNNING'
2025-11-22 21:46:16,010 - freqtrade.worker - INFO - Bot heartbeat. PID=1, version='docker-2025.9-dev-5f1d9cba', state='RUNNING'
2025-11-22 21:47:16,018 - freqtrade.worker - INFO - Bot heartbeat. PID=1, version='docker-2025.9-dev-5f1d9cba', state='RUNNING'
2025-11-22 21:48:16,026 - freqtrade.worker - INFO - Bot heartbeat. PID=1, version='docker-2025.9-dev-5f1d9cba', state='RUNNING'
2025-11-22 21:49:16,036 - freqtrade.worker - INFO - Bot heartbeat. PID=1, version='docker-2025.9-dev-5f1d9cba', state='RUNNING'
2025-11-22 21:50:02,243 - freqtrade.freqai.freqai_interface - INFO - Total time spent inferencing pairlist 1.01 seconds
2025-11-22 21:50:21,004 - freqtrade.worker - INFO - Bot heartbeat. PID=1, version='docker-2025.9-dev-5f1d9cba', state='RUNNING'
2025-11-22 21:51:21,010 - freqtrade.worker - INFO - Bot heartbeat. PID=1, version='docker-2025.9-dev-5f1d9cba', state='RUNNING'
2025-11-22 21:52:21,022 - freqtrade.worker - INFO - Bot heartbeat. PID=1, version='docker-2025.9-dev-5f1d9cba', state='RUNNING'
2025-11-22 21:53:21,030 - freqtrade.worker - INFO - Bot heartbeat. PID=1, version='docker-2025.9-dev-5f1d9cba', state='RUNNING'
2025-11-22 21:54:21,038 - freqtrade.worker - INFO - Bot heartbeat. PID=1, version='docker-2025.9-dev-5f1d9cba', state='RUNNING'
2025-11-22 21:55:02,259 - freqtrade.freqai.freqai_interface - INFO - Total time spent inferencing pairlist 1.02 seconds
2025-11-22 21:55:26,001 - freqtrade.worker - INFO - Bot heartbeat. PID=1, version='docker-2025.9-dev-5f1d9cba', state='RUNNING'
2025-11-22 21:55:49,397 - freqtrade.freqai.base_models.BaseClassifierModel - INFO - -------------------- Starting training WIF/USDT:USDT --------------------
2025-11-22 21:55:49,456 - freqtrade.freqai.data_kitchen - INFO - WIF/USDT:USDT: dropped 83 training points due to NaNs in populated dataset 4319.
2025-11-22 21:55:49,457 - freqtrade.freqai.base_models.BaseClassifierModel - INFO - -------------------- Training on data from 2025-11-07 to 2025-11-22 --------------------
2025-11-22 21:55:49,614 - datasieve.pipeline - INFO - SVM detected 47 data points as outliers.
2025-11-22 21:55:52,282 - freqtrade.freqai.base_models.BaseClassifierModel - INFO - Training model on 758 features
2025-11-22 21:55:52,284 - freqtrade.freqai.base_models.BaseClassifierModel - INFO - Training model on 4189 data points
2025-11-22 21:56:26,007 - freqtrade.worker - INFO - Bot heartbeat. PID=1, version='docker-2025.9-dev-5f1d9cba', state='RUNNING'
2025-11-22 21:56:39,356 - freqtrade.freqai.base_models.BaseClassifierModel - INFO - -------------------- Done training WIF/USDT:USDT (49.96 secs) --------------------
2025-11-22 21:56:39,569 - freqtrade.freqai.data_drawer - INFO - Freqai purging old model file /freqtrade/user_data/models/1/sub-train-WIF_1763846748
2025-11-22 21:56:39,586 - freqtrade.freqai.freqai_interface - INFO - Total time spent training pairlist 51.29 seconds
2025-11-22 21:57:26,017 - freqtrade.worker - INFO - Bot heartbeat. PID=1, version='docker-2025.9-dev-5f1d9cba', state='RUNNING'
2025-11-22 21:58:26,025 - freqtrade.worker - INFO - Bot heartbeat. PID=1, version='docker-2025.9-dev-5f1d9cba', state='RUNNING'
2025-11-22 21:59:26,034 - freqtrade.worker - INFO - Bot heartbeat. PID=1, version='docker-2025.9-dev-5f1d9cba', state='RUNNING'
2025-11-22 22:00:02,449 - freqtrade.freqai.freqai_interface - INFO - Total time spent inferencing pairlist 0.94 seconds
2025-11-22 22:00:31,002 - freqtrade.worker - INFO - Bot heartbeat. PID=1, version='docker-2025.9-dev-5f1d9cba', state='RUNNING'
2025-11-22 22:01:06,641 - freqtrade.wallets - INFO - Wallets synced.
2025-11-22 22:01:31,008 - freqtrade.worker - INFO - Bot heartbeat. PID=1, version='docker-2025.9-dev-5f1d9cba', state='RUNNING'
2025-11-22 22:02:31,018 - freqtrade.worker - INFO - Bot heartbeat. PID=1, version='docker-2025.9-dev-5f1d9cba', state='RUNNING'
2025-11-22 22:03:31,028 - freqtrade.worker - INFO - Bot heartbeat. PID=1, version='docker-2025.9-dev-5f1d9cba', state='RUNNING'
2025-11-22 22:04:31,034 - freqtrade.worker - INFO - Bot heartbeat. PID=1, version='docker-2025.9-dev-5f1d9cba', state='RUNNING'
2025-11-22 22:05:02,182 - freqtrade.freqai.freqai_interface - INFO - Total time spent inferencing pairlist 0.91 seconds
2025-11-22 22:05:36,002 - freqtrade.worker - INFO - Bot heartbeat. PID=1, version='docker-2025.9-dev-5f1d9cba', state='RUNNING'
2025-11-22 22:06:36,008 - freqtrade.worker - INFO - Bot heartbeat. PID=1, version='docker-2025.9-dev-5f1d9cba', state='RUNNING'
2025-11-22 22:07:36,014 - freqtrade.worker - INFO - Bot heartbeat. PID=1, version='docker-2025.9-dev-5f1d9cba', state='RUNNING'
2025-11-22 22:08:36,023 - freqtrade.worker - INFO - Bot heartbeat. PID=1, version='docker-2025.9-dev-5f1d9cba', state='RUNNING'
2025-11-22 22:09:36,038 - freqtrade.worker - INFO - Bot heartbeat. PID=1, version='docker-2025.9-dev-5f1d9cba', state='RUNNING'
2025-11-22 22:10:02,107 - freqtrade.freqai.freqai_interface - INFO - Total time spent inferencing pairlist 0.86 seconds
2025-11-22 22:10:41,002 - freqtrade.worker - INFO - Bot heartbeat. PID=1, version='docker-2025.9-dev-5f1d9cba', state='RUNNING'
2025-11-22 22:10:49,087 - freqtrade.freqai.base_models.BaseClassifierModel - INFO - -------------------- Starting training WIF/USDT:USDT --------------------
2025-11-22 22:10:49,235 - freqtrade.freqai.data_kitchen - INFO - WIF/USDT:USDT: dropped 80 training points due to NaNs in populated dataset 4319.
2025-11-22 22:10:49,237 - freqtrade.freqai.base_models.BaseClassifierModel - INFO - -------------------- Training on data from 2025-11-07 to 2025-11-22 --------------------
2025-11-22 22:10:49,398 - datasieve.pipeline - INFO - SVM detected 52 data points as outliers.
2025-11-22 22:10:52,350 - freqtrade.freqai.base_models.BaseClassifierModel - INFO - Training model on 758 features
2025-11-22 22:10:52,352 - freqtrade.freqai.base_models.BaseClassifierModel - INFO - Training model on 4187 data points
2025-11-22 22:11:36,585 - freqtrade.plugins.pairlistmanager - INFO - Whitelist with 1 pairs: ['WIF/USDT:USDT']
2025-11-22 22:11:39,974 - freqtrade.freqai.base_models.BaseClassifierModel - INFO - -------------------- Done training WIF/USDT:USDT (50.89 secs) --------------------
2025-11-22 22:11:40,114 - freqtrade.freqai.data_drawer - INFO - Freqai purging old model file /freqtrade/user_data/models/1/sub-train-WIF_1763847648
2025-11-22 22:11:40,130 - freqtrade.freqai.freqai_interface - INFO - Total time spent training pairlist 52.07 seconds
2025-11-22 22:11:41,598 - freqtrade.worker - INFO - Bot heartbeat. PID=1, version='docker-2025.9-dev-5f1d9cba', state='RUNNING'
2025-11-22 22:12:41,604 - freqtrade.worker - INFO - Bot heartbeat. PID=1, version='docker-2025.9-dev-5f1d9cba', state='RUNNING'
2025-11-22 22:13:41,613 - freqtrade.worker - INFO - Bot heartbeat. PID=1, version='docker-2025.9-dev-5f1d9cba', state='RUNNING'
2025-11-22 22:14:41,623 - freqtrade.worker - INFO - Bot heartbeat. PID=1, version='docker-2025.9-dev-5f1d9cba', state='RUNNING'
2025-11-22 22:15:02,227 - freqtrade.freqai.freqai_interface - INFO - Total time spent inferencing pairlist 0.88 seconds
2025-11-22 22:15:46,002 - freqtrade.worker - INFO - Bot heartbeat. PID=1, version='docker-2025.9-dev-5f1d9cba', state='RUNNING'
2025-11-22 22:16:46,011 - freqtrade.worker - INFO - Bot heartbeat. PID=1, version='docker-2025.9-dev-5f1d9cba', state='RUNNING'
2025-11-22 22:17:46,020 - freqtrade.worker - INFO - Bot heartbeat. PID=1, version='docker-2025.9-dev-5f1d9cba', state='RUNNING'
2025-11-22 22:18:46,030 - freqtrade.worker - INFO - Bot heartbeat. PID=1, version='docker-2025.9-dev-5f1d9cba', state='RUNNING'
2025-11-22 22:19:46,037 - freqtrade.worker - INFO - Bot heartbeat. PID=1, version='docker-2025.9-dev-5f1d9cba', state='RUNNING'
2025-11-22 22:20:02,280 - freqtrade.freqai.freqai_interface - INFO - Total time spent inferencing pairlist 1.01 seconds
2025-11-22 22:20:51,003 - freqtrade.worker - INFO - Bot heartbeat. PID=1, version='docker-2025.9-dev-5f1d9cba', state='RUNNING'
2025-11-22 22:21:51,009 - freqtrade.worker - INFO - Bot heartbeat. PID=1, version='docker-2025.9-dev-5f1d9cba', state='RUNNING'
2025-11-22 22:22:51,015 - freqtrade.worker - INFO - Bot heartbeat. PID=1, version='docker-2025.9-dev-5f1d9cba', state='RUNNING'
2025-11-22 22:23:51,028 - freqtrade.worker - INFO - Bot heartbeat. PID=1, version='docker-2025.9-dev-5f1d9cba', state='RUNNING'
2025-11-22 22:24:51,038 - freqtrade.worker - INFO - Bot heartbeat. PID=1, version='docker-2025.9-dev-5f1d9cba', state='RUNNING'
2025-11-22 22:25:02,209 - freqtrade.freqai.freqai_interface - INFO - Total time spent inferencing pairlist 0.95 seconds
2025-11-22 22:25:49,592 - freqtrade.freqai.base_models.BaseClassifierModel - INFO - -------------------- Starting training WIF/USDT:USDT --------------------
2025-11-22 22:25:49,672 - freqtrade.freqai.data_kitchen - INFO - WIF/USDT:USDT: dropped 77 training points due to NaNs in populated dataset 4319.
2025-11-22 22:25:49,674 - freqtrade.freqai.base_models.BaseClassifierModel - INFO - -------------------- Training on data from 2025-11-07 to 2025-11-22 --------------------
2025-11-22 22:25:49,846 - datasieve.pipeline - INFO - SVM detected 31 data points as outliers.
2025-11-22 22:25:52,605 - freqtrade.freqai.base_models.BaseClassifierModel - INFO - Training model on 758 features
2025-11-22 22:25:52,606 - freqtrade.freqai.base_models.BaseClassifierModel - INFO - Training model on 4211 data points
2025-11-22 22:25:56,008 - freqtrade.worker - INFO - Bot heartbeat. PID=1, version='docker-2025.9-dev-5f1d9cba', state='RUNNING'
2025-11-22 22:26:40,785 - freqtrade.freqai.base_models.BaseClassifierModel - INFO - -------------------- Done training WIF/USDT:USDT (51.19 secs) --------------------
2025-11-22 22:26:40,987 - freqtrade.freqai.data_drawer - INFO - Freqai purging old model file /freqtrade/user_data/models/1/sub-train-WIF_1763848548
2025-11-22 22:26:41,001 - freqtrade.freqai.freqai_interface - INFO - Total time spent training pairlist 52.43 seconds
2025-11-22 22:26:56,019 - freqtrade.worker - INFO - Bot heartbeat. PID=1, version='docker-2025.9-dev-5f1d9cba', state='RUNNING'
2025-11-22 22:27:56,025 - freqtrade.worker - INFO - Bot heartbeat. PID=1, version='docker-2025.9-dev-5f1d9cba', state='RUNNING'
2025-11-22 22:28:56,034 - freqtrade.worker - INFO - Bot heartbeat. PID=1, version='docker-2025.9-dev-5f1d9cba', state='RUNNING'
2025-11-22 22:29:56,045 - freqtrade.worker - INFO - Bot heartbeat. PID=1, version='docker-2025.9-dev-5f1d9cba', state='RUNNING'
2025-11-22 22:30:02,270 - freqtrade.freqai.freqai_interface - INFO - Total time spent inferencing pairlist 0.95 seconds
2025-11-22 22:31:01,004 - freqtrade.worker - INFO - Bot heartbeat. PID=1, version='docker-2025.9-dev-5f1d9cba', state='RUNNING'
2025-11-22 22:31:06,427 - freqtrade.wallets - INFO - Wallets synced.
2025-11-22 22:32:01,011 - freqtrade.worker - INFO - Bot heartbeat. PID=1, version='docker-2025.9-dev-5f1d9cba', state='RUNNING'
2025-11-22 22:33:01,021 - freqtrade.worker - INFO - Bot heartbeat. PID=1, version='docker-2025.9-dev-5f1d9cba', state='RUNNING'
2025-11-22 22:34:01,027 - freqtrade.worker - INFO - Bot heartbeat. PID=1, version='docker-2025.9-dev-5f1d9cba', state='RUNNING'
2025-11-22 22:35:02,286 - freqtrade.freqai.freqai_interface - INFO - Total time spent inferencing pairlist 1.02 seconds
2025-11-22 22:35:06,000 - freqtrade.worker - INFO - Bot heartbeat. PID=1, version='docker-2025.9-dev-5f1d9cba', state='RUNNING'
2025-11-22 22:36:06,008 - freqtrade.worker - INFO - Bot heartbeat. PID=1, version='docker-2025.9-dev-5f1d9cba', state='RUNNING'
2025-11-22 22:37:06,015 - freqtrade.worker - INFO - Bot heartbeat. PID=1, version='docker-2025.9-dev-5f1d9cba', state='RUNNING'
2025-11-22 22:38:06,022 - freqtrade.worker - INFO - Bot heartbeat. PID=1, version='docker-2025.9-dev-5f1d9cba', state='RUNNING'
2025-11-22 22:39:06,037 - freqtrade.worker - INFO - Bot heartbeat. PID=1, version='docker-2025.9-dev-5f1d9cba', state='RUNNING'
2025-11-22 22:40:02,133 - freqtrade.freqai.freqai_interface - INFO - Total time spent inferencing pairlist 0.93 seconds
2025-11-22 22:40:11,000 - freqtrade.worker - INFO - Bot heartbeat. PID=1, version='docker-2025.9-dev-5f1d9cba', state='RUNNING'
2025-11-22 22:40:49,510 - freqtrade.freqai.base_models.BaseClassifierModel - INFO - -------------------- Starting training WIF/USDT:USDT --------------------
2025-11-22 22:40:49,596 - freqtrade.freqai.data_kitchen - INFO - WIF/USDT:USDT: dropped 74 training points due to NaNs in populated dataset 4319.
2025-11-22 22:40:49,597 - freqtrade.freqai.base_models.BaseClassifierModel - INFO - -------------------- Training on data from 2025-11-07 to 2025-11-22 --------------------
2025-11-22 22:40:49,826 - datasieve.pipeline - INFO - SVM detected 43 data points as outliers.
2025-11-22 22:40:52,565 - freqtrade.freqai.base_models.BaseClassifierModel - INFO - Training model on 758 features
2025-11-22 22:40:52,567 - freqtrade.freqai.base_models.BaseClassifierModel - INFO - Training model on 4202 data points
2025-11-22 22:41:11,005 - freqtrade.worker - INFO - Bot heartbeat. PID=1, version='docker-2025.9-dev-5f1d9cba', state='RUNNING'
2025-11-22 22:41:36,289 - freqtrade.freqai.base_models.BaseClassifierModel - INFO - -------------------- Done training WIF/USDT:USDT (46.78 secs) --------------------
2025-11-22 22:41:36,545 - freqtrade.freqai.data_drawer - INFO - Freqai purging old model file /freqtrade/user_data/models/1/sub-train-WIF_1763849448
2025-11-22 22:41:36,560 - freqtrade.freqai.freqai_interface - INFO - Total time spent training pairlist 48.09 seconds
2025-11-22 22:42:11,013 - freqtrade.worker - INFO - Bot heartbeat. PID=1, version='docker-2025.9-dev-5f1d9cba', state='RUNNING'
2025-11-22 22:42:21,816 - uvicorn.error - WARNING - Invalid HTTP request received.
2025-11-22 22:42:22,786 - uvicorn.error - WARNING - Invalid HTTP request received.
2025-11-22 22:42:30,404 - uvicorn.error - WARNING - Invalid HTTP request received.
2025-11-22 22:43:11,021 - freqtrade.worker - INFO - Bot heartbeat. PID=1, version='docker-2025.9-dev-5f1d9cba', state='RUNNING'
2025-11-22 22:44:11,029 - freqtrade.worker - INFO - Bot heartbeat. PID=1, version='docker-2025.9-dev-5f1d9cba', state='RUNNING'
2025-11-22 22:45:02,405 - freqtrade.freqai.freqai_interface - INFO - Total time spent inferencing pairlist 1.03 seconds
2025-11-22 22:45:16,001 - freqtrade.worker - INFO - Bot heartbeat. PID=1, version='docker-2025.9-dev-5f1d9cba', state='RUNNING'
2025-11-22 22:46:16,012 - freqtrade.worker - INFO - Bot heartbeat. PID=1, version='docker-2025.9-dev-5f1d9cba', state='RUNNING'
2025-11-22 22:47:16,022 - freqtrade.worker - INFO - Bot heartbeat. PID=1, version='docker-2025.9-dev-5f1d9cba', state='RUNNING'
2025-11-22 22:48:16,029 - freqtrade.worker - INFO - Bot heartbeat. PID=1, version='docker-2025.9-dev-5f1d9cba', state='RUNNING'
2025-11-22 22:49:16,036 - freqtrade.worker - INFO - Bot heartbeat. PID=1, version='docker-2025.9-dev-5f1d9cba', state='RUNNING'
2025-11-22 22:50:02,062 - freqtrade.freqai.freqai_interface - INFO - Total time spent inferencing pairlist 0.86 seconds
2025-11-22 22:50:21,001 - freqtrade.worker - INFO - Bot heartbeat. PID=1, version='docker-2025.9-dev-5f1d9cba', state='RUNNING'
2025-11-22 22:51:21,008 - freqtrade.worker - INFO - Bot heartbeat. PID=1, version='docker-2025.9-dev-5f1d9cba', state='RUNNING'
2025-11-22 22:52:21,015 - freqtrade.worker - INFO - Bot heartbeat. PID=1, version='docker-2025.9-dev-5f1d9cba', state='RUNNING'
2025-11-22 22:53:21,024 - freqtrade.worker - INFO - Bot heartbeat. PID=1, version='docker-2025.9-dev-5f1d9cba', state='RUNNING'
2025-11-22 22:54:21,032 - freqtrade.worker - INFO - Bot heartbeat. PID=1, version='docker-2025.9-dev-5f1d9cba', state='RUNNING'
2025-11-22 22:55:02,407 - freqtrade.freqai.freqai_interface - INFO - Total time spent inferencing pairlist 1.14 seconds
2025-11-22 22:55:26,001 - freqtrade.worker - INFO - Bot heartbeat. PID=1, version='docker-2025.9-dev-5f1d9cba', state='RUNNING'
2025-11-22 22:55:49,260 - freqtrade.freqai.base_models.BaseClassifierModel - INFO - -------------------- Starting training WIF/USDT:USDT --------------------
2025-11-22 22:55:49,342 - freqtrade.freqai.data_kitchen - INFO - WIF/USDT:USDT: dropped 71 training points due to NaNs in populated dataset 4319.
2025-11-22 22:55:49,344 - freqtrade.freqai.base_models.BaseClassifierModel - INFO - -------------------- Training on data from 2025-11-07 to 2025-11-22 --------------------
2025-11-22 22:55:49,552 - datasieve.pipeline - INFO - SVM detected 43 data points as outliers.
2025-11-22 22:55:52,423 - freqtrade.freqai.base_models.BaseClassifierModel - INFO - Training model on 758 features
2025-11-22 22:55:52,424 - freqtrade.freqai.base_models.BaseClassifierModel - INFO - Training model on 4205 data points
2025-11-22 22:56:26,017 - freqtrade.worker - INFO - Bot heartbeat. PID=1, version='docker-2025.9-dev-5f1d9cba', state='RUNNING'
2025-11-22 22:56:37,713 - freqtrade.freqai.base_models.BaseClassifierModel - INFO - -------------------- Done training WIF/USDT:USDT (48.45 secs) --------------------
2025-11-22 22:56:37,925 - freqtrade.freqai.data_drawer - INFO - Freqai purging old model file /freqtrade/user_data/models/1/sub-train-WIF_1763850348
2025-11-22 22:56:37,940 - freqtrade.freqai.freqai_interface - INFO - Total time spent training pairlist 49.92 seconds
2025-11-22 22:57:26,026 - freqtrade.worker - INFO - Bot heartbeat. PID=1, version='docker-2025.9-dev-5f1d9cba', state='RUNNING'
2025-11-22 22:58:26,033 - freqtrade.worker - INFO - Bot heartbeat. PID=1, version='docker-2025.9-dev-5f1d9cba', state='RUNNING'
2025-11-22 22:59:26,040 - freqtrade.worker - INFO - Bot heartbeat. PID=1, version='docker-2025.9-dev-5f1d9cba', state='RUNNING'
2025-11-22 23:00:02,749 - freqtrade.freqai.freqai_interface - INFO - Total time spent inferencing pairlist 1.33 seconds
2025-11-22 23:00:31,003 - freqtrade.worker - INFO - Bot heartbeat. PID=1, version='docker-2025.9-dev-5f1d9cba', state='RUNNING'
2025-11-22 23:01:06,646 - freqtrade.wallets - INFO - Wallets synced.
2025-11-22 23:01:31,009 - freqtrade.worker - INFO - Bot heartbeat. PID=1, version='docker-2025.9-dev-5f1d9cba', state='RUNNING'
2025-11-22 23:02:31,016 - freqtrade.worker - INFO - Bot heartbeat. PID=1, version='docker-2025.9-dev-5f1d9cba', state='RUNNING'
2025-11-22 23:03:31,028 - freqtrade.worker - INFO - Bot heartbeat. PID=1, version='docker-2025.9-dev-5f1d9cba', state='RUNNING'
2025-11-22 23:04:31,035 - freqtrade.worker - INFO - Bot heartbeat. PID=1, version='docker-2025.9-dev-5f1d9cba', state='RUNNING'
2025-11-22 23:05:02,288 - freqtrade.freqai.freqai_interface - INFO - Total time spent inferencing pairlist 1.03 seconds
2025-11-22 23:05:36,002 - freqtrade.worker - INFO - Bot heartbeat. PID=1, version='docker-2025.9-dev-5f1d9cba', state='RUNNING'
2025-11-22 23:06:36,009 - freqtrade.worker - INFO - Bot heartbeat. PID=1, version='docker-2025.9-dev-5f1d9cba', state='RUNNING'
2025-11-22 23:07:36,018 - freqtrade.worker - INFO - Bot heartbeat. PID=1, version='docker-2025.9-dev-5f1d9cba', state='RUNNING'
2025-11-22 23:08:36,030 - freqtrade.worker - INFO - Bot heartbeat. PID=1, version='docker-2025.9-dev-5f1d9cba', state='RUNNING'
2025-11-22 23:09:36,038 - freqtrade.worker - INFO - Bot heartbeat. PID=1, version='docker-2025.9-dev-5f1d9cba', state='RUNNING'
2025-11-22 23:10:02,249 - freqtrade.freqai.freqai_interface - INFO - Total time spent inferencing pairlist 0.98 seconds
2025-11-22 23:10:41,003 - freqtrade.worker - INFO - Bot heartbeat. PID=1, version='docker-2025.9-dev-5f1d9cba', state='RUNNING'
2025-11-22 23:10:49,496 - freqtrade.freqai.base_models.BaseClassifierModel - INFO - -------------------- Starting training WIF/USDT:USDT --------------------
2025-11-22 23:10:49,565 - freqtrade.freqai.data_kitchen - INFO - WIF/USDT:USDT: dropped 68 training points due to NaNs in populated dataset 4319.
2025-11-22 23:10:49,567 - freqtrade.freqai.base_models.BaseClassifierModel - INFO - -------------------- Training on data from 2025-11-07 to 2025-11-22 --------------------
2025-11-22 23:10:49,815 - datasieve.pipeline - INFO - SVM detected 12 data points as outliers.
2025-11-22 23:10:52,491 - freqtrade.freqai.base_models.BaseClassifierModel - INFO - Training model on 758 features
2025-11-22 23:10:52,492 - freqtrade.freqai.base_models.BaseClassifierModel - INFO - Training model on 4239 data points
2025-11-22 23:11:35,550 - freqtrade.freqai.base_models.BaseClassifierModel - INFO - -------------------- Done training WIF/USDT:USDT (46.05 secs) --------------------
2025-11-22 23:11:35,697 - freqtrade.freqai.data_drawer - INFO - Freqai purging old model file /freqtrade/user_data/models/1/sub-train-WIF_1763851248
2025-11-22 23:11:35,721 - freqtrade.freqai.freqai_interface - INFO - Total time spent training pairlist 47.25 seconds
2025-11-22 23:11:41,013 - freqtrade.worker - INFO - Bot heartbeat. PID=1, version='docker-2025.9-dev-5f1d9cba', state='RUNNING'
2025-11-22 23:11:45,934 - freqtrade.plugins.pairlistmanager - INFO - Whitelist with 1 pairs: ['WIF/USDT:USDT']
2025-11-22 23:12:41,020 - freqtrade.worker - INFO - Bot heartbeat. PID=1, version='docker-2025.9-dev-5f1d9cba', state='RUNNING'
2025-11-22 23:13:41,029 - freqtrade.worker - INFO - Bot heartbeat. PID=1, version='docker-2025.9-dev-5f1d9cba', state='RUNNING'
2025-11-22 23:14:41,038 - freqtrade.worker - INFO - Bot heartbeat. PID=1, version='docker-2025.9-dev-5f1d9cba', state='RUNNING'
2025-11-22 23:15:02,349 - freqtrade.freqai.freqai_interface - INFO - Total time spent inferencing pairlist 1.00 seconds
2025-11-22 23:15:46,004 - freqtrade.worker - INFO - Bot heartbeat. PID=1, version='docker-2025.9-dev-5f1d9cba', state='RUNNING'
2025-11-22 23:16:46,012 - freqtrade.worker - INFO - Bot heartbeat. PID=1, version='docker-2025.9-dev-5f1d9cba', state='RUNNING'
2025-11-22 23:17:46,019 - freqtrade.worker - INFO - Bot heartbeat. PID=1, version='docker-2025.9-dev-5f1d9cba', state='RUNNING'
2025-11-22 23:18:46,029 - freqtrade.worker - INFO - Bot heartbeat. PID=1, version='docker-2025.9-dev-5f1d9cba', state='RUNNING'
2025-11-22 23:19:46,050 - freqtrade.worker - INFO - Bot heartbeat. PID=1, version='docker-2025.9-dev-5f1d9cba', state='RUNNING'
2025-11-22 23:20:02,141 - freqtrade.freqai.freqai_interface - INFO - Total time spent inferencing pairlist 0.91 seconds
2025-11-22 23:20:51,004 - freqtrade.worker - INFO - Bot heartbeat. PID=1, version='docker-2025.9-dev-5f1d9cba', state='RUNNING'
2025-11-22 23:21:51,011 - freqtrade.worker - INFO - Bot heartbeat. PID=1, version='docker-2025.9-dev-5f1d9cba', state='RUNNING'
2025-11-22 23:22:51,021 - freqtrade.worker - INFO - Bot heartbeat. PID=1, version='docker-2025.9-dev-5f1d9cba', state='RUNNING'
2025-11-22 23:23:51,027 - freqtrade.worker - INFO - Bot heartbeat. PID=1, version='docker-2025.9-dev-5f1d9cba', state='RUNNING'
2025-11-22 23:24:51,033 - freqtrade.worker - INFO - Bot heartbeat. PID=1, version='docker-2025.9-dev-5f1d9cba', state='RUNNING'
2025-11-22 23:25:02,223 - freqtrade.freqai.freqai_interface - INFO - Total time spent inferencing pairlist 0.96 seconds
2025-11-22 23:25:49,573 - freqtrade.freqai.base_models.BaseClassifierModel - INFO - -------------------- Starting training WIF/USDT:USDT --------------------
2025-11-22 23:25:49,643 - freqtrade.freqai.data_kitchen - INFO - WIF/USDT:USDT: dropped 65 training points due to NaNs in populated dataset 4319.
2025-11-22 23:25:49,645 - freqtrade.freqai.base_models.BaseClassifierModel - INFO - -------------------- Training on data from 2025-11-07 to 2025-11-22 --------------------
2025-11-22 23:25:49,878 - datasieve.pipeline - INFO - SVM detected 104 data points as outliers.
2025-11-22 23:25:52,349 - freqtrade.freqai.base_models.BaseClassifierModel - INFO - Training model on 758 features
2025-11-22 23:25:52,350 - freqtrade.freqai.base_models.BaseClassifierModel - INFO - Training model on 4150 data points
2025-11-22 23:25:56,007 - freqtrade.worker - INFO - Bot heartbeat. PID=1, version='docker-2025.9-dev-5f1d9cba', state='RUNNING'
2025-11-22 23:26:35,747 - freqtrade.freqai.base_models.BaseClassifierModel - INFO - -------------------- Done training WIF/USDT:USDT (46.17 secs) --------------------
2025-11-22 23:26:35,993 - freqtrade.freqai.data_drawer - INFO - Freqai purging old model file /freqtrade/user_data/models/1/sub-train-WIF_1763852148
2025-11-22 23:26:36,009 - freqtrade.freqai.freqai_interface - INFO - Total time spent training pairlist 47.75 seconds
2025-11-22 23:26:56,015 - freqtrade.worker - INFO - Bot heartbeat. PID=1, version='docker-2025.9-dev-5f1d9cba', state='RUNNING'
2025-11-22 23:27:56,027 - freqtrade.worker - INFO - Bot heartbeat. PID=1, version='docker-2025.9-dev-5f1d9cba', state='RUNNING'
2025-11-22 23:28:56,038 - freqtrade.worker - INFO - Bot heartbeat. PID=1, version='docker-2025.9-dev-5f1d9cba', state='RUNNING'
2025-11-22 23:29:56,049 - freqtrade.worker - INFO - Bot heartbeat. PID=1, version='docker-2025.9-dev-5f1d9cba', state='RUNNING'
2025-11-22 23:30:02,370 - freqtrade.freqai.freqai_interface - INFO - Total time spent inferencing pairlist 0.96 seconds
2025-11-22 23:31:01,006 - freqtrade.worker - INFO - Bot heartbeat. PID=1, version='docker-2025.9-dev-5f1d9cba', state='RUNNING'
2025-11-22 23:31:06,610 - freqtrade.wallets - INFO - Wallets synced.
2025-11-22 23:32:01,014 - freqtrade.worker - INFO - Bot heartbeat. PID=1, version='docker-2025.9-dev-5f1d9cba', state='RUNNING'
2025-11-22 23:33:01,021 - freqtrade.worker - INFO - Bot heartbeat. PID=1, version='docker-2025.9-dev-5f1d9cba', state='RUNNING'
2025-11-22 23:34:01,031 - freqtrade.worker - INFO - Bot heartbeat. PID=1, version='docker-2025.9-dev-5f1d9cba', state='RUNNING'
2025-11-22 23:35:02,136 - freqtrade.freqai.freqai_interface - INFO - Total time spent inferencing pairlist 0.90 seconds
2025-11-22 23:35:06,000 - freqtrade.worker - INFO - Bot heartbeat. PID=1, version='docker-2025.9-dev-5f1d9cba', state='RUNNING'
2025-11-22 23:36:06,006 - freqtrade.worker - INFO - Bot heartbeat. PID=1, version='docker-2025.9-dev-5f1d9cba', state='RUNNING'
2025-11-22 23:37:06,012 - freqtrade.worker - INFO - Bot heartbeat. PID=1, version='docker-2025.9-dev-5f1d9cba', state='RUNNING'
2025-11-22 23:38:06,025 - freqtrade.worker - INFO - Bot heartbeat. PID=1, version='docker-2025.9-dev-5f1d9cba', state='RUNNING'
2025-11-22 23:39:06,032 - freqtrade.worker - INFO - Bot heartbeat. PID=1, version='docker-2025.9-dev-5f1d9cba', state='RUNNING'
2025-11-22 23:40:02,195 - freqtrade.freqai.freqai_interface - INFO - Total time spent inferencing pairlist 0.95 seconds
2025-11-22 23:40:11,000 - freqtrade.worker - INFO - Bot heartbeat. PID=1, version='docker-2025.9-dev-5f1d9cba', state='RUNNING'
2025-11-22 23:40:49,538 - freqtrade.freqai.base_models.BaseClassifierModel - INFO - -------------------- Starting training WIF/USDT:USDT --------------------
2025-11-22 23:40:49,604 - freqtrade.freqai.data_kitchen - INFO - WIF/USDT:USDT: dropped 62 training points due to NaNs in populated dataset 4319.
2025-11-22 23:40:49,605 - freqtrade.freqai.base_models.BaseClassifierModel - INFO - -------------------- Training on data from 2025-11-07 to 2025-11-22 --------------------
2025-11-22 23:40:49,759 - datasieve.pipeline - INFO - SVM detected 104 data points as outliers.
2025-11-22 23:40:52,219 - freqtrade.freqai.base_models.BaseClassifierModel - INFO - Training model on 758 features
2025-11-22 23:40:52,220 - freqtrade.freqai.base_models.BaseClassifierModel - INFO - Training model on 4153 data points
2025-11-22 23:41:11,006 - freqtrade.worker - INFO - Bot heartbeat. PID=1, version='docker-2025.9-dev-5f1d9cba', state='RUNNING'
2025-11-22 23:41:34,930 - freqtrade.freqai.base_models.BaseClassifierModel - INFO - -------------------- Done training WIF/USDT:USDT (45.39 secs) --------------------
2025-11-22 23:41:35,036 - freqtrade.freqai.data_drawer - INFO - Freqai purging old model file /freqtrade/user_data/models/1/sub-train-WIF_1763853048
2025-11-22 23:41:35,051 - freqtrade.freqai.freqai_interface - INFO - Total time spent training pairlist 46.49 seconds
2025-11-22 23:42:11,013 - freqtrade.worker - INFO - Bot heartbeat. PID=1, version='docker-2025.9-dev-5f1d9cba', state='RUNNING'
2025-11-22 23:43:11,022 - freqtrade.worker - INFO - Bot heartbeat. PID=1, version='docker-2025.9-dev-5f1d9cba', state='RUNNING'
2025-11-22 23:44:11,033 - freqtrade.worker - INFO - Bot heartbeat. PID=1, version='docker-2025.9-dev-5f1d9cba', state='RUNNING'
2025-11-22 23:45:02,302 - freqtrade.freqai.freqai_interface - INFO - Total time spent inferencing pairlist 0.95 seconds
2025-11-22 23:45:16,001 - freqtrade.worker - INFO - Bot heartbeat. PID=1, version='docker-2025.9-dev-5f1d9cba', state='RUNNING'
2025-11-22 23:46:16,010 - freqtrade.worker - INFO - Bot heartbeat. PID=1, version='docker-2025.9-dev-5f1d9cba', state='RUNNING'
2025-11-22 23:47:16,020 - freqtrade.worker - INFO - Bot heartbeat. PID=1, version='docker-2025.9-dev-5f1d9cba', state='RUNNING'
2025-11-22 23:48:16,030 - freqtrade.worker - INFO - Bot heartbeat. PID=1, version='docker-2025.9-dev-5f1d9cba', state='RUNNING'
2025-11-22 23:49:16,040 - freqtrade.worker - INFO - Bot heartbeat. PID=1, version='docker-2025.9-dev-5f1d9cba', state='RUNNING'
2025-11-22 23:50:02,154 - freqtrade.freqai.freqai_interface - INFO - Total time spent inferencing pairlist 0.91 seconds
2025-11-22 23:50:21,002 - freqtrade.worker - INFO - Bot heartbeat. PID=1, version='docker-2025.9-dev-5f1d9cba', state='RUNNING'
2025-11-22 23:51:21,012 - freqtrade.worker - INFO - Bot heartbeat. PID=1, version='docker-2025.9-dev-5f1d9cba', state='RUNNING'
2025-11-22 23:52:21,019 - freqtrade.worker - INFO - Bot heartbeat. PID=1, version='docker-2025.9-dev-5f1d9cba', state='RUNNING'
2025-11-22 23:53:21,028 - freqtrade.worker - INFO - Bot heartbeat. PID=1, version='docker-2025.9-dev-5f1d9cba', state='RUNNING'
2025-11-22 23:54:21,036 - freqtrade.worker - INFO - Bot heartbeat. PID=1, version='docker-2025.9-dev-5f1d9cba', state='RUNNING'
2025-11-22 23:55:02,159 - freqtrade.freqai.freqai_interface - INFO - Total time spent inferencing pairlist 0.96 seconds
2025-11-22 23:55:26,001 - freqtrade.worker - INFO - Bot heartbeat. PID=1, version='docker-2025.9-dev-5f1d9cba', state='RUNNING'
2025-11-22 23:55:49,629 - freqtrade.freqai.base_models.BaseClassifierModel - INFO - -------------------- Starting training WIF/USDT:USDT --------------------
2025-11-22 23:55:49,710 - freqtrade.freqai.data_kitchen - INFO - WIF/USDT:USDT: dropped 59 training points due to NaNs in populated dataset 4319.
2025-11-22 23:55:49,711 - freqtrade.freqai.base_models.BaseClassifierModel - INFO - -------------------- Training on data from 2025-11-08 to 2025-11-22 --------------------
2025-11-22 23:55:49,867 - datasieve.pipeline - INFO - SVM detected 140 data points as outliers.
2025-11-22 23:55:52,101 - freqtrade.freqai.base_models.BaseClassifierModel - INFO - Training model on 758 features
2025-11-22 23:55:52,103 - freqtrade.freqai.base_models.BaseClassifierModel - INFO - Training model on 4120 data points
2025-11-22 23:56:26,015 - freqtrade.worker - INFO - Bot heartbeat. PID=1, version='docker-2025.9-dev-5f1d9cba', state='RUNNING'
2025-11-22 23:56:35,937 - freqtrade.freqai.base_models.BaseClassifierModel - INFO - -------------------- Done training WIF/USDT:USDT (46.31 secs) --------------------
2025-11-22 23:56:36,093 - freqtrade.freqai.data_drawer - INFO - Freqai purging old model file /freqtrade/user_data/models/1/sub-train-WIF_1763853948
2025-11-22 23:56:36,109 - freqtrade.freqai.freqai_interface - INFO - Total time spent training pairlist 47.63 seconds
2025-11-22 23:57:26,023 - freqtrade.worker - INFO - Bot heartbeat. PID=1, version='docker-2025.9-dev-5f1d9cba', state='RUNNING'
2025-11-22 23:58:26,033 - freqtrade.worker - INFO - Bot heartbeat. PID=1, version='docker-2025.9-dev-5f1d9cba', state='RUNNING'
2025-11-22 23:59:26,042 - freqtrade.worker - INFO - Bot heartbeat. PID=1, version='docker-2025.9-dev-5f1d9cba', state='RUNNING'
2025-11-23 00:00:02,620 - freqtrade.freqai.freqai_interface - INFO - Total time spent inferencing pairlist 1.22 seconds
2025-11-23 00:00:31,002 - freqtrade.worker - INFO - Bot heartbeat. PID=1, version='docker-2025.9-dev-5f1d9cba', state='RUNNING'
2025-11-23 00:01:06,616 - freqtrade.wallets - INFO - Wallets synced.
2025-11-23 00:01:31,009 - freqtrade.worker - INFO - Bot heartbeat. PID=1, version='docker-2025.9-dev-5f1d9cba', state='RUNNING'
2025-11-23 00:02:01,064 - freqtrade.exchange.exchange_ws - INFO - Resetting WS connections.
2025-11-23 00:02:01,068 - freqtrade.exchange.exchange_ws - INFO - BTC/USDT, 5m, futures - Task finished - cancelled
2025-11-23 00:02:01,072 - freqtrade.exchange.exchange_ws - INFO - BTC/USDT, 15m, futures - Task finished - cancelled
2025-11-23 00:02:01,074 - freqtrade.exchange.exchange_ws - INFO - BTC/USDT, 1h, futures - Task finished - cancelled
2025-11-23 00:02:01,075 - freqtrade.exchange.exchange_ws - INFO - ETH/USDT, 15m, futures - Task finished - cancelled
2025-11-23 00:02:01,077 - freqtrade.exchange.exchange_ws - INFO - ETH/USDT, 1h, futures - Task finished - cancelled
2025-11-23 00:02:01,079 - freqtrade.exchange.exchange_ws - INFO - ETH/USDT, 5m, futures - Task finished - cancelled
2025-11-23 00:02:01,081 - freqtrade.exchange.exchange_ws - INFO - WIF/USDT:USDT, 5m, futures - Task finished - cancelled
2025-11-23 00:02:01,084 - freqtrade.exchange.exchange_ws - INFO - WIF/USDT:USDT, 15m, futures - Task finished - cancelled
2025-11-23 00:02:01,086 - freqtrade.exchange.exchange_ws - INFO - WIF/USDT:USDT, 1h, futures - Task finished - cancelled
2025-11-23 00:02:01,292 - freqtrade.exchange.exchange_ws - ERROR - Exception in _unwatch_ohlcv
Traceback (most recent call last):
  File "/freqtrade/freqtrade/exchange/exchange_ws.py", line 144, in _unwatch_ohlcv
    await self._ccxt_object.un_watch_ohlcv_for_symbols([[pair, timeframe]])
  File "/home/ftuser/.local/lib/python3.13/site-packages/ccxt/pro/bybit.py", line 723, in un_watch_ohlcv_for_symbols
    return await self.un_watch_topics(url, 'ohlcv', symbols, messageHashes, subMessageHashes, rawHashes, params, subExtension)
           ^^^^^^^^^^^^^^^^^^^^^^^^^^^^^^^^^^^^^^^^^^^^^^^^^^^^^^^^^^^^^^^^^^^^^^^^^^^^^^^^^^^^^^^^^^^^^^^^^^^^^^^^^^^^^^^^^^^
  File "/home/ftuser/.local/lib/python3.13/site-packages/ccxt/pro/bybit.py", line 2132, in un_watch_topics
    return await self.watch_multiple(url, messageHashes, message, messageHashes, self.extend(subscription, subExtension))
           ^^^^^^^^^^^^^^^^^^^^^^^^^^^^^^^^^^^^^^^^^^^^^^^^^^^^^^^^^^^^^^^^^^^^^^^^^^^^^^^^^^^^^^^^^^^^^^^^^^^^^^^^^^^^^^
ccxt.base.errors.NetworkError: Connector is closed.
2025-11-23 00:02:01,301 - freqtrade.exchange.exchange_ws - ERROR - Exception in _unwatch_ohlcv
Traceback (most recent call last):
  File "/freqtrade/freqtrade/exchange/exchange_ws.py", line 144, in _unwatch_ohlcv
    await self._ccxt_object.un_watch_ohlcv_for_symbols([[pair, timeframe]])
  File "/home/ftuser/.local/lib/python3.13/site-packages/ccxt/pro/bybit.py", line 723, in un_watch_ohlcv_for_symbols
    return await self.un_watch_topics(url, 'ohlcv', symbols, messageHashes, subMessageHashes, rawHashes, params, subExtension)
           ^^^^^^^^^^^^^^^^^^^^^^^^^^^^^^^^^^^^^^^^^^^^^^^^^^^^^^^^^^^^^^^^^^^^^^^^^^^^^^^^^^^^^^^^^^^^^^^^^^^^^^^^^^^^^^^^^^^
  File "/home/ftuser/.local/lib/python3.13/site-packages/ccxt/pro/bybit.py", line 2132, in un_watch_topics
    return await self.watch_multiple(url, messageHashes, message, messageHashes, self.extend(subscription, subExtension))
           ^^^^^^^^^^^^^^^^^^^^^^^^^^^^^^^^^^^^^^^^^^^^^^^^^^^^^^^^^^^^^^^^^^^^^^^^^^^^^^^^^^^^^^^^^^^^^^^^^^^^^^^^^^^^^^
ccxt.base.errors.NetworkError: Connector is closed.
2025-11-23 00:02:01,305 - freqtrade.exchange.exchange_ws - ERROR - Exception in _unwatch_ohlcv
Traceback (most recent call last):
  File "/freqtrade/freqtrade/exchange/exchange_ws.py", line 144, in _unwatch_ohlcv
    await self._ccxt_object.un_watch_ohlcv_for_symbols([[pair, timeframe]])
  File "/home/ftuser/.local/lib/python3.13/site-packages/ccxt/pro/bybit.py", line 723, in un_watch_ohlcv_for_symbols
    return await self.un_watch_topics(url, 'ohlcv', symbols, messageHashes, subMessageHashes, rawHashes, params, subExtension)
           ^^^^^^^^^^^^^^^^^^^^^^^^^^^^^^^^^^^^^^^^^^^^^^^^^^^^^^^^^^^^^^^^^^^^^^^^^^^^^^^^^^^^^^^^^^^^^^^^^^^^^^^^^^^^^^^^^^^
  File "/home/ftuser/.local/lib/python3.13/site-packages/ccxt/pro/bybit.py", line 2132, in un_watch_topics
    return await self.watch_multiple(url, messageHashes, message, messageHashes, self.extend(subscription, subExtension))
           ^^^^^^^^^^^^^^^^^^^^^^^^^^^^^^^^^^^^^^^^^^^^^^^^^^^^^^^^^^^^^^^^^^^^^^^^^^^^^^^^^^^^^^^^^^^^^^^^^^^^^^^^^^^^^^
ccxt.base.errors.NetworkError: Connector is closed.
2025-11-23 00:02:01,310 - freqtrade.exchange.exchange_ws - ERROR - Exception in _unwatch_ohlcv
Traceback (most recent call last):
  File "/freqtrade/freqtrade/exchange/exchange_ws.py", line 144, in _unwatch_ohlcv
    await self._ccxt_object.un_watch_ohlcv_for_symbols([[pair, timeframe]])
  File "/home/ftuser/.local/lib/python3.13/site-packages/ccxt/pro/bybit.py", line 723, in un_watch_ohlcv_for_symbols
    return await self.un_watch_topics(url, 'ohlcv', symbols, messageHashes, subMessageHashes, rawHashes, params, subExtension)
           ^^^^^^^^^^^^^^^^^^^^^^^^^^^^^^^^^^^^^^^^^^^^^^^^^^^^^^^^^^^^^^^^^^^^^^^^^^^^^^^^^^^^^^^^^^^^^^^^^^^^^^^^^^^^^^^^^^^
  File "/home/ftuser/.local/lib/python3.13/site-packages/ccxt/pro/bybit.py", line 2132, in un_watch_topics
    return await self.watch_multiple(url, messageHashes, message, messageHashes, self.extend(subscription, subExtension))
           ^^^^^^^^^^^^^^^^^^^^^^^^^^^^^^^^^^^^^^^^^^^^^^^^^^^^^^^^^^^^^^^^^^^^^^^^^^^^^^^^^^^^^^^^^^^^^^^^^^^^^^^^^^^^^^
ccxt.base.errors.NetworkError: Connector is closed.
2025-11-23 00:02:01,314 - freqtrade.exchange.exchange_ws - ERROR - Exception in _unwatch_ohlcv
Traceback (most recent call last):
  File "/freqtrade/freqtrade/exchange/exchange_ws.py", line 144, in _unwatch_ohlcv
    await self._ccxt_object.un_watch_ohlcv_for_symbols([[pair, timeframe]])
  File "/home/ftuser/.local/lib/python3.13/site-packages/ccxt/pro/bybit.py", line 723, in un_watch_ohlcv_for_symbols
    return await self.un_watch_topics(url, 'ohlcv', symbols, messageHashes, subMessageHashes, rawHashes, params, subExtension)
           ^^^^^^^^^^^^^^^^^^^^^^^^^^^^^^^^^^^^^^^^^^^^^^^^^^^^^^^^^^^^^^^^^^^^^^^^^^^^^^^^^^^^^^^^^^^^^^^^^^^^^^^^^^^^^^^^^^^
  File "/home/ftuser/.local/lib/python3.13/site-packages/ccxt/pro/bybit.py", line 2132, in un_watch_topics
    return await self.watch_multiple(url, messageHashes, message, messageHashes, self.extend(subscription, subExtension))
           ^^^^^^^^^^^^^^^^^^^^^^^^^^^^^^^^^^^^^^^^^^^^^^^^^^^^^^^^^^^^^^^^^^^^^^^^^^^^^^^^^^^^^^^^^^^^^^^^^^^^^^^^^^^^^^
ccxt.base.errors.NetworkError: Connector is closed.
2025-11-23 00:02:01,318 - freqtrade.exchange.exchange_ws - ERROR - Exception in _unwatch_ohlcv
Traceback (most recent call last):
  File "/freqtrade/freqtrade/exchange/exchange_ws.py", line 144, in _unwatch_ohlcv
    await self._ccxt_object.un_watch_ohlcv_for_symbols([[pair, timeframe]])
  File "/home/ftuser/.local/lib/python3.13/site-packages/ccxt/pro/bybit.py", line 723, in un_watch_ohlcv_for_symbols
    return await self.un_watch_topics(url, 'ohlcv', symbols, messageHashes, subMessageHashes, rawHashes, params, subExtension)
           ^^^^^^^^^^^^^^^^^^^^^^^^^^^^^^^^^^^^^^^^^^^^^^^^^^^^^^^^^^^^^^^^^^^^^^^^^^^^^^^^^^^^^^^^^^^^^^^^^^^^^^^^^^^^^^^^^^^
  File "/home/ftuser/.local/lib/python3.13/site-packages/ccxt/pro/bybit.py", line 2132, in un_watch_topics
    return await self.watch_multiple(url, messageHashes, message, messageHashes, self.extend(subscription, subExtension))
           ^^^^^^^^^^^^^^^^^^^^^^^^^^^^^^^^^^^^^^^^^^^^^^^^^^^^^^^^^^^^^^^^^^^^^^^^^^^^^^^^^^^^^^^^^^^^^^^^^^^^^^^^^^^^^^
ccxt.base.errors.NetworkError: Connector is closed.
2025-11-23 00:02:01,322 - freqtrade.exchange.exchange_ws - ERROR - Exception in _unwatch_ohlcv
Traceback (most recent call last):
  File "/freqtrade/freqtrade/exchange/exchange_ws.py", line 144, in _unwatch_ohlcv
    await self._ccxt_object.un_watch_ohlcv_for_symbols([[pair, timeframe]])
  File "/home/ftuser/.local/lib/python3.13/site-packages/ccxt/pro/bybit.py", line 723, in un_watch_ohlcv_for_symbols
    return await self.un_watch_topics(url, 'ohlcv', symbols, messageHashes, subMessageHashes, rawHashes, params, subExtension)
           ^^^^^^^^^^^^^^^^^^^^^^^^^^^^^^^^^^^^^^^^^^^^^^^^^^^^^^^^^^^^^^^^^^^^^^^^^^^^^^^^^^^^^^^^^^^^^^^^^^^^^^^^^^^^^^^^^^^
  File "/home/ftuser/.local/lib/python3.13/site-packages/ccxt/pro/bybit.py", line 2132, in un_watch_topics
    return await self.watch_multiple(url, messageHashes, message, messageHashes, self.extend(subscription, subExtension))
           ^^^^^^^^^^^^^^^^^^^^^^^^^^^^^^^^^^^^^^^^^^^^^^^^^^^^^^^^^^^^^^^^^^^^^^^^^^^^^^^^^^^^^^^^^^^^^^^^^^^^^^^^^^^^^^
ccxt.base.errors.NetworkError: Connector is closed.
2025-11-23 00:02:01,326 - freqtrade.exchange.exchange_ws - ERROR - Exception in _unwatch_ohlcv
Traceback (most recent call last):
  File "/freqtrade/freqtrade/exchange/exchange_ws.py", line 144, in _unwatch_ohlcv
    await self._ccxt_object.un_watch_ohlcv_for_symbols([[pair, timeframe]])
  File "/home/ftuser/.local/lib/python3.13/site-packages/ccxt/pro/bybit.py", line 723, in un_watch_ohlcv_for_symbols
    return await self.un_watch_topics(url, 'ohlcv', symbols, messageHashes, subMessageHashes, rawHashes, params, subExtension)
           ^^^^^^^^^^^^^^^^^^^^^^^^^^^^^^^^^^^^^^^^^^^^^^^^^^^^^^^^^^^^^^^^^^^^^^^^^^^^^^^^^^^^^^^^^^^^^^^^^^^^^^^^^^^^^^^^^^^
  File "/home/ftuser/.local/lib/python3.13/site-packages/ccxt/pro/bybit.py", line 2132, in un_watch_topics
    return await self.watch_multiple(url, messageHashes, message, messageHashes, self.extend(subscription, subExtension))
           ^^^^^^^^^^^^^^^^^^^^^^^^^^^^^^^^^^^^^^^^^^^^^^^^^^^^^^^^^^^^^^^^^^^^^^^^^^^^^^^^^^^^^^^^^^^^^^^^^^^^^^^^^^^^^^
ccxt.base.errors.NetworkError: Connector is closed.
2025-11-23 00:02:01,330 - freqtrade.exchange.exchange_ws - ERROR - Exception in _unwatch_ohlcv
Traceback (most recent call last):
  File "/freqtrade/freqtrade/exchange/exchange_ws.py", line 144, in _unwatch_ohlcv
    await self._ccxt_object.un_watch_ohlcv_for_symbols([[pair, timeframe]])
  File "/home/ftuser/.local/lib/python3.13/site-packages/ccxt/pro/bybit.py", line 723, in un_watch_ohlcv_for_symbols
    return await self.un_watch_topics(url, 'ohlcv', symbols, messageHashes, subMessageHashes, rawHashes, params, subExtension)
           ^^^^^^^^^^^^^^^^^^^^^^^^^^^^^^^^^^^^^^^^^^^^^^^^^^^^^^^^^^^^^^^^^^^^^^^^^^^^^^^^^^^^^^^^^^^^^^^^^^^^^^^^^^^^^^^^^^^
  File "/home/ftuser/.local/lib/python3.13/site-packages/ccxt/pro/bybit.py", line 2132, in un_watch_topics
    return await self.watch_multiple(url, messageHashes, message, messageHashes, self.extend(subscription, subExtension))
           ^^^^^^^^^^^^^^^^^^^^^^^^^^^^^^^^^^^^^^^^^^^^^^^^^^^^^^^^^^^^^^^^^^^^^^^^^^^^^^^^^^^^^^^^^^^^^^^^^^^^^^^^^^^^^^
ccxt.base.errors.NetworkError: Connector is closed.
2025-11-23 00:02:31,021 - freqtrade.worker - INFO - Bot heartbeat. PID=1, version='docker-2025.9-dev-5f1d9cba', state='RUNNING'
2025-11-23 00:03:31,032 - freqtrade.worker - INFO - Bot heartbeat. PID=1, version='docker-2025.9-dev-5f1d9cba', state='RUNNING'
2025-11-23 00:04:31,038 - freqtrade.worker - INFO - Bot heartbeat. PID=1, version='docker-2025.9-dev-5f1d9cba', state='RUNNING'
2025-11-23 00:05:01,038 - freqtrade.exchange.exchange - INFO - Couldn't reuse watch for WIF/USDT:USDT, 5m, falling back to REST api. False, 1763856300000, 0, 2025-11-23T00:05:00, 1970-01-01T00:00:00 
2025-11-23 00:05:01,045 - freqtrade.exchange.exchange - INFO - Couldn't reuse watch for BTC/USDT, 5m, falling back to REST api. False, 1763856300000, 0, 2025-11-23T00:05:00, 1970-01-01T00:00:00 
2025-11-23 00:05:01,047 - freqtrade.exchange.exchange - INFO - Couldn't reuse watch for ETH/USDT, 5m, falling back to REST api. False, 1763856300000, 0, 2025-11-23T00:05:00, 1970-01-01T00:00:00 
2025-11-23 00:05:02,654 - freqtrade.freqai.freqai_interface - INFO - Total time spent inferencing pairlist 0.87 seconds
2025-11-23 00:05:36,002 - freqtrade.worker - INFO - Bot heartbeat. PID=1, version='docker-2025.9-dev-5f1d9cba', state='RUNNING'
2025-11-23 00:06:36,011 - freqtrade.worker - INFO - Bot heartbeat. PID=1, version='docker-2025.9-dev-5f1d9cba', state='RUNNING'
2025-11-23 00:07:36,017 - freqtrade.worker - INFO - Bot heartbeat. PID=1, version='docker-2025.9-dev-5f1d9cba', state='RUNNING'
2025-11-23 00:08:36,026 - freqtrade.worker - INFO - Bot heartbeat. PID=1, version='docker-2025.9-dev-5f1d9cba', state='RUNNING'
2025-11-23 00:09:06,703 - uvicorn.error - WARNING - Invalid HTTP request received.
2025-11-23 00:09:07,057 - uvicorn.error - WARNING - Invalid HTTP request received.
2025-11-23 00:09:11,861 - uvicorn.error - WARNING - Invalid HTTP request received.
2025-11-23 00:09:36,040 - freqtrade.worker - INFO - Bot heartbeat. PID=1, version='docker-2025.9-dev-5f1d9cba', state='RUNNING'
2025-11-23 00:10:02,216 - freqtrade.freqai.freqai_interface - INFO - Total time spent inferencing pairlist 0.97 seconds
2025-11-23 00:10:41,003 - freqtrade.worker - INFO - Bot heartbeat. PID=1, version='docker-2025.9-dev-5f1d9cba', state='RUNNING'
2025-11-23 00:10:49,474 - freqtrade.freqai.base_models.BaseClassifierModel - INFO - -------------------- Starting training WIF/USDT:USDT --------------------
2025-11-23 00:10:49,528 - freqtrade.freqai.data_kitchen - INFO - WIF/USDT:USDT: dropped 56 training points due to NaNs in populated dataset 4319.
2025-11-23 00:10:49,530 - freqtrade.freqai.base_models.BaseClassifierModel - INFO - -------------------- Training on data from 2025-11-08 to 2025-11-23 --------------------
2025-11-23 00:10:49,685 - datasieve.pipeline - INFO - SVM detected 12 data points as outliers.
2025-11-23 00:10:52,577 - freqtrade.freqai.base_models.BaseClassifierModel - INFO - Training model on 758 features
2025-11-23 00:10:52,578 - freqtrade.freqai.base_models.BaseClassifierModel - INFO - Training model on 4251 data points
2025-11-23 00:11:38,513 - freqtrade.freqai.base_models.BaseClassifierModel - INFO - -------------------- Done training WIF/USDT:USDT (49.04 secs) --------------------
2025-11-23 00:11:38,741 - freqtrade.freqai.data_drawer - INFO - Freqai purging old model file /freqtrade/user_data/models/1/sub-train-WIF_1763854848
2025-11-23 00:11:38,755 - freqtrade.freqai.freqai_interface - INFO - Total time spent training pairlist 50.20 seconds
2025-11-23 00:11:41,011 - freqtrade.worker - INFO - Bot heartbeat. PID=1, version='docker-2025.9-dev-5f1d9cba', state='RUNNING'
2025-11-23 00:11:51,118 - freqtrade.plugins.pairlistmanager - INFO - Whitelist with 1 pairs: ['WIF/USDT:USDT']
2025-11-23 00:12:41,133 - freqtrade.worker - INFO - Bot heartbeat. PID=1, version='docker-2025.9-dev-5f1d9cba', state='RUNNING'
2025-11-23 00:13:41,142 - freqtrade.worker - INFO - Bot heartbeat. PID=1, version='docker-2025.9-dev-5f1d9cba', state='RUNNING'
2025-11-23 00:14:41,151 - freqtrade.worker - INFO - Bot heartbeat. PID=1, version='docker-2025.9-dev-5f1d9cba', state='RUNNING'
2025-11-23 00:15:01,044 - freqtrade.exchange.exchange - INFO - Couldn't reuse watch for ETH/USDT, 15m, falling back to REST api. False, 1763856900000, 0, 2025-11-23T00:15:00, 1970-01-01T00:00:00 
2025-11-23 00:15:01,047 - freqtrade.exchange.exchange - INFO - Couldn't reuse watch for WIF/USDT:USDT, 15m, falling back to REST api. False, 1763856900000, 0, 2025-11-23T00:15:00, 1970-01-01T00:00:00 
2025-11-23 00:15:01,050 - freqtrade.exchange.exchange - INFO - Couldn't reuse watch for BTC/USDT, 15m, falling back to REST api. False, 1763856900000, 0, 2025-11-23T00:15:00, 1970-01-01T00:00:00 
2025-11-23 00:15:02,859 - freqtrade.freqai.freqai_interface - INFO - Total time spent inferencing pairlist 0.97 seconds
2025-11-23 00:15:28,087 - uvicorn.error - WARNING - Invalid HTTP request received.
2025-11-23 00:15:28,222 - uvicorn.error - WARNING - Invalid HTTP request received.
2025-11-23 00:15:46,003 - freqtrade.worker - INFO - Bot heartbeat. PID=1, version='docker-2025.9-dev-5f1d9cba', state='RUNNING'
2025-11-23 00:16:46,015 - freqtrade.worker - INFO - Bot heartbeat. PID=1, version='docker-2025.9-dev-5f1d9cba', state='RUNNING'
2025-11-23 00:17:46,021 - freqtrade.worker - INFO - Bot heartbeat. PID=1, version='docker-2025.9-dev-5f1d9cba', state='RUNNING'
2025-11-23 00:18:46,028 - freqtrade.worker - INFO - Bot heartbeat. PID=1, version='docker-2025.9-dev-5f1d9cba', state='RUNNING'
2025-11-23 00:19:46,037 - freqtrade.worker - INFO - Bot heartbeat. PID=1, version='docker-2025.9-dev-5f1d9cba', state='RUNNING'
2025-11-23 00:20:02,208 - freqtrade.freqai.freqai_interface - INFO - Total time spent inferencing pairlist 0.95 seconds
2025-11-23 00:20:51,003 - freqtrade.worker - INFO - Bot heartbeat. PID=1, version='docker-2025.9-dev-5f1d9cba', state='RUNNING'
2025-11-23 00:21:51,013 - freqtrade.worker - INFO - Bot heartbeat. PID=1, version='docker-2025.9-dev-5f1d9cba', state='RUNNING'
2025-11-23 00:22:51,019 - freqtrade.worker - INFO - Bot heartbeat. PID=1, version='docker-2025.9-dev-5f1d9cba', state='RUNNING'
2025-11-23 00:23:51,032 - freqtrade.worker - INFO - Bot heartbeat. PID=1, version='docker-2025.9-dev-5f1d9cba', state='RUNNING'
2025-11-23 00:24:51,045 - freqtrade.worker - INFO - Bot heartbeat. PID=1, version='docker-2025.9-dev-5f1d9cba', state='RUNNING'
2025-11-23 00:25:02,151 - freqtrade.freqai.freqai_interface - INFO - Total time spent inferencing pairlist 0.92 seconds
2025-11-23 00:25:49,228 - freqtrade.freqai.base_models.BaseClassifierModel - INFO - -------------------- Starting training WIF/USDT:USDT --------------------
2025-11-23 00:25:49,297 - freqtrade.freqai.data_kitchen - INFO - WIF/USDT:USDT: dropped 53 training points due to NaNs in populated dataset 4319.
2025-11-23 00:25:49,298 - freqtrade.freqai.base_models.BaseClassifierModel - INFO - -------------------- Training on data from 2025-11-08 to 2025-11-23 --------------------
2025-11-23 00:25:49,451 - datasieve.pipeline - INFO - SVM detected 53 data points as outliers.
2025-11-23 00:25:51,985 - freqtrade.freqai.base_models.BaseClassifierModel - INFO - Training model on 758 features
2025-11-23 00:25:51,986 - freqtrade.freqai.base_models.BaseClassifierModel - INFO - Training model on 4213 data points
2025-11-23 00:25:56,008 - freqtrade.worker - INFO - Bot heartbeat. PID=1, version='docker-2025.9-dev-5f1d9cba', state='RUNNING'
2025-11-23 00:26:39,972 - freqtrade.freqai.base_models.BaseClassifierModel - INFO - -------------------- Done training WIF/USDT:USDT (50.74 secs) --------------------
2025-11-23 00:26:40,112 - freqtrade.freqai.data_drawer - INFO - Freqai purging old model file /freqtrade/user_data/models/1/sub-train-WIF_1763855748
2025-11-23 00:26:40,134 - freqtrade.freqai.freqai_interface - INFO - Total time spent training pairlist 51.86 seconds
2025-11-23 00:26:56,023 - freqtrade.worker - INFO - Bot heartbeat. PID=1, version='docker-2025.9-dev-5f1d9cba', state='RUNNING'
2025-11-23 00:27:56,033 - freqtrade.worker - INFO - Bot heartbeat. PID=1, version='docker-2025.9-dev-5f1d9cba', state='RUNNING'
2025-11-23 00:28:56,041 - freqtrade.worker - INFO - Bot heartbeat. PID=1, version='docker-2025.9-dev-5f1d9cba', state='RUNNING'
2025-11-23 00:29:56,061 - freqtrade.worker - INFO - Bot heartbeat. PID=1, version='docker-2025.9-dev-5f1d9cba', state='RUNNING'
2025-11-23 00:30:02,193 - freqtrade.freqai.freqai_interface - INFO - Total time spent inferencing pairlist 0.93 seconds
2025-11-23 00:31:01,004 - freqtrade.worker - INFO - Bot heartbeat. PID=1, version='docker-2025.9-dev-5f1d9cba', state='RUNNING'
2025-11-23 00:31:06,454 - freqtrade.wallets - INFO - Wallets synced.
2025-11-23 00:32:01,012 - freqtrade.worker - INFO - Bot heartbeat. PID=1, version='docker-2025.9-dev-5f1d9cba', state='RUNNING'
2025-11-23 00:33:01,022 - freqtrade.worker - INFO - Bot heartbeat. PID=1, version='docker-2025.9-dev-5f1d9cba', state='RUNNING'
2025-11-23 00:34:01,039 - freqtrade.worker - INFO - Bot heartbeat. PID=1, version='docker-2025.9-dev-5f1d9cba', state='RUNNING'
2025-11-23 00:35:02,352 - freqtrade.freqai.freqai_interface - INFO - Total time spent inferencing pairlist 1.13 seconds
2025-11-23 00:35:06,000 - freqtrade.worker - INFO - Bot heartbeat. PID=1, version='docker-2025.9-dev-5f1d9cba', state='RUNNING'
2025-11-23 00:36:06,009 - freqtrade.worker - INFO - Bot heartbeat. PID=1, version='docker-2025.9-dev-5f1d9cba', state='RUNNING'
2025-11-23 00:37:06,023 - freqtrade.worker - INFO - Bot heartbeat. PID=1, version='docker-2025.9-dev-5f1d9cba', state='RUNNING'
2025-11-23 00:38:06,032 - freqtrade.worker - INFO - Bot heartbeat. PID=1, version='docker-2025.9-dev-5f1d9cba', state='RUNNING'
2025-11-23 00:39:06,039 - freqtrade.worker - INFO - Bot heartbeat. PID=1, version='docker-2025.9-dev-5f1d9cba', state='RUNNING'
2025-11-23 00:40:02,160 - freqtrade.freqai.freqai_interface - INFO - Total time spent inferencing pairlist 0.92 seconds
2025-11-23 00:40:11,001 - freqtrade.worker - INFO - Bot heartbeat. PID=1, version='docker-2025.9-dev-5f1d9cba', state='RUNNING'
2025-11-23 00:40:49,695 - freqtrade.freqai.base_models.BaseClassifierModel - INFO - -------------------- Starting training WIF/USDT:USDT --------------------
2025-11-23 00:40:49,783 - freqtrade.freqai.data_kitchen - INFO - WIF/USDT:USDT: dropped 50 training points due to NaNs in populated dataset 4319.
2025-11-23 00:40:49,784 - freqtrade.freqai.base_models.BaseClassifierModel - INFO - -------------------- Training on data from 2025-11-08 to 2025-11-23 --------------------
2025-11-23 00:40:49,954 - datasieve.pipeline - INFO - SVM detected 51 data points as outliers.
2025-11-23 00:40:52,622 - freqtrade.freqai.base_models.BaseClassifierModel - INFO - Training model on 758 features
2025-11-23 00:40:52,623 - freqtrade.freqai.base_models.BaseClassifierModel - INFO - Training model on 4218 data points
2025-11-23 00:41:11,006 - freqtrade.worker - INFO - Bot heartbeat. PID=1, version='docker-2025.9-dev-5f1d9cba', state='RUNNING'
2025-11-23 00:41:39,251 - freqtrade.freqai.base_models.BaseClassifierModel - INFO - -------------------- Done training WIF/USDT:USDT (49.55 secs) --------------------
2025-11-23 00:41:39,444 - freqtrade.freqai.data_drawer - INFO - Freqai purging old model file /freqtrade/user_data/models/1/sub-train-WIF_1763856648
2025-11-23 00:41:39,465 - freqtrade.freqai.freqai_interface - INFO - Total time spent training pairlist 50.84 seconds
2025-11-23 00:42:11,013 - freqtrade.worker - INFO - Bot heartbeat. PID=1, version='docker-2025.9-dev-5f1d9cba', state='RUNNING'
2025-11-23 00:43:11,022 - freqtrade.worker - INFO - Bot heartbeat. PID=1, version='docker-2025.9-dev-5f1d9cba', state='RUNNING'
2025-11-23 00:44:11,035 - freqtrade.worker - INFO - Bot heartbeat. PID=1, version='docker-2025.9-dev-5f1d9cba', state='RUNNING'
2025-11-23 00:45:02,124 - freqtrade.freqai.freqai_interface - INFO - Total time spent inferencing pairlist 0.87 seconds
2025-11-23 00:45:16,001 - freqtrade.worker - INFO - Bot heartbeat. PID=1, version='docker-2025.9-dev-5f1d9cba', state='RUNNING'
2025-11-23 00:46:16,011 - freqtrade.worker - INFO - Bot heartbeat. PID=1, version='docker-2025.9-dev-5f1d9cba', state='RUNNING'
2025-11-23 00:46:43,002 - uvicorn.error - WARNING - Invalid HTTP request received.
2025-11-23 00:47:16,021 - freqtrade.worker - INFO - Bot heartbeat. PID=1, version='docker-2025.9-dev-5f1d9cba', state='RUNNING'
2025-11-23 00:48:16,027 - freqtrade.worker - INFO - Bot heartbeat. PID=1, version='docker-2025.9-dev-5f1d9cba', state='RUNNING'
2025-11-23 00:49:16,035 - freqtrade.worker - INFO - Bot heartbeat. PID=1, version='docker-2025.9-dev-5f1d9cba', state='RUNNING'
2025-11-23 00:50:02,214 - freqtrade.freqai.freqai_interface - INFO - Total time spent inferencing pairlist 0.98 seconds
2025-11-23 00:50:21,001 - freqtrade.worker - INFO - Bot heartbeat. PID=1, version='docker-2025.9-dev-5f1d9cba', state='RUNNING'
2025-11-23 00:51:21,006 - freqtrade.worker - INFO - Bot heartbeat. PID=1, version='docker-2025.9-dev-5f1d9cba', state='RUNNING'
2025-11-23 00:52:21,012 - freqtrade.worker - INFO - Bot heartbeat. PID=1, version='docker-2025.9-dev-5f1d9cba', state='RUNNING'
2025-11-23 00:53:21,021 - freqtrade.worker - INFO - Bot heartbeat. PID=1, version='docker-2025.9-dev-5f1d9cba', state='RUNNING'
2025-11-23 00:54:21,029 - freqtrade.worker - INFO - Bot heartbeat. PID=1, version='docker-2025.9-dev-5f1d9cba', state='RUNNING'
2025-11-23 00:55:02,101 - freqtrade.freqai.freqai_interface - INFO - Total time spent inferencing pairlist 0.95 seconds
2025-11-23 00:55:26,001 - freqtrade.worker - INFO - Bot heartbeat. PID=1, version='docker-2025.9-dev-5f1d9cba', state='RUNNING'
2025-11-23 00:55:49,860 - freqtrade.freqai.base_models.BaseClassifierModel - INFO - -------------------- Starting training WIF/USDT:USDT --------------------
2025-11-23 00:55:49,923 - freqtrade.freqai.data_kitchen - INFO - WIF/USDT:USDT: dropped 47 training points due to NaNs in populated dataset 4319.
2025-11-23 00:55:49,924 - freqtrade.freqai.base_models.BaseClassifierModel - INFO - -------------------- Training on data from 2025-11-08 to 2025-11-23 --------------------
2025-11-23 00:55:50,085 - datasieve.pipeline - INFO - SVM detected 53 data points as outliers.
2025-11-23 00:55:52,700 - freqtrade.freqai.base_models.BaseClassifierModel - INFO - Training model on 758 features
2025-11-23 00:55:52,701 - freqtrade.freqai.base_models.BaseClassifierModel - INFO - Training model on 4219 data points
2025-11-23 00:56:26,009 - freqtrade.worker - INFO - Bot heartbeat. PID=1, version='docker-2025.9-dev-5f1d9cba', state='RUNNING'
2025-11-23 00:56:38,547 - freqtrade.freqai.base_models.BaseClassifierModel - INFO - -------------------- Done training WIF/USDT:USDT (48.69 secs) --------------------
2025-11-23 00:56:38,670 - freqtrade.freqai.data_drawer - INFO - Freqai purging old model file /freqtrade/user_data/models/1/sub-train-WIF_1763857548
2025-11-23 00:56:38,693 - freqtrade.freqai.freqai_interface - INFO - Total time spent training pairlist 49.82 seconds
2025-11-23 00:57:26,018 - freqtrade.worker - INFO - Bot heartbeat. PID=1, version='docker-2025.9-dev-5f1d9cba', state='RUNNING'
2025-11-23 00:58:26,027 - freqtrade.worker - INFO - Bot heartbeat. PID=1, version='docker-2025.9-dev-5f1d9cba', state='RUNNING'
2025-11-23 00:59:26,034 - freqtrade.worker - INFO - Bot heartbeat. PID=1, version='docker-2025.9-dev-5f1d9cba', state='RUNNING'
2025-11-23 01:00:01,035 - freqtrade.exchange.exchange - INFO - Couldn't reuse watch for BTC/USDT, 1h, falling back to REST api. False, 1763859600000, 0, 2025-11-23T01:00:00, 1970-01-01T00:00:00 
2025-11-23 01:00:01,041 - freqtrade.exchange.exchange - INFO - Couldn't reuse watch for WIF/USDT:USDT, 1h, falling back to REST api. False, 1763859600000, 0, 2025-11-23T01:00:00, 1970-01-01T00:00:00 
2025-11-23 01:00:01,049 - freqtrade.exchange.exchange - INFO - Couldn't reuse watch for ETH/USDT, 1h, falling back to REST api. False, 1763859600000, 0, 2025-11-23T01:00:00, 1970-01-01T00:00:00 
2025-11-23 01:00:02,812 - freqtrade.freqai.freqai_interface - INFO - Total time spent inferencing pairlist 0.93 seconds
2025-11-23 01:00:31,002 - freqtrade.worker - INFO - Bot heartbeat. PID=1, version='docker-2025.9-dev-5f1d9cba', state='RUNNING'
2025-11-23 01:01:06,597 - freqtrade.wallets - INFO - Wallets synced.
2025-11-23 01:01:31,008 - freqtrade.worker - INFO - Bot heartbeat. PID=1, version='docker-2025.9-dev-5f1d9cba', state='RUNNING'
2025-11-23 01:02:31,016 - freqtrade.worker - INFO - Bot heartbeat. PID=1, version='docker-2025.9-dev-5f1d9cba', state='RUNNING'
2025-11-23 01:03:31,027 - freqtrade.worker - INFO - Bot heartbeat. PID=1, version='docker-2025.9-dev-5f1d9cba', state='RUNNING'
2025-11-23 01:04:31,037 - freqtrade.worker - INFO - Bot heartbeat. PID=1, version='docker-2025.9-dev-5f1d9cba', state='RUNNING'
2025-11-23 01:05:02,095 - freqtrade.freqai.freqai_interface - INFO - Total time spent inferencing pairlist 0.84 seconds
2025-11-23 01:05:36,002 - freqtrade.worker - INFO - Bot heartbeat. PID=1, version='docker-2025.9-dev-5f1d9cba', state='RUNNING'
2025-11-23 01:06:36,008 - freqtrade.worker - INFO - Bot heartbeat. PID=1, version='docker-2025.9-dev-5f1d9cba', state='RUNNING'
2025-11-23 01:07:36,023 - freqtrade.worker - INFO - Bot heartbeat. PID=1, version='docker-2025.9-dev-5f1d9cba', state='RUNNING'
2025-11-23 01:08:36,034 - freqtrade.worker - INFO - Bot heartbeat. PID=1, version='docker-2025.9-dev-5f1d9cba', state='RUNNING'
2025-11-23 01:09:36,046 - freqtrade.worker - INFO - Bot heartbeat. PID=1, version='docker-2025.9-dev-5f1d9cba', state='RUNNING'
2025-11-23 01:10:02,047 - freqtrade.freqai.freqai_interface - INFO - Total time spent inferencing pairlist 0.86 seconds
2025-11-23 01:10:41,002 - freqtrade.worker - INFO - Bot heartbeat. PID=1, version='docker-2025.9-dev-5f1d9cba', state='RUNNING'
2025-11-23 01:10:49,345 - freqtrade.freqai.base_models.BaseClassifierModel - INFO - -------------------- Starting training WIF/USDT:USDT --------------------
2025-11-23 01:10:49,429 - freqtrade.freqai.data_kitchen - INFO - WIF/USDT:USDT: dropped 44 training points due to NaNs in populated dataset 4319.
2025-11-23 01:10:49,430 - freqtrade.freqai.base_models.BaseClassifierModel - INFO - -------------------- Training on data from 2025-11-08 to 2025-11-23 --------------------
2025-11-23 01:10:49,594 - datasieve.pipeline - INFO - SVM detected 67 data points as outliers.
2025-11-23 01:10:52,336 - freqtrade.freqai.base_models.BaseClassifierModel - INFO - Training model on 758 features
2025-11-23 01:10:52,338 - freqtrade.freqai.base_models.BaseClassifierModel - INFO - Training model on 4208 data points
2025-11-23 01:11:37,347 - freqtrade.freqai.base_models.BaseClassifierModel - INFO - -------------------- Done training WIF/USDT:USDT (48.00 secs) --------------------
2025-11-23 01:11:37,612 - freqtrade.freqai.data_drawer - INFO - Freqai purging old model file /freqtrade/user_data/models/1/sub-train-WIF_1763858448
2025-11-23 01:11:37,628 - freqtrade.freqai.freqai_interface - INFO - Total time spent training pairlist 49.47 seconds
2025-11-23 01:11:41,010 - freqtrade.worker - INFO - Bot heartbeat. PID=1, version='docker-2025.9-dev-5f1d9cba', state='RUNNING'
2025-11-23 01:11:55,711 - freqtrade.plugins.pairlistmanager - INFO - Whitelist with 1 pairs: ['WIF/USDT:USDT']
2025-11-23 01:12:41,016 - freqtrade.worker - INFO - Bot heartbeat. PID=1, version='docker-2025.9-dev-5f1d9cba', state='RUNNING'
2025-11-23 01:13:41,029 - freqtrade.worker - INFO - Bot heartbeat. PID=1, version='docker-2025.9-dev-5f1d9cba', state='RUNNING'
2025-11-23 01:14:41,036 - freqtrade.worker - INFO - Bot heartbeat. PID=1, version='docker-2025.9-dev-5f1d9cba', state='RUNNING'
2025-11-23 01:15:02,232 - freqtrade.freqai.freqai_interface - INFO - Total time spent inferencing pairlist 0.91 seconds
2025-11-23 01:15:46,002 - freqtrade.worker - INFO - Bot heartbeat. PID=1, version='docker-2025.9-dev-5f1d9cba', state='RUNNING'
2025-11-23 01:16:46,010 - freqtrade.worker - INFO - Bot heartbeat. PID=1, version='docker-2025.9-dev-5f1d9cba', state='RUNNING'
2025-11-23 01:17:17,941 - uvicorn.error - WARNING - Invalid HTTP request received.
2025-11-23 01:17:46,019 - freqtrade.worker - INFO - Bot heartbeat. PID=1, version='docker-2025.9-dev-5f1d9cba', state='RUNNING'
2025-11-23 01:18:46,026 - freqtrade.worker - INFO - Bot heartbeat. PID=1, version='docker-2025.9-dev-5f1d9cba', state='RUNNING'
2025-11-23 01:19:46,035 - freqtrade.worker - INFO - Bot heartbeat. PID=1, version='docker-2025.9-dev-5f1d9cba', state='RUNNING'
2025-11-23 01:20:02,176 - freqtrade.freqai.freqai_interface - INFO - Total time spent inferencing pairlist 0.91 seconds
2025-11-23 01:20:51,004 - freqtrade.worker - INFO - Bot heartbeat. PID=1, version='docker-2025.9-dev-5f1d9cba', state='RUNNING'
2025-11-23 01:21:51,009 - freqtrade.worker - INFO - Bot heartbeat. PID=1, version='docker-2025.9-dev-5f1d9cba', state='RUNNING'
2025-11-23 01:22:51,016 - freqtrade.worker - INFO - Bot heartbeat. PID=1, version='docker-2025.9-dev-5f1d9cba', state='RUNNING'
2025-11-23 01:23:51,026 - freqtrade.worker - INFO - Bot heartbeat. PID=1, version='docker-2025.9-dev-5f1d9cba', state='RUNNING'
2025-11-23 01:24:51,033 - freqtrade.worker - INFO - Bot heartbeat. PID=1, version='docker-2025.9-dev-5f1d9cba', state='RUNNING'
2025-11-23 01:25:02,252 - freqtrade.freqai.freqai_interface - INFO - Total time spent inferencing pairlist 1.00 seconds
2025-11-23 01:25:49,473 - freqtrade.freqai.base_models.BaseClassifierModel - INFO - -------------------- Starting training WIF/USDT:USDT --------------------
2025-11-23 01:25:49,545 - freqtrade.freqai.data_kitchen - INFO - WIF/USDT:USDT: dropped 41 training points due to NaNs in populated dataset 4319.
2025-11-23 01:25:49,546 - freqtrade.freqai.base_models.BaseClassifierModel - INFO - -------------------- Training on data from 2025-11-08 to 2025-11-23 --------------------
2025-11-23 01:25:49,706 - datasieve.pipeline - INFO - SVM detected 39 data points as outliers.
2025-11-23 01:25:52,191 - freqtrade.freqai.base_models.BaseClassifierModel - INFO - Training model on 758 features
2025-11-23 01:25:52,192 - freqtrade.freqai.base_models.BaseClassifierModel - INFO - Training model on 4239 data points
2025-11-23 01:25:56,003 - freqtrade.worker - INFO - Bot heartbeat. PID=1, version='docker-2025.9-dev-5f1d9cba', state='RUNNING'
2025-11-23 01:26:35,834 - freqtrade.freqai.base_models.BaseClassifierModel - INFO - -------------------- Done training WIF/USDT:USDT (46.36 secs) --------------------
2025-11-23 01:26:36,126 - freqtrade.freqai.data_drawer - INFO - Freqai purging old model file /freqtrade/user_data/models/1/sub-train-WIF_1763859348
2025-11-23 01:26:36,146 - freqtrade.freqai.freqai_interface - INFO - Total time spent training pairlist 48.00 seconds
2025-11-23 01:26:56,010 - freqtrade.worker - INFO - Bot heartbeat. PID=1, version='docker-2025.9-dev-5f1d9cba', state='RUNNING'
2025-11-23 01:27:56,019 - freqtrade.worker - INFO - Bot heartbeat. PID=1, version='docker-2025.9-dev-5f1d9cba', state='RUNNING'
2025-11-23 01:28:56,029 - freqtrade.worker - INFO - Bot heartbeat. PID=1, version='docker-2025.9-dev-5f1d9cba', state='RUNNING'
2025-11-23 01:29:56,036 - freqtrade.worker - INFO - Bot heartbeat. PID=1, version='docker-2025.9-dev-5f1d9cba', state='RUNNING'
2025-11-23 01:30:02,274 - freqtrade.freqai.freqai_interface - INFO - Total time spent inferencing pairlist 0.95 seconds
2025-11-23 01:31:01,005 - freqtrade.worker - INFO - Bot heartbeat. PID=1, version='docker-2025.9-dev-5f1d9cba', state='RUNNING'
2025-11-23 01:31:06,640 - freqtrade.wallets - INFO - Wallets synced.
2025-11-23 01:32:01,014 - freqtrade.worker - INFO - Bot heartbeat. PID=1, version='docker-2025.9-dev-5f1d9cba', state='RUNNING'
2025-11-23 01:33:01,020 - freqtrade.worker - INFO - Bot heartbeat. PID=1, version='docker-2025.9-dev-5f1d9cba', state='RUNNING'
2025-11-23 01:34:01,027 - freqtrade.worker - INFO - Bot heartbeat. PID=1, version='docker-2025.9-dev-5f1d9cba', state='RUNNING'
2025-11-23 01:35:02,128 - freqtrade.freqai.freqai_interface - INFO - Total time spent inferencing pairlist 0.99 seconds
2025-11-23 01:35:06,000 - freqtrade.worker - INFO - Bot heartbeat. PID=1, version='docker-2025.9-dev-5f1d9cba', state='RUNNING'
2025-11-23 01:36:06,006 - freqtrade.worker - INFO - Bot heartbeat. PID=1, version='docker-2025.9-dev-5f1d9cba', state='RUNNING'
2025-11-23 01:37:06,015 - freqtrade.worker - INFO - Bot heartbeat. PID=1, version='docker-2025.9-dev-5f1d9cba', state='RUNNING'
2025-11-23 01:38:06,022 - freqtrade.worker - INFO - Bot heartbeat. PID=1, version='docker-2025.9-dev-5f1d9cba', state='RUNNING'
2025-11-23 01:39:06,029 - freqtrade.worker - INFO - Bot heartbeat. PID=1, version='docker-2025.9-dev-5f1d9cba', state='RUNNING'
2025-11-23 01:40:02,465 - freqtrade.freqai.freqai_interface - INFO - Total time spent inferencing pairlist 1.21 seconds
2025-11-23 01:40:11,000 - freqtrade.worker - INFO - Bot heartbeat. PID=1, version='docker-2025.9-dev-5f1d9cba', state='RUNNING'
2025-11-23 01:40:49,716 - freqtrade.freqai.base_models.BaseClassifierModel - INFO - -------------------- Starting training WIF/USDT:USDT --------------------
2025-11-23 01:40:49,801 - freqtrade.freqai.data_kitchen - INFO - WIF/USDT:USDT: dropped 38 training points due to NaNs in populated dataset 4319.
2025-11-23 01:40:49,804 - freqtrade.freqai.base_models.BaseClassifierModel - INFO - -------------------- Training on data from 2025-11-08 to 2025-11-23 --------------------
2025-11-23 01:40:50,038 - datasieve.pipeline - INFO - SVM detected 99 data points as outliers.
2025-11-23 01:40:52,513 - freqtrade.freqai.base_models.BaseClassifierModel - INFO - Training model on 758 features
2025-11-23 01:40:52,515 - freqtrade.freqai.base_models.BaseClassifierModel - INFO - Training model on 4182 data points
2025-11-23 01:41:11,007 - freqtrade.worker - INFO - Bot heartbeat. PID=1, version='docker-2025.9-dev-5f1d9cba', state='RUNNING'
2025-11-23 01:41:36,626 - freqtrade.freqai.base_models.BaseClassifierModel - INFO - -------------------- Done training WIF/USDT:USDT (46.91 secs) --------------------
2025-11-23 01:41:36,838 - freqtrade.freqai.data_drawer - INFO - Freqai purging old model file /freqtrade/user_data/models/1/sub-train-WIF_1763860248
2025-11-23 01:41:36,853 - freqtrade.freqai.freqai_interface - INFO - Total time spent training pairlist 48.27 seconds
2025-11-23 01:42:11,021 - freqtrade.worker - INFO - Bot heartbeat. PID=1, version='docker-2025.9-dev-5f1d9cba', state='RUNNING'
2025-11-23 01:43:11,027 - freqtrade.worker - INFO - Bot heartbeat. PID=1, version='docker-2025.9-dev-5f1d9cba', state='RUNNING'
2025-11-23 01:44:11,037 - freqtrade.worker - INFO - Bot heartbeat. PID=1, version='docker-2025.9-dev-5f1d9cba', state='RUNNING'
2025-11-23 01:45:02,404 - freqtrade.freqai.freqai_interface - INFO - Total time spent inferencing pairlist 1.08 seconds
2025-11-23 01:45:16,001 - freqtrade.worker - INFO - Bot heartbeat. PID=1, version='docker-2025.9-dev-5f1d9cba', state='RUNNING'
2025-11-23 01:46:16,008 - freqtrade.worker - INFO - Bot heartbeat. PID=1, version='docker-2025.9-dev-5f1d9cba', state='RUNNING'
2025-11-23 01:47:16,019 - freqtrade.worker - INFO - Bot heartbeat. PID=1, version='docker-2025.9-dev-5f1d9cba', state='RUNNING'
2025-11-23 01:48:16,029 - freqtrade.worker - INFO - Bot heartbeat. PID=1, version='docker-2025.9-dev-5f1d9cba', state='RUNNING'
2025-11-23 01:49:16,043 - freqtrade.worker - INFO - Bot heartbeat. PID=1, version='docker-2025.9-dev-5f1d9cba', state='RUNNING'
2025-11-23 01:50:02,259 - freqtrade.freqai.freqai_interface - INFO - Total time spent inferencing pairlist 1.06 seconds
2025-11-23 01:50:21,001 - freqtrade.worker - INFO - Bot heartbeat. PID=1, version='docker-2025.9-dev-5f1d9cba', state='RUNNING'
2025-11-23 01:51:21,006 - freqtrade.worker - INFO - Bot heartbeat. PID=1, version='docker-2025.9-dev-5f1d9cba', state='RUNNING'
2025-11-23 01:52:21,015 - freqtrade.worker - INFO - Bot heartbeat. PID=1, version='docker-2025.9-dev-5f1d9cba', state='RUNNING'
2025-11-23 01:53:21,028 - freqtrade.worker - INFO - Bot heartbeat. PID=1, version='docker-2025.9-dev-5f1d9cba', state='RUNNING'
2025-11-23 01:54:21,037 - freqtrade.worker - INFO - Bot heartbeat. PID=1, version='docker-2025.9-dev-5f1d9cba', state='RUNNING'
2025-11-23 01:55:02,314 - freqtrade.freqai.freqai_interface - INFO - Total time spent inferencing pairlist 1.08 seconds
2025-11-23 01:55:26,002 - freqtrade.worker - INFO - Bot heartbeat. PID=1, version='docker-2025.9-dev-5f1d9cba', state='RUNNING'
2025-11-23 01:55:49,481 - freqtrade.freqai.base_models.BaseClassifierModel - INFO - -------------------- Starting training WIF/USDT:USDT --------------------
2025-11-23 01:55:49,555 - freqtrade.freqai.data_kitchen - INFO - WIF/USDT:USDT: dropped 35 training points due to NaNs in populated dataset 4319.
2025-11-23 01:55:49,556 - freqtrade.freqai.base_models.BaseClassifierModel - INFO - -------------------- Training on data from 2025-11-08 to 2025-11-23 --------------------
2025-11-23 01:55:49,726 - datasieve.pipeline - INFO - SVM detected 66 data points as outliers.
2025-11-23 01:55:52,374 - freqtrade.freqai.base_models.BaseClassifierModel - INFO - Training model on 758 features
2025-11-23 01:55:52,376 - freqtrade.freqai.base_models.BaseClassifierModel - INFO - Training model on 4218 data points
2025-11-23 01:56:26,014 - freqtrade.worker - INFO - Bot heartbeat. PID=1, version='docker-2025.9-dev-5f1d9cba', state='RUNNING'
2025-11-23 01:56:36,727 - freqtrade.freqai.base_models.BaseClassifierModel - INFO - -------------------- Done training WIF/USDT:USDT (47.24 secs) --------------------
2025-11-23 01:56:36,917 - freqtrade.freqai.data_drawer - INFO - Freqai purging old model file /freqtrade/user_data/models/1/sub-train-WIF_1763861148
2025-11-23 01:56:36,931 - freqtrade.freqai.freqai_interface - INFO - Total time spent training pairlist 48.61 seconds
2025-11-23 01:57:26,025 - freqtrade.worker - INFO - Bot heartbeat. PID=1, version='docker-2025.9-dev-5f1d9cba', state='RUNNING'
2025-11-23 01:58:26,033 - freqtrade.worker - INFO - Bot heartbeat. PID=1, version='docker-2025.9-dev-5f1d9cba', state='RUNNING'
2025-11-23 01:59:26,042 - freqtrade.worker - INFO - Bot heartbeat. PID=1, version='docker-2025.9-dev-5f1d9cba', state='RUNNING'
2025-11-23 02:00:02,506 - freqtrade.freqai.freqai_interface - INFO - Total time spent inferencing pairlist 1.07 seconds
2025-11-23 02:00:31,002 - freqtrade.worker - INFO - Bot heartbeat. PID=1, version='docker-2025.9-dev-5f1d9cba', state='RUNNING'
2025-11-23 02:01:06,442 - freqtrade.wallets - INFO - Wallets synced.
2025-11-23 02:01:31,014 - freqtrade.worker - INFO - Bot heartbeat. PID=1, version='docker-2025.9-dev-5f1d9cba', state='RUNNING'
2025-11-23 02:02:31,020 - freqtrade.worker - INFO - Bot heartbeat. PID=1, version='docker-2025.9-dev-5f1d9cba', state='RUNNING'
2025-11-23 02:03:31,029 - freqtrade.worker - INFO - Bot heartbeat. PID=1, version='docker-2025.9-dev-5f1d9cba', state='RUNNING'
2025-11-23 02:04:31,039 - freqtrade.worker - INFO - Bot heartbeat. PID=1, version='docker-2025.9-dev-5f1d9cba', state='RUNNING'
2025-11-23 02:05:02,337 - freqtrade.freqai.freqai_interface - INFO - Total time spent inferencing pairlist 1.07 seconds
2025-11-23 02:05:36,002 - freqtrade.worker - INFO - Bot heartbeat. PID=1, version='docker-2025.9-dev-5f1d9cba', state='RUNNING'
2025-11-23 02:06:36,009 - freqtrade.worker - INFO - Bot heartbeat. PID=1, version='docker-2025.9-dev-5f1d9cba', state='RUNNING'
2025-11-23 02:07:36,025 - freqtrade.worker - INFO - Bot heartbeat. PID=1, version='docker-2025.9-dev-5f1d9cba', state='RUNNING'
2025-11-23 02:08:36,035 - freqtrade.worker - INFO - Bot heartbeat. PID=1, version='docker-2025.9-dev-5f1d9cba', state='RUNNING'
2025-11-23 02:09:36,042 - freqtrade.worker - INFO - Bot heartbeat. PID=1, version='docker-2025.9-dev-5f1d9cba', state='RUNNING'
2025-11-23 02:10:02,271 - freqtrade.freqai.freqai_interface - INFO - Total time spent inferencing pairlist 1.03 seconds
2025-11-23 02:10:41,003 - freqtrade.worker - INFO - Bot heartbeat. PID=1, version='docker-2025.9-dev-5f1d9cba', state='RUNNING'
2025-11-23 02:10:49,395 - freqtrade.freqai.base_models.BaseClassifierModel - INFO - -------------------- Starting training WIF/USDT:USDT --------------------
2025-11-23 02:10:49,477 - freqtrade.freqai.data_kitchen - INFO - WIF/USDT:USDT: dropped 32 training points due to NaNs in populated dataset 4319.
2025-11-23 02:10:49,483 - freqtrade.freqai.base_models.BaseClassifierModel - INFO - -------------------- Training on data from 2025-11-08 to 2025-11-23 --------------------
2025-11-23 02:10:49,649 - datasieve.pipeline - INFO - SVM detected 65 data points as outliers.
2025-11-23 02:10:52,118 - freqtrade.freqai.base_models.BaseClassifierModel - INFO - Training model on 758 features
2025-11-23 02:10:52,119 - freqtrade.freqai.base_models.BaseClassifierModel - INFO - Training model on 4222 data points
2025-11-23 02:11:33,443 - freqtrade.freqai.base_models.BaseClassifierModel - INFO - -------------------- Done training WIF/USDT:USDT (44.05 secs) --------------------
2025-11-23 02:11:33,574 - freqtrade.freqai.data_drawer - INFO - Freqai purging old model file /freqtrade/user_data/models/1/sub-train-WIF_1763862048
2025-11-23 02:11:33,589 - freqtrade.freqai.freqai_interface - INFO - Total time spent training pairlist 45.16 seconds
2025-11-23 02:11:41,013 - freqtrade.worker - INFO - Bot heartbeat. PID=1, version='docker-2025.9-dev-5f1d9cba', state='RUNNING'
2025-11-23 02:12:01,295 - freqtrade.plugins.pairlistmanager - INFO - Whitelist with 1 pairs: ['WIF/USDT:USDT']
2025-11-23 02:12:41,316 - freqtrade.worker - INFO - Bot heartbeat. PID=1, version='docker-2025.9-dev-5f1d9cba', state='RUNNING'
2025-11-23 02:13:41,322 - freqtrade.worker - INFO - Bot heartbeat. PID=1, version='docker-2025.9-dev-5f1d9cba', state='RUNNING'
2025-11-23 02:14:41,328 - freqtrade.worker - INFO - Bot heartbeat. PID=1, version='docker-2025.9-dev-5f1d9cba', state='RUNNING'
2025-11-23 02:15:02,194 - freqtrade.freqai.freqai_interface - INFO - Total time spent inferencing pairlist 0.91 seconds
2025-11-23 02:15:46,003 - freqtrade.worker - INFO - Bot heartbeat. PID=1, version='docker-2025.9-dev-5f1d9cba', state='RUNNING'
2025-11-23 02:16:46,009 - freqtrade.worker - INFO - Bot heartbeat. PID=1, version='docker-2025.9-dev-5f1d9cba', state='RUNNING'
2025-11-23 02:17:46,016 - freqtrade.worker - INFO - Bot heartbeat. PID=1, version='docker-2025.9-dev-5f1d9cba', state='RUNNING'
2025-11-23 02:18:46,025 - freqtrade.worker - INFO - Bot heartbeat. PID=1, version='docker-2025.9-dev-5f1d9cba', state='RUNNING'
2025-11-23 02:19:46,035 - freqtrade.worker - INFO - Bot heartbeat. PID=1, version='docker-2025.9-dev-5f1d9cba', state='RUNNING'
2025-11-23 02:20:02,210 - freqtrade.freqai.freqai_interface - INFO - Total time spent inferencing pairlist 0.97 seconds
2025-11-23 02:20:51,003 - freqtrade.worker - INFO - Bot heartbeat. PID=1, version='docker-2025.9-dev-5f1d9cba', state='RUNNING'
2025-11-23 02:21:51,009 - freqtrade.worker - INFO - Bot heartbeat. PID=1, version='docker-2025.9-dev-5f1d9cba', state='RUNNING'
2025-11-23 02:22:51,019 - freqtrade.worker - INFO - Bot heartbeat. PID=1, version='docker-2025.9-dev-5f1d9cba', state='RUNNING'
2025-11-23 02:23:51,030 - freqtrade.worker - INFO - Bot heartbeat. PID=1, version='docker-2025.9-dev-5f1d9cba', state='RUNNING'
2025-11-23 02:24:51,041 - freqtrade.worker - INFO - Bot heartbeat. PID=1, version='docker-2025.9-dev-5f1d9cba', state='RUNNING'
2025-11-23 02:25:02,111 - freqtrade.freqai.freqai_interface - INFO - Total time spent inferencing pairlist 0.88 seconds
2025-11-23 02:25:49,195 - freqtrade.freqai.base_models.BaseClassifierModel - INFO - -------------------- Starting training WIF/USDT:USDT --------------------
2025-11-23 02:25:49,278 - freqtrade.freqai.data_kitchen - INFO - WIF/USDT:USDT: dropped 29 training points due to NaNs in populated dataset 4319.
2025-11-23 02:25:49,279 - freqtrade.freqai.base_models.BaseClassifierModel - INFO - -------------------- Training on data from 2025-11-08 to 2025-11-23 --------------------
2025-11-23 02:25:49,431 - datasieve.pipeline - INFO - SVM detected 66 data points as outliers.
2025-11-23 02:25:51,769 - freqtrade.freqai.base_models.BaseClassifierModel - INFO - Training model on 758 features
2025-11-23 02:25:51,770 - freqtrade.freqai.base_models.BaseClassifierModel - INFO - Training model on 4224 data points
2025-11-23 02:25:56,005 - freqtrade.worker - INFO - Bot heartbeat. PID=1, version='docker-2025.9-dev-5f1d9cba', state='RUNNING'
2025-11-23 02:26:34,454 - freqtrade.freqai.base_models.BaseClassifierModel - INFO - -------------------- Done training WIF/USDT:USDT (45.26 secs) --------------------
2025-11-23 02:26:34,583 - freqtrade.freqai.data_drawer - INFO - Freqai purging old model file /freqtrade/user_data/models/1/sub-train-WIF_1763862948
2025-11-23 02:26:34,600 - freqtrade.freqai.freqai_interface - INFO - Total time spent training pairlist 46.43 seconds
2025-11-23 02:26:56,013 - freqtrade.worker - INFO - Bot heartbeat. PID=1, version='docker-2025.9-dev-5f1d9cba', state='RUNNING'
2025-11-23 02:27:56,021 - freqtrade.worker - INFO - Bot heartbeat. PID=1, version='docker-2025.9-dev-5f1d9cba', state='RUNNING'
2025-11-23 02:28:56,029 - freqtrade.worker - INFO - Bot heartbeat. PID=1, version='docker-2025.9-dev-5f1d9cba', state='RUNNING'
2025-11-23 02:29:56,037 - freqtrade.worker - INFO - Bot heartbeat. PID=1, version='docker-2025.9-dev-5f1d9cba', state='RUNNING'
2025-11-23 02:30:02,304 - freqtrade.freqai.freqai_interface - INFO - Total time spent inferencing pairlist 0.96 seconds
2025-11-23 02:31:01,003 - freqtrade.worker - INFO - Bot heartbeat. PID=1, version='docker-2025.9-dev-5f1d9cba', state='RUNNING'
2025-11-23 02:31:06,410 - freqtrade.wallets - INFO - Wallets synced.
2025-11-23 02:32:01,010 - freqtrade.worker - INFO - Bot heartbeat. PID=1, version='docker-2025.9-dev-5f1d9cba', state='RUNNING'
2025-11-23 02:33:01,018 - freqtrade.worker - INFO - Bot heartbeat. PID=1, version='docker-2025.9-dev-5f1d9cba', state='RUNNING'
2025-11-23 02:34:01,028 - freqtrade.worker - INFO - Bot heartbeat. PID=1, version='docker-2025.9-dev-5f1d9cba', state='RUNNING'
2025-11-23 02:35:02,152 - freqtrade.freqai.freqai_interface - INFO - Total time spent inferencing pairlist 0.92 seconds
2025-11-23 02:35:06,000 - freqtrade.worker - INFO - Bot heartbeat. PID=1, version='docker-2025.9-dev-5f1d9cba', state='RUNNING'
2025-11-23 02:36:06,006 - freqtrade.worker - INFO - Bot heartbeat. PID=1, version='docker-2025.9-dev-5f1d9cba', state='RUNNING'
2025-11-23 02:37:06,015 - freqtrade.worker - INFO - Bot heartbeat. PID=1, version='docker-2025.9-dev-5f1d9cba', state='RUNNING'
2025-11-23 02:38:06,023 - freqtrade.worker - INFO - Bot heartbeat. PID=1, version='docker-2025.9-dev-5f1d9cba', state='RUNNING'
2025-11-23 02:39:06,030 - freqtrade.worker - INFO - Bot heartbeat. PID=1, version='docker-2025.9-dev-5f1d9cba', state='RUNNING'
2025-11-23 02:40:02,137 - freqtrade.freqai.freqai_interface - INFO - Total time spent inferencing pairlist 0.91 seconds
2025-11-23 02:40:11,000 - freqtrade.worker - INFO - Bot heartbeat. PID=1, version='docker-2025.9-dev-5f1d9cba', state='RUNNING'
2025-11-23 02:40:48,893 - freqtrade.freqai.base_models.BaseClassifierModel - INFO - -------------------- Starting training WIF/USDT:USDT --------------------
2025-11-23 02:40:48,952 - freqtrade.freqai.data_kitchen - INFO - WIF/USDT:USDT: dropped 26 training points due to NaNs in populated dataset 4319.
2025-11-23 02:40:48,953 - freqtrade.freqai.base_models.BaseClassifierModel - INFO - -------------------- Training on data from 2025-11-08 to 2025-11-23 --------------------
2025-11-23 02:40:49,120 - datasieve.pipeline - INFO - SVM detected 67 data points as outliers.
2025-11-23 02:40:51,851 - freqtrade.freqai.base_models.BaseClassifierModel - INFO - Training model on 758 features
2025-11-23 02:40:51,852 - freqtrade.freqai.base_models.BaseClassifierModel - INFO - Training model on 4226 data points
2025-11-23 02:41:11,013 - freqtrade.worker - INFO - Bot heartbeat. PID=1, version='docker-2025.9-dev-5f1d9cba', state='RUNNING'
2025-11-23 02:41:34,670 - freqtrade.freqai.base_models.BaseClassifierModel - INFO - -------------------- Done training WIF/USDT:USDT (45.78 secs) --------------------
2025-11-23 02:41:34,852 - freqtrade.freqai.data_drawer - INFO - Freqai purging old model file /freqtrade/user_data/models/1/sub-train-WIF_1763863848
2025-11-23 02:41:34,866 - freqtrade.freqai.freqai_interface - INFO - Total time spent training pairlist 46.86 seconds
2025-11-23 02:42:11,025 - freqtrade.worker - INFO - Bot heartbeat. PID=1, version='docker-2025.9-dev-5f1d9cba', state='RUNNING'
2025-11-23 02:43:11,036 - freqtrade.worker - INFO - Bot heartbeat. PID=1, version='docker-2025.9-dev-5f1d9cba', state='RUNNING'
2025-11-23 02:44:11,045 - freqtrade.worker - INFO - Bot heartbeat. PID=1, version='docker-2025.9-dev-5f1d9cba', state='RUNNING'
2025-11-23 02:45:02,360 - freqtrade.freqai.freqai_interface - INFO - Total time spent inferencing pairlist 1.05 seconds
2025-11-23 02:45:16,001 - freqtrade.worker - INFO - Bot heartbeat. PID=1, version='docker-2025.9-dev-5f1d9cba', state='RUNNING'
2025-11-23 02:46:16,009 - freqtrade.worker - INFO - Bot heartbeat. PID=1, version='docker-2025.9-dev-5f1d9cba', state='RUNNING'
2025-11-23 02:47:16,018 - freqtrade.worker - INFO - Bot heartbeat. PID=1, version='docker-2025.9-dev-5f1d9cba', state='RUNNING'
2025-11-23 02:48:07,688 - uvicorn.error - WARNING - Invalid HTTP request received.
2025-11-23 02:48:16,029 - freqtrade.worker - INFO - Bot heartbeat. PID=1, version='docker-2025.9-dev-5f1d9cba', state='RUNNING'
2025-11-23 02:49:16,039 - freqtrade.worker - INFO - Bot heartbeat. PID=1, version='docker-2025.9-dev-5f1d9cba', state='RUNNING'
2025-11-23 02:50:02,211 - freqtrade.freqai.freqai_interface - INFO - Total time spent inferencing pairlist 0.98 seconds
2025-11-23 02:50:21,002 - freqtrade.worker - INFO - Bot heartbeat. PID=1, version='docker-2025.9-dev-5f1d9cba', state='RUNNING'
2025-11-23 02:51:21,009 - freqtrade.worker - INFO - Bot heartbeat. PID=1, version='docker-2025.9-dev-5f1d9cba', state='RUNNING'
2025-11-23 02:52:21,019 - freqtrade.worker - INFO - Bot heartbeat. PID=1, version='docker-2025.9-dev-5f1d9cba', state='RUNNING'
2025-11-23 02:53:21,025 - freqtrade.worker - INFO - Bot heartbeat. PID=1, version='docker-2025.9-dev-5f1d9cba', state='RUNNING'
2025-11-23 02:54:21,035 - freqtrade.worker - INFO - Bot heartbeat. PID=1, version='docker-2025.9-dev-5f1d9cba', state='RUNNING'
2025-11-23 02:55:02,072 - freqtrade.freqai.freqai_interface - INFO - Total time spent inferencing pairlist 0.89 seconds
2025-11-23 02:55:26,001 - freqtrade.worker - INFO - Bot heartbeat. PID=1, version='docker-2025.9-dev-5f1d9cba', state='RUNNING'
2025-11-23 02:55:49,417 - freqtrade.freqai.base_models.BaseClassifierModel - INFO - -------------------- Starting training WIF/USDT:USDT --------------------
2025-11-23 02:55:49,489 - freqtrade.freqai.data_kitchen - INFO - WIF/USDT:USDT: dropped 24 training points due to NaNs in populated dataset 4319.
2025-11-23 02:55:49,490 - freqtrade.freqai.base_models.BaseClassifierModel - INFO - -------------------- Training on data from 2025-11-08 to 2025-11-23 --------------------
2025-11-23 02:55:49,667 - datasieve.pipeline - INFO - SVM detected 48 data points as outliers.
2025-11-23 02:55:52,406 - freqtrade.freqai.base_models.BaseClassifierModel - INFO - Training model on 758 features
2025-11-23 02:55:52,408 - freqtrade.freqai.base_models.BaseClassifierModel - INFO - Training model on 4247 data points
2025-11-23 02:56:26,009 - freqtrade.worker - INFO - Bot heartbeat. PID=1, version='docker-2025.9-dev-5f1d9cba', state='RUNNING'
2025-11-23 02:56:35,606 - freqtrade.freqai.base_models.BaseClassifierModel - INFO - -------------------- Done training WIF/USDT:USDT (46.19 secs) --------------------
2025-11-23 02:56:35,836 - freqtrade.freqai.data_drawer - INFO - Freqai purging old model file /freqtrade/user_data/models/1/sub-train-WIF_1763864748
2025-11-23 02:56:35,851 - freqtrade.freqai.freqai_interface - INFO - Total time spent training pairlist 47.52 seconds
2025-11-23 02:57:26,017 - freqtrade.worker - INFO - Bot heartbeat. PID=1, version='docker-2025.9-dev-5f1d9cba', state='RUNNING'
2025-11-23 02:58:26,025 - freqtrade.worker - INFO - Bot heartbeat. PID=1, version='docker-2025.9-dev-5f1d9cba', state='RUNNING'
2025-11-23 02:59:26,038 - freqtrade.worker - INFO - Bot heartbeat. PID=1, version='docker-2025.9-dev-5f1d9cba', state='RUNNING'
2025-11-23 03:00:02,458 - freqtrade.freqai.freqai_interface - INFO - Total time spent inferencing pairlist 1.13 seconds
2025-11-23 03:00:31,001 - freqtrade.worker - INFO - Bot heartbeat. PID=1, version='docker-2025.9-dev-5f1d9cba', state='RUNNING'
2025-11-23 03:01:06,617 - freqtrade.wallets - INFO - Wallets synced.
2025-11-23 03:01:31,008 - freqtrade.worker - INFO - Bot heartbeat. PID=1, version='docker-2025.9-dev-5f1d9cba', state='RUNNING'
2025-11-23 03:02:31,017 - freqtrade.worker - INFO - Bot heartbeat. PID=1, version='docker-2025.9-dev-5f1d9cba', state='RUNNING'
2025-11-23 03:03:31,023 - freqtrade.worker - INFO - Bot heartbeat. PID=1, version='docker-2025.9-dev-5f1d9cba', state='RUNNING'
2025-11-23 03:04:31,030 - freqtrade.worker - INFO - Bot heartbeat. PID=1, version='docker-2025.9-dev-5f1d9cba', state='RUNNING'
2025-11-23 03:05:02,211 - freqtrade.freqai.freqai_interface - INFO - Total time spent inferencing pairlist 0.93 seconds
2025-11-23 03:05:36,002 - freqtrade.worker - INFO - Bot heartbeat. PID=1, version='docker-2025.9-dev-5f1d9cba', state='RUNNING'
2025-11-23 03:06:36,009 - freqtrade.worker - INFO - Bot heartbeat. PID=1, version='docker-2025.9-dev-5f1d9cba', state='RUNNING'
2025-11-23 03:07:36,023 - freqtrade.worker - INFO - Bot heartbeat. PID=1, version='docker-2025.9-dev-5f1d9cba', state='RUNNING'
2025-11-23 03:08:36,031 - freqtrade.worker - INFO - Bot heartbeat. PID=1, version='docker-2025.9-dev-5f1d9cba', state='RUNNING'
2025-11-23 03:09:36,037 - freqtrade.worker - INFO - Bot heartbeat. PID=1, version='docker-2025.9-dev-5f1d9cba', state='RUNNING'
2025-11-23 03:10:02,257 - freqtrade.freqai.freqai_interface - INFO - Total time spent inferencing pairlist 0.99 seconds
2025-11-23 03:10:41,002 - freqtrade.worker - INFO - Bot heartbeat. PID=1, version='docker-2025.9-dev-5f1d9cba', state='RUNNING'
2025-11-23 03:10:49,269 - freqtrade.freqai.base_models.BaseClassifierModel - INFO - -------------------- Starting training WIF/USDT:USDT --------------------
2025-11-23 03:10:49,389 - freqtrade.freqai.data_kitchen - INFO - WIF/USDT:USDT: dropped 24 training points due to NaNs in populated dataset 4319.
2025-11-23 03:10:49,391 - freqtrade.freqai.base_models.BaseClassifierModel - INFO - -------------------- Training on data from 2025-11-08 to 2025-11-23 --------------------
2025-11-23 03:10:49,563 - datasieve.pipeline - INFO - SVM detected 50 data points as outliers.
2025-11-23 03:10:52,040 - freqtrade.freqai.base_models.BaseClassifierModel - INFO - Training model on 758 features
2025-11-23 03:10:52,042 - freqtrade.freqai.base_models.BaseClassifierModel - INFO - Training model on 4245 data points
2025-11-23 03:11:35,098 - freqtrade.freqai.base_models.BaseClassifierModel - INFO - -------------------- Done training WIF/USDT:USDT (45.83 secs) --------------------
2025-11-23 03:11:35,271 - freqtrade.freqai.data_drawer - INFO - Freqai purging old model file /freqtrade/user_data/models/1/sub-train-WIF_1763865648
2025-11-23 03:11:35,289 - freqtrade.freqai.freqai_interface - INFO - Total time spent training pairlist 46.97 seconds
2025-11-23 03:11:41,008 - freqtrade.worker - INFO - Bot heartbeat. PID=1, version='docker-2025.9-dev-5f1d9cba', state='RUNNING'
2025-11-23 03:12:10,793 - freqtrade.plugins.pairlistmanager - INFO - Whitelist with 1 pairs: ['WIF/USDT:USDT']
2025-11-23 03:12:41,020 - freqtrade.worker - INFO - Bot heartbeat. PID=1, version='docker-2025.9-dev-5f1d9cba', state='RUNNING'
2025-11-23 03:13:41,030 - freqtrade.worker - INFO - Bot heartbeat. PID=1, version='docker-2025.9-dev-5f1d9cba', state='RUNNING'
2025-11-23 03:14:41,039 - freqtrade.worker - INFO - Bot heartbeat. PID=1, version='docker-2025.9-dev-5f1d9cba', state='RUNNING'
2025-11-23 03:15:02,365 - freqtrade.freqai.freqai_interface - INFO - Total time spent inferencing pairlist 0.96 seconds
2025-11-23 03:15:46,004 - freqtrade.worker - INFO - Bot heartbeat. PID=1, version='docker-2025.9-dev-5f1d9cba', state='RUNNING'
2025-11-23 03:16:46,011 - freqtrade.worker - INFO - Bot heartbeat. PID=1, version='docker-2025.9-dev-5f1d9cba', state='RUNNING'
2025-11-23 03:17:46,022 - freqtrade.worker - INFO - Bot heartbeat. PID=1, version='docker-2025.9-dev-5f1d9cba', state='RUNNING'
2025-11-23 03:18:46,033 - freqtrade.worker - INFO - Bot heartbeat. PID=1, version='docker-2025.9-dev-5f1d9cba', state='RUNNING'
2025-11-23 03:19:46,039 - freqtrade.worker - INFO - Bot heartbeat. PID=1, version='docker-2025.9-dev-5f1d9cba', state='RUNNING'
2025-11-23 03:20:02,211 - freqtrade.freqai.freqai_interface - INFO - Total time spent inferencing pairlist 0.93 seconds
2025-11-23 03:20:51,004 - freqtrade.worker - INFO - Bot heartbeat. PID=1, version='docker-2025.9-dev-5f1d9cba', state='RUNNING'
2025-11-23 03:21:51,019 - freqtrade.worker - INFO - Bot heartbeat. PID=1, version='docker-2025.9-dev-5f1d9cba', state='RUNNING'
2025-11-23 03:22:51,029 - freqtrade.worker - INFO - Bot heartbeat. PID=1, version='docker-2025.9-dev-5f1d9cba', state='RUNNING'
2025-11-23 03:23:51,035 - freqtrade.worker - INFO - Bot heartbeat. PID=1, version='docker-2025.9-dev-5f1d9cba', state='RUNNING'
2025-11-23 03:24:51,046 - freqtrade.worker - INFO - Bot heartbeat. PID=1, version='docker-2025.9-dev-5f1d9cba', state='RUNNING'
2025-11-23 03:25:02,128 - freqtrade.freqai.freqai_interface - INFO - Total time spent inferencing pairlist 0.90 seconds
2025-11-23 03:25:49,725 - freqtrade.freqai.base_models.BaseClassifierModel - INFO - -------------------- Starting training WIF/USDT:USDT --------------------
2025-11-23 03:25:49,788 - freqtrade.freqai.data_kitchen - INFO - WIF/USDT:USDT: dropped 24 training points due to NaNs in populated dataset 4319.
2025-11-23 03:25:49,789 - freqtrade.freqai.base_models.BaseClassifierModel - INFO - -------------------- Training on data from 2025-11-08 to 2025-11-23 --------------------
2025-11-23 03:25:49,956 - datasieve.pipeline - INFO - SVM detected 77 data points as outliers.
2025-11-23 03:25:52,681 - freqtrade.freqai.base_models.BaseClassifierModel - INFO - Training model on 758 features
2025-11-23 03:25:52,682 - freqtrade.freqai.base_models.BaseClassifierModel - INFO - Training model on 4218 data points
2025-11-23 03:25:56,003 - freqtrade.worker - INFO - Bot heartbeat. PID=1, version='docker-2025.9-dev-5f1d9cba', state='RUNNING'
2025-11-23 03:26:37,806 - freqtrade.freqai.base_models.BaseClassifierModel - INFO - -------------------- Done training WIF/USDT:USDT (48.08 secs) --------------------
2025-11-23 03:26:38,005 - freqtrade.freqai.data_drawer - INFO - Freqai purging old model file /freqtrade/user_data/models/1/sub-train-WIF_1763866548
2025-11-23 03:26:38,023 - freqtrade.freqai.freqai_interface - INFO - Total time spent training pairlist 49.28 seconds
2025-11-23 03:26:56,009 - freqtrade.worker - INFO - Bot heartbeat. PID=1, version='docker-2025.9-dev-5f1d9cba', state='RUNNING'
2025-11-23 03:27:56,015 - freqtrade.worker - INFO - Bot heartbeat. PID=1, version='docker-2025.9-dev-5f1d9cba', state='RUNNING'
2025-11-23 03:28:28,861 - freqtrade.exchange.exchange_ws - ERROR - Exception in continuously_async_watch_ohlcv for BTC/USDT, 5m
Traceback (most recent call last):
  File "/freqtrade/freqtrade/exchange/exchange_ws.py", line 176, in _continuously_async_watch_ohlcv
    data = await self._ccxt_object.watch_ohlcv(pair, timeframe)
           ^^^^^^^^^^^^^^^^^^^^^^^^^^^^^^^^^^^^^^^^^^^^^^^^^^^^
  File "/home/ftuser/.local/lib/python3.13/site-packages/ccxt/pro/bybit.py", line 653, in watch_ohlcv
    result = await self.watch_ohlcv_for_symbols([[symbol, timeframe]], since, limit, params)
             ^^^^^^^^^^^^^^^^^^^^^^^^^^^^^^^^^^^^^^^^^^^^^^^^^^^^^^^^^^^^^^^^^^^^^^^^^^^^^^^
  File "/home/ftuser/.local/lib/python3.13/site-packages/ccxt/pro/bybit.py", line 685, in watch_ohlcv_for_symbols
    symbol, timeframe, stored = await self.watch_topics(url, messageHashes, rawHashes, params)
                                ^^^^^^^^^^^^^^^^^^^^^^^^^^^^^^^^^^^^^^^^^^^^^^^^^^^^^^^^^^^^^^
  File "/home/ftuser/.local/lib/python3.13/site-packages/ccxt/pro/bybit.py", line 2115, in watch_topics
    return await self.watch_multiple(url, messageHashes, message, messageHashes)
           ^^^^^^^^^^^^^^^^^^^^^^^^^^^^^^^^^^^^^^^^^^^^^^^^^^^^^^^^^^^^^^^^^^^^^
ccxt.base.errors.NetworkError: Connection closed by remote server, closing code 1006
2025-11-23 03:28:28,873 - freqtrade.exchange.exchange_ws - ERROR - Exception in continuously_async_watch_ohlcv for BTC/USDT, 15m
Traceback (most recent call last):
  File "/freqtrade/freqtrade/exchange/exchange_ws.py", line 176, in _continuously_async_watch_ohlcv
    data = await self._ccxt_object.watch_ohlcv(pair, timeframe)
           ^^^^^^^^^^^^^^^^^^^^^^^^^^^^^^^^^^^^^^^^^^^^^^^^^^^^
  File "/home/ftuser/.local/lib/python3.13/site-packages/ccxt/pro/bybit.py", line 653, in watch_ohlcv
    result = await self.watch_ohlcv_for_symbols([[symbol, timeframe]], since, limit, params)
             ^^^^^^^^^^^^^^^^^^^^^^^^^^^^^^^^^^^^^^^^^^^^^^^^^^^^^^^^^^^^^^^^^^^^^^^^^^^^^^^
  File "/home/ftuser/.local/lib/python3.13/site-packages/ccxt/pro/bybit.py", line 685, in watch_ohlcv_for_symbols
    symbol, timeframe, stored = await self.watch_topics(url, messageHashes, rawHashes, params)
                                ^^^^^^^^^^^^^^^^^^^^^^^^^^^^^^^^^^^^^^^^^^^^^^^^^^^^^^^^^^^^^^
  File "/home/ftuser/.local/lib/python3.13/site-packages/ccxt/pro/bybit.py", line 2115, in watch_topics
    return await self.watch_multiple(url, messageHashes, message, messageHashes)
           ^^^^^^^^^^^^^^^^^^^^^^^^^^^^^^^^^^^^^^^^^^^^^^^^^^^^^^^^^^^^^^^^^^^^^
ccxt.base.errors.NetworkError: Connection closed by remote server, closing code 1006
2025-11-23 03:28:28,878 - freqtrade.exchange.exchange_ws - ERROR - Exception in continuously_async_watch_ohlcv for BTC/USDT, 1h
Traceback (most recent call last):
  File "/freqtrade/freqtrade/exchange/exchange_ws.py", line 176, in _continuously_async_watch_ohlcv
    data = await self._ccxt_object.watch_ohlcv(pair, timeframe)
           ^^^^^^^^^^^^^^^^^^^^^^^^^^^^^^^^^^^^^^^^^^^^^^^^^^^^
  File "/home/ftuser/.local/lib/python3.13/site-packages/ccxt/pro/bybit.py", line 653, in watch_ohlcv
    result = await self.watch_ohlcv_for_symbols([[symbol, timeframe]], since, limit, params)
             ^^^^^^^^^^^^^^^^^^^^^^^^^^^^^^^^^^^^^^^^^^^^^^^^^^^^^^^^^^^^^^^^^^^^^^^^^^^^^^^
  File "/home/ftuser/.local/lib/python3.13/site-packages/ccxt/pro/bybit.py", line 685, in watch_ohlcv_for_symbols
    symbol, timeframe, stored = await self.watch_topics(url, messageHashes, rawHashes, params)
                                ^^^^^^^^^^^^^^^^^^^^^^^^^^^^^^^^^^^^^^^^^^^^^^^^^^^^^^^^^^^^^^
  File "/home/ftuser/.local/lib/python3.13/site-packages/ccxt/pro/bybit.py", line 2115, in watch_topics
    return await self.watch_multiple(url, messageHashes, message, messageHashes)
           ^^^^^^^^^^^^^^^^^^^^^^^^^^^^^^^^^^^^^^^^^^^^^^^^^^^^^^^^^^^^^^^^^^^^^
ccxt.base.errors.NetworkError: Connection closed by remote server, closing code 1006
2025-11-23 03:28:28,882 - freqtrade.exchange.exchange_ws - ERROR - Exception in continuously_async_watch_ohlcv for ETH/USDT, 5m
Traceback (most recent call last):
  File "/freqtrade/freqtrade/exchange/exchange_ws.py", line 176, in _continuously_async_watch_ohlcv
    data = await self._ccxt_object.watch_ohlcv(pair, timeframe)
           ^^^^^^^^^^^^^^^^^^^^^^^^^^^^^^^^^^^^^^^^^^^^^^^^^^^^
  File "/home/ftuser/.local/lib/python3.13/site-packages/ccxt/pro/bybit.py", line 653, in watch_ohlcv
    result = await self.watch_ohlcv_for_symbols([[symbol, timeframe]], since, limit, params)
             ^^^^^^^^^^^^^^^^^^^^^^^^^^^^^^^^^^^^^^^^^^^^^^^^^^^^^^^^^^^^^^^^^^^^^^^^^^^^^^^
  File "/home/ftuser/.local/lib/python3.13/site-packages/ccxt/pro/bybit.py", line 685, in watch_ohlcv_for_symbols
    symbol, timeframe, stored = await self.watch_topics(url, messageHashes, rawHashes, params)
                                ^^^^^^^^^^^^^^^^^^^^^^^^^^^^^^^^^^^^^^^^^^^^^^^^^^^^^^^^^^^^^^
  File "/home/ftuser/.local/lib/python3.13/site-packages/ccxt/pro/bybit.py", line 2115, in watch_topics
    return await self.watch_multiple(url, messageHashes, message, messageHashes)
           ^^^^^^^^^^^^^^^^^^^^^^^^^^^^^^^^^^^^^^^^^^^^^^^^^^^^^^^^^^^^^^^^^^^^^
ccxt.base.errors.NetworkError: Connection closed by remote server, closing code 1006
2025-11-23 03:28:28,887 - freqtrade.exchange.exchange_ws - ERROR - Exception in continuously_async_watch_ohlcv for ETH/USDT, 15m
Traceback (most recent call last):
  File "/freqtrade/freqtrade/exchange/exchange_ws.py", line 176, in _continuously_async_watch_ohlcv
    data = await self._ccxt_object.watch_ohlcv(pair, timeframe)
           ^^^^^^^^^^^^^^^^^^^^^^^^^^^^^^^^^^^^^^^^^^^^^^^^^^^^
  File "/home/ftuser/.local/lib/python3.13/site-packages/ccxt/pro/bybit.py", line 653, in watch_ohlcv
    result = await self.watch_ohlcv_for_symbols([[symbol, timeframe]], since, limit, params)
             ^^^^^^^^^^^^^^^^^^^^^^^^^^^^^^^^^^^^^^^^^^^^^^^^^^^^^^^^^^^^^^^^^^^^^^^^^^^^^^^
  File "/home/ftuser/.local/lib/python3.13/site-packages/ccxt/pro/bybit.py", line 685, in watch_ohlcv_for_symbols
    symbol, timeframe, stored = await self.watch_topics(url, messageHashes, rawHashes, params)
                                ^^^^^^^^^^^^^^^^^^^^^^^^^^^^^^^^^^^^^^^^^^^^^^^^^^^^^^^^^^^^^^
  File "/home/ftuser/.local/lib/python3.13/site-packages/ccxt/pro/bybit.py", line 2115, in watch_topics
    return await self.watch_multiple(url, messageHashes, message, messageHashes)
           ^^^^^^^^^^^^^^^^^^^^^^^^^^^^^^^^^^^^^^^^^^^^^^^^^^^^^^^^^^^^^^^^^^^^^
ccxt.base.errors.NetworkError: Connection closed by remote server, closing code 1006
2025-11-23 03:28:28,891 - freqtrade.exchange.exchange_ws - ERROR - Exception in continuously_async_watch_ohlcv for ETH/USDT, 1h
Traceback (most recent call last):
  File "/freqtrade/freqtrade/exchange/exchange_ws.py", line 176, in _continuously_async_watch_ohlcv
    data = await self._ccxt_object.watch_ohlcv(pair, timeframe)
           ^^^^^^^^^^^^^^^^^^^^^^^^^^^^^^^^^^^^^^^^^^^^^^^^^^^^
  File "/home/ftuser/.local/lib/python3.13/site-packages/ccxt/pro/bybit.py", line 653, in watch_ohlcv
    result = await self.watch_ohlcv_for_symbols([[symbol, timeframe]], since, limit, params)
             ^^^^^^^^^^^^^^^^^^^^^^^^^^^^^^^^^^^^^^^^^^^^^^^^^^^^^^^^^^^^^^^^^^^^^^^^^^^^^^^
  File "/home/ftuser/.local/lib/python3.13/site-packages/ccxt/pro/bybit.py", line 685, in watch_ohlcv_for_symbols
    symbol, timeframe, stored = await self.watch_topics(url, messageHashes, rawHashes, params)
                                ^^^^^^^^^^^^^^^^^^^^^^^^^^^^^^^^^^^^^^^^^^^^^^^^^^^^^^^^^^^^^^
  File "/home/ftuser/.local/lib/python3.13/site-packages/ccxt/pro/bybit.py", line 2115, in watch_topics
    return await self.watch_multiple(url, messageHashes, message, messageHashes)
           ^^^^^^^^^^^^^^^^^^^^^^^^^^^^^^^^^^^^^^^^^^^^^^^^^^^^^^^^^^^^^^^^^^^^^
ccxt.base.errors.NetworkError: Connection closed by remote server, closing code 1006
2025-11-23 03:28:28,896 - freqtrade.exchange.exchange_ws - INFO - BTC/USDT, 5m, futures - Task finished - done
2025-11-23 03:28:28,899 - freqtrade.exchange.exchange_ws - INFO - BTC/USDT, 15m, futures - Task finished - done
2025-11-23 03:28:28,901 - freqtrade.exchange.exchange_ws - INFO - BTC/USDT, 1h, futures - Task finished - done
2025-11-23 03:28:28,902 - freqtrade.exchange.exchange_ws - INFO - ETH/USDT, 5m, futures - Task finished - done
2025-11-23 03:28:28,904 - freqtrade.exchange.exchange_ws - INFO - ETH/USDT, 15m, futures - Task finished - done
2025-11-23 03:28:28,906 - freqtrade.exchange.exchange_ws - INFO - ETH/USDT, 1h, futures - Task finished - done
2025-11-23 03:28:55,419 - freqtrade.exchange.exchange_ws - ERROR - Exception in continuously_async_watch_ohlcv for WIF/USDT:USDT, 1h
Traceback (most recent call last):
  File "/freqtrade/freqtrade/exchange/exchange_ws.py", line 176, in _continuously_async_watch_ohlcv
    data = await self._ccxt_object.watch_ohlcv(pair, timeframe)
           ^^^^^^^^^^^^^^^^^^^^^^^^^^^^^^^^^^^^^^^^^^^^^^^^^^^^
  File "/home/ftuser/.local/lib/python3.13/site-packages/ccxt/pro/bybit.py", line 653, in watch_ohlcv
    result = await self.watch_ohlcv_for_symbols([[symbol, timeframe]], since, limit, params)
             ^^^^^^^^^^^^^^^^^^^^^^^^^^^^^^^^^^^^^^^^^^^^^^^^^^^^^^^^^^^^^^^^^^^^^^^^^^^^^^^
  File "/home/ftuser/.local/lib/python3.13/site-packages/ccxt/pro/bybit.py", line 685, in watch_ohlcv_for_symbols
    symbol, timeframe, stored = await self.watch_topics(url, messageHashes, rawHashes, params)
                                ^^^^^^^^^^^^^^^^^^^^^^^^^^^^^^^^^^^^^^^^^^^^^^^^^^^^^^^^^^^^^^
  File "/home/ftuser/.local/lib/python3.13/site-packages/ccxt/pro/bybit.py", line 2115, in watch_topics
    return await self.watch_multiple(url, messageHashes, message, messageHashes)
           ^^^^^^^^^^^^^^^^^^^^^^^^^^^^^^^^^^^^^^^^^^^^^^^^^^^^^^^^^^^^^^^^^^^^^
ccxt.base.errors.NetworkError: Connection closed by remote server, closing code 1006
2025-11-23 03:28:55,424 - freqtrade.exchange.exchange_ws - ERROR - Exception in continuously_async_watch_ohlcv for WIF/USDT:USDT, 5m
Traceback (most recent call last):
  File "/freqtrade/freqtrade/exchange/exchange_ws.py", line 176, in _continuously_async_watch_ohlcv
    data = await self._ccxt_object.watch_ohlcv(pair, timeframe)
           ^^^^^^^^^^^^^^^^^^^^^^^^^^^^^^^^^^^^^^^^^^^^^^^^^^^^
  File "/home/ftuser/.local/lib/python3.13/site-packages/ccxt/pro/bybit.py", line 653, in watch_ohlcv
    result = await self.watch_ohlcv_for_symbols([[symbol, timeframe]], since, limit, params)
             ^^^^^^^^^^^^^^^^^^^^^^^^^^^^^^^^^^^^^^^^^^^^^^^^^^^^^^^^^^^^^^^^^^^^^^^^^^^^^^^
  File "/home/ftuser/.local/lib/python3.13/site-packages/ccxt/pro/bybit.py", line 685, in watch_ohlcv_for_symbols
    symbol, timeframe, stored = await self.watch_topics(url, messageHashes, rawHashes, params)
                                ^^^^^^^^^^^^^^^^^^^^^^^^^^^^^^^^^^^^^^^^^^^^^^^^^^^^^^^^^^^^^^
  File "/home/ftuser/.local/lib/python3.13/site-packages/ccxt/pro/bybit.py", line 2115, in watch_topics
    return await self.watch_multiple(url, messageHashes, message, messageHashes)
           ^^^^^^^^^^^^^^^^^^^^^^^^^^^^^^^^^^^^^^^^^^^^^^^^^^^^^^^^^^^^^^^^^^^^^
ccxt.base.errors.NetworkError: Connection closed by remote server, closing code 1006
2025-11-23 03:28:55,431 - freqtrade.exchange.exchange_ws - ERROR - Exception in continuously_async_watch_ohlcv for WIF/USDT:USDT, 15m
Traceback (most recent call last):
  File "/freqtrade/freqtrade/exchange/exchange_ws.py", line 176, in _continuously_async_watch_ohlcv
    data = await self._ccxt_object.watch_ohlcv(pair, timeframe)
           ^^^^^^^^^^^^^^^^^^^^^^^^^^^^^^^^^^^^^^^^^^^^^^^^^^^^
  File "/home/ftuser/.local/lib/python3.13/site-packages/ccxt/pro/bybit.py", line 653, in watch_ohlcv
    result = await self.watch_ohlcv_for_symbols([[symbol, timeframe]], since, limit, params)
             ^^^^^^^^^^^^^^^^^^^^^^^^^^^^^^^^^^^^^^^^^^^^^^^^^^^^^^^^^^^^^^^^^^^^^^^^^^^^^^^
  File "/home/ftuser/.local/lib/python3.13/site-packages/ccxt/pro/bybit.py", line 685, in watch_ohlcv_for_symbols
    symbol, timeframe, stored = await self.watch_topics(url, messageHashes, rawHashes, params)
                                ^^^^^^^^^^^^^^^^^^^^^^^^^^^^^^^^^^^^^^^^^^^^^^^^^^^^^^^^^^^^^^
  File "/home/ftuser/.local/lib/python3.13/site-packages/ccxt/pro/bybit.py", line 2115, in watch_topics
    return await self.watch_multiple(url, messageHashes, message, messageHashes)
           ^^^^^^^^^^^^^^^^^^^^^^^^^^^^^^^^^^^^^^^^^^^^^^^^^^^^^^^^^^^^^^^^^^^^^
ccxt.base.errors.NetworkError: Connection closed by remote server, closing code 1006
2025-11-23 03:28:55,435 - freqtrade.exchange.exchange_ws - INFO - WIF/USDT:USDT, 1h, futures - Task finished - done
2025-11-23 03:28:55,437 - freqtrade.exchange.exchange_ws - INFO - WIF/USDT:USDT, 5m, futures - Task finished - done
2025-11-23 03:28:55,439 - freqtrade.exchange.exchange_ws - INFO - WIF/USDT:USDT, 15m, futures - Task finished - done
2025-11-23 03:28:56,021 - freqtrade.worker - INFO - Bot heartbeat. PID=1, version='docker-2025.9-dev-5f1d9cba', state='RUNNING'
2025-11-23 03:29:56,029 - freqtrade.worker - INFO - Bot heartbeat. PID=1, version='docker-2025.9-dev-5f1d9cba', state='RUNNING'
2025-11-23 03:30:01,034 - freqtrade.exchange.exchange - INFO - Couldn't reuse watch for WIF/USDT:USDT, 5m, falling back to REST api. False, 1763868600000, 0, 2025-11-23T03:30:00, 1970-01-01T00:00:00 
2025-11-23 03:30:01,038 - freqtrade.exchange.exchange - INFO - Couldn't reuse watch for ETH/USDT, 15m, falling back to REST api. False, 1763868600000, 0, 2025-11-23T03:30:00, 1970-01-01T00:00:00 
2025-11-23 03:30:01,040 - freqtrade.exchange.exchange - INFO - Couldn't reuse watch for BTC/USDT, 5m, falling back to REST api. False, 1763868600000, 0, 2025-11-23T03:30:00, 1970-01-01T00:00:00 
2025-11-23 03:30:01,043 - freqtrade.exchange.exchange - INFO - Couldn't reuse watch for WIF/USDT:USDT, 15m, falling back to REST api. False, 1763868600000, 0, 2025-11-23T03:30:00, 1970-01-01T00:00:00 
2025-11-23 03:30:01,048 - freqtrade.exchange.exchange - INFO - Couldn't reuse watch for ETH/USDT, 5m, falling back to REST api. False, 1763868600000, 0, 2025-11-23T03:30:00, 1970-01-01T00:00:00 
2025-11-23 03:30:01,051 - freqtrade.exchange.exchange - INFO - Couldn't reuse watch for BTC/USDT, 15m, falling back to REST api. False, 1763868600000, 0, 2025-11-23T03:30:00, 1970-01-01T00:00:00 
2025-11-23 03:30:03,023 - freqtrade.freqai.freqai_interface - INFO - Total time spent inferencing pairlist 0.89 seconds
2025-11-23 03:31:01,005 - freqtrade.worker - INFO - Bot heartbeat. PID=1, version='docker-2025.9-dev-5f1d9cba', state='RUNNING'
2025-11-23 03:31:06,624 - freqtrade.wallets - INFO - Wallets synced.
2025-11-23 03:32:01,019 - freqtrade.worker - INFO - Bot heartbeat. PID=1, version='docker-2025.9-dev-5f1d9cba', state='RUNNING'
2025-11-23 03:33:01,027 - freqtrade.worker - INFO - Bot heartbeat. PID=1, version='docker-2025.9-dev-5f1d9cba', state='RUNNING'
2025-11-23 03:34:01,034 - freqtrade.worker - INFO - Bot heartbeat. PID=1, version='docker-2025.9-dev-5f1d9cba', state='RUNNING'
2025-11-23 03:35:02,177 - freqtrade.freqai.freqai_interface - INFO - Total time spent inferencing pairlist 0.93 seconds
2025-11-23 03:35:06,000 - freqtrade.worker - INFO - Bot heartbeat. PID=1, version='docker-2025.9-dev-5f1d9cba', state='RUNNING'
2025-11-23 03:36:06,008 - freqtrade.worker - INFO - Bot heartbeat. PID=1, version='docker-2025.9-dev-5f1d9cba', state='RUNNING'
2025-11-23 03:37:06,015 - freqtrade.worker - INFO - Bot heartbeat. PID=1, version='docker-2025.9-dev-5f1d9cba', state='RUNNING'
2025-11-23 03:38:06,031 - freqtrade.worker - INFO - Bot heartbeat. PID=1, version='docker-2025.9-dev-5f1d9cba', state='RUNNING'
2025-11-23 03:39:06,039 - freqtrade.worker - INFO - Bot heartbeat. PID=1, version='docker-2025.9-dev-5f1d9cba', state='RUNNING'
2025-11-23 03:40:02,034 - freqtrade.freqai.freqai_interface - INFO - Total time spent inferencing pairlist 0.81 seconds
2025-11-23 03:40:11,005 - freqtrade.worker - INFO - Bot heartbeat. PID=1, version='docker-2025.9-dev-5f1d9cba', state='RUNNING'
2025-11-23 03:40:49,498 - freqtrade.freqai.base_models.BaseClassifierModel - INFO - -------------------- Starting training WIF/USDT:USDT --------------------
2025-11-23 03:40:49,570 - freqtrade.freqai.data_kitchen - INFO - WIF/USDT:USDT: dropped 24 training points due to NaNs in populated dataset 4319.
2025-11-23 03:40:49,572 - freqtrade.freqai.base_models.BaseClassifierModel - INFO - -------------------- Training on data from 2025-11-08 to 2025-11-23 --------------------
2025-11-23 03:40:49,745 - datasieve.pipeline - INFO - SVM detected 155 data points as outliers.
2025-11-23 03:40:52,069 - freqtrade.freqai.base_models.BaseClassifierModel - INFO - Training model on 758 features
2025-11-23 03:40:52,071 - freqtrade.freqai.base_models.BaseClassifierModel - INFO - Training model on 4140 data points
2025-11-23 03:41:11,020 - freqtrade.worker - INFO - Bot heartbeat. PID=1, version='docker-2025.9-dev-5f1d9cba', state='RUNNING'
2025-11-23 03:41:34,718 - freqtrade.freqai.base_models.BaseClassifierModel - INFO - -------------------- Done training WIF/USDT:USDT (45.22 secs) --------------------
2025-11-23 03:41:34,939 - freqtrade.freqai.data_drawer - INFO - Freqai purging old model file /freqtrade/user_data/models/1/sub-train-WIF_1763867448
2025-11-23 03:41:34,957 - freqtrade.freqai.freqai_interface - INFO - Total time spent training pairlist 46.49 seconds
2025-11-23 03:42:11,031 - freqtrade.worker - INFO - Bot heartbeat. PID=1, version='docker-2025.9-dev-5f1d9cba', state='RUNNING'
2025-11-23 03:43:09,160 - freqtrade.exchange.exchange_ws - ERROR - Exception in continuously_async_watch_ohlcv for ETH/USDT, 5m
Traceback (most recent call last):
  File "/freqtrade/freqtrade/exchange/exchange_ws.py", line 176, in _continuously_async_watch_ohlcv
    data = await self._ccxt_object.watch_ohlcv(pair, timeframe)
           ^^^^^^^^^^^^^^^^^^^^^^^^^^^^^^^^^^^^^^^^^^^^^^^^^^^^
  File "/home/ftuser/.local/lib/python3.13/site-packages/ccxt/pro/bybit.py", line 653, in watch_ohlcv
    result = await self.watch_ohlcv_for_symbols([[symbol, timeframe]], since, limit, params)
             ^^^^^^^^^^^^^^^^^^^^^^^^^^^^^^^^^^^^^^^^^^^^^^^^^^^^^^^^^^^^^^^^^^^^^^^^^^^^^^^
  File "/home/ftuser/.local/lib/python3.13/site-packages/ccxt/pro/bybit.py", line 685, in watch_ohlcv_for_symbols
    symbol, timeframe, stored = await self.watch_topics(url, messageHashes, rawHashes, params)
                                ^^^^^^^^^^^^^^^^^^^^^^^^^^^^^^^^^^^^^^^^^^^^^^^^^^^^^^^^^^^^^^
  File "/home/ftuser/.local/lib/python3.13/site-packages/ccxt/pro/bybit.py", line 2115, in watch_topics
    return await self.watch_multiple(url, messageHashes, message, messageHashes)
           ^^^^^^^^^^^^^^^^^^^^^^^^^^^^^^^^^^^^^^^^^^^^^^^^^^^^^^^^^^^^^^^^^^^^^
ccxt.base.errors.NetworkError: Connection closed by remote server, closing code 1006
2025-11-23 03:43:09,171 - freqtrade.exchange.exchange_ws - ERROR - Exception in continuously_async_watch_ohlcv for ETH/USDT, 15m
Traceback (most recent call last):
  File "/freqtrade/freqtrade/exchange/exchange_ws.py", line 176, in _continuously_async_watch_ohlcv
    data = await self._ccxt_object.watch_ohlcv(pair, timeframe)
           ^^^^^^^^^^^^^^^^^^^^^^^^^^^^^^^^^^^^^^^^^^^^^^^^^^^^
  File "/home/ftuser/.local/lib/python3.13/site-packages/ccxt/pro/bybit.py", line 653, in watch_ohlcv
    result = await self.watch_ohlcv_for_symbols([[symbol, timeframe]], since, limit, params)
             ^^^^^^^^^^^^^^^^^^^^^^^^^^^^^^^^^^^^^^^^^^^^^^^^^^^^^^^^^^^^^^^^^^^^^^^^^^^^^^^
  File "/home/ftuser/.local/lib/python3.13/site-packages/ccxt/pro/bybit.py", line 685, in watch_ohlcv_for_symbols
    symbol, timeframe, stored = await self.watch_topics(url, messageHashes, rawHashes, params)
                                ^^^^^^^^^^^^^^^^^^^^^^^^^^^^^^^^^^^^^^^^^^^^^^^^^^^^^^^^^^^^^^
  File "/home/ftuser/.local/lib/python3.13/site-packages/ccxt/pro/bybit.py", line 2115, in watch_topics
    return await self.watch_multiple(url, messageHashes, message, messageHashes)
           ^^^^^^^^^^^^^^^^^^^^^^^^^^^^^^^^^^^^^^^^^^^^^^^^^^^^^^^^^^^^^^^^^^^^^
ccxt.base.errors.NetworkError: Connection closed by remote server, closing code 1006
2025-11-23 03:43:09,175 - freqtrade.exchange.exchange_ws - ERROR - Exception in continuously_async_watch_ohlcv for BTC/USDT, 5m
Traceback (most recent call last):
  File "/freqtrade/freqtrade/exchange/exchange_ws.py", line 176, in _continuously_async_watch_ohlcv
    data = await self._ccxt_object.watch_ohlcv(pair, timeframe)
           ^^^^^^^^^^^^^^^^^^^^^^^^^^^^^^^^^^^^^^^^^^^^^^^^^^^^
  File "/home/ftuser/.local/lib/python3.13/site-packages/ccxt/pro/bybit.py", line 653, in watch_ohlcv
    result = await self.watch_ohlcv_for_symbols([[symbol, timeframe]], since, limit, params)
             ^^^^^^^^^^^^^^^^^^^^^^^^^^^^^^^^^^^^^^^^^^^^^^^^^^^^^^^^^^^^^^^^^^^^^^^^^^^^^^^
  File "/home/ftuser/.local/lib/python3.13/site-packages/ccxt/pro/bybit.py", line 685, in watch_ohlcv_for_symbols
    symbol, timeframe, stored = await self.watch_topics(url, messageHashes, rawHashes, params)
                                ^^^^^^^^^^^^^^^^^^^^^^^^^^^^^^^^^^^^^^^^^^^^^^^^^^^^^^^^^^^^^^
  File "/home/ftuser/.local/lib/python3.13/site-packages/ccxt/pro/bybit.py", line 2115, in watch_topics
    return await self.watch_multiple(url, messageHashes, message, messageHashes)
           ^^^^^^^^^^^^^^^^^^^^^^^^^^^^^^^^^^^^^^^^^^^^^^^^^^^^^^^^^^^^^^^^^^^^^
ccxt.base.errors.NetworkError: Connection closed by remote server, closing code 1006
2025-11-23 03:43:09,179 - freqtrade.exchange.exchange_ws - ERROR - Exception in continuously_async_watch_ohlcv for BTC/USDT, 15m
Traceback (most recent call last):
  File "/freqtrade/freqtrade/exchange/exchange_ws.py", line 176, in _continuously_async_watch_ohlcv
    data = await self._ccxt_object.watch_ohlcv(pair, timeframe)
           ^^^^^^^^^^^^^^^^^^^^^^^^^^^^^^^^^^^^^^^^^^^^^^^^^^^^
  File "/home/ftuser/.local/lib/python3.13/site-packages/ccxt/pro/bybit.py", line 653, in watch_ohlcv
    result = await self.watch_ohlcv_for_symbols([[symbol, timeframe]], since, limit, params)
             ^^^^^^^^^^^^^^^^^^^^^^^^^^^^^^^^^^^^^^^^^^^^^^^^^^^^^^^^^^^^^^^^^^^^^^^^^^^^^^^
  File "/home/ftuser/.local/lib/python3.13/site-packages/ccxt/pro/bybit.py", line 685, in watch_ohlcv_for_symbols
    symbol, timeframe, stored = await self.watch_topics(url, messageHashes, rawHashes, params)
                                ^^^^^^^^^^^^^^^^^^^^^^^^^^^^^^^^^^^^^^^^^^^^^^^^^^^^^^^^^^^^^^
  File "/home/ftuser/.local/lib/python3.13/site-packages/ccxt/pro/bybit.py", line 2115, in watch_topics
    return await self.watch_multiple(url, messageHashes, message, messageHashes)
           ^^^^^^^^^^^^^^^^^^^^^^^^^^^^^^^^^^^^^^^^^^^^^^^^^^^^^^^^^^^^^^^^^^^^^
ccxt.base.errors.NetworkError: Connection closed by remote server, closing code 1006
2025-11-23 03:43:09,184 - freqtrade.exchange.exchange_ws - INFO - ETH/USDT, 5m, futures - Task finished - done
2025-11-23 03:43:09,185 - freqtrade.exchange.exchange_ws - INFO - ETH/USDT, 15m, futures - Task finished - done
2025-11-23 03:43:09,187 - freqtrade.exchange.exchange_ws - INFO - BTC/USDT, 5m, futures - Task finished - done
2025-11-23 03:43:09,188 - freqtrade.exchange.exchange_ws - INFO - BTC/USDT, 15m, futures - Task finished - done
2025-11-23 03:43:11,039 - freqtrade.worker - INFO - Bot heartbeat. PID=1, version='docker-2025.9-dev-5f1d9cba', state='RUNNING'
2025-11-23 03:44:11,045 - freqtrade.worker - INFO - Bot heartbeat. PID=1, version='docker-2025.9-dev-5f1d9cba', state='RUNNING'
2025-11-23 03:45:01,036 - freqtrade.exchange.exchange - INFO - Couldn't reuse watch for ETH/USDT, 15m, falling back to REST api. False, 1763869500000, 0, 2025-11-23T03:45:00, 1970-01-01T00:00:00 
2025-11-23 03:45:01,038 - freqtrade.exchange.exchange - INFO - Couldn't reuse watch for BTC/USDT, 5m, falling back to REST api. False, 1763869500000, 0, 2025-11-23T03:45:00, 1970-01-01T00:00:00 
2025-11-23 03:45:01,041 - freqtrade.exchange.exchange - INFO - Couldn't reuse watch for ETH/USDT, 5m, falling back to REST api. False, 1763869500000, 0, 2025-11-23T03:45:00, 1970-01-01T00:00:00 
2025-11-23 03:45:01,043 - freqtrade.exchange.exchange - INFO - Couldn't reuse watch for BTC/USDT, 15m, falling back to REST api. False, 1763869500000, 0, 2025-11-23T03:45:00, 1970-01-01T00:00:00 
2025-11-23 03:45:02,865 - freqtrade.freqai.freqai_interface - INFO - Total time spent inferencing pairlist 0.85 seconds
2025-11-23 03:45:16,001 - freqtrade.worker - INFO - Bot heartbeat. PID=1, version='docker-2025.9-dev-5f1d9cba', state='RUNNING'
2025-11-23 03:46:16,013 - freqtrade.worker - INFO - Bot heartbeat. PID=1, version='docker-2025.9-dev-5f1d9cba', state='RUNNING'
2025-11-23 03:47:16,018 - freqtrade.worker - INFO - Bot heartbeat. PID=1, version='docker-2025.9-dev-5f1d9cba', state='RUNNING'
2025-11-23 03:48:16,026 - freqtrade.worker - INFO - Bot heartbeat. PID=1, version='docker-2025.9-dev-5f1d9cba', state='RUNNING'
2025-11-23 03:49:16,037 - freqtrade.worker - INFO - Bot heartbeat. PID=1, version='docker-2025.9-dev-5f1d9cba', state='RUNNING'
2025-11-23 03:50:02,173 - freqtrade.freqai.freqai_interface - INFO - Total time spent inferencing pairlist 0.91 seconds
2025-11-23 03:50:21,001 - freqtrade.worker - INFO - Bot heartbeat. PID=1, version='docker-2025.9-dev-5f1d9cba', state='RUNNING'
2025-11-23 03:51:21,007 - freqtrade.worker - INFO - Bot heartbeat. PID=1, version='docker-2025.9-dev-5f1d9cba', state='RUNNING'
2025-11-23 03:51:24,101 - freqtrade.exchange.exchange_ws - ERROR - Exception in continuously_async_watch_ohlcv for WIF/USDT:USDT, 15m
Traceback (most recent call last):
  File "/freqtrade/freqtrade/exchange/exchange_ws.py", line 176, in _continuously_async_watch_ohlcv
    data = await self._ccxt_object.watch_ohlcv(pair, timeframe)
           ^^^^^^^^^^^^^^^^^^^^^^^^^^^^^^^^^^^^^^^^^^^^^^^^^^^^
  File "/home/ftuser/.local/lib/python3.13/site-packages/ccxt/pro/bybit.py", line 653, in watch_ohlcv
    result = await self.watch_ohlcv_for_symbols([[symbol, timeframe]], since, limit, params)
             ^^^^^^^^^^^^^^^^^^^^^^^^^^^^^^^^^^^^^^^^^^^^^^^^^^^^^^^^^^^^^^^^^^^^^^^^^^^^^^^
  File "/home/ftuser/.local/lib/python3.13/site-packages/ccxt/pro/bybit.py", line 685, in watch_ohlcv_for_symbols
    symbol, timeframe, stored = await self.watch_topics(url, messageHashes, rawHashes, params)
                                ^^^^^^^^^^^^^^^^^^^^^^^^^^^^^^^^^^^^^^^^^^^^^^^^^^^^^^^^^^^^^^
  File "/home/ftuser/.local/lib/python3.13/site-packages/ccxt/pro/bybit.py", line 2115, in watch_topics
    return await self.watch_multiple(url, messageHashes, message, messageHashes)
           ^^^^^^^^^^^^^^^^^^^^^^^^^^^^^^^^^^^^^^^^^^^^^^^^^^^^^^^^^^^^^^^^^^^^^
ccxt.base.errors.NetworkError: Connection closed by remote server, closing code 1006
2025-11-23 03:51:24,110 - freqtrade.exchange.exchange_ws - ERROR - Exception in continuously_async_watch_ohlcv for WIF/USDT:USDT, 5m
Traceback (most recent call last):
  File "/freqtrade/freqtrade/exchange/exchange_ws.py", line 176, in _continuously_async_watch_ohlcv
    data = await self._ccxt_object.watch_ohlcv(pair, timeframe)
           ^^^^^^^^^^^^^^^^^^^^^^^^^^^^^^^^^^^^^^^^^^^^^^^^^^^^
  File "/home/ftuser/.local/lib/python3.13/site-packages/ccxt/pro/bybit.py", line 653, in watch_ohlcv
    result = await self.watch_ohlcv_for_symbols([[symbol, timeframe]], since, limit, params)
             ^^^^^^^^^^^^^^^^^^^^^^^^^^^^^^^^^^^^^^^^^^^^^^^^^^^^^^^^^^^^^^^^^^^^^^^^^^^^^^^
  File "/home/ftuser/.local/lib/python3.13/site-packages/ccxt/pro/bybit.py", line 685, in watch_ohlcv_for_symbols
    symbol, timeframe, stored = await self.watch_topics(url, messageHashes, rawHashes, params)
                                ^^^^^^^^^^^^^^^^^^^^^^^^^^^^^^^^^^^^^^^^^^^^^^^^^^^^^^^^^^^^^^
  File "/home/ftuser/.local/lib/python3.13/site-packages/ccxt/pro/bybit.py", line 2115, in watch_topics
    return await self.watch_multiple(url, messageHashes, message, messageHashes)
           ^^^^^^^^^^^^^^^^^^^^^^^^^^^^^^^^^^^^^^^^^^^^^^^^^^^^^^^^^^^^^^^^^^^^^
ccxt.base.errors.NetworkError: Connection closed by remote server, closing code 1006
2025-11-23 03:51:24,114 - freqtrade.exchange.exchange_ws - INFO - WIF/USDT:USDT, 15m, futures - Task finished - done
2025-11-23 03:51:24,116 - freqtrade.exchange.exchange_ws - INFO - WIF/USDT:USDT, 5m, futures - Task finished - done
2025-11-23 03:52:21,016 - freqtrade.worker - INFO - Bot heartbeat. PID=1, version='docker-2025.9-dev-5f1d9cba', state='RUNNING'
2025-11-23 03:53:21,025 - freqtrade.worker - INFO - Bot heartbeat. PID=1, version='docker-2025.9-dev-5f1d9cba', state='RUNNING'
2025-11-23 03:54:21,038 - freqtrade.worker - INFO - Bot heartbeat. PID=1, version='docker-2025.9-dev-5f1d9cba', state='RUNNING'
2025-11-23 03:55:01,031 - freqtrade.exchange.exchange - INFO - Couldn't reuse watch for WIF/USDT:USDT, 5m, falling back to REST api. False, 1763870100000, 0, 2025-11-23T03:55:00, 1970-01-01T00:00:00 
2025-11-23 03:55:02,976 - freqtrade.freqai.freqai_interface - INFO - Total time spent inferencing pairlist 1.09 seconds
2025-11-23 03:55:26,001 - freqtrade.worker - INFO - Bot heartbeat. PID=1, version='docker-2025.9-dev-5f1d9cba', state='RUNNING'
2025-11-23 03:55:49,380 - freqtrade.freqai.base_models.BaseClassifierModel - INFO - -------------------- Starting training WIF/USDT:USDT --------------------
2025-11-23 03:55:49,452 - freqtrade.freqai.data_kitchen - INFO - WIF/USDT:USDT: dropped 24 training points due to NaNs in populated dataset 4319.
2025-11-23 03:55:49,453 - freqtrade.freqai.base_models.BaseClassifierModel - INFO - -------------------- Training on data from 2025-11-08 to 2025-11-23 --------------------
2025-11-23 03:55:49,626 - datasieve.pipeline - INFO - SVM detected 58 data points as outliers.
2025-11-23 03:55:52,043 - freqtrade.freqai.base_models.BaseClassifierModel - INFO - Training model on 758 features
2025-11-23 03:55:52,044 - freqtrade.freqai.base_models.BaseClassifierModel - INFO - Training model on 4237 data points
2025-11-23 03:56:26,009 - freqtrade.worker - INFO - Bot heartbeat. PID=1, version='docker-2025.9-dev-5f1d9cba', state='RUNNING'
2025-11-23 03:56:35,641 - freqtrade.freqai.base_models.BaseClassifierModel - INFO - -------------------- Done training WIF/USDT:USDT (46.26 secs) --------------------
2025-11-23 03:56:35,912 - freqtrade.freqai.data_drawer - INFO - Freqai purging old model file /freqtrade/user_data/models/1/sub-train-WIF_1763868348
2025-11-23 03:56:35,937 - freqtrade.freqai.freqai_interface - INFO - Total time spent training pairlist 47.54 seconds
2025-11-23 03:57:26,019 - freqtrade.worker - INFO - Bot heartbeat. PID=1, version='docker-2025.9-dev-5f1d9cba', state='RUNNING'
2025-11-23 03:58:26,027 - freqtrade.worker - INFO - Bot heartbeat. PID=1, version='docker-2025.9-dev-5f1d9cba', state='RUNNING'
2025-11-23 03:59:26,036 - freqtrade.worker - INFO - Bot heartbeat. PID=1, version='docker-2025.9-dev-5f1d9cba', state='RUNNING'
2025-11-23 04:00:01,024 - freqtrade.exchange.exchange - INFO - Couldn't reuse watch for BTC/USDT, 1h, falling back to REST api. False, 1763870400000, 0, 2025-11-23T04:00:00, 1970-01-01T00:00:00 
2025-11-23 04:00:01,031 - freqtrade.exchange.exchange - INFO - Couldn't reuse watch for WIF/USDT:USDT, 1h, falling back to REST api. False, 1763870400000, 0, 2025-11-23T04:00:00, 1970-01-01T00:00:00 
2025-11-23 04:00:01,035 - freqtrade.exchange.exchange - INFO - Couldn't reuse watch for WIF/USDT:USDT, 15m, falling back to REST api. False, 1763870400000, 0, 2025-11-23T04:00:00, 1970-01-01T00:00:00 
2025-11-23 04:00:01,038 - freqtrade.exchange.exchange - INFO - Couldn't reuse watch for ETH/USDT, 1h, falling back to REST api. False, 1763870400000, 0, 2025-11-23T04:00:00, 1970-01-01T00:00:00 
2025-11-23 04:00:03,026 - freqtrade.freqai.freqai_interface - INFO - Total time spent inferencing pairlist 0.85 seconds
2025-11-23 04:00:31,002 - freqtrade.worker - INFO - Bot heartbeat. PID=1, version='docker-2025.9-dev-5f1d9cba', state='RUNNING'
2025-11-23 04:01:06,440 - freqtrade.wallets - INFO - Wallets synced.
2025-11-23 04:01:31,008 - freqtrade.worker - INFO - Bot heartbeat. PID=1, version='docker-2025.9-dev-5f1d9cba', state='RUNNING'
2025-11-23 04:02:31,022 - freqtrade.worker - INFO - Bot heartbeat. PID=1, version='docker-2025.9-dev-5f1d9cba', state='RUNNING'
2025-11-23 04:03:31,031 - freqtrade.worker - INFO - Bot heartbeat. PID=1, version='docker-2025.9-dev-5f1d9cba', state='RUNNING'
2025-11-23 04:04:31,041 - freqtrade.worker - INFO - Bot heartbeat. PID=1, version='docker-2025.9-dev-5f1d9cba', state='RUNNING'
2025-11-23 04:05:02,189 - freqtrade.freqai.freqai_interface - INFO - Total time spent inferencing pairlist 0.94 seconds
2025-11-23 04:05:36,008 - freqtrade.worker - INFO - Bot heartbeat. PID=1, version='docker-2025.9-dev-5f1d9cba', state='RUNNING'
2025-11-23 04:06:36,014 - freqtrade.worker - INFO - Bot heartbeat. PID=1, version='docker-2025.9-dev-5f1d9cba', state='RUNNING'
2025-11-23 04:07:36,024 - freqtrade.worker - INFO - Bot heartbeat. PID=1, version='docker-2025.9-dev-5f1d9cba', state='RUNNING'
2025-11-23 04:08:36,032 - freqtrade.worker - INFO - Bot heartbeat. PID=1, version='docker-2025.9-dev-5f1d9cba', state='RUNNING'
2025-11-23 04:09:36,041 - freqtrade.worker - INFO - Bot heartbeat. PID=1, version='docker-2025.9-dev-5f1d9cba', state='RUNNING'
2025-11-23 04:10:02,112 - freqtrade.freqai.freqai_interface - INFO - Total time spent inferencing pairlist 0.88 seconds
2025-11-23 04:10:41,004 - freqtrade.worker - INFO - Bot heartbeat. PID=1, version='docker-2025.9-dev-5f1d9cba', state='RUNNING'
2025-11-23 04:10:49,467 - freqtrade.freqai.base_models.BaseClassifierModel - INFO - -------------------- Starting training WIF/USDT:USDT --------------------
2025-11-23 04:10:49,533 - freqtrade.freqai.data_kitchen - INFO - WIF/USDT:USDT: dropped 24 training points due to NaNs in populated dataset 4319.
2025-11-23 04:10:49,534 - freqtrade.freqai.base_models.BaseClassifierModel - INFO - -------------------- Training on data from 2025-11-08 to 2025-11-23 --------------------
2025-11-23 04:10:49,755 - datasieve.pipeline - INFO - SVM detected 103 data points as outliers.
2025-11-23 04:10:52,184 - freqtrade.freqai.base_models.BaseClassifierModel - INFO - Training model on 758 features
2025-11-23 04:10:52,185 - freqtrade.freqai.base_models.BaseClassifierModel - INFO - Training model on 4192 data points
2025-11-23 04:11:36,065 - freqtrade.freqai.base_models.BaseClassifierModel - INFO - -------------------- Done training WIF/USDT:USDT (46.60 secs) --------------------
2025-11-23 04:11:36,295 - freqtrade.freqai.data_drawer - INFO - Freqai purging old model file /freqtrade/user_data/models/1/sub-train-WIF_1763869248
2025-11-23 04:11:36,310 - freqtrade.freqai.freqai_interface - INFO - Total time spent training pairlist 47.91 seconds
2025-11-23 04:11:41,018 - freqtrade.worker - INFO - Bot heartbeat. PID=1, version='docker-2025.9-dev-5f1d9cba', state='RUNNING'
2025-11-23 04:12:16,320 - freqtrade.plugins.pairlistmanager - INFO - Whitelist with 1 pairs: ['WIF/USDT:USDT']
2025-11-23 04:12:41,343 - freqtrade.worker - INFO - Bot heartbeat. PID=1, version='docker-2025.9-dev-5f1d9cba', state='RUNNING'
2025-11-23 04:13:41,352 - freqtrade.worker - INFO - Bot heartbeat. PID=1, version='docker-2025.9-dev-5f1d9cba', state='RUNNING'
2025-11-23 04:14:41,359 - freqtrade.worker - INFO - Bot heartbeat. PID=1, version='docker-2025.9-dev-5f1d9cba', state='RUNNING'
2025-11-23 04:15:02,156 - freqtrade.freqai.freqai_interface - INFO - Total time spent inferencing pairlist 0.85 seconds
2025-11-23 04:15:46,003 - freqtrade.worker - INFO - Bot heartbeat. PID=1, version='docker-2025.9-dev-5f1d9cba', state='RUNNING'
2025-11-23 04:16:46,011 - freqtrade.worker - INFO - Bot heartbeat. PID=1, version='docker-2025.9-dev-5f1d9cba', state='RUNNING'
2025-11-23 04:17:46,017 - freqtrade.worker - INFO - Bot heartbeat. PID=1, version='docker-2025.9-dev-5f1d9cba', state='RUNNING'
2025-11-23 04:18:46,027 - freqtrade.worker - INFO - Bot heartbeat. PID=1, version='docker-2025.9-dev-5f1d9cba', state='RUNNING'
2025-11-23 04:19:46,040 - freqtrade.worker - INFO - Bot heartbeat. PID=1, version='docker-2025.9-dev-5f1d9cba', state='RUNNING'
2025-11-23 04:20:02,191 - freqtrade.freqai.freqai_interface - INFO - Total time spent inferencing pairlist 0.96 seconds
2025-11-23 04:20:51,007 - freqtrade.worker - INFO - Bot heartbeat. PID=1, version='docker-2025.9-dev-5f1d9cba', state='RUNNING'
2025-11-23 04:21:51,024 - freqtrade.worker - INFO - Bot heartbeat. PID=1, version='docker-2025.9-dev-5f1d9cba', state='RUNNING'
2025-11-23 04:22:51,031 - freqtrade.worker - INFO - Bot heartbeat. PID=1, version='docker-2025.9-dev-5f1d9cba', state='RUNNING'
2025-11-23 04:23:51,041 - freqtrade.worker - INFO - Bot heartbeat. PID=1, version='docker-2025.9-dev-5f1d9cba', state='RUNNING'
2025-11-23 04:24:51,054 - freqtrade.worker - INFO - Bot heartbeat. PID=1, version='docker-2025.9-dev-5f1d9cba', state='RUNNING'
2025-11-23 04:25:02,231 - freqtrade.freqai.freqai_interface - INFO - Total time spent inferencing pairlist 1.00 seconds
2025-11-23 04:25:49,831 - freqtrade.freqai.base_models.BaseClassifierModel - INFO - -------------------- Starting training WIF/USDT:USDT --------------------
2025-11-23 04:25:49,905 - freqtrade.freqai.data_kitchen - INFO - WIF/USDT:USDT: dropped 24 training points due to NaNs in populated dataset 4319.
2025-11-23 04:25:49,906 - freqtrade.freqai.base_models.BaseClassifierModel - INFO - -------------------- Training on data from 2025-11-08 to 2025-11-23 --------------------
2025-11-23 04:25:50,086 - datasieve.pipeline - INFO - SVM detected 171 data points as outliers.
2025-11-23 04:25:52,557 - freqtrade.freqai.base_models.BaseClassifierModel - INFO - Training model on 758 features
2025-11-23 04:25:52,558 - freqtrade.freqai.base_models.BaseClassifierModel - INFO - Training model on 4124 data points
2025-11-23 04:25:56,004 - freqtrade.worker - INFO - Bot heartbeat. PID=1, version='docker-2025.9-dev-5f1d9cba', state='RUNNING'
2025-11-23 04:26:37,001 - freqtrade.freqai.base_models.BaseClassifierModel - INFO - -------------------- Done training WIF/USDT:USDT (47.17 secs) --------------------
2025-11-23 04:26:37,212 - freqtrade.freqai.data_drawer - INFO - Freqai purging old model file /freqtrade/user_data/models/1/sub-train-WIF_1763870148
2025-11-23 04:26:37,226 - freqtrade.freqai.freqai_interface - INFO - Total time spent training pairlist 48.47 seconds
2025-11-23 04:26:56,011 - freqtrade.worker - INFO - Bot heartbeat. PID=1, version='docker-2025.9-dev-5f1d9cba', state='RUNNING'
2025-11-23 04:27:56,018 - freqtrade.worker - INFO - Bot heartbeat. PID=1, version='docker-2025.9-dev-5f1d9cba', state='RUNNING'
2025-11-23 04:28:56,027 - freqtrade.worker - INFO - Bot heartbeat. PID=1, version='docker-2025.9-dev-5f1d9cba', state='RUNNING'
2025-11-23 04:29:56,034 - freqtrade.worker - INFO - Bot heartbeat. PID=1, version='docker-2025.9-dev-5f1d9cba', state='RUNNING'
2025-11-23 04:30:02,393 - freqtrade.freqai.freqai_interface - INFO - Total time spent inferencing pairlist 1.08 seconds
2025-11-23 04:31:01,005 - freqtrade.worker - INFO - Bot heartbeat. PID=1, version='docker-2025.9-dev-5f1d9cba', state='RUNNING'
2025-11-23 04:31:06,590 - freqtrade.wallets - INFO - Wallets synced.
2025-11-23 04:32:01,012 - freqtrade.worker - INFO - Bot heartbeat. PID=1, version='docker-2025.9-dev-5f1d9cba', state='RUNNING'
2025-11-23 04:33:01,019 - freqtrade.worker - INFO - Bot heartbeat. PID=1, version='docker-2025.9-dev-5f1d9cba', state='RUNNING'
2025-11-23 04:34:01,027 - freqtrade.worker - INFO - Bot heartbeat. PID=1, version='docker-2025.9-dev-5f1d9cba', state='RUNNING'
2025-11-23 04:35:02,374 - freqtrade.freqai.freqai_interface - INFO - Total time spent inferencing pairlist 1.11 seconds
2025-11-23 04:35:06,000 - freqtrade.worker - INFO - Bot heartbeat. PID=1, version='docker-2025.9-dev-5f1d9cba', state='RUNNING'
2025-11-23 04:36:06,006 - freqtrade.worker - INFO - Bot heartbeat. PID=1, version='docker-2025.9-dev-5f1d9cba', state='RUNNING'
2025-11-23 04:37:06,013 - freqtrade.worker - INFO - Bot heartbeat. PID=1, version='docker-2025.9-dev-5f1d9cba', state='RUNNING'
2025-11-23 04:38:06,024 - freqtrade.worker - INFO - Bot heartbeat. PID=1, version='docker-2025.9-dev-5f1d9cba', state='RUNNING'
2025-11-23 04:39:06,033 - freqtrade.worker - INFO - Bot heartbeat. PID=1, version='docker-2025.9-dev-5f1d9cba', state='RUNNING'
2025-11-23 04:40:02,324 - freqtrade.freqai.freqai_interface - INFO - Total time spent inferencing pairlist 1.09 seconds
2025-11-23 04:40:11,001 - freqtrade.worker - INFO - Bot heartbeat. PID=1, version='docker-2025.9-dev-5f1d9cba', state='RUNNING'
2025-11-23 04:40:49,677 - freqtrade.freqai.base_models.BaseClassifierModel - INFO - -------------------- Starting training WIF/USDT:USDT --------------------
2025-11-23 04:40:49,746 - freqtrade.freqai.data_kitchen - INFO - WIF/USDT:USDT: dropped 24 training points due to NaNs in populated dataset 4319.
2025-11-23 04:40:49,747 - freqtrade.freqai.base_models.BaseClassifierModel - INFO - -------------------- Training on data from 2025-11-08 to 2025-11-23 --------------------
2025-11-23 04:40:49,920 - datasieve.pipeline - INFO - SVM detected 93 data points as outliers.
2025-11-23 04:40:52,178 - freqtrade.freqai.base_models.BaseClassifierModel - INFO - Training model on 758 features
2025-11-23 04:40:52,179 - freqtrade.freqai.base_models.BaseClassifierModel - INFO - Training model on 4202 data points
2025-11-23 04:41:11,008 - freqtrade.worker - INFO - Bot heartbeat. PID=1, version='docker-2025.9-dev-5f1d9cba', state='RUNNING'
2025-11-23 04:41:36,315 - freqtrade.freqai.base_models.BaseClassifierModel - INFO - -------------------- Done training WIF/USDT:USDT (46.64 secs) --------------------
2025-11-23 04:41:36,519 - freqtrade.freqai.data_drawer - INFO - Freqai purging old model file /freqtrade/user_data/models/1/sub-train-WIF_1763871048
2025-11-23 04:41:36,533 - freqtrade.freqai.freqai_interface - INFO - Total time spent training pairlist 47.89 seconds
2025-11-23 04:42:11,014 - freqtrade.worker - INFO - Bot heartbeat. PID=1, version='docker-2025.9-dev-5f1d9cba', state='RUNNING'
2025-11-23 04:43:11,021 - freqtrade.worker - INFO - Bot heartbeat. PID=1, version='docker-2025.9-dev-5f1d9cba', state='RUNNING'
2025-11-23 04:44:11,031 - freqtrade.worker - INFO - Bot heartbeat. PID=1, version='docker-2025.9-dev-5f1d9cba', state='RUNNING'
2025-11-23 04:45:02,424 - freqtrade.freqai.freqai_interface - INFO - Total time spent inferencing pairlist 1.09 seconds
2025-11-23 04:45:16,001 - freqtrade.worker - INFO - Bot heartbeat. PID=1, version='docker-2025.9-dev-5f1d9cba', state='RUNNING'
2025-11-23 04:46:16,009 - freqtrade.worker - INFO - Bot heartbeat. PID=1, version='docker-2025.9-dev-5f1d9cba', state='RUNNING'
2025-11-23 04:47:16,017 - freqtrade.worker - INFO - Bot heartbeat. PID=1, version='docker-2025.9-dev-5f1d9cba', state='RUNNING'
2025-11-23 04:48:16,034 - freqtrade.worker - INFO - Bot heartbeat. PID=1, version='docker-2025.9-dev-5f1d9cba', state='RUNNING'
2025-11-23 04:49:16,047 - freqtrade.worker - INFO - Bot heartbeat. PID=1, version='docker-2025.9-dev-5f1d9cba', state='RUNNING'
2025-11-23 04:50:02,332 - freqtrade.freqai.freqai_interface - INFO - Total time spent inferencing pairlist 1.08 seconds
2025-11-23 04:50:21,001 - freqtrade.worker - INFO - Bot heartbeat. PID=1, version='docker-2025.9-dev-5f1d9cba', state='RUNNING'
2025-11-23 04:51:21,010 - freqtrade.worker - INFO - Bot heartbeat. PID=1, version='docker-2025.9-dev-5f1d9cba', state='RUNNING'
2025-11-23 04:52:21,019 - freqtrade.worker - INFO - Bot heartbeat. PID=1, version='docker-2025.9-dev-5f1d9cba', state='RUNNING'
2025-11-23 04:53:21,027 - freqtrade.worker - INFO - Bot heartbeat. PID=1, version='docker-2025.9-dev-5f1d9cba', state='RUNNING'
2025-11-23 04:54:21,040 - freqtrade.worker - INFO - Bot heartbeat. PID=1, version='docker-2025.9-dev-5f1d9cba', state='RUNNING'
2025-11-23 04:55:02,185 - freqtrade.freqai.freqai_interface - INFO - Total time spent inferencing pairlist 0.96 seconds
2025-11-23 04:55:02,577 - freqtrade.wallets - INFO - Wallets synced.
2025-11-23 04:55:02,771 - freqtrade.freqtradebot - INFO - Short signal found: about create a new trade for WIF/USDT:USDT with stake_amount: 163.9150888419 and price: 0.3408 ...
2025-11-23 04:55:03,317 - freqtrade.freqtradebot - INFO - Order 8442377f-7492-40c1-88d4-436c42442970 was created for WIF/USDT:USDT and status is open.
2025-11-23 04:55:04,233 - freqtrade.wallets - INFO - Wallets synced.
2025-11-23 04:55:04,250 - freqtrade.rpc.rpc_manager - INFO - Sending rpc message: {'trade_id': 1, 'type': entry, 'buy_tag': '', 'enter_tag': '', 'exchange': 'Bybit', 'pair': 'WIF/USDT:USDT', 'leverage': 1.0, 'direction': 'Short', 'limit': 0.3408, 'order_rate': 0.3408, 'open_rate': 0.3408, 'order_type': 'limit', 'stake_amount': 163.9150888419, 'stake_currency': 'USDT', 'base_currency': 'WIF', 'quote_currency': 'USDT', 'fiat_currency': 'USD', 'amount': 480.9715048177817, 'open_date': datetime.datetime(2025, 11, 23, 4, 55, 3, 320107, tzinfo=datetime.timezone.utc), 'current_rate': 0.341, 'sub_trade': False}
2025-11-23 04:55:06,223 - freqtrade.freqtradebot - INFO - Found open order for Trade(id=1, pair=WIF/USDT:USDT, amount=0.00000000, is_short=True, leverage=1.0, open_rate=0.34080000, open_since=2025-11-23 04:55:03)
2025-11-23 04:55:06,235 - freqtrade.freqtradebot - INFO - Fee for Trade Trade(id=1, pair=WIF/USDT:USDT, amount=0.00000000, is_short=True, leverage=1.0, open_rate=0.34080000, open_since=2025-11-23 04:55:03) [sell]: 0.0899712 USDT - rate: 0.00055
2025-11-23 04:55:06,237 - freqtrade.persistence.trade_model - INFO - Updating trade (id=1) ...
2025-11-23 04:55:06,239 - freqtrade.persistence.trade_model - INFO - LIMIT_SELL has been fulfilled for Trade(id=1, pair=WIF/USDT:USDT, amount=480.00000000, is_short=True, leverage=1.0, open_rate=0.34080000, open_since=2025-11-23 04:55:03).
2025-11-23 04:55:07,040 - freqtrade.wallets - INFO - Wallets synced.
2025-11-23 04:55:07,059 - freqtrade.rpc.rpc_manager - INFO - Sending rpc message: {'trade_id': 1, 'type': entry_fill, 'buy_tag': '', 'enter_tag': '', 'exchange': 'Bybit', 'pair': 'WIF/USDT:USDT', 'leverage': 1.0, 'direction': 'Short', 'limit': 0.3408, 'order_rate': 0.3408, 'open_rate': 0.3408, 'order_type': 'limit', 'stake_amount': 163.584, 'stake_currency': 'USDT', 'base_currency': 'WIF', 'quote_currency': 'USDT', 'fiat_currency': 'USD', 'amount': 480.0, 'open_date': datetime.datetime(2025, 11, 23, 4, 55, 3, 320107, tzinfo=datetime.timezone.utc), 'current_rate': 0.341, 'sub_trade': False}
2025-11-23 04:55:07,061 - freqtrade.rpc.telegram - INFO - Notification 'entry_fill' not sent.
2025-11-23 04:55:07,274 - freqtrade.rpc.rpc_manager - INFO - Sending rpc strategy_msg: Trade risk (WIF/USDT:USDT): 0.77 %
2025-11-23 04:55:26,001 - freqtrade.worker - INFO - Bot heartbeat. PID=1, version='docker-2025.9-dev-5f1d9cba', state='RUNNING'
2025-11-23 04:55:46,323 - uvicorn.error - WARNING - Invalid HTTP request received.
2025-11-23 04:55:48,956 - freqtrade.freqai.base_models.BaseClassifierModel - INFO - -------------------- Starting training WIF/USDT:USDT --------------------
2025-11-23 04:55:49,019 - freqtrade.freqai.data_kitchen - INFO - WIF/USDT:USDT: dropped 24 training points due to NaNs in populated dataset 4319.
2025-11-23 04:55:49,021 - freqtrade.freqai.base_models.BaseClassifierModel - INFO - -------------------- Training on data from 2025-11-08 to 2025-11-23 --------------------
2025-11-23 04:55:49,189 - datasieve.pipeline - INFO - SVM detected 178 data points as outliers.
2025-11-23 04:55:51,327 - freqtrade.freqai.base_models.BaseClassifierModel - INFO - Training model on 758 features
2025-11-23 04:55:51,328 - freqtrade.freqai.base_models.BaseClassifierModel - INFO - Training model on 4117 data points
2025-11-23 04:56:26,013 - freqtrade.worker - INFO - Bot heartbeat. PID=1, version='docker-2025.9-dev-5f1d9cba', state='RUNNING'
2025-11-23 04:56:36,544 - freqtrade.freqai.base_models.BaseClassifierModel - INFO - -------------------- Done training WIF/USDT:USDT (47.59 secs) --------------------
2025-11-23 04:56:36,670 - freqtrade.freqai.data_drawer - INFO - Freqai purging old model file /freqtrade/user_data/models/1/sub-train-WIF_1763871948
2025-11-23 04:56:36,685 - freqtrade.freqai.freqai_interface - INFO - Total time spent training pairlist 48.68 seconds
2025-11-23 04:57:26,019 - freqtrade.worker - INFO - Bot heartbeat. PID=1, version='docker-2025.9-dev-5f1d9cba', state='RUNNING'
2025-11-23 04:58:26,029 - freqtrade.worker - INFO - Bot heartbeat. PID=1, version='docker-2025.9-dev-5f1d9cba', state='RUNNING'
2025-11-23 04:59:26,036 - freqtrade.worker - INFO - Bot heartbeat. PID=1, version='docker-2025.9-dev-5f1d9cba', state='RUNNING'
2025-11-23 05:00:02,402 - freqtrade.freqai.freqai_interface - INFO - Total time spent inferencing pairlist 1.02 seconds
2025-11-23 05:00:31,003 - freqtrade.worker - INFO - Bot heartbeat. PID=1, version='docker-2025.9-dev-5f1d9cba', state='RUNNING'
2025-11-23 05:01:07,073 - freqtrade.wallets - INFO - Wallets synced.
2025-11-23 05:01:31,009 - freqtrade.worker - INFO - Bot heartbeat. PID=1, version='docker-2025.9-dev-5f1d9cba', state='RUNNING'
2025-11-23 05:02:31,022 - freqtrade.worker - INFO - Bot heartbeat. PID=1, version='docker-2025.9-dev-5f1d9cba', state='RUNNING'
2025-11-23 05:03:31,045 - freqtrade.worker - INFO - Bot heartbeat. PID=1, version='docker-2025.9-dev-5f1d9cba', state='RUNNING'
2025-11-23 05:04:31,060 - freqtrade.worker - INFO - Bot heartbeat. PID=1, version='docker-2025.9-dev-5f1d9cba', state='RUNNING'
2025-11-23 05:05:02,246 - freqtrade.freqai.freqai_interface - INFO - Total time spent inferencing pairlist 1.00 seconds
2025-11-23 05:05:36,003 - freqtrade.worker - INFO - Bot heartbeat. PID=1, version='docker-2025.9-dev-5f1d9cba', state='RUNNING'
2025-11-23 05:06:36,014 - freqtrade.worker - INFO - Bot heartbeat. PID=1, version='docker-2025.9-dev-5f1d9cba', state='RUNNING'
2025-11-23 05:07:36,020 - freqtrade.worker - INFO - Bot heartbeat. PID=1, version='docker-2025.9-dev-5f1d9cba', state='RUNNING'
2025-11-23 05:08:36,039 - freqtrade.worker - INFO - Bot heartbeat. PID=1, version='docker-2025.9-dev-5f1d9cba', state='RUNNING'
2025-11-23 05:09:36,049 - freqtrade.worker - INFO - Bot heartbeat. PID=1, version='docker-2025.9-dev-5f1d9cba', state='RUNNING'
2025-11-23 05:10:02,381 - freqtrade.freqai.freqai_interface - INFO - Total time spent inferencing pairlist 1.11 seconds
2025-11-23 05:10:41,003 - freqtrade.worker - INFO - Bot heartbeat. PID=1, version='docker-2025.9-dev-5f1d9cba', state='RUNNING'
2025-11-23 05:10:49,155 - freqtrade.freqai.base_models.BaseClassifierModel - INFO - -------------------- Starting training WIF/USDT:USDT --------------------
2025-11-23 05:10:49,254 - freqtrade.freqai.data_kitchen - INFO - WIF/USDT:USDT: dropped 24 training points due to NaNs in populated dataset 4319.
2025-11-23 05:10:49,256 - freqtrade.freqai.base_models.BaseClassifierModel - INFO - -------------------- Training on data from 2025-11-08 to 2025-11-23 --------------------
2025-11-23 05:10:49,484 - datasieve.pipeline - INFO - SVM detected 86 data points as outliers.
2025-11-23 05:10:51,809 - freqtrade.freqai.base_models.BaseClassifierModel - INFO - Training model on 758 features
2025-11-23 05:10:51,811 - freqtrade.freqai.base_models.BaseClassifierModel - INFO - Training model on 4209 data points
2025-11-23 05:11:39,822 - freqtrade.freqai.base_models.BaseClassifierModel - INFO - -------------------- Done training WIF/USDT:USDT (50.66 secs) --------------------
2025-11-23 05:11:39,946 - freqtrade.freqai.data_drawer - INFO - Freqai purging old model file /freqtrade/user_data/models/1/sub-train-WIF_1763872848
2025-11-23 05:11:39,959 - freqtrade.freqai.freqai_interface - INFO - Total time spent training pairlist 51.77 seconds
2025-11-23 05:11:41,011 - freqtrade.worker - INFO - Bot heartbeat. PID=1, version='docker-2025.9-dev-5f1d9cba', state='RUNNING'
2025-11-23 05:12:20,992 - freqtrade.plugins.pairlistmanager - INFO - Whitelist with 1 pairs: ['WIF/USDT:USDT']
2025-11-23 05:12:41,224 - freqtrade.worker - INFO - Bot heartbeat. PID=1, version='docker-2025.9-dev-5f1d9cba', state='RUNNING'
2025-11-23 05:13:41,234 - freqtrade.worker - INFO - Bot heartbeat. PID=1, version='docker-2025.9-dev-5f1d9cba', state='RUNNING'
2025-11-23 05:14:41,241 - freqtrade.worker - INFO - Bot heartbeat. PID=1, version='docker-2025.9-dev-5f1d9cba', state='RUNNING'
2025-11-23 05:15:02,177 - freqtrade.freqai.freqai_interface - INFO - Total time spent inferencing pairlist 0.87 seconds
2025-11-23 05:15:46,005 - freqtrade.worker - INFO - Bot heartbeat. PID=1, version='docker-2025.9-dev-5f1d9cba', state='RUNNING'
2025-11-23 05:16:46,016 - freqtrade.worker - INFO - Bot heartbeat. PID=1, version='docker-2025.9-dev-5f1d9cba', state='RUNNING'
2025-11-23 05:17:46,024 - freqtrade.worker - INFO - Bot heartbeat. PID=1, version='docker-2025.9-dev-5f1d9cba', state='RUNNING'
2025-11-23 05:18:46,033 - freqtrade.worker - INFO - Bot heartbeat. PID=1, version='docker-2025.9-dev-5f1d9cba', state='RUNNING'
2025-11-23 05:19:46,039 - freqtrade.worker - INFO - Bot heartbeat. PID=1, version='docker-2025.9-dev-5f1d9cba', state='RUNNING'
2025-11-23 05:20:02,140 - freqtrade.freqai.freqai_interface - INFO - Total time spent inferencing pairlist 0.92 seconds
2025-11-23 05:20:51,003 - freqtrade.worker - INFO - Bot heartbeat. PID=1, version='docker-2025.9-dev-5f1d9cba', state='RUNNING'
2025-11-23 05:21:51,013 - freqtrade.worker - INFO - Bot heartbeat. PID=1, version='docker-2025.9-dev-5f1d9cba', state='RUNNING'
2025-11-23 05:22:51,023 - freqtrade.worker - INFO - Bot heartbeat. PID=1, version='docker-2025.9-dev-5f1d9cba', state='RUNNING'
2025-11-23 05:23:51,036 - freqtrade.worker - INFO - Bot heartbeat. PID=1, version='docker-2025.9-dev-5f1d9cba', state='RUNNING'
2025-11-23 05:24:51,043 - freqtrade.worker - INFO - Bot heartbeat. PID=1, version='docker-2025.9-dev-5f1d9cba', state='RUNNING'
2025-11-23 05:25:02,259 - freqtrade.freqai.freqai_interface - INFO - Total time spent inferencing pairlist 1.02 seconds
2025-11-23 05:25:49,377 - freqtrade.freqai.base_models.BaseClassifierModel - INFO - -------------------- Starting training WIF/USDT:USDT --------------------
2025-11-23 05:25:49,442 - freqtrade.freqai.data_kitchen - INFO - WIF/USDT:USDT: dropped 24 training points due to NaNs in populated dataset 4319.
2025-11-23 05:25:49,443 - freqtrade.freqai.base_models.BaseClassifierModel - INFO - -------------------- Training on data from 2025-11-08 to 2025-11-23 --------------------
2025-11-23 05:25:49,596 - datasieve.pipeline - INFO - SVM detected 143 data points as outliers.
2025-11-23 05:25:51,886 - freqtrade.freqai.base_models.BaseClassifierModel - INFO - Training model on 758 features
2025-11-23 05:25:51,888 - freqtrade.freqai.base_models.BaseClassifierModel - INFO - Training model on 4152 data points
2025-11-23 05:25:56,006 - freqtrade.worker - INFO - Bot heartbeat. PID=1, version='docker-2025.9-dev-5f1d9cba', state='RUNNING'
2025-11-23 05:26:38,116 - freqtrade.freqai.base_models.BaseClassifierModel - INFO - -------------------- Done training WIF/USDT:USDT (48.74 secs) --------------------
2025-11-23 05:26:38,330 - freqtrade.freqai.data_drawer - INFO - Freqai purging old model file /freqtrade/user_data/models/1/sub-train-WIF_1763873748
2025-11-23 05:26:38,345 - freqtrade.freqai.freqai_interface - INFO - Total time spent training pairlist 49.90 seconds
2025-11-23 05:26:56,018 - freqtrade.worker - INFO - Bot heartbeat. PID=1, version='docker-2025.9-dev-5f1d9cba', state='RUNNING'
2025-11-23 05:27:56,025 - freqtrade.worker - INFO - Bot heartbeat. PID=1, version='docker-2025.9-dev-5f1d9cba', state='RUNNING'
2025-11-23 05:28:56,032 - freqtrade.worker - INFO - Bot heartbeat. PID=1, version='docker-2025.9-dev-5f1d9cba', state='RUNNING'
2025-11-23 05:29:56,046 - freqtrade.worker - INFO - Bot heartbeat. PID=1, version='docker-2025.9-dev-5f1d9cba', state='RUNNING'
2025-11-23 05:30:02,278 - freqtrade.freqai.freqai_interface - INFO - Total time spent inferencing pairlist 0.91 seconds
2025-11-23 05:31:01,005 - freqtrade.worker - INFO - Bot heartbeat. PID=1, version='docker-2025.9-dev-5f1d9cba', state='RUNNING'
2025-11-23 05:31:07,141 - freqtrade.wallets - INFO - Wallets synced.
2025-11-23 05:32:01,014 - freqtrade.worker - INFO - Bot heartbeat. PID=1, version='docker-2025.9-dev-5f1d9cba', state='RUNNING'
2025-11-23 05:33:01,022 - freqtrade.worker - INFO - Bot heartbeat. PID=1, version='docker-2025.9-dev-5f1d9cba', state='RUNNING'
2025-11-23 05:34:01,030 - freqtrade.worker - INFO - Bot heartbeat. PID=1, version='docker-2025.9-dev-5f1d9cba', state='RUNNING'
2025-11-23 05:35:02,168 - freqtrade.freqai.freqai_interface - INFO - Total time spent inferencing pairlist 0.92 seconds
2025-11-23 05:35:06,000 - freqtrade.worker - INFO - Bot heartbeat. PID=1, version='docker-2025.9-dev-5f1d9cba', state='RUNNING'
2025-11-23 05:36:06,009 - freqtrade.worker - INFO - Bot heartbeat. PID=1, version='docker-2025.9-dev-5f1d9cba', state='RUNNING'
2025-11-23 05:37:06,019 - freqtrade.worker - INFO - Bot heartbeat. PID=1, version='docker-2025.9-dev-5f1d9cba', state='RUNNING'
2025-11-23 05:38:06,030 - freqtrade.worker - INFO - Bot heartbeat. PID=1, version='docker-2025.9-dev-5f1d9cba', state='RUNNING'
2025-11-23 05:39:06,039 - freqtrade.worker - INFO - Bot heartbeat. PID=1, version='docker-2025.9-dev-5f1d9cba', state='RUNNING'
2025-11-23 05:40:02,223 - freqtrade.freqai.freqai_interface - INFO - Total time spent inferencing pairlist 0.98 seconds
2025-11-23 05:40:11,000 - freqtrade.worker - INFO - Bot heartbeat. PID=1, version='docker-2025.9-dev-5f1d9cba', state='RUNNING'
2025-11-23 05:40:49,986 - freqtrade.freqai.base_models.BaseClassifierModel - INFO - -------------------- Starting training WIF/USDT:USDT --------------------
2025-11-23 05:40:50,054 - freqtrade.freqai.data_kitchen - INFO - WIF/USDT:USDT: dropped 24 training points due to NaNs in populated dataset 4319.
2025-11-23 05:40:50,056 - freqtrade.freqai.base_models.BaseClassifierModel - INFO - -------------------- Training on data from 2025-11-08 to 2025-11-23 --------------------
2025-11-23 05:40:50,217 - datasieve.pipeline - INFO - SVM detected 39 data points as outliers.
2025-11-23 05:40:52,483 - freqtrade.freqai.base_models.BaseClassifierModel - INFO - Training model on 758 features
2025-11-23 05:40:52,485 - freqtrade.freqai.base_models.BaseClassifierModel - INFO - Training model on 4256 data points
2025-11-23 05:41:11,017 - freqtrade.worker - INFO - Bot heartbeat. PID=1, version='docker-2025.9-dev-5f1d9cba', state='RUNNING'
2025-11-23 05:41:38,024 - freqtrade.freqai.base_models.BaseClassifierModel - INFO - -------------------- Done training WIF/USDT:USDT (48.03 secs) --------------------
2025-11-23 05:41:38,295 - freqtrade.freqai.data_drawer - INFO - Freqai purging old model file /freqtrade/user_data/models/1/sub-train-WIF_1763874648
2025-11-23 05:41:38,316 - freqtrade.freqai.freqai_interface - INFO - Total time spent training pairlist 49.48 seconds
2025-11-23 05:42:11,030 - freqtrade.worker - INFO - Bot heartbeat. PID=1, version='docker-2025.9-dev-5f1d9cba', state='RUNNING'
2025-11-23 05:43:11,037 - freqtrade.worker - INFO - Bot heartbeat. PID=1, version='docker-2025.9-dev-5f1d9cba', state='RUNNING'
2025-11-23 05:44:11,047 - freqtrade.worker - INFO - Bot heartbeat. PID=1, version='docker-2025.9-dev-5f1d9cba', state='RUNNING'
2025-11-23 05:45:02,209 - freqtrade.freqai.freqai_interface - INFO - Total time spent inferencing pairlist 0.97 seconds
2025-11-23 05:45:16,001 - freqtrade.worker - INFO - Bot heartbeat. PID=1, version='docker-2025.9-dev-5f1d9cba', state='RUNNING'
2025-11-23 05:46:16,008 - freqtrade.worker - INFO - Bot heartbeat. PID=1, version='docker-2025.9-dev-5f1d9cba', state='RUNNING'
2025-11-23 05:47:16,020 - freqtrade.worker - INFO - Bot heartbeat. PID=1, version='docker-2025.9-dev-5f1d9cba', state='RUNNING'
2025-11-23 05:48:16,027 - freqtrade.worker - INFO - Bot heartbeat. PID=1, version='docker-2025.9-dev-5f1d9cba', state='RUNNING'
2025-11-23 05:49:16,036 - freqtrade.worker - INFO - Bot heartbeat. PID=1, version='docker-2025.9-dev-5f1d9cba', state='RUNNING'
2025-11-23 05:50:02,171 - freqtrade.freqai.freqai_interface - INFO - Total time spent inferencing pairlist 0.94 seconds
2025-11-23 05:50:06,230 - freqtrade.freqtradebot - INFO - Exit for WIF/USDT:USDT detected. Reason: trailing_stop_loss
2025-11-23 05:50:07,392 - freqtrade.wallets - INFO - Wallets synced.
2025-11-23 05:50:07,598 - freqtrade.rpc.rpc_manager - INFO - Sending rpc message: {'type': exit, 'trade_id': 1, 'exchange': 'Bybit', 'pair': 'WIF/USDT:USDT', 'leverage': 1.0, 'direction': 'Short', 'gain': 'loss', 'limit': 0.3423, 'order_rate': 0.3423, 'order_type': 'limit', 'amount': 480.0, 'open_rate': 0.3408, 'close_rate': 0.3423, 'current_rate': 0.3423, 'profit_amount': -0.9003384, 'profit_ratio': -0.00550686, 'buy_tag': '', 'enter_tag': '', 'exit_reason': 'trailing_stop_loss', 'open_date': datetime.datetime(2025, 11, 23, 4, 55, 3, 320107, tzinfo=datetime.timezone.utc), 'close_date': datetime.datetime(2025, 11, 23, 5, 50, 7, 597893, tzinfo=datetime.timezone.utc), 'stake_amount': 163.584, 'stake_currency': 'USDT', 'base_currency': 'WIF', 'quote_currency': 'USDT', 'fiat_currency': 'USD', 'sub_trade': False, 'cumulative_profit': 0.0, 'final_profit_ratio': None, 'is_final_exit': False}
2025-11-23 05:50:07,965 - freqtrade.wallets - INFO - Wallets synced.
2025-11-23 05:50:11,242 - freqtrade.freqtradebot - INFO - Found open order for Trade(id=1, pair=WIF/USDT:USDT, amount=480.00000000, is_short=True, leverage=1.0, open_rate=0.34080000, open_since=2025-11-23 04:55:03)
2025-11-23 05:50:11,260 - freqtrade.freqtradebot - INFO - Fee for Trade Trade(id=1, pair=WIF/USDT:USDT, amount=480.00000000, is_short=True, leverage=1.0, open_rate=0.34080000, open_since=2025-11-23 04:55:03) [buy]: 0.0903672 USDT - rate: 0.00055
2025-11-23 05:50:11,262 - freqtrade.persistence.trade_model - INFO - Updating trade (id=1) ...
2025-11-23 05:50:11,266 - freqtrade.persistence.trade_model - INFO - LIMIT_BUY has been fulfilled for Trade(id=1, pair=WIF/USDT:USDT, amount=480.00000000, is_short=True, leverage=1.0, open_rate=0.34080000, open_since=2025-11-23 04:55:03).
2025-11-23 05:50:11,306 - freqtrade.persistence.trade_model - INFO - Marking Trade(id=1, pair=WIF/USDT:USDT, amount=480.00000000, is_short=True, leverage=1.0, open_rate=0.34080000, open_since=closed) as closed as the trade is fulfilled and found no open orders for it.
2025-11-23 05:50:11,703 - freqtrade.wallets - INFO - Wallets synced.
2025-11-23 05:50:11,709 - freqtrade.rpc.rpc_manager - INFO - Sending rpc message: {'type': exit_fill, 'trade_id': 1, 'exchange': 'Bybit', 'pair': 'WIF/USDT:USDT', 'leverage': 1.0, 'direction': 'Short', 'gain': 'loss', 'limit': 0.3423, 'order_rate': 0.3423, 'order_type': 'limit', 'amount': 480.0, 'open_rate': 0.3408, 'close_rate': 0.3423, 'current_rate': None, 'profit_amount': -0.9003384, 'profit_ratio': -0.00550686, 'buy_tag': '', 'enter_tag': '', 'exit_reason': 'trailing_stop_loss', 'open_date': datetime.datetime(2025, 11, 23, 4, 55, 3, 320107, tzinfo=datetime.timezone.utc), 'close_date': datetime.datetime(2025, 11, 23, 5, 50, 7, 502000, tzinfo=datetime.timezone.utc), 'stake_amount': 163.584, 'stake_currency': 'USDT', 'base_currency': 'WIF', 'quote_currency': 'USDT', 'fiat_currency': 'USD', 'sub_trade': False, 'cumulative_profit': -0.9003384, 'final_profit_ratio': -0.0055068579972506, 'is_final_exit': True}
2025-11-23 05:50:21,002 - freqtrade.worker - INFO - Bot heartbeat. PID=1, version='docker-2025.9-dev-5f1d9cba', state='RUNNING'
2025-11-23 05:51:21,012 - freqtrade.worker - INFO - Bot heartbeat. PID=1, version='docker-2025.9-dev-5f1d9cba', state='RUNNING'
2025-11-23 05:52:21,021 - freqtrade.worker - INFO - Bot heartbeat. PID=1, version='docker-2025.9-dev-5f1d9cba', state='RUNNING'
2025-11-23 05:53:21,028 - freqtrade.worker - INFO - Bot heartbeat. PID=1, version='docker-2025.9-dev-5f1d9cba', state='RUNNING'
2025-11-23 05:54:21,041 - freqtrade.worker - INFO - Bot heartbeat. PID=1, version='docker-2025.9-dev-5f1d9cba', state='RUNNING'
2025-11-23 05:55:02,314 - freqtrade.freqai.freqai_interface - INFO - Total time spent inferencing pairlist 1.07 seconds
2025-11-23 05:55:26,003 - freqtrade.worker - INFO - Bot heartbeat. PID=1, version='docker-2025.9-dev-5f1d9cba', state='RUNNING'
2025-11-23 05:55:49,852 - freqtrade.freqai.base_models.BaseClassifierModel - INFO - -------------------- Starting training WIF/USDT:USDT --------------------
2025-11-23 05:55:49,927 - freqtrade.freqai.data_kitchen - INFO - WIF/USDT:USDT: dropped 24 training points due to NaNs in populated dataset 4319.
2025-11-23 05:55:49,928 - freqtrade.freqai.base_models.BaseClassifierModel - INFO - -------------------- Training on data from 2025-11-08 to 2025-11-23 --------------------
2025-11-23 05:55:50,090 - datasieve.pipeline - INFO - SVM detected 16 data points as outliers.
2025-11-23 05:55:52,734 - freqtrade.freqai.base_models.BaseClassifierModel - INFO - Training model on 758 features
2025-11-23 05:55:52,736 - freqtrade.freqai.base_models.BaseClassifierModel - INFO - Training model on 4279 data points
2025-11-23 05:56:26,010 - freqtrade.worker - INFO - Bot heartbeat. PID=1, version='docker-2025.9-dev-5f1d9cba', state='RUNNING'
2025-11-23 05:56:39,163 - freqtrade.freqai.base_models.BaseClassifierModel - INFO - -------------------- Done training WIF/USDT:USDT (49.31 secs) --------------------
2025-11-23 05:56:39,417 - freqtrade.freqai.data_drawer - INFO - Freqai purging old model file /freqtrade/user_data/models/1/sub-train-WIF_1763875548
2025-11-23 05:56:39,435 - freqtrade.freqai.freqai_interface - INFO - Total time spent training pairlist 50.62 seconds
2025-11-23 05:57:26,020 - freqtrade.worker - INFO - Bot heartbeat. PID=1, version='docker-2025.9-dev-5f1d9cba', state='RUNNING'
2025-11-23 05:58:09,397 - uvicorn.error - WARNING - Invalid HTTP request received.
2025-11-23 05:58:09,616 - uvicorn.error - WARNING - Invalid HTTP request received.
2025-11-23 05:58:09,834 - uvicorn.error - WARNING - Invalid HTTP request received.
2025-11-23 05:58:10,053 - uvicorn.error - WARNING - Invalid HTTP request received.
2025-11-23 05:58:10,274 - uvicorn.error - WARNING - Invalid HTTP request received.
2025-11-23 05:58:10,494 - uvicorn.error - WARNING - Invalid HTTP request received.
2025-11-23 05:58:10,715 - uvicorn.error - WARNING - Invalid HTTP request received.
2025-11-23 05:58:10,932 - uvicorn.error - WARNING - Invalid HTTP request received.
2025-11-23 05:58:11,162 - uvicorn.error - WARNING - Invalid HTTP request received.
2025-11-23 05:58:11,383 - uvicorn.error - WARNING - Invalid HTTP request received.
2025-11-23 05:58:11,610 - uvicorn.error - WARNING - Invalid HTTP request received.
2025-11-23 05:58:11,835 - uvicorn.error - WARNING - Invalid HTTP request received.
2025-11-23 05:58:26,029 - freqtrade.worker - INFO - Bot heartbeat. PID=1, version='docker-2025.9-dev-5f1d9cba', state='RUNNING'
2025-11-23 05:59:26,036 - freqtrade.worker - INFO - Bot heartbeat. PID=1, version='docker-2025.9-dev-5f1d9cba', state='RUNNING'
2025-11-23 06:00:02,273 - freqtrade.freqai.freqai_interface - INFO - Total time spent inferencing pairlist 0.92 seconds
2025-11-23 06:00:31,002 - freqtrade.worker - INFO - Bot heartbeat. PID=1, version='docker-2025.9-dev-5f1d9cba', state='RUNNING'
2025-11-23 06:01:06,467 - freqtrade.wallets - INFO - Wallets synced.
2025-11-23 06:01:31,009 - freqtrade.worker - INFO - Bot heartbeat. PID=1, version='docker-2025.9-dev-5f1d9cba', state='RUNNING'
2025-11-23 06:02:31,017 - freqtrade.worker - INFO - Bot heartbeat. PID=1, version='docker-2025.9-dev-5f1d9cba', state='RUNNING'
2025-11-23 06:03:31,025 - freqtrade.worker - INFO - Bot heartbeat. PID=1, version='docker-2025.9-dev-5f1d9cba', state='RUNNING'
2025-11-23 06:04:31,032 - freqtrade.worker - INFO - Bot heartbeat. PID=1, version='docker-2025.9-dev-5f1d9cba', state='RUNNING'
2025-11-23 06:05:02,302 - freqtrade.freqai.freqai_interface - INFO - Total time spent inferencing pairlist 1.03 seconds
2025-11-23 06:05:02,757 - freqtrade.wallets - INFO - Wallets synced.
2025-11-23 06:05:02,975 - freqtrade.freqtradebot - INFO - Short signal found: about create a new trade for WIF/USDT:USDT with stake_amount: 163.0237538259 and price: 0.3444 ...
2025-11-23 06:05:03,603 - freqtrade.freqtradebot - INFO - Order 6b65224a-7c4a-470f-a814-cacd24dea369 was created for WIF/USDT:USDT and status is open.
2025-11-23 06:05:04,558 - freqtrade.wallets - INFO - Wallets synced.
2025-11-23 06:05:04,568 - freqtrade.rpc.rpc_manager - INFO - Sending rpc message: {'trade_id': 2, 'type': entry, 'buy_tag': '', 'enter_tag': '', 'exchange': 'Bybit', 'pair': 'WIF/USDT:USDT', 'leverage': 1.0, 'direction': 'Short', 'limit': 0.3444, 'order_rate': 0.3444, 'open_rate': 0.3444, 'order_type': 'limit', 'stake_amount': 163.0237538259, 'stake_currency': 'USDT', 'base_currency': 'WIF', 'quote_currency': 'USDT', 'fiat_currency': 'USD', 'amount': 473.35584734581886, 'open_date': datetime.datetime(2025, 11, 23, 6, 5, 3, 605601, tzinfo=datetime.timezone.utc), 'current_rate': 0.3445, 'sub_trade': False}
2025-11-23 06:05:06,268 - freqtrade.freqtradebot - INFO - Found open order for Trade(id=2, pair=WIF/USDT:USDT, amount=0.00000000, is_short=True, leverage=1.0, open_rate=0.34440000, open_since=2025-11-23 06:05:03)
2025-11-23 06:05:06,279 - freqtrade.freqtradebot - INFO - Fee for Trade Trade(id=2, pair=WIF/USDT:USDT, amount=0.00000000, is_short=True, leverage=1.0, open_rate=0.34440000, open_since=2025-11-23 06:05:03) [sell]: 0.08962168 USDT - rate: 0.00055
2025-11-23 06:05:06,280 - freqtrade.persistence.trade_model - INFO - Updating trade (id=2) ...
2025-11-23 06:05:06,281 - freqtrade.persistence.trade_model - INFO - LIMIT_SELL has been fulfilled for Trade(id=2, pair=WIF/USDT:USDT, amount=473.00000000, is_short=True, leverage=1.0, open_rate=0.34450000, open_since=2025-11-23 06:05:03).
2025-11-23 06:05:07,109 - freqtrade.wallets - INFO - Wallets synced.
2025-11-23 06:05:07,122 - freqtrade.rpc.rpc_manager - INFO - Sending rpc message: {'trade_id': 2, 'type': entry_fill, 'buy_tag': '', 'enter_tag': '', 'exchange': 'Bybit', 'pair': 'WIF/USDT:USDT', 'leverage': 1.0, 'direction': 'Short', 'limit': 0.3445, 'order_rate': 0.3445, 'open_rate': 0.3445, 'order_type': 'limit', 'stake_amount': 162.9485, 'stake_currency': 'USDT', 'base_currency': 'WIF', 'quote_currency': 'USDT', 'fiat_currency': 'USD', 'amount': 473.0, 'open_date': datetime.datetime(2025, 11, 23, 6, 5, 3, 605601, tzinfo=datetime.timezone.utc), 'current_rate': 0.3445, 'sub_trade': False}
2025-11-23 06:05:07,125 - freqtrade.rpc.telegram - INFO - Notification 'entry_fill' not sent.
2025-11-23 06:05:07,336 - freqtrade.freqtradebot - INFO - Exit for WIF/USDT:USDT detected. Reason: stop_loss
2025-11-23 06:05:08,184 - freqtrade.wallets - INFO - Wallets synced.
2025-11-23 06:05:08,386 - freqtrade.rpc.rpc_manager - INFO - Sending rpc message: {'type': exit, 'trade_id': 2, 'exchange': 'Bybit', 'pair': 'WIF/USDT:USDT', 'leverage': 1.0, 'direction': 'Short', 'gain': 'loss', 'limit': 0.3446, 'order_rate': 0.3446, 'order_type': 'limit', 'amount': 473.0, 'open_rate': 0.3445, 'close_rate': 0.3446, 'current_rate': 0.3446, 'profit_amount': -0.22656936, 'profit_ratio': -0.0013912, 'buy_tag': '', 'enter_tag': '', 'exit_reason': 'stop_loss', 'open_date': datetime.datetime(2025, 11, 23, 6, 5, 3, 605601, tzinfo=datetime.timezone.utc), 'close_date': datetime.datetime(2025, 11, 23, 6, 5, 8, 386199, tzinfo=datetime.timezone.utc), 'stake_amount': 162.9485, 'stake_currency': 'USDT', 'base_currency': 'WIF', 'quote_currency': 'USDT', 'fiat_currency': 'USD', 'sub_trade': False, 'cumulative_profit': 0.0, 'final_profit_ratio': None, 'is_final_exit': False}
2025-11-23 06:05:08,785 - freqtrade.wallets - INFO - Wallets synced.
2025-11-23 06:05:08,789 - freqtrade.rpc.rpc_manager - INFO - Sending rpc strategy_msg: Trade risk (WIF/USDT:USDT): 0.38 %
2025-11-23 06:05:11,236 - freqtrade.freqtradebot - INFO - Found open order for Trade(id=2, pair=WIF/USDT:USDT, amount=473.00000000, is_short=True, leverage=1.0, open_rate=0.34450000, open_since=2025-11-23 06:05:03)
2025-11-23 06:05:11,247 - freqtrade.freqtradebot - INFO - Fee for Trade Trade(id=2, pair=WIF/USDT:USDT, amount=473.00000000, is_short=True, leverage=1.0, open_rate=0.34450000, open_since=2025-11-23 06:05:03) [buy]: 0.08962168 USDT - rate: 0.00055
2025-11-23 06:05:11,249 - freqtrade.persistence.trade_model - INFO - Updating trade (id=2) ...
2025-11-23 06:05:11,250 - freqtrade.persistence.trade_model - INFO - LIMIT_BUY has been fulfilled for Trade(id=2, pair=WIF/USDT:USDT, amount=473.00000000, is_short=True, leverage=1.0, open_rate=0.34450000, open_since=2025-11-23 06:05:03).
2025-11-23 06:05:11,253 - freqtrade.persistence.trade_model - INFO - Marking Trade(id=2, pair=WIF/USDT:USDT, amount=473.00000000, is_short=True, leverage=1.0, open_rate=0.34450000, open_since=closed) as closed as the trade is fulfilled and found no open orders for it.
2025-11-23 06:05:11,661 - freqtrade.wallets - INFO - Wallets synced.
2025-11-23 06:05:11,668 - freqtrade.rpc.rpc_manager - INFO - Sending rpc message: {'type': exit_fill, 'trade_id': 2, 'exchange': 'Bybit', 'pair': 'WIF/USDT:USDT', 'leverage': 1.0, 'direction': 'Short', 'gain': 'loss', 'limit': 0.3445, 'order_rate': 0.3445, 'order_type': 'limit', 'amount': 473.0, 'open_rate': 0.3445, 'close_rate': 0.3445, 'current_rate': None, 'profit_amount': -0.17924335, 'profit_ratio': -0.00110061, 'buy_tag': '', 'enter_tag': '', 'exit_reason': 'stop_loss', 'open_date': datetime.datetime(2025, 11, 23, 6, 5, 3, 605601, tzinfo=datetime.timezone.utc), 'close_date': datetime.datetime(2025, 11, 23, 6, 5, 8, 295000, tzinfo=datetime.timezone.utc), 'stake_amount': 162.9485, 'stake_currency': 'USDT', 'base_currency': 'WIF', 'quote_currency': 'USDT', 'fiat_currency': 'USD', 'sub_trade': False, 'cumulative_profit': -0.17924335, 'final_profit_ratio': -0.001100605332933113, 'is_final_exit': True}
2025-11-23 06:05:11,703 - freqtrade.freqtradebot - INFO - Pair WIF/USDT:USDT short is locked until 2025-11-23 06:10:00 due to Auto lock.
2025-11-23 06:05:36,004 - freqtrade.worker - INFO - Bot heartbeat. PID=1, version='docker-2025.9-dev-5f1d9cba', state='RUNNING'
2025-11-23 06:06:36,012 - freqtrade.worker - INFO - Bot heartbeat. PID=1, version='docker-2025.9-dev-5f1d9cba', state='RUNNING'
2025-11-23 06:07:36,019 - freqtrade.worker - INFO - Bot heartbeat. PID=1, version='docker-2025.9-dev-5f1d9cba', state='RUNNING'
2025-11-23 06:08:36,027 - freqtrade.worker - INFO - Bot heartbeat. PID=1, version='docker-2025.9-dev-5f1d9cba', state='RUNNING'
2025-11-23 06:09:36,036 - freqtrade.worker - INFO - Bot heartbeat. PID=1, version='docker-2025.9-dev-5f1d9cba', state='RUNNING'
2025-11-23 06:10:02,130 - freqtrade.freqai.freqai_interface - INFO - Total time spent inferencing pairlist 0.93 seconds
2025-11-23 06:10:41,003 - freqtrade.worker - INFO - Bot heartbeat. PID=1, version='docker-2025.9-dev-5f1d9cba', state='RUNNING'
2025-11-23 06:10:49,947 - freqtrade.freqai.base_models.BaseClassifierModel - INFO - -------------------- Starting training WIF/USDT:USDT --------------------
2025-11-23 06:10:50,010 - freqtrade.freqai.data_kitchen - INFO - WIF/USDT:USDT: dropped 24 training points due to NaNs in populated dataset 4319.
2025-11-23 06:10:50,012 - freqtrade.freqai.base_models.BaseClassifierModel - INFO - -------------------- Training on data from 2025-11-08 to 2025-11-23 --------------------
2025-11-23 06:10:50,189 - datasieve.pipeline - INFO - SVM detected 88 data points as outliers.
2025-11-23 06:10:52,933 - freqtrade.freqai.base_models.BaseClassifierModel - INFO - Training model on 758 features
2025-11-23 06:10:52,935 - freqtrade.freqai.base_models.BaseClassifierModel - INFO - Training model on 4207 data points
2025-11-23 06:11:37,484 - freqtrade.freqai.base_models.BaseClassifierModel - INFO - -------------------- Done training WIF/USDT:USDT (47.54 secs) --------------------
2025-11-23 06:11:37,659 - freqtrade.freqai.data_drawer - INFO - Freqai purging old model file /freqtrade/user_data/models/1/sub-train-WIF_1763876448
2025-11-23 06:11:37,676 - freqtrade.freqai.freqai_interface - INFO - Total time spent training pairlist 48.79 seconds
2025-11-23 06:11:41,013 - freqtrade.worker - INFO - Bot heartbeat. PID=1, version='docker-2025.9-dev-5f1d9cba', state='RUNNING'
2025-11-23 06:12:26,324 - freqtrade.plugins.pairlistmanager - INFO - Whitelist with 1 pairs: ['WIF/USDT:USDT']
2025-11-23 06:12:41,346 - freqtrade.worker - INFO - Bot heartbeat. PID=1, version='docker-2025.9-dev-5f1d9cba', state='RUNNING'
2025-11-23 06:13:41,352 - freqtrade.worker - INFO - Bot heartbeat. PID=1, version='docker-2025.9-dev-5f1d9cba', state='RUNNING'
2025-11-23 06:14:41,367 - freqtrade.worker - INFO - Bot heartbeat. PID=1, version='docker-2025.9-dev-5f1d9cba', state='RUNNING'
2025-11-23 06:15:02,448 - freqtrade.freqai.freqai_interface - INFO - Total time spent inferencing pairlist 1.16 seconds
2025-11-23 06:15:46,004 - freqtrade.worker - INFO - Bot heartbeat. PID=1, version='docker-2025.9-dev-5f1d9cba', state='RUNNING'
2025-11-23 06:16:46,014 - freqtrade.worker - INFO - Bot heartbeat. PID=1, version='docker-2025.9-dev-5f1d9cba', state='RUNNING'
2025-11-23 06:17:46,029 - freqtrade.worker - INFO - Bot heartbeat. PID=1, version='docker-2025.9-dev-5f1d9cba', state='RUNNING'
2025-11-23 06:18:46,039 - freqtrade.worker - INFO - Bot heartbeat. PID=1, version='docker-2025.9-dev-5f1d9cba', state='RUNNING'
2025-11-23 06:19:46,050 - freqtrade.worker - INFO - Bot heartbeat. PID=1, version='docker-2025.9-dev-5f1d9cba', state='RUNNING'
2025-11-23 06:20:02,153 - freqtrade.freqai.freqai_interface - INFO - Total time spent inferencing pairlist 0.89 seconds
2025-11-23 06:20:51,003 - freqtrade.worker - INFO - Bot heartbeat. PID=1, version='docker-2025.9-dev-5f1d9cba', state='RUNNING'
2025-11-23 06:21:51,012 - freqtrade.worker - INFO - Bot heartbeat. PID=1, version='docker-2025.9-dev-5f1d9cba', state='RUNNING'
2025-11-23 06:22:51,019 - freqtrade.worker - INFO - Bot heartbeat. PID=1, version='docker-2025.9-dev-5f1d9cba', state='RUNNING'
2025-11-23 06:23:51,029 - freqtrade.worker - INFO - Bot heartbeat. PID=1, version='docker-2025.9-dev-5f1d9cba', state='RUNNING'
2025-11-23 06:24:51,037 - freqtrade.worker - INFO - Bot heartbeat. PID=1, version='docker-2025.9-dev-5f1d9cba', state='RUNNING'
2025-11-23 06:25:02,191 - freqtrade.freqai.freqai_interface - INFO - Total time spent inferencing pairlist 0.92 seconds
2025-11-23 06:25:49,540 - freqtrade.freqai.base_models.BaseClassifierModel - INFO - -------------------- Starting training WIF/USDT:USDT --------------------
2025-11-23 06:25:49,617 - freqtrade.freqai.data_kitchen - INFO - WIF/USDT:USDT: dropped 24 training points due to NaNs in populated dataset 4319.
2025-11-23 06:25:49,618 - freqtrade.freqai.base_models.BaseClassifierModel - INFO - -------------------- Training on data from 2025-11-08 to 2025-11-23 --------------------
2025-11-23 06:25:49,782 - datasieve.pipeline - INFO - SVM detected 68 data points as outliers.
2025-11-23 06:25:52,276 - freqtrade.freqai.base_models.BaseClassifierModel - INFO - Training model on 758 features
2025-11-23 06:25:52,278 - freqtrade.freqai.base_models.BaseClassifierModel - INFO - Training model on 4227 data points
2025-11-23 06:25:56,003 - freqtrade.worker - INFO - Bot heartbeat. PID=1, version='docker-2025.9-dev-5f1d9cba', state='RUNNING'
2025-11-23 06:26:37,522 - freqtrade.freqai.base_models.BaseClassifierModel - INFO - -------------------- Done training WIF/USDT:USDT (47.98 secs) --------------------
2025-11-23 06:26:37,656 - freqtrade.freqai.data_drawer - INFO - Freqai purging old model file /freqtrade/user_data/models/1/sub-train-WIF_1763877348
2025-11-23 06:26:37,677 - freqtrade.freqai.freqai_interface - INFO - Total time spent training pairlist 49.49 seconds
2025-11-23 06:26:56,012 - freqtrade.worker - INFO - Bot heartbeat. PID=1, version='docker-2025.9-dev-5f1d9cba', state='RUNNING'
2025-11-23 06:27:56,022 - freqtrade.worker - INFO - Bot heartbeat. PID=1, version='docker-2025.9-dev-5f1d9cba', state='RUNNING'
2025-11-23 06:28:56,031 - freqtrade.worker - INFO - Bot heartbeat. PID=1, version='docker-2025.9-dev-5f1d9cba', state='RUNNING'
2025-11-23 06:29:56,041 - freqtrade.worker - INFO - Bot heartbeat. PID=1, version='docker-2025.9-dev-5f1d9cba', state='RUNNING'
2025-11-23 06:30:02,321 - freqtrade.freqai.freqai_interface - INFO - Total time spent inferencing pairlist 0.96 seconds
2025-11-23 06:31:01,004 - freqtrade.worker - INFO - Bot heartbeat. PID=1, version='docker-2025.9-dev-5f1d9cba', state='RUNNING'
2025-11-23 06:31:06,647 - freqtrade.wallets - INFO - Wallets synced.
2025-11-23 06:32:01,017 - freqtrade.worker - INFO - Bot heartbeat. PID=1, version='docker-2025.9-dev-5f1d9cba', state='RUNNING'
2025-11-23 06:33:01,023 - freqtrade.worker - INFO - Bot heartbeat. PID=1, version='docker-2025.9-dev-5f1d9cba', state='RUNNING'
2025-11-23 06:34:01,030 - freqtrade.worker - INFO - Bot heartbeat. PID=1, version='docker-2025.9-dev-5f1d9cba', state='RUNNING'
2025-11-23 06:35:02,042 - freqtrade.freqai.freqai_interface - INFO - Total time spent inferencing pairlist 0.80 seconds
2025-11-23 06:35:06,000 - freqtrade.worker - INFO - Bot heartbeat. PID=1, version='docker-2025.9-dev-5f1d9cba', state='RUNNING'
2025-11-23 06:36:06,006 - freqtrade.worker - INFO - Bot heartbeat. PID=1, version='docker-2025.9-dev-5f1d9cba', state='RUNNING'
2025-11-23 06:37:06,016 - freqtrade.worker - INFO - Bot heartbeat. PID=1, version='docker-2025.9-dev-5f1d9cba', state='RUNNING'
2025-11-23 06:38:06,023 - freqtrade.worker - INFO - Bot heartbeat. PID=1, version='docker-2025.9-dev-5f1d9cba', state='RUNNING'
2025-11-23 06:39:06,036 - freqtrade.worker - INFO - Bot heartbeat. PID=1, version='docker-2025.9-dev-5f1d9cba', state='RUNNING'
2025-11-23 06:40:02,093 - freqtrade.freqai.freqai_interface - INFO - Total time spent inferencing pairlist 0.88 seconds
2025-11-23 06:40:11,000 - freqtrade.worker - INFO - Bot heartbeat. PID=1, version='docker-2025.9-dev-5f1d9cba', state='RUNNING'
2025-11-23 06:40:49,252 - freqtrade.freqai.base_models.BaseClassifierModel - INFO - -------------------- Starting training WIF/USDT:USDT --------------------
2025-11-23 06:40:49,321 - freqtrade.freqai.data_kitchen - INFO - WIF/USDT:USDT: dropped 24 training points due to NaNs in populated dataset 4319.
2025-11-23 06:40:49,323 - freqtrade.freqai.base_models.BaseClassifierModel - INFO - -------------------- Training on data from 2025-11-08 to 2025-11-23 --------------------
2025-11-23 06:40:49,488 - datasieve.pipeline - INFO - SVM detected 5 data points as outliers.
2025-11-23 06:40:51,978 - freqtrade.freqai.base_models.BaseClassifierModel - INFO - Training model on 758 features
2025-11-23 06:40:51,979 - freqtrade.freqai.base_models.BaseClassifierModel - INFO - Training model on 4290 data points
2025-11-23 06:41:11,009 - freqtrade.worker - INFO - Bot heartbeat. PID=1, version='docker-2025.9-dev-5f1d9cba', state='RUNNING'
2025-11-23 06:41:37,227 - freqtrade.freqai.base_models.BaseClassifierModel - INFO - -------------------- Done training WIF/USDT:USDT (47.97 secs) --------------------
2025-11-23 06:41:37,455 - freqtrade.freqai.data_drawer - INFO - Freqai purging old model file /freqtrade/user_data/models/1/sub-train-WIF_1763878248
2025-11-23 06:41:37,470 - freqtrade.freqai.freqai_interface - INFO - Total time spent training pairlist 49.29 seconds
2025-11-23 06:42:11,021 - freqtrade.worker - INFO - Bot heartbeat. PID=1, version='docker-2025.9-dev-5f1d9cba', state='RUNNING'
2025-11-23 06:43:11,030 - freqtrade.worker - INFO - Bot heartbeat. PID=1, version='docker-2025.9-dev-5f1d9cba', state='RUNNING'
2025-11-23 06:44:11,040 - freqtrade.worker - INFO - Bot heartbeat. PID=1, version='docker-2025.9-dev-5f1d9cba', state='RUNNING'
2025-11-23 06:45:02,273 - freqtrade.freqai.freqai_interface - INFO - Total time spent inferencing pairlist 0.92 seconds
2025-11-23 06:45:16,001 - freqtrade.worker - INFO - Bot heartbeat. PID=1, version='docker-2025.9-dev-5f1d9cba', state='RUNNING'
2025-11-23 06:46:16,007 - freqtrade.worker - INFO - Bot heartbeat. PID=1, version='docker-2025.9-dev-5f1d9cba', state='RUNNING'
2025-11-23 06:47:16,013 - freqtrade.worker - INFO - Bot heartbeat. PID=1, version='docker-2025.9-dev-5f1d9cba', state='RUNNING'
2025-11-23 06:48:16,023 - freqtrade.worker - INFO - Bot heartbeat. PID=1, version='docker-2025.9-dev-5f1d9cba', state='RUNNING'
2025-11-23 06:49:16,033 - freqtrade.worker - INFO - Bot heartbeat. PID=1, version='docker-2025.9-dev-5f1d9cba', state='RUNNING'
2025-11-23 06:50:02,336 - freqtrade.freqai.freqai_interface - INFO - Total time spent inferencing pairlist 1.10 seconds
2025-11-23 06:50:21,001 - freqtrade.worker - INFO - Bot heartbeat. PID=1, version='docker-2025.9-dev-5f1d9cba', state='RUNNING'
2025-11-23 06:51:21,007 - freqtrade.worker - INFO - Bot heartbeat. PID=1, version='docker-2025.9-dev-5f1d9cba', state='RUNNING'
2025-11-23 06:52:21,014 - freqtrade.worker - INFO - Bot heartbeat. PID=1, version='docker-2025.9-dev-5f1d9cba', state='RUNNING'
2025-11-23 06:53:11,359 - uvicorn.error - WARNING - Invalid HTTP request received.
2025-11-23 06:53:21,023 - freqtrade.worker - INFO - Bot heartbeat. PID=1, version='docker-2025.9-dev-5f1d9cba', state='RUNNING'
2025-11-23 06:54:21,034 - freqtrade.worker - INFO - Bot heartbeat. PID=1, version='docker-2025.9-dev-5f1d9cba', state='RUNNING'
2025-11-23 06:55:02,225 - freqtrade.freqai.freqai_interface - INFO - Total time spent inferencing pairlist 0.96 seconds
2025-11-23 06:55:26,002 - freqtrade.worker - INFO - Bot heartbeat. PID=1, version='docker-2025.9-dev-5f1d9cba', state='RUNNING'
2025-11-23 06:55:50,117 - freqtrade.freqai.base_models.BaseClassifierModel - INFO - -------------------- Starting training WIF/USDT:USDT --------------------
2025-11-23 06:55:50,179 - freqtrade.freqai.data_kitchen - INFO - WIF/USDT:USDT: dropped 24 training points due to NaNs in populated dataset 4319.
2025-11-23 06:55:50,180 - freqtrade.freqai.base_models.BaseClassifierModel - INFO - -------------------- Training on data from 2025-11-08 to 2025-11-23 --------------------
2025-11-23 06:55:50,363 - datasieve.pipeline - INFO - SVM detected 121 data points as outliers.
2025-11-23 06:55:52,940 - freqtrade.freqai.base_models.BaseClassifierModel - INFO - Training model on 758 features
2025-11-23 06:55:52,942 - freqtrade.freqai.base_models.BaseClassifierModel - INFO - Training model on 4174 data points
2025-11-23 06:56:26,009 - freqtrade.worker - INFO - Bot heartbeat. PID=1, version='docker-2025.9-dev-5f1d9cba', state='RUNNING'
2025-11-23 06:56:39,063 - freqtrade.freqai.base_models.BaseClassifierModel - INFO - -------------------- Done training WIF/USDT:USDT (48.94 secs) --------------------
2025-11-23 06:56:39,286 - freqtrade.freqai.data_drawer - INFO - Freqai purging old model file /freqtrade/user_data/models/1/sub-train-WIF_1763879148
2025-11-23 06:56:39,300 - freqtrade.freqai.freqai_interface - INFO - Total time spent training pairlist 50.30 seconds
2025-11-23 06:57:26,022 - freqtrade.worker - INFO - Bot heartbeat. PID=1, version='docker-2025.9-dev-5f1d9cba', state='RUNNING'
2025-11-23 06:58:26,030 - freqtrade.worker - INFO - Bot heartbeat. PID=1, version='docker-2025.9-dev-5f1d9cba', state='RUNNING'
2025-11-23 06:59:26,041 - freqtrade.worker - INFO - Bot heartbeat. PID=1, version='docker-2025.9-dev-5f1d9cba', state='RUNNING'
2025-11-23 07:00:02,384 - freqtrade.freqai.freqai_interface - INFO - Total time spent inferencing pairlist 1.00 seconds
2025-11-23 07:00:31,002 - freqtrade.worker - INFO - Bot heartbeat. PID=1, version='docker-2025.9-dev-5f1d9cba', state='RUNNING'
2025-11-23 07:01:06,631 - freqtrade.wallets - INFO - Wallets synced.
2025-11-23 07:01:31,010 - freqtrade.worker - INFO - Bot heartbeat. PID=1, version='docker-2025.9-dev-5f1d9cba', state='RUNNING'
2025-11-23 07:02:31,017 - freqtrade.worker - INFO - Bot heartbeat. PID=1, version='docker-2025.9-dev-5f1d9cba', state='RUNNING'
2025-11-23 07:03:31,027 - freqtrade.worker - INFO - Bot heartbeat. PID=1, version='docker-2025.9-dev-5f1d9cba', state='RUNNING'
2025-11-23 07:04:31,039 - freqtrade.worker - INFO - Bot heartbeat. PID=1, version='docker-2025.9-dev-5f1d9cba', state='RUNNING'
2025-11-23 07:05:02,289 - freqtrade.freqai.freqai_interface - INFO - Total time spent inferencing pairlist 1.03 seconds
2025-11-23 07:05:36,003 - freqtrade.worker - INFO - Bot heartbeat. PID=1, version='docker-2025.9-dev-5f1d9cba', state='RUNNING'
2025-11-23 07:06:36,015 - freqtrade.worker - INFO - Bot heartbeat. PID=1, version='docker-2025.9-dev-5f1d9cba', state='RUNNING'
2025-11-23 07:07:36,024 - freqtrade.worker - INFO - Bot heartbeat. PID=1, version='docker-2025.9-dev-5f1d9cba', state='RUNNING'
2025-11-23 07:08:36,031 - freqtrade.worker - INFO - Bot heartbeat. PID=1, version='docker-2025.9-dev-5f1d9cba', state='RUNNING'
2025-11-23 07:09:36,039 - freqtrade.worker - INFO - Bot heartbeat. PID=1, version='docker-2025.9-dev-5f1d9cba', state='RUNNING'
2025-11-23 07:10:02,111 - freqtrade.freqai.freqai_interface - INFO - Total time spent inferencing pairlist 0.87 seconds
2025-11-23 07:10:41,002 - freqtrade.worker - INFO - Bot heartbeat. PID=1, version='docker-2025.9-dev-5f1d9cba', state='RUNNING'
2025-11-23 07:10:51,207 - freqtrade.freqai.base_models.BaseClassifierModel - INFO - -------------------- Starting training WIF/USDT:USDT --------------------
2025-11-23 07:10:51,293 - freqtrade.freqai.data_kitchen - INFO - WIF/USDT:USDT: dropped 24 training points due to NaNs in populated dataset 4319.
2025-11-23 07:10:51,294 - freqtrade.freqai.base_models.BaseClassifierModel - INFO - -------------------- Training on data from 2025-11-08 to 2025-11-23 --------------------
2025-11-23 07:10:51,463 - datasieve.pipeline - INFO - SVM detected 62 data points as outliers.
2025-11-23 07:10:53,774 - freqtrade.freqai.base_models.BaseClassifierModel - INFO - Training model on 758 features
2025-11-23 07:10:53,775 - freqtrade.freqai.base_models.BaseClassifierModel - INFO - Training model on 4233 data points
2025-11-23 07:11:39,972 - freqtrade.freqai.base_models.BaseClassifierModel - INFO - -------------------- Done training WIF/USDT:USDT (48.76 secs) --------------------
2025-11-23 07:11:40,102 - freqtrade.freqai.data_drawer - INFO - Freqai purging old model file /freqtrade/user_data/models/1/sub-train-WIF_1763880048
2025-11-23 07:11:40,131 - freqtrade.freqai.freqai_interface - INFO - Total time spent training pairlist 50.30 seconds
2025-11-23 07:11:41,010 - freqtrade.worker - INFO - Bot heartbeat. PID=1, version='docker-2025.9-dev-5f1d9cba', state='RUNNING'
2025-11-23 07:12:31,392 - freqtrade.plugins.pairlistmanager - INFO - Whitelist with 1 pairs: ['WIF/USDT:USDT']
2025-11-23 07:12:41,415 - freqtrade.worker - INFO - Bot heartbeat. PID=1, version='docker-2025.9-dev-5f1d9cba', state='RUNNING'
2025-11-23 07:13:41,422 - freqtrade.worker - INFO - Bot heartbeat. PID=1, version='docker-2025.9-dev-5f1d9cba', state='RUNNING'
2025-11-23 07:14:41,431 - freqtrade.worker - INFO - Bot heartbeat. PID=1, version='docker-2025.9-dev-5f1d9cba', state='RUNNING'
2025-11-23 07:15:02,295 - freqtrade.freqai.freqai_interface - INFO - Total time spent inferencing pairlist 0.95 seconds
2025-11-23 07:15:46,003 - freqtrade.worker - INFO - Bot heartbeat. PID=1, version='docker-2025.9-dev-5f1d9cba', state='RUNNING'
2025-11-23 07:16:46,012 - freqtrade.worker - INFO - Bot heartbeat. PID=1, version='docker-2025.9-dev-5f1d9cba', state='RUNNING'
2025-11-23 07:17:46,021 - freqtrade.worker - INFO - Bot heartbeat. PID=1, version='docker-2025.9-dev-5f1d9cba', state='RUNNING'
2025-11-23 07:18:46,039 - freqtrade.worker - INFO - Bot heartbeat. PID=1, version='docker-2025.9-dev-5f1d9cba', state='RUNNING'
2025-11-23 07:19:46,046 - freqtrade.worker - INFO - Bot heartbeat. PID=1, version='docker-2025.9-dev-5f1d9cba', state='RUNNING'
2025-11-23 07:20:02,420 - freqtrade.freqai.freqai_interface - INFO - Total time spent inferencing pairlist 1.14 seconds
2025-11-23 07:20:51,004 - freqtrade.worker - INFO - Bot heartbeat. PID=1, version='docker-2025.9-dev-5f1d9cba', state='RUNNING'
2025-11-23 07:21:51,011 - freqtrade.worker - INFO - Bot heartbeat. PID=1, version='docker-2025.9-dev-5f1d9cba', state='RUNNING'
2025-11-23 07:22:51,028 - freqtrade.worker - INFO - Bot heartbeat. PID=1, version='docker-2025.9-dev-5f1d9cba', state='RUNNING'
2025-11-23 07:23:51,037 - freqtrade.worker - INFO - Bot heartbeat. PID=1, version='docker-2025.9-dev-5f1d9cba', state='RUNNING'
2025-11-23 07:24:51,045 - freqtrade.worker - INFO - Bot heartbeat. PID=1, version='docker-2025.9-dev-5f1d9cba', state='RUNNING'
2025-11-23 07:25:02,304 - freqtrade.freqai.freqai_interface - INFO - Total time spent inferencing pairlist 1.05 seconds
2025-11-23 07:25:50,827 - freqtrade.freqai.base_models.BaseClassifierModel - INFO - -------------------- Starting training WIF/USDT:USDT --------------------
2025-11-23 07:25:50,890 - freqtrade.freqai.data_kitchen - INFO - WIF/USDT:USDT: dropped 24 training points due to NaNs in populated dataset 4319.
2025-11-23 07:25:50,892 - freqtrade.freqai.base_models.BaseClassifierModel - INFO - -------------------- Training on data from 2025-11-08 to 2025-11-23 --------------------
2025-11-23 07:25:51,100 - datasieve.pipeline - INFO - SVM detected 59 data points as outliers.
2025-11-23 07:25:53,632 - freqtrade.freqai.base_models.BaseClassifierModel - INFO - Training model on 758 features
2025-11-23 07:25:53,633 - freqtrade.freqai.base_models.BaseClassifierModel - INFO - Training model on 4236 data points
2025-11-23 07:25:56,005 - freqtrade.worker - INFO - Bot heartbeat. PID=1, version='docker-2025.9-dev-5f1d9cba', state='RUNNING'
2025-11-23 07:26:33,508 - uvicorn.error - WARNING - Invalid HTTP request received.
2025-11-23 07:26:40,541 - freqtrade.freqai.base_models.BaseClassifierModel - INFO - -------------------- Done training WIF/USDT:USDT (49.71 secs) --------------------
2025-11-23 07:26:40,666 - freqtrade.freqai.data_drawer - INFO - Freqai purging old model file /freqtrade/user_data/models/1/sub-train-WIF_1763880949
2025-11-23 07:26:40,689 - freqtrade.freqai.freqai_interface - INFO - Total time spent training pairlist 50.96 seconds
2025-11-23 07:26:56,026 - freqtrade.worker - INFO - Bot heartbeat. PID=1, version='docker-2025.9-dev-5f1d9cba', state='RUNNING'
2025-11-23 07:27:56,035 - freqtrade.worker - INFO - Bot heartbeat. PID=1, version='docker-2025.9-dev-5f1d9cba', state='RUNNING'
2025-11-23 07:28:56,047 - freqtrade.worker - INFO - Bot heartbeat. PID=1, version='docker-2025.9-dev-5f1d9cba', state='RUNNING'
2025-11-23 07:29:56,057 - freqtrade.worker - INFO - Bot heartbeat. PID=1, version='docker-2025.9-dev-5f1d9cba', state='RUNNING'
2025-11-23 07:30:02,256 - freqtrade.freqai.freqai_interface - INFO - Total time spent inferencing pairlist 0.93 seconds
2025-11-23 07:31:01,004 - freqtrade.worker - INFO - Bot heartbeat. PID=1, version='docker-2025.9-dev-5f1d9cba', state='RUNNING'
2025-11-23 07:31:06,440 - freqtrade.wallets - INFO - Wallets synced.
2025-11-23 07:32:01,012 - freqtrade.worker - INFO - Bot heartbeat. PID=1, version='docker-2025.9-dev-5f1d9cba', state='RUNNING'
2025-11-23 07:33:01,030 - freqtrade.worker - INFO - Bot heartbeat. PID=1, version='docker-2025.9-dev-5f1d9cba', state='RUNNING'
2025-11-23 07:34:01,062 - freqtrade.worker - INFO - Bot heartbeat. PID=1, version='docker-2025.9-dev-5f1d9cba', state='RUNNING'
2025-11-23 07:35:02,266 - freqtrade.freqai.freqai_interface - INFO - Total time spent inferencing pairlist 0.99 seconds
2025-11-23 07:35:06,000 - freqtrade.worker - INFO - Bot heartbeat. PID=1, version='docker-2025.9-dev-5f1d9cba', state='RUNNING'
2025-11-23 07:36:06,012 - freqtrade.worker - INFO - Bot heartbeat. PID=1, version='docker-2025.9-dev-5f1d9cba', state='RUNNING'
2025-11-23 07:37:06,019 - freqtrade.worker - INFO - Bot heartbeat. PID=1, version='docker-2025.9-dev-5f1d9cba', state='RUNNING'
2025-11-23 07:38:06,031 - freqtrade.worker - INFO - Bot heartbeat. PID=1, version='docker-2025.9-dev-5f1d9cba', state='RUNNING'
2025-11-23 07:39:06,037 - freqtrade.worker - INFO - Bot heartbeat. PID=1, version='docker-2025.9-dev-5f1d9cba', state='RUNNING'
2025-11-23 07:40:02,409 - freqtrade.freqai.freqai_interface - INFO - Total time spent inferencing pairlist 1.10 seconds
2025-11-23 07:40:11,000 - freqtrade.worker - INFO - Bot heartbeat. PID=1, version='docker-2025.9-dev-5f1d9cba', state='RUNNING'
2025-11-23 07:40:50,423 - freqtrade.freqai.base_models.BaseClassifierModel - INFO - -------------------- Starting training WIF/USDT:USDT --------------------
2025-11-23 07:40:50,506 - freqtrade.freqai.data_kitchen - INFO - WIF/USDT:USDT: dropped 24 training points due to NaNs in populated dataset 4319.
2025-11-23 07:40:50,509 - freqtrade.freqai.base_models.BaseClassifierModel - INFO - -------------------- Training on data from 2025-11-08 to 2025-11-23 --------------------
2025-11-23 07:40:50,724 - datasieve.pipeline - INFO - SVM detected 39 data points as outliers.
2025-11-23 07:40:53,276 - freqtrade.freqai.base_models.BaseClassifierModel - INFO - Training model on 758 features
2025-11-23 07:40:53,277 - freqtrade.freqai.base_models.BaseClassifierModel - INFO - Training model on 4256 data points
2025-11-23 07:41:11,007 - freqtrade.worker - INFO - Bot heartbeat. PID=1, version='docker-2025.9-dev-5f1d9cba', state='RUNNING'
2025-11-23 07:41:41,058 - freqtrade.freqai.base_models.BaseClassifierModel - INFO - -------------------- Done training WIF/USDT:USDT (50.63 secs) --------------------
2025-11-23 07:41:41,423 - freqtrade.freqai.data_drawer - INFO - Freqai purging old model file /freqtrade/user_data/models/1/sub-train-WIF_1763881849
2025-11-23 07:41:41,449 - freqtrade.freqai.freqai_interface - INFO - Total time spent training pairlist 52.15 seconds
2025-11-23 07:42:11,015 - freqtrade.worker - INFO - Bot heartbeat. PID=1, version='docker-2025.9-dev-5f1d9cba', state='RUNNING'
2025-11-23 07:43:11,028 - freqtrade.worker - INFO - Bot heartbeat. PID=1, version='docker-2025.9-dev-5f1d9cba', state='RUNNING'
2025-11-23 07:44:11,035 - freqtrade.worker - INFO - Bot heartbeat. PID=1, version='docker-2025.9-dev-5f1d9cba', state='RUNNING'
2025-11-23 07:45:02,711 - freqtrade.freqai.freqai_interface - INFO - Total time spent inferencing pairlist 1.31 seconds
2025-11-23 07:45:16,002 - freqtrade.worker - INFO - Bot heartbeat. PID=1, version='docker-2025.9-dev-5f1d9cba', state='RUNNING'
2025-11-23 07:46:16,015 - freqtrade.worker - INFO - Bot heartbeat. PID=1, version='docker-2025.9-dev-5f1d9cba', state='RUNNING'
2025-11-23 07:47:16,023 - freqtrade.worker - INFO - Bot heartbeat. PID=1, version='docker-2025.9-dev-5f1d9cba', state='RUNNING'
2025-11-23 07:48:16,033 - freqtrade.worker - INFO - Bot heartbeat. PID=1, version='docker-2025.9-dev-5f1d9cba', state='RUNNING'
2025-11-23 07:49:16,044 - freqtrade.worker - INFO - Bot heartbeat. PID=1, version='docker-2025.9-dev-5f1d9cba', state='RUNNING'
2025-11-23 07:50:02,315 - freqtrade.freqai.freqai_interface - INFO - Total time spent inferencing pairlist 1.06 seconds
2025-11-23 07:50:21,001 - freqtrade.worker - INFO - Bot heartbeat. PID=1, version='docker-2025.9-dev-5f1d9cba', state='RUNNING'
2025-11-23 07:51:21,009 - freqtrade.worker - INFO - Bot heartbeat. PID=1, version='docker-2025.9-dev-5f1d9cba', state='RUNNING'
2025-11-23 07:52:21,019 - freqtrade.worker - INFO - Bot heartbeat. PID=1, version='docker-2025.9-dev-5f1d9cba', state='RUNNING'
2025-11-23 07:53:21,029 - freqtrade.worker - INFO - Bot heartbeat. PID=1, version='docker-2025.9-dev-5f1d9cba', state='RUNNING'
2025-11-23 07:54:21,037 - freqtrade.worker - INFO - Bot heartbeat. PID=1, version='docker-2025.9-dev-5f1d9cba', state='RUNNING'
2025-11-23 07:55:02,200 - freqtrade.freqai.freqai_interface - INFO - Total time spent inferencing pairlist 0.93 seconds
2025-11-23 07:55:26,002 - freqtrade.worker - INFO - Bot heartbeat. PID=1, version='docker-2025.9-dev-5f1d9cba', state='RUNNING'
2025-11-23 07:55:51,203 - freqtrade.freqai.base_models.BaseClassifierModel - INFO - -------------------- Starting training WIF/USDT:USDT --------------------
2025-11-23 07:55:51,294 - freqtrade.freqai.data_kitchen - INFO - WIF/USDT:USDT: dropped 24 training points due to NaNs in populated dataset 4319.
2025-11-23 07:55:51,295 - freqtrade.freqai.base_models.BaseClassifierModel - INFO - -------------------- Training on data from 2025-11-08 to 2025-11-23 --------------------
2025-11-23 07:55:51,464 - datasieve.pipeline - INFO - SVM detected 134 data points as outliers.
2025-11-23 07:55:53,880 - freqtrade.freqai.base_models.BaseClassifierModel - INFO - Training model on 758 features
2025-11-23 07:55:53,881 - freqtrade.freqai.base_models.BaseClassifierModel - INFO - Training model on 4161 data points
2025-11-23 07:56:26,011 - freqtrade.worker - INFO - Bot heartbeat. PID=1, version='docker-2025.9-dev-5f1d9cba', state='RUNNING'
2025-11-23 07:56:41,553 - freqtrade.freqai.base_models.BaseClassifierModel - INFO - -------------------- Done training WIF/USDT:USDT (50.35 secs) --------------------
2025-11-23 07:56:41,674 - freqtrade.freqai.data_drawer - INFO - Freqai purging old model file /freqtrade/user_data/models/1/sub-train-WIF_1763882749
2025-11-23 07:56:41,688 - freqtrade.freqai.freqai_interface - INFO - Total time spent training pairlist 51.74 seconds
2025-11-23 07:57:26,018 - freqtrade.worker - INFO - Bot heartbeat. PID=1, version='docker-2025.9-dev-5f1d9cba', state='RUNNING'
2025-11-23 07:58:26,037 - freqtrade.worker - INFO - Bot heartbeat. PID=1, version='docker-2025.9-dev-5f1d9cba', state='RUNNING'
2025-11-23 07:59:26,044 - freqtrade.worker - INFO - Bot heartbeat. PID=1, version='docker-2025.9-dev-5f1d9cba', state='RUNNING'
2025-11-23 08:00:02,301 - freqtrade.freqai.freqai_interface - INFO - Total time spent inferencing pairlist 0.93 seconds
2025-11-23 08:00:31,001 - freqtrade.worker - INFO - Bot heartbeat. PID=1, version='docker-2025.9-dev-5f1d9cba', state='RUNNING'
2025-11-23 08:01:06,454 - freqtrade.wallets - INFO - Wallets synced.
2025-11-23 08:01:31,011 - freqtrade.worker - INFO - Bot heartbeat. PID=1, version='docker-2025.9-dev-5f1d9cba', state='RUNNING'
2025-11-23 08:02:31,019 - freqtrade.worker - INFO - Bot heartbeat. PID=1, version='docker-2025.9-dev-5f1d9cba', state='RUNNING'
2025-11-23 08:03:31,028 - freqtrade.worker - INFO - Bot heartbeat. PID=1, version='docker-2025.9-dev-5f1d9cba', state='RUNNING'
2025-11-23 08:04:31,038 - freqtrade.worker - INFO - Bot heartbeat. PID=1, version='docker-2025.9-dev-5f1d9cba', state='RUNNING'
2025-11-23 08:05:02,269 - freqtrade.freqai.freqai_interface - INFO - Total time spent inferencing pairlist 1.01 seconds
2025-11-23 08:05:36,004 - freqtrade.worker - INFO - Bot heartbeat. PID=1, version='docker-2025.9-dev-5f1d9cba', state='RUNNING'
2025-11-23 08:06:36,012 - freqtrade.worker - INFO - Bot heartbeat. PID=1, version='docker-2025.9-dev-5f1d9cba', state='RUNNING'
2025-11-23 08:07:36,021 - freqtrade.worker - INFO - Bot heartbeat. PID=1, version='docker-2025.9-dev-5f1d9cba', state='RUNNING'
2025-11-23 08:08:36,028 - freqtrade.worker - INFO - Bot heartbeat. PID=1, version='docker-2025.9-dev-5f1d9cba', state='RUNNING'
2025-11-23 08:09:36,040 - freqtrade.worker - INFO - Bot heartbeat. PID=1, version='docker-2025.9-dev-5f1d9cba', state='RUNNING'
2025-11-23 08:10:02,296 - freqtrade.freqai.freqai_interface - INFO - Total time spent inferencing pairlist 1.03 seconds
2025-11-23 08:10:41,003 - freqtrade.worker - INFO - Bot heartbeat. PID=1, version='docker-2025.9-dev-5f1d9cba', state='RUNNING'
2025-11-23 08:10:50,382 - freqtrade.freqai.base_models.BaseClassifierModel - INFO - -------------------- Starting training WIF/USDT:USDT --------------------
2025-11-23 08:10:50,444 - freqtrade.freqai.data_kitchen - INFO - WIF/USDT:USDT: dropped 24 training points due to NaNs in populated dataset 4319.
2025-11-23 08:10:50,445 - freqtrade.freqai.base_models.BaseClassifierModel - INFO - -------------------- Training on data from 2025-11-08 to 2025-11-23 --------------------
2025-11-23 08:10:50,614 - datasieve.pipeline - INFO - SVM detected 77 data points as outliers.
2025-11-23 08:10:53,346 - freqtrade.freqai.base_models.BaseClassifierModel - INFO - Training model on 758 features
2025-11-23 08:10:53,348 - freqtrade.freqai.base_models.BaseClassifierModel - INFO - Training model on 4218 data points
2025-11-23 08:11:40,250 - freqtrade.freqai.base_models.BaseClassifierModel - INFO - -------------------- Done training WIF/USDT:USDT (49.87 secs) --------------------
2025-11-23 08:11:40,472 - freqtrade.freqai.data_drawer - INFO - Freqai purging old model file /freqtrade/user_data/models/1/sub-train-WIF_1763883649
2025-11-23 08:11:40,486 - freqtrade.freqai.freqai_interface - INFO - Total time spent training pairlist 51.26 seconds
2025-11-23 08:11:41,010 - freqtrade.worker - INFO - Bot heartbeat. PID=1, version='docker-2025.9-dev-5f1d9cba', state='RUNNING'
2025-11-23 08:12:41,209 - freqtrade.plugins.pairlistmanager - INFO - Whitelist with 1 pairs: ['WIF/USDT:USDT']
2025-11-23 08:12:41,232 - freqtrade.worker - INFO - Bot heartbeat. PID=1, version='docker-2025.9-dev-5f1d9cba', state='RUNNING'
2025-11-23 08:13:41,237 - freqtrade.worker - INFO - Bot heartbeat. PID=1, version='docker-2025.9-dev-5f1d9cba', state='RUNNING'
2025-11-23 08:14:41,244 - freqtrade.worker - INFO - Bot heartbeat. PID=1, version='docker-2025.9-dev-5f1d9cba', state='RUNNING'
2025-11-23 08:15:02,254 - freqtrade.freqai.freqai_interface - INFO - Total time spent inferencing pairlist 0.97 seconds
2025-11-23 08:15:46,004 - freqtrade.worker - INFO - Bot heartbeat. PID=1, version='docker-2025.9-dev-5f1d9cba', state='RUNNING'
2025-11-23 08:16:46,010 - freqtrade.worker - INFO - Bot heartbeat. PID=1, version='docker-2025.9-dev-5f1d9cba', state='RUNNING'
2025-11-23 08:17:46,025 - freqtrade.worker - INFO - Bot heartbeat. PID=1, version='docker-2025.9-dev-5f1d9cba', state='RUNNING'
2025-11-23 08:18:46,036 - freqtrade.worker - INFO - Bot heartbeat. PID=1, version='docker-2025.9-dev-5f1d9cba', state='RUNNING'
2025-11-23 08:19:46,050 - freqtrade.worker - INFO - Bot heartbeat. PID=1, version='docker-2025.9-dev-5f1d9cba', state='RUNNING'
2025-11-23 08:20:02,269 - freqtrade.freqai.freqai_interface - INFO - Total time spent inferencing pairlist 1.01 seconds
2025-11-23 08:20:51,004 - freqtrade.worker - INFO - Bot heartbeat. PID=1, version='docker-2025.9-dev-5f1d9cba', state='RUNNING'
2025-11-23 08:21:51,014 - freqtrade.worker - INFO - Bot heartbeat. PID=1, version='docker-2025.9-dev-5f1d9cba', state='RUNNING'
2025-11-23 08:22:51,024 - freqtrade.worker - INFO - Bot heartbeat. PID=1, version='docker-2025.9-dev-5f1d9cba', state='RUNNING'
2025-11-23 08:23:51,036 - freqtrade.worker - INFO - Bot heartbeat. PID=1, version='docker-2025.9-dev-5f1d9cba', state='RUNNING'
2025-11-23 08:24:51,046 - freqtrade.worker - INFO - Bot heartbeat. PID=1, version='docker-2025.9-dev-5f1d9cba', state='RUNNING'
2025-11-23 08:25:02,112 - freqtrade.freqai.freqai_interface - INFO - Total time spent inferencing pairlist 0.93 seconds
2025-11-23 08:25:51,079 - freqtrade.freqai.base_models.BaseClassifierModel - INFO - -------------------- Starting training WIF/USDT:USDT --------------------
2025-11-23 08:25:51,186 - freqtrade.freqai.data_kitchen - INFO - WIF/USDT:USDT: dropped 24 training points due to NaNs in populated dataset 4319.
2025-11-23 08:25:51,188 - freqtrade.freqai.base_models.BaseClassifierModel - INFO - -------------------- Training on data from 2025-11-08 to 2025-11-23 --------------------
2025-11-23 08:25:51,366 - datasieve.pipeline - INFO - SVM detected 58 data points as outliers.
2025-11-23 08:25:53,730 - freqtrade.freqai.base_models.BaseClassifierModel - INFO - Training model on 758 features
2025-11-23 08:25:53,731 - freqtrade.freqai.base_models.BaseClassifierModel - INFO - Training model on 4237 data points
2025-11-23 08:25:56,006 - freqtrade.worker - INFO - Bot heartbeat. PID=1, version='docker-2025.9-dev-5f1d9cba', state='RUNNING'
2025-11-23 08:26:43,407 - freqtrade.freqai.base_models.BaseClassifierModel - INFO - -------------------- Done training WIF/USDT:USDT (52.33 secs) --------------------
2025-11-23 08:26:43,653 - freqtrade.freqai.data_drawer - INFO - Freqai purging old model file /freqtrade/user_data/models/1/sub-train-WIF_1763884549
2025-11-23 08:26:43,669 - freqtrade.freqai.freqai_interface - INFO - Total time spent training pairlist 53.69 seconds
2025-11-23 08:26:56,056 - freqtrade.worker - INFO - Bot heartbeat. PID=1, version='docker-2025.9-dev-5f1d9cba', state='RUNNING'
2025-11-23 08:27:56,063 - freqtrade.worker - INFO - Bot heartbeat. PID=1, version='docker-2025.9-dev-5f1d9cba', state='RUNNING'
2025-11-23 08:28:56,072 - freqtrade.worker - INFO - Bot heartbeat. PID=1, version='docker-2025.9-dev-5f1d9cba', state='RUNNING'
2025-11-23 08:29:56,079 - freqtrade.worker - INFO - Bot heartbeat. PID=1, version='docker-2025.9-dev-5f1d9cba', state='RUNNING'
2025-11-23 08:30:02,567 - freqtrade.freqai.freqai_interface - INFO - Total time spent inferencing pairlist 1.08 seconds
2025-11-23 08:31:01,005 - freqtrade.worker - INFO - Bot heartbeat. PID=1, version='docker-2025.9-dev-5f1d9cba', state='RUNNING'
2025-11-23 08:31:06,695 - freqtrade.wallets - INFO - Wallets synced.
2025-11-23 08:32:01,015 - freqtrade.worker - INFO - Bot heartbeat. PID=1, version='docker-2025.9-dev-5f1d9cba', state='RUNNING'
2025-11-23 08:33:01,024 - freqtrade.worker - INFO - Bot heartbeat. PID=1, version='docker-2025.9-dev-5f1d9cba', state='RUNNING'
2025-11-23 08:34:01,032 - freqtrade.worker - INFO - Bot heartbeat. PID=1, version='docker-2025.9-dev-5f1d9cba', state='RUNNING'
2025-11-23 08:35:02,122 - freqtrade.freqai.freqai_interface - INFO - Total time spent inferencing pairlist 0.87 seconds
2025-11-23 08:35:06,000 - freqtrade.worker - INFO - Bot heartbeat. PID=1, version='docker-2025.9-dev-5f1d9cba', state='RUNNING'
2025-11-23 08:36:06,020 - freqtrade.worker - INFO - Bot heartbeat. PID=1, version='docker-2025.9-dev-5f1d9cba', state='RUNNING'
2025-11-23 08:37:06,028 - freqtrade.worker - INFO - Bot heartbeat. PID=1, version='docker-2025.9-dev-5f1d9cba', state='RUNNING'
2025-11-23 08:38:06,036 - freqtrade.worker - INFO - Bot heartbeat. PID=1, version='docker-2025.9-dev-5f1d9cba', state='RUNNING'
2025-11-23 08:39:06,050 - freqtrade.worker - INFO - Bot heartbeat. PID=1, version='docker-2025.9-dev-5f1d9cba', state='RUNNING'
2025-11-23 08:40:02,245 - freqtrade.freqai.freqai_interface - INFO - Total time spent inferencing pairlist 1.00 seconds
2025-11-23 08:40:11,003 - freqtrade.worker - INFO - Bot heartbeat. PID=1, version='docker-2025.9-dev-5f1d9cba', state='RUNNING'
2025-11-23 08:40:50,316 - freqtrade.freqai.base_models.BaseClassifierModel - INFO - -------------------- Starting training WIF/USDT:USDT --------------------
2025-11-23 08:40:50,378 - freqtrade.freqai.data_kitchen - INFO - WIF/USDT:USDT: dropped 24 training points due to NaNs in populated dataset 4319.
2025-11-23 08:40:50,379 - freqtrade.freqai.base_models.BaseClassifierModel - INFO - -------------------- Training on data from 2025-11-08 to 2025-11-23 --------------------
2025-11-23 08:40:50,549 - datasieve.pipeline - INFO - SVM detected 20 data points as outliers.
2025-11-23 08:40:53,067 - freqtrade.freqai.base_models.BaseClassifierModel - INFO - Training model on 758 features
2025-11-23 08:40:53,068 - freqtrade.freqai.base_models.BaseClassifierModel - INFO - Training model on 4275 data points
2025-11-23 08:41:11,011 - freqtrade.worker - INFO - Bot heartbeat. PID=1, version='docker-2025.9-dev-5f1d9cba', state='RUNNING'
2025-11-23 08:41:41,724 - freqtrade.freqai.base_models.BaseClassifierModel - INFO - -------------------- Done training WIF/USDT:USDT (51.41 secs) --------------------
2025-11-23 08:41:42,013 - freqtrade.freqai.data_drawer - INFO - Freqai purging old model file /freqtrade/user_data/models/1/sub-train-WIF_1763885449
2025-11-23 08:41:42,033 - freqtrade.freqai.freqai_interface - INFO - Total time spent training pairlist 52.82 seconds
2025-11-23 08:42:11,022 - freqtrade.worker - INFO - Bot heartbeat. PID=1, version='docker-2025.9-dev-5f1d9cba', state='RUNNING'
2025-11-23 08:43:11,029 - freqtrade.worker - INFO - Bot heartbeat. PID=1, version='docker-2025.9-dev-5f1d9cba', state='RUNNING'
2025-11-23 08:44:11,037 - freqtrade.worker - INFO - Bot heartbeat. PID=1, version='docker-2025.9-dev-5f1d9cba', state='RUNNING'
2025-11-23 08:45:02,260 - freqtrade.freqai.freqai_interface - INFO - Total time spent inferencing pairlist 0.96 seconds
2025-11-23 08:45:16,001 - freqtrade.worker - INFO - Bot heartbeat. PID=1, version='docker-2025.9-dev-5f1d9cba', state='RUNNING'
2025-11-23 08:46:16,009 - freqtrade.worker - INFO - Bot heartbeat. PID=1, version='docker-2025.9-dev-5f1d9cba', state='RUNNING'
2025-11-23 08:47:16,015 - freqtrade.worker - INFO - Bot heartbeat. PID=1, version='docker-2025.9-dev-5f1d9cba', state='RUNNING'
2025-11-23 08:48:16,026 - freqtrade.worker - INFO - Bot heartbeat. PID=1, version='docker-2025.9-dev-5f1d9cba', state='RUNNING'
2025-11-23 08:49:16,038 - freqtrade.worker - INFO - Bot heartbeat. PID=1, version='docker-2025.9-dev-5f1d9cba', state='RUNNING'
2025-11-23 08:50:02,217 - freqtrade.freqai.freqai_interface - INFO - Total time spent inferencing pairlist 0.97 seconds
2025-11-23 08:50:21,002 - freqtrade.worker - INFO - Bot heartbeat. PID=1, version='docker-2025.9-dev-5f1d9cba', state='RUNNING'
2025-11-23 08:51:21,012 - freqtrade.worker - INFO - Bot heartbeat. PID=1, version='docker-2025.9-dev-5f1d9cba', state='RUNNING'
2025-11-23 08:52:21,021 - freqtrade.worker - INFO - Bot heartbeat. PID=1, version='docker-2025.9-dev-5f1d9cba', state='RUNNING'
2025-11-23 08:53:21,029 - freqtrade.worker - INFO - Bot heartbeat. PID=1, version='docker-2025.9-dev-5f1d9cba', state='RUNNING'
2025-11-23 08:54:21,042 - freqtrade.worker - INFO - Bot heartbeat. PID=1, version='docker-2025.9-dev-5f1d9cba', state='RUNNING'
2025-11-23 08:55:02,197 - freqtrade.freqai.freqai_interface - INFO - Total time spent inferencing pairlist 0.98 seconds
2025-11-23 08:55:26,002 - freqtrade.worker - INFO - Bot heartbeat. PID=1, version='docker-2025.9-dev-5f1d9cba', state='RUNNING'
2025-11-23 08:55:50,905 - freqtrade.freqai.base_models.BaseClassifierModel - INFO - -------------------- Starting training WIF/USDT:USDT --------------------
2025-11-23 08:55:50,965 - freqtrade.freqai.data_kitchen - INFO - WIF/USDT:USDT: dropped 24 training points due to NaNs in populated dataset 4319.
2025-11-23 08:55:50,966 - freqtrade.freqai.base_models.BaseClassifierModel - INFO - -------------------- Training on data from 2025-11-08 to 2025-11-23 --------------------
2025-11-23 08:55:51,236 - datasieve.pipeline - INFO - SVM detected 86 data points as outliers.
2025-11-23 08:55:53,786 - freqtrade.freqai.base_models.BaseClassifierModel - INFO - Training model on 758 features
2025-11-23 08:55:53,789 - freqtrade.freqai.base_models.BaseClassifierModel - INFO - Training model on 4209 data points
2025-11-23 08:56:26,015 - freqtrade.worker - INFO - Bot heartbeat. PID=1, version='docker-2025.9-dev-5f1d9cba', state='RUNNING'
2025-11-23 08:56:41,766 - freqtrade.freqai.base_models.BaseClassifierModel - INFO - -------------------- Done training WIF/USDT:USDT (50.86 secs) --------------------
2025-11-23 08:56:41,893 - freqtrade.freqai.data_drawer - INFO - Freqai purging old model file /freqtrade/user_data/models/1/sub-train-WIF_1763886349
2025-11-23 08:56:41,916 - freqtrade.freqai.freqai_interface - INFO - Total time spent training pairlist 52.27 seconds
2025-11-23 08:57:26,021 - freqtrade.worker - INFO - Bot heartbeat. PID=1, version='docker-2025.9-dev-5f1d9cba', state='RUNNING'
2025-11-23 08:58:26,033 - freqtrade.worker - INFO - Bot heartbeat. PID=1, version='docker-2025.9-dev-5f1d9cba', state='RUNNING'
2025-11-23 08:59:26,042 - freqtrade.worker - INFO - Bot heartbeat. PID=1, version='docker-2025.9-dev-5f1d9cba', state='RUNNING'
2025-11-23 09:00:02,329 - freqtrade.freqai.freqai_interface - INFO - Total time spent inferencing pairlist 0.97 seconds
2025-11-23 09:00:31,002 - freqtrade.worker - INFO - Bot heartbeat. PID=1, version='docker-2025.9-dev-5f1d9cba', state='RUNNING'
2025-11-23 09:01:06,708 - freqtrade.wallets - INFO - Wallets synced.
2025-11-23 09:01:31,010 - freqtrade.worker - INFO - Bot heartbeat. PID=1, version='docker-2025.9-dev-5f1d9cba', state='RUNNING'
2025-11-23 09:02:31,028 - freqtrade.worker - INFO - Bot heartbeat. PID=1, version='docker-2025.9-dev-5f1d9cba', state='RUNNING'
2025-11-23 09:03:31,034 - freqtrade.worker - INFO - Bot heartbeat. PID=1, version='docker-2025.9-dev-5f1d9cba', state='RUNNING'
2025-11-23 09:04:31,045 - freqtrade.worker - INFO - Bot heartbeat. PID=1, version='docker-2025.9-dev-5f1d9cba', state='RUNNING'
2025-11-23 09:05:02,304 - freqtrade.freqai.freqai_interface - INFO - Total time spent inferencing pairlist 1.05 seconds
2025-11-23 09:05:36,002 - freqtrade.worker - INFO - Bot heartbeat. PID=1, version='docker-2025.9-dev-5f1d9cba', state='RUNNING'
2025-11-23 09:06:36,014 - freqtrade.worker - INFO - Bot heartbeat. PID=1, version='docker-2025.9-dev-5f1d9cba', state='RUNNING'
2025-11-23 09:07:36,023 - freqtrade.worker - INFO - Bot heartbeat. PID=1, version='docker-2025.9-dev-5f1d9cba', state='RUNNING'
2025-11-23 09:08:36,032 - freqtrade.worker - INFO - Bot heartbeat. PID=1, version='docker-2025.9-dev-5f1d9cba', state='RUNNING'
2025-11-23 09:09:36,040 - freqtrade.worker - INFO - Bot heartbeat. PID=1, version='docker-2025.9-dev-5f1d9cba', state='RUNNING'
2025-11-23 09:10:02,284 - freqtrade.freqai.freqai_interface - INFO - Total time spent inferencing pairlist 1.04 seconds
2025-11-23 09:10:41,002 - freqtrade.worker - INFO - Bot heartbeat. PID=1, version='docker-2025.9-dev-5f1d9cba', state='RUNNING'
2025-11-23 09:10:50,726 - freqtrade.freqai.base_models.BaseClassifierModel - INFO - -------------------- Starting training WIF/USDT:USDT --------------------
2025-11-23 09:10:50,808 - freqtrade.freqai.data_kitchen - INFO - WIF/USDT:USDT: dropped 24 training points due to NaNs in populated dataset 4319.
2025-11-23 09:10:50,809 - freqtrade.freqai.base_models.BaseClassifierModel - INFO - -------------------- Training on data from 2025-11-08 to 2025-11-23 --------------------
2025-11-23 09:10:50,979 - datasieve.pipeline - INFO - SVM detected 173 data points as outliers.
2025-11-23 09:10:53,469 - freqtrade.freqai.base_models.BaseClassifierModel - INFO - Training model on 758 features
2025-11-23 09:10:53,470 - freqtrade.freqai.base_models.BaseClassifierModel - INFO - Training model on 4122 data points
2025-11-23 09:11:39,302 - freqtrade.freqai.base_models.BaseClassifierModel - INFO - -------------------- Done training WIF/USDT:USDT (48.57 secs) --------------------
2025-11-23 09:11:39,509 - freqtrade.freqai.data_drawer - INFO - Freqai purging old model file /freqtrade/user_data/models/1/sub-train-WIF_1763887249
2025-11-23 09:11:39,525 - freqtrade.freqai.freqai_interface - INFO - Total time spent training pairlist 50.04 seconds
2025-11-23 09:11:41,009 - freqtrade.worker - INFO - Bot heartbeat. PID=1, version='docker-2025.9-dev-5f1d9cba', state='RUNNING'
2025-11-23 09:12:41,016 - freqtrade.worker - INFO - Bot heartbeat. PID=1, version='docker-2025.9-dev-5f1d9cba', state='RUNNING'
2025-11-23 09:12:45,877 - freqtrade.plugins.pairlistmanager - INFO - Whitelist with 1 pairs: ['WIF/USDT:USDT']
2025-11-23 09:13:41,026 - freqtrade.worker - INFO - Bot heartbeat. PID=1, version='docker-2025.9-dev-5f1d9cba', state='RUNNING'
2025-11-23 09:14:41,041 - freqtrade.worker - INFO - Bot heartbeat. PID=1, version='docker-2025.9-dev-5f1d9cba', state='RUNNING'
2025-11-23 09:15:02,324 - freqtrade.freqai.freqai_interface - INFO - Total time spent inferencing pairlist 0.97 seconds
2025-11-23 09:15:46,004 - freqtrade.worker - INFO - Bot heartbeat. PID=1, version='docker-2025.9-dev-5f1d9cba', state='RUNNING'
2025-11-23 09:16:46,014 - freqtrade.worker - INFO - Bot heartbeat. PID=1, version='docker-2025.9-dev-5f1d9cba', state='RUNNING'
2025-11-23 09:17:46,026 - freqtrade.worker - INFO - Bot heartbeat. PID=1, version='docker-2025.9-dev-5f1d9cba', state='RUNNING'
2025-11-23 09:18:46,045 - freqtrade.worker - INFO - Bot heartbeat. PID=1, version='docker-2025.9-dev-5f1d9cba', state='RUNNING'
2025-11-23 09:19:46,058 - freqtrade.worker - INFO - Bot heartbeat. PID=1, version='docker-2025.9-dev-5f1d9cba', state='RUNNING'
2025-11-23 09:20:02,265 - freqtrade.freqai.freqai_interface - INFO - Total time spent inferencing pairlist 1.05 seconds
2025-11-23 09:20:51,004 - freqtrade.worker - INFO - Bot heartbeat. PID=1, version='docker-2025.9-dev-5f1d9cba', state='RUNNING'
2025-11-23 09:21:51,011 - freqtrade.worker - INFO - Bot heartbeat. PID=1, version='docker-2025.9-dev-5f1d9cba', state='RUNNING'
2025-11-23 09:22:51,021 - freqtrade.worker - INFO - Bot heartbeat. PID=1, version='docker-2025.9-dev-5f1d9cba', state='RUNNING'
2025-11-23 09:23:51,039 - freqtrade.worker - INFO - Bot heartbeat. PID=1, version='docker-2025.9-dev-5f1d9cba', state='RUNNING'
2025-11-23 09:24:51,046 - freqtrade.worker - INFO - Bot heartbeat. PID=1, version='docker-2025.9-dev-5f1d9cba', state='RUNNING'
2025-11-23 09:25:02,036 - freqtrade.freqai.freqai_interface - INFO - Total time spent inferencing pairlist 0.84 seconds
2025-11-23 09:25:50,307 - freqtrade.freqai.base_models.BaseClassifierModel - INFO - -------------------- Starting training WIF/USDT:USDT --------------------
2025-11-23 09:25:50,392 - freqtrade.freqai.data_kitchen - INFO - WIF/USDT:USDT: dropped 24 training points due to NaNs in populated dataset 4319.
2025-11-23 09:25:50,393 - freqtrade.freqai.base_models.BaseClassifierModel - INFO - -------------------- Training on data from 2025-11-08 to 2025-11-23 --------------------
2025-11-23 09:25:50,566 - datasieve.pipeline - INFO - SVM detected 81 data points as outliers.
2025-11-23 09:25:52,926 - freqtrade.freqai.base_models.BaseClassifierModel - INFO - Training model on 758 features
2025-11-23 09:25:52,928 - freqtrade.freqai.base_models.BaseClassifierModel - INFO - Training model on 4214 data points
2025-11-23 09:25:56,005 - freqtrade.worker - INFO - Bot heartbeat. PID=1, version='docker-2025.9-dev-5f1d9cba', state='RUNNING'
2025-11-23 09:26:41,694 - freqtrade.freqai.base_models.BaseClassifierModel - INFO - -------------------- Done training WIF/USDT:USDT (51.38 secs) --------------------
2025-11-23 09:26:41,806 - freqtrade.freqai.data_drawer - INFO - Freqai purging old model file /freqtrade/user_data/models/1/sub-train-WIF_1763888149
2025-11-23 09:26:41,819 - freqtrade.freqai.freqai_interface - INFO - Total time spent training pairlist 52.71 seconds
2025-11-23 09:26:56,015 - freqtrade.worker - INFO - Bot heartbeat. PID=1, version='docker-2025.9-dev-5f1d9cba', state='RUNNING'
2025-11-23 09:27:56,025 - freqtrade.worker - INFO - Bot heartbeat. PID=1, version='docker-2025.9-dev-5f1d9cba', state='RUNNING'
2025-11-23 09:28:56,034 - freqtrade.worker - INFO - Bot heartbeat. PID=1, version='docker-2025.9-dev-5f1d9cba', state='RUNNING'
2025-11-23 09:29:56,042 - freqtrade.worker - INFO - Bot heartbeat. PID=1, version='docker-2025.9-dev-5f1d9cba', state='RUNNING'
2025-11-23 09:30:02,202 - freqtrade.freqai.freqai_interface - INFO - Total time spent inferencing pairlist 0.95 seconds
2025-11-23 09:31:01,009 - freqtrade.worker - INFO - Bot heartbeat. PID=1, version='docker-2025.9-dev-5f1d9cba', state='RUNNING'
2025-11-23 09:31:06,430 - freqtrade.wallets - INFO - Wallets synced.
2025-11-23 09:32:01,018 - freqtrade.worker - INFO - Bot heartbeat. PID=1, version='docker-2025.9-dev-5f1d9cba', state='RUNNING'
2025-11-23 09:33:01,026 - freqtrade.worker - INFO - Bot heartbeat. PID=1, version='docker-2025.9-dev-5f1d9cba', state='RUNNING'
2025-11-23 09:34:01,035 - freqtrade.worker - INFO - Bot heartbeat. PID=1, version='docker-2025.9-dev-5f1d9cba', state='RUNNING'
2025-11-23 09:35:02,179 - freqtrade.freqai.freqai_interface - INFO - Total time spent inferencing pairlist 0.94 seconds
2025-11-23 09:35:06,000 - freqtrade.worker - INFO - Bot heartbeat. PID=1, version='docker-2025.9-dev-5f1d9cba', state='RUNNING'
2025-11-23 09:36:06,008 - freqtrade.worker - INFO - Bot heartbeat. PID=1, version='docker-2025.9-dev-5f1d9cba', state='RUNNING'
2025-11-23 09:37:06,019 - freqtrade.worker - INFO - Bot heartbeat. PID=1, version='docker-2025.9-dev-5f1d9cba', state='RUNNING'
2025-11-23 09:38:06,026 - freqtrade.worker - INFO - Bot heartbeat. PID=1, version='docker-2025.9-dev-5f1d9cba', state='RUNNING'
2025-11-23 09:39:06,045 - freqtrade.worker - INFO - Bot heartbeat. PID=1, version='docker-2025.9-dev-5f1d9cba', state='RUNNING'
2025-11-23 09:40:02,270 - freqtrade.freqai.freqai_interface - INFO - Total time spent inferencing pairlist 1.02 seconds
2025-11-23 09:40:11,001 - freqtrade.worker - INFO - Bot heartbeat. PID=1, version='docker-2025.9-dev-5f1d9cba', state='RUNNING'
2025-11-23 09:40:50,600 - freqtrade.freqai.base_models.BaseClassifierModel - INFO - -------------------- Starting training WIF/USDT:USDT --------------------
2025-11-23 09:40:50,711 - freqtrade.freqai.data_kitchen - INFO - WIF/USDT:USDT: dropped 24 training points due to NaNs in populated dataset 4319.
2025-11-23 09:40:50,713 - freqtrade.freqai.base_models.BaseClassifierModel - INFO - -------------------- Training on data from 2025-11-08 to 2025-11-23 --------------------
2025-11-23 09:40:50,919 - datasieve.pipeline - INFO - SVM detected 22 data points as outliers.
2025-11-23 09:40:53,474 - freqtrade.freqai.base_models.BaseClassifierModel - INFO - Training model on 758 features
2025-11-23 09:40:53,476 - freqtrade.freqai.base_models.BaseClassifierModel - INFO - Training model on 4273 data points
2025-11-23 09:41:11,008 - freqtrade.worker - INFO - Bot heartbeat. PID=1, version='docker-2025.9-dev-5f1d9cba', state='RUNNING'
2025-11-23 09:41:42,159 - freqtrade.freqai.base_models.BaseClassifierModel - INFO - -------------------- Done training WIF/USDT:USDT (51.56 secs) --------------------
2025-11-23 09:41:42,337 - freqtrade.freqai.data_drawer - INFO - Freqai purging old model file /freqtrade/user_data/models/1/sub-train-WIF_1763889049
2025-11-23 09:41:42,351 - freqtrade.freqai.freqai_interface - INFO - Total time spent training pairlist 52.87 seconds
2025-11-23 09:42:11,022 - freqtrade.worker - INFO - Bot heartbeat. PID=1, version='docker-2025.9-dev-5f1d9cba', state='RUNNING'
2025-11-23 09:43:11,029 - freqtrade.worker - INFO - Bot heartbeat. PID=1, version='docker-2025.9-dev-5f1d9cba', state='RUNNING'
2025-11-23 09:44:11,041 - freqtrade.worker - INFO - Bot heartbeat. PID=1, version='docker-2025.9-dev-5f1d9cba', state='RUNNING'
2025-11-23 09:45:02,241 - freqtrade.freqai.freqai_interface - INFO - Total time spent inferencing pairlist 0.88 seconds
2025-11-23 09:45:16,001 - freqtrade.worker - INFO - Bot heartbeat. PID=1, version='docker-2025.9-dev-5f1d9cba', state='RUNNING'
2025-11-23 09:46:16,008 - freqtrade.worker - INFO - Bot heartbeat. PID=1, version='docker-2025.9-dev-5f1d9cba', state='RUNNING'
2025-11-23 09:47:16,019 - freqtrade.worker - INFO - Bot heartbeat. PID=1, version='docker-2025.9-dev-5f1d9cba', state='RUNNING'
2025-11-23 09:48:16,032 - freqtrade.worker - INFO - Bot heartbeat. PID=1, version='docker-2025.9-dev-5f1d9cba', state='RUNNING'
2025-11-23 09:48:23,999 - uvicorn.error - WARNING - Invalid HTTP request received.
2025-11-23 09:49:16,040 - freqtrade.worker - INFO - Bot heartbeat. PID=1, version='docker-2025.9-dev-5f1d9cba', state='RUNNING'
2025-11-23 09:50:02,256 - freqtrade.freqai.freqai_interface - INFO - Total time spent inferencing pairlist 1.01 seconds
2025-11-23 09:50:21,001 - freqtrade.worker - INFO - Bot heartbeat. PID=1, version='docker-2025.9-dev-5f1d9cba', state='RUNNING'
2025-11-23 09:51:21,007 - freqtrade.worker - INFO - Bot heartbeat. PID=1, version='docker-2025.9-dev-5f1d9cba', state='RUNNING'
2025-11-23 09:52:21,016 - freqtrade.worker - INFO - Bot heartbeat. PID=1, version='docker-2025.9-dev-5f1d9cba', state='RUNNING'
2025-11-23 09:53:21,025 - freqtrade.worker - INFO - Bot heartbeat. PID=1, version='docker-2025.9-dev-5f1d9cba', state='RUNNING'
2025-11-23 09:54:21,031 - freqtrade.worker - INFO - Bot heartbeat. PID=1, version='docker-2025.9-dev-5f1d9cba', state='RUNNING'
2025-11-23 09:55:01,959 - freqtrade.freqai.freqai_interface - INFO - Total time spent inferencing pairlist 0.80 seconds
2025-11-23 09:55:26,002 - freqtrade.worker - INFO - Bot heartbeat. PID=1, version='docker-2025.9-dev-5f1d9cba', state='RUNNING'
2025-11-23 09:55:51,176 - freqtrade.freqai.base_models.BaseClassifierModel - INFO - -------------------- Starting training WIF/USDT:USDT --------------------
2025-11-23 09:55:51,256 - freqtrade.freqai.data_kitchen - INFO - WIF/USDT:USDT: dropped 24 training points due to NaNs in populated dataset 4319.
2025-11-23 09:55:51,258 - freqtrade.freqai.base_models.BaseClassifierModel - INFO - -------------------- Training on data from 2025-11-08 to 2025-11-23 --------------------
2025-11-23 09:55:51,446 - datasieve.pipeline - INFO - SVM detected 118 data points as outliers.
2025-11-23 09:55:53,857 - freqtrade.freqai.base_models.BaseClassifierModel - INFO - Training model on 758 features
2025-11-23 09:55:53,859 - freqtrade.freqai.base_models.BaseClassifierModel - INFO - Training model on 4177 data points
2025-11-23 09:56:26,011 - freqtrade.worker - INFO - Bot heartbeat. PID=1, version='docker-2025.9-dev-5f1d9cba', state='RUNNING'
2025-11-23 09:56:41,129 - freqtrade.freqai.base_models.BaseClassifierModel - INFO - -------------------- Done training WIF/USDT:USDT (49.95 secs) --------------------
2025-11-23 09:56:41,256 - freqtrade.freqai.data_drawer - INFO - Freqai purging old model file /freqtrade/user_data/models/1/sub-train-WIF_1763889949
2025-11-23 09:56:41,279 - freqtrade.freqai.freqai_interface - INFO - Total time spent training pairlist 51.39 seconds
2025-11-23 09:57:26,019 - freqtrade.worker - INFO - Bot heartbeat. PID=1, version='docker-2025.9-dev-5f1d9cba', state='RUNNING'
2025-11-23 09:58:26,034 - freqtrade.worker - INFO - Bot heartbeat. PID=1, version='docker-2025.9-dev-5f1d9cba', state='RUNNING'
2025-11-23 09:59:26,042 - freqtrade.worker - INFO - Bot heartbeat. PID=1, version='docker-2025.9-dev-5f1d9cba', state='RUNNING'
2025-11-23 10:00:02,372 - freqtrade.freqai.freqai_interface - INFO - Total time spent inferencing pairlist 1.05 seconds
2025-11-23 10:00:31,002 - freqtrade.worker - INFO - Bot heartbeat. PID=1, version='docker-2025.9-dev-5f1d9cba', state='RUNNING'
2025-11-23 10:01:06,622 - freqtrade.wallets - INFO - Wallets synced.
2025-11-23 10:01:31,007 - freqtrade.worker - INFO - Bot heartbeat. PID=1, version='docker-2025.9-dev-5f1d9cba', state='RUNNING'
2025-11-23 10:02:31,015 - freqtrade.worker - INFO - Bot heartbeat. PID=1, version='docker-2025.9-dev-5f1d9cba', state='RUNNING'
2025-11-23 10:03:31,026 - freqtrade.worker - INFO - Bot heartbeat. PID=1, version='docker-2025.9-dev-5f1d9cba', state='RUNNING'
2025-11-23 10:04:31,034 - freqtrade.worker - INFO - Bot heartbeat. PID=1, version='docker-2025.9-dev-5f1d9cba', state='RUNNING'
2025-11-23 10:05:02,240 - freqtrade.freqai.freqai_interface - INFO - Total time spent inferencing pairlist 1.00 seconds
2025-11-23 10:05:36,002 - freqtrade.worker - INFO - Bot heartbeat. PID=1, version='docker-2025.9-dev-5f1d9cba', state='RUNNING'
2025-11-23 10:06:36,014 - freqtrade.worker - INFO - Bot heartbeat. PID=1, version='docker-2025.9-dev-5f1d9cba', state='RUNNING'
2025-11-23 10:07:08,488 - uvicorn.error - WARNING - Invalid HTTP request received.
2025-11-23 10:07:36,025 - freqtrade.worker - INFO - Bot heartbeat. PID=1, version='docker-2025.9-dev-5f1d9cba', state='RUNNING'
2025-11-23 10:08:36,031 - freqtrade.worker - INFO - Bot heartbeat. PID=1, version='docker-2025.9-dev-5f1d9cba', state='RUNNING'
2025-11-23 10:09:36,041 - freqtrade.worker - INFO - Bot heartbeat. PID=1, version='docker-2025.9-dev-5f1d9cba', state='RUNNING'
2025-11-23 10:10:02,275 - freqtrade.freqai.freqai_interface - INFO - Total time spent inferencing pairlist 1.03 seconds
2025-11-23 10:10:41,003 - freqtrade.worker - INFO - Bot heartbeat. PID=1, version='docker-2025.9-dev-5f1d9cba', state='RUNNING'
2025-11-23 10:10:48,803 - uvicorn.error - WARNING - Invalid HTTP request received.
2025-11-23 10:10:49,286 - uvicorn.error - WARNING - Invalid HTTP request received.
2025-11-23 10:10:51,089 - freqtrade.freqai.base_models.BaseClassifierModel - INFO - -------------------- Starting training WIF/USDT:USDT --------------------
2025-11-23 10:10:51,178 - freqtrade.freqai.data_kitchen - INFO - WIF/USDT:USDT: dropped 24 training points due to NaNs in populated dataset 4319.
2025-11-23 10:10:51,179 - freqtrade.freqai.base_models.BaseClassifierModel - INFO - -------------------- Training on data from 2025-11-08 to 2025-11-23 --------------------
2025-11-23 10:10:51,348 - datasieve.pipeline - INFO - SVM detected 63 data points as outliers.
2025-11-23 10:10:53,785 - freqtrade.freqai.base_models.BaseClassifierModel - INFO - Training model on 758 features
2025-11-23 10:10:53,786 - freqtrade.freqai.base_models.BaseClassifierModel - INFO - Training model on 4232 data points
2025-11-23 10:11:41,015 - freqtrade.worker - INFO - Bot heartbeat. PID=1, version='docker-2025.9-dev-5f1d9cba', state='RUNNING'
2025-11-23 10:11:41,753 - freqtrade.freqai.base_models.BaseClassifierModel - INFO - -------------------- Done training WIF/USDT:USDT (50.66 secs) --------------------
2025-11-23 10:11:42,042 - freqtrade.freqai.data_drawer - INFO - Freqai purging old model file /freqtrade/user_data/models/1/sub-train-WIF_1763890849
2025-11-23 10:11:42,061 - freqtrade.freqai.freqai_interface - INFO - Total time spent training pairlist 52.20 seconds
2025-11-23 10:12:41,030 - freqtrade.worker - INFO - Bot heartbeat. PID=1, version='docker-2025.9-dev-5f1d9cba', state='RUNNING'
2025-11-23 10:12:51,533 - freqtrade.plugins.pairlistmanager - INFO - Whitelist with 1 pairs: ['WIF/USDT:USDT']
2025-11-23 10:13:41,549 - freqtrade.worker - INFO - Bot heartbeat. PID=1, version='docker-2025.9-dev-5f1d9cba', state='RUNNING'
2025-11-23 10:14:41,556 - freqtrade.worker - INFO - Bot heartbeat. PID=1, version='docker-2025.9-dev-5f1d9cba', state='RUNNING'
2025-11-23 10:15:02,253 - freqtrade.freqai.freqai_interface - INFO - Total time spent inferencing pairlist 0.93 seconds
2025-11-23 10:15:46,004 - freqtrade.worker - INFO - Bot heartbeat. PID=1, version='docker-2025.9-dev-5f1d9cba', state='RUNNING'
2025-11-23 10:16:46,015 - freqtrade.worker - INFO - Bot heartbeat. PID=1, version='docker-2025.9-dev-5f1d9cba', state='RUNNING'
2025-11-23 10:17:46,022 - freqtrade.worker - INFO - Bot heartbeat. PID=1, version='docker-2025.9-dev-5f1d9cba', state='RUNNING'
2025-11-23 10:18:46,033 - freqtrade.worker - INFO - Bot heartbeat. PID=1, version='docker-2025.9-dev-5f1d9cba', state='RUNNING'
2025-11-23 10:19:46,045 - freqtrade.worker - INFO - Bot heartbeat. PID=1, version='docker-2025.9-dev-5f1d9cba', state='RUNNING'
2025-11-23 10:20:02,215 - freqtrade.freqai.freqai_interface - INFO - Total time spent inferencing pairlist 1.07 seconds
2025-11-23 10:20:51,003 - freqtrade.worker - INFO - Bot heartbeat. PID=1, version='docker-2025.9-dev-5f1d9cba', state='RUNNING'
2025-11-23 10:21:51,010 - freqtrade.worker - INFO - Bot heartbeat. PID=1, version='docker-2025.9-dev-5f1d9cba', state='RUNNING'
2025-11-23 10:22:51,020 - freqtrade.worker - INFO - Bot heartbeat. PID=1, version='docker-2025.9-dev-5f1d9cba', state='RUNNING'
2025-11-23 10:23:51,030 - freqtrade.worker - INFO - Bot heartbeat. PID=1, version='docker-2025.9-dev-5f1d9cba', state='RUNNING'
2025-11-23 10:24:51,042 - freqtrade.worker - INFO - Bot heartbeat. PID=1, version='docker-2025.9-dev-5f1d9cba', state='RUNNING'
2025-11-23 10:25:01,975 - freqtrade.freqai.freqai_interface - INFO - Total time spent inferencing pairlist 0.78 seconds
2025-11-23 10:25:50,741 - freqtrade.freqai.base_models.BaseClassifierModel - INFO - -------------------- Starting training WIF/USDT:USDT --------------------
2025-11-23 10:25:50,804 - freqtrade.freqai.data_kitchen - INFO - WIF/USDT:USDT: dropped 24 training points due to NaNs in populated dataset 4319.
2025-11-23 10:25:50,805 - freqtrade.freqai.base_models.BaseClassifierModel - INFO - -------------------- Training on data from 2025-11-08 to 2025-11-23 --------------------
2025-11-23 10:25:50,967 - datasieve.pipeline - INFO - SVM detected 83 data points as outliers.
2025-11-23 10:25:53,581 - freqtrade.freqai.base_models.BaseClassifierModel - INFO - Training model on 758 features
2025-11-23 10:25:53,582 - freqtrade.freqai.base_models.BaseClassifierModel - INFO - Training model on 4212 data points
2025-11-23 10:25:56,006 - freqtrade.worker - INFO - Bot heartbeat. PID=1, version='docker-2025.9-dev-5f1d9cba', state='RUNNING'
2025-11-23 10:26:41,951 - freqtrade.freqai.base_models.BaseClassifierModel - INFO - -------------------- Done training WIF/USDT:USDT (51.21 secs) --------------------
2025-11-23 10:26:42,189 - freqtrade.freqai.data_drawer - INFO - Freqai purging old model file /freqtrade/user_data/models/1/sub-train-WIF_1763891749
2025-11-23 10:26:42,204 - freqtrade.freqai.freqai_interface - INFO - Total time spent training pairlist 52.58 seconds
2025-11-23 10:26:56,017 - freqtrade.worker - INFO - Bot heartbeat. PID=1, version='docker-2025.9-dev-5f1d9cba', state='RUNNING'
2025-11-23 10:27:56,024 - freqtrade.worker - INFO - Bot heartbeat. PID=1, version='docker-2025.9-dev-5f1d9cba', state='RUNNING'
2025-11-23 10:28:56,034 - freqtrade.worker - INFO - Bot heartbeat. PID=1, version='docker-2025.9-dev-5f1d9cba', state='RUNNING'
2025-11-23 10:29:56,043 - freqtrade.worker - INFO - Bot heartbeat. PID=1, version='docker-2025.9-dev-5f1d9cba', state='RUNNING'
2025-11-23 10:30:02,256 - freqtrade.freqai.freqai_interface - INFO - Total time spent inferencing pairlist 0.93 seconds
2025-11-23 10:31:01,004 - freqtrade.worker - INFO - Bot heartbeat. PID=1, version='docker-2025.9-dev-5f1d9cba', state='RUNNING'
2025-11-23 10:31:06,632 - freqtrade.wallets - INFO - Wallets synced.
2025-11-23 10:32:01,018 - freqtrade.worker - INFO - Bot heartbeat. PID=1, version='docker-2025.9-dev-5f1d9cba', state='RUNNING'
2025-11-23 10:33:01,025 - freqtrade.worker - INFO - Bot heartbeat. PID=1, version='docker-2025.9-dev-5f1d9cba', state='RUNNING'
2025-11-23 10:34:01,033 - freqtrade.worker - INFO - Bot heartbeat. PID=1, version='docker-2025.9-dev-5f1d9cba', state='RUNNING'
2025-11-23 10:35:02,313 - freqtrade.freqai.freqai_interface - INFO - Total time spent inferencing pairlist 1.07 seconds
2025-11-23 10:35:06,000 - freqtrade.worker - INFO - Bot heartbeat. PID=1, version='docker-2025.9-dev-5f1d9cba', state='RUNNING'
2025-11-23 10:36:06,007 - freqtrade.worker - INFO - Bot heartbeat. PID=1, version='docker-2025.9-dev-5f1d9cba', state='RUNNING'
2025-11-23 10:37:06,025 - freqtrade.worker - INFO - Bot heartbeat. PID=1, version='docker-2025.9-dev-5f1d9cba', state='RUNNING'
2025-11-23 10:38:06,032 - freqtrade.worker - INFO - Bot heartbeat. PID=1, version='docker-2025.9-dev-5f1d9cba', state='RUNNING'
2025-11-23 10:39:06,043 - freqtrade.worker - INFO - Bot heartbeat. PID=1, version='docker-2025.9-dev-5f1d9cba', state='RUNNING'
2025-11-23 10:40:02,240 - freqtrade.freqai.freqai_interface - INFO - Total time spent inferencing pairlist 0.98 seconds
2025-11-23 10:40:11,001 - freqtrade.worker - INFO - Bot heartbeat. PID=1, version='docker-2025.9-dev-5f1d9cba', state='RUNNING'
2025-11-23 10:40:50,814 - freqtrade.freqai.base_models.BaseClassifierModel - INFO - -------------------- Starting training WIF/USDT:USDT --------------------
2025-11-23 10:40:50,872 - freqtrade.freqai.data_kitchen - INFO - WIF/USDT:USDT: dropped 24 training points due to NaNs in populated dataset 4319.
2025-11-23 10:40:50,873 - freqtrade.freqai.base_models.BaseClassifierModel - INFO - -------------------- Training on data from 2025-11-08 to 2025-11-23 --------------------
2025-11-23 10:40:51,096 - datasieve.pipeline - INFO - SVM detected 98 data points as outliers.
2025-11-23 10:40:53,499 - freqtrade.freqai.base_models.BaseClassifierModel - INFO - Training model on 758 features
2025-11-23 10:40:53,501 - freqtrade.freqai.base_models.BaseClassifierModel - INFO - Training model on 4197 data points
2025-11-23 10:41:11,010 - freqtrade.worker - INFO - Bot heartbeat. PID=1, version='docker-2025.9-dev-5f1d9cba', state='RUNNING'
2025-11-23 10:41:40,435 - freqtrade.freqai.base_models.BaseClassifierModel - INFO - -------------------- Done training WIF/USDT:USDT (49.62 secs) --------------------
2025-11-23 10:41:40,700 - freqtrade.freqai.data_drawer - INFO - Freqai purging old model file /freqtrade/user_data/models/1/sub-train-WIF_1763892649
2025-11-23 10:41:40,722 - freqtrade.freqai.freqai_interface - INFO - Total time spent training pairlist 50.95 seconds
2025-11-23 10:42:11,019 - freqtrade.worker - INFO - Bot heartbeat. PID=1, version='docker-2025.9-dev-5f1d9cba', state='RUNNING'
2025-11-23 10:43:11,027 - freqtrade.worker - INFO - Bot heartbeat. PID=1, version='docker-2025.9-dev-5f1d9cba', state='RUNNING'
2025-11-23 10:44:11,039 - freqtrade.worker - INFO - Bot heartbeat. PID=1, version='docker-2025.9-dev-5f1d9cba', state='RUNNING'
2025-11-23 10:45:02,252 - freqtrade.freqai.freqai_interface - INFO - Total time spent inferencing pairlist 0.93 seconds
2025-11-23 10:45:16,001 - freqtrade.worker - INFO - Bot heartbeat. PID=1, version='docker-2025.9-dev-5f1d9cba', state='RUNNING'
2025-11-23 10:46:16,008 - freqtrade.worker - INFO - Bot heartbeat. PID=1, version='docker-2025.9-dev-5f1d9cba', state='RUNNING'
2025-11-23 10:47:16,018 - freqtrade.worker - INFO - Bot heartbeat. PID=1, version='docker-2025.9-dev-5f1d9cba', state='RUNNING'
2025-11-23 10:48:16,030 - freqtrade.worker - INFO - Bot heartbeat. PID=1, version='docker-2025.9-dev-5f1d9cba', state='RUNNING'
2025-11-23 10:49:16,039 - freqtrade.worker - INFO - Bot heartbeat. PID=1, version='docker-2025.9-dev-5f1d9cba', state='RUNNING'
2025-11-23 10:50:02,246 - freqtrade.freqai.freqai_interface - INFO - Total time spent inferencing pairlist 0.96 seconds
2025-11-23 10:50:21,001 - freqtrade.worker - INFO - Bot heartbeat. PID=1, version='docker-2025.9-dev-5f1d9cba', state='RUNNING'
2025-11-23 10:51:21,011 - freqtrade.worker - INFO - Bot heartbeat. PID=1, version='docker-2025.9-dev-5f1d9cba', state='RUNNING'
2025-11-23 10:52:21,022 - freqtrade.worker - INFO - Bot heartbeat. PID=1, version='docker-2025.9-dev-5f1d9cba', state='RUNNING'
2025-11-23 10:53:21,029 - freqtrade.worker - INFO - Bot heartbeat. PID=1, version='docker-2025.9-dev-5f1d9cba', state='RUNNING'
2025-11-23 10:54:21,041 - freqtrade.worker - INFO - Bot heartbeat. PID=1, version='docker-2025.9-dev-5f1d9cba', state='RUNNING'
2025-11-23 10:55:02,241 - freqtrade.freqai.freqai_interface - INFO - Total time spent inferencing pairlist 0.97 seconds
2025-11-23 10:55:26,001 - freqtrade.worker - INFO - Bot heartbeat. PID=1, version='docker-2025.9-dev-5f1d9cba', state='RUNNING'
2025-11-23 10:55:50,316 - freqtrade.freqai.base_models.BaseClassifierModel - INFO - -------------------- Starting training WIF/USDT:USDT --------------------
2025-11-23 10:55:50,386 - freqtrade.freqai.data_kitchen - INFO - WIF/USDT:USDT: dropped 24 training points due to NaNs in populated dataset 4319.
2025-11-23 10:55:50,388 - freqtrade.freqai.base_models.BaseClassifierModel - INFO - -------------------- Training on data from 2025-11-08 to 2025-11-23 --------------------
2025-11-23 10:55:50,608 - datasieve.pipeline - INFO - SVM detected 64 data points as outliers.
2025-11-23 10:55:53,120 - freqtrade.freqai.base_models.BaseClassifierModel - INFO - Training model on 758 features
2025-11-23 10:55:53,123 - freqtrade.freqai.base_models.BaseClassifierModel - INFO - Training model on 4231 data points
2025-11-23 10:56:26,010 - freqtrade.worker - INFO - Bot heartbeat. PID=1, version='docker-2025.9-dev-5f1d9cba', state='RUNNING'
2025-11-23 10:56:41,251 - freqtrade.freqai.base_models.BaseClassifierModel - INFO - -------------------- Done training WIF/USDT:USDT (50.93 secs) --------------------
2025-11-23 10:56:41,446 - freqtrade.freqai.data_drawer - INFO - Freqai purging old model file /freqtrade/user_data/models/1/sub-train-WIF_1763893549
2025-11-23 10:56:41,459 - freqtrade.freqai.freqai_interface - INFO - Total time spent training pairlist 52.16 seconds
2025-11-23 10:57:26,019 - freqtrade.worker - INFO - Bot heartbeat. PID=1, version='docker-2025.9-dev-5f1d9cba', state='RUNNING'
2025-11-23 10:58:26,029 - freqtrade.worker - INFO - Bot heartbeat. PID=1, version='docker-2025.9-dev-5f1d9cba', state='RUNNING'
2025-11-23 10:59:26,039 - freqtrade.worker - INFO - Bot heartbeat. PID=1, version='docker-2025.9-dev-5f1d9cba', state='RUNNING'
2025-11-23 11:00:02,351 - freqtrade.freqai.freqai_interface - INFO - Total time spent inferencing pairlist 1.02 seconds
2025-11-23 11:00:31,002 - freqtrade.worker - INFO - Bot heartbeat. PID=1, version='docker-2025.9-dev-5f1d9cba', state='RUNNING'
2025-11-23 11:01:06,606 - freqtrade.wallets - INFO - Wallets synced.
2025-11-23 11:01:31,008 - freqtrade.worker - INFO - Bot heartbeat. PID=1, version='docker-2025.9-dev-5f1d9cba', state='RUNNING'
2025-11-23 11:02:31,023 - freqtrade.worker - INFO - Bot heartbeat. PID=1, version='docker-2025.9-dev-5f1d9cba', state='RUNNING'
2025-11-23 11:03:31,034 - freqtrade.worker - INFO - Bot heartbeat. PID=1, version='docker-2025.9-dev-5f1d9cba', state='RUNNING'
2025-11-23 11:04:31,040 - freqtrade.worker - INFO - Bot heartbeat. PID=1, version='docker-2025.9-dev-5f1d9cba', state='RUNNING'
2025-11-23 11:05:02,066 - freqtrade.freqai.freqai_interface - INFO - Total time spent inferencing pairlist 0.89 seconds
2025-11-23 11:05:36,002 - freqtrade.worker - INFO - Bot heartbeat. PID=1, version='docker-2025.9-dev-5f1d9cba', state='RUNNING'
2025-11-23 11:06:36,007 - freqtrade.worker - INFO - Bot heartbeat. PID=1, version='docker-2025.9-dev-5f1d9cba', state='RUNNING'
2025-11-23 11:07:36,017 - freqtrade.worker - INFO - Bot heartbeat. PID=1, version='docker-2025.9-dev-5f1d9cba', state='RUNNING'
2025-11-23 11:08:36,029 - freqtrade.worker - INFO - Bot heartbeat. PID=1, version='docker-2025.9-dev-5f1d9cba', state='RUNNING'
2025-11-23 11:09:36,037 - freqtrade.worker - INFO - Bot heartbeat. PID=1, version='docker-2025.9-dev-5f1d9cba', state='RUNNING'
2025-11-23 11:10:02,431 - freqtrade.freqai.freqai_interface - INFO - Total time spent inferencing pairlist 1.23 seconds
2025-11-23 11:10:41,003 - freqtrade.worker - INFO - Bot heartbeat. PID=1, version='docker-2025.9-dev-5f1d9cba', state='RUNNING'
2025-11-23 11:10:51,081 - freqtrade.freqai.base_models.BaseClassifierModel - INFO - -------------------- Starting training WIF/USDT:USDT --------------------
2025-11-23 11:10:51,143 - freqtrade.freqai.data_kitchen - INFO - WIF/USDT:USDT: dropped 24 training points due to NaNs in populated dataset 4319.
2025-11-23 11:10:51,144 - freqtrade.freqai.base_models.BaseClassifierModel - INFO - -------------------- Training on data from 2025-11-08 to 2025-11-23 --------------------
2025-11-23 11:10:51,323 - datasieve.pipeline - INFO - SVM detected 29 data points as outliers.
2025-11-23 11:10:53,981 - freqtrade.freqai.base_models.BaseClassifierModel - INFO - Training model on 758 features
2025-11-23 11:10:53,982 - freqtrade.freqai.base_models.BaseClassifierModel - INFO - Training model on 4266 data points
2025-11-23 11:11:41,019 - freqtrade.worker - INFO - Bot heartbeat. PID=1, version='docker-2025.9-dev-5f1d9cba', state='RUNNING'
2025-11-23 11:11:42,005 - freqtrade.freqai.base_models.BaseClassifierModel - INFO - -------------------- Done training WIF/USDT:USDT (50.92 secs) --------------------
2025-11-23 11:11:42,243 - freqtrade.freqai.data_drawer - INFO - Freqai purging old model file /freqtrade/user_data/models/1/sub-train-WIF_1763894449
2025-11-23 11:11:42,258 - freqtrade.freqai.freqai_interface - INFO - Total time spent training pairlist 52.26 seconds
2025-11-23 11:12:41,029 - freqtrade.worker - INFO - Bot heartbeat. PID=1, version='docker-2025.9-dev-5f1d9cba', state='RUNNING'
2025-11-23 11:13:01,093 - freqtrade.plugins.pairlistmanager - INFO - Whitelist with 1 pairs: ['WIF/USDT:USDT']
2025-11-23 11:13:41,111 - freqtrade.worker - INFO - Bot heartbeat. PID=1, version='docker-2025.9-dev-5f1d9cba', state='RUNNING'
2025-11-23 11:14:41,117 - freqtrade.worker - INFO - Bot heartbeat. PID=1, version='docker-2025.9-dev-5f1d9cba', state='RUNNING'
2025-11-23 11:15:02,327 - freqtrade.freqai.freqai_interface - INFO - Total time spent inferencing pairlist 0.90 seconds
2025-11-23 11:15:46,007 - freqtrade.worker - INFO - Bot heartbeat. PID=1, version='docker-2025.9-dev-5f1d9cba', state='RUNNING'
2025-11-23 11:16:46,024 - freqtrade.worker - INFO - Bot heartbeat. PID=1, version='docker-2025.9-dev-5f1d9cba', state='RUNNING'
2025-11-23 11:17:46,034 - freqtrade.worker - INFO - Bot heartbeat. PID=1, version='docker-2025.9-dev-5f1d9cba', state='RUNNING'
2025-11-23 11:18:46,041 - freqtrade.worker - INFO - Bot heartbeat. PID=1, version='docker-2025.9-dev-5f1d9cba', state='RUNNING'
2025-11-23 11:19:46,050 - freqtrade.worker - INFO - Bot heartbeat. PID=1, version='docker-2025.9-dev-5f1d9cba', state='RUNNING'
2025-11-23 11:20:02,258 - freqtrade.freqai.freqai_interface - INFO - Total time spent inferencing pairlist 1.01 seconds
2025-11-23 11:20:51,004 - freqtrade.worker - INFO - Bot heartbeat. PID=1, version='docker-2025.9-dev-5f1d9cba', state='RUNNING'
2025-11-23 11:21:51,017 - freqtrade.worker - INFO - Bot heartbeat. PID=1, version='docker-2025.9-dev-5f1d9cba', state='RUNNING'
2025-11-23 11:22:51,024 - freqtrade.worker - INFO - Bot heartbeat. PID=1, version='docker-2025.9-dev-5f1d9cba', state='RUNNING'
2025-11-23 11:23:51,031 - freqtrade.worker - INFO - Bot heartbeat. PID=1, version='docker-2025.9-dev-5f1d9cba', state='RUNNING'
2025-11-23 11:24:51,042 - freqtrade.worker - INFO - Bot heartbeat. PID=1, version='docker-2025.9-dev-5f1d9cba', state='RUNNING'
2025-11-23 11:25:02,355 - freqtrade.freqai.freqai_interface - INFO - Total time spent inferencing pairlist 1.10 seconds
2025-11-23 11:25:50,746 - freqtrade.freqai.base_models.BaseClassifierModel - INFO - -------------------- Starting training WIF/USDT:USDT --------------------
2025-11-23 11:25:50,808 - freqtrade.freqai.data_kitchen - INFO - WIF/USDT:USDT: dropped 24 training points due to NaNs in populated dataset 4319.
2025-11-23 11:25:50,809 - freqtrade.freqai.base_models.BaseClassifierModel - INFO - -------------------- Training on data from 2025-11-08 to 2025-11-23 --------------------
2025-11-23 11:25:50,977 - datasieve.pipeline - INFO - SVM detected 18 data points as outliers.
2025-11-23 11:25:53,406 - freqtrade.freqai.base_models.BaseClassifierModel - INFO - Training model on 758 features
2025-11-23 11:25:53,407 - freqtrade.freqai.base_models.BaseClassifierModel - INFO - Training model on 4277 data points
2025-11-23 11:25:56,003 - freqtrade.worker - INFO - Bot heartbeat. PID=1, version='docker-2025.9-dev-5f1d9cba', state='RUNNING'
2025-11-23 11:26:44,236 - freqtrade.freqai.base_models.BaseClassifierModel - INFO - -------------------- Done training WIF/USDT:USDT (53.49 secs) --------------------
2025-11-23 11:26:44,483 - freqtrade.freqai.data_drawer - INFO - Freqai purging old model file /freqtrade/user_data/models/1/sub-train-WIF_1763895349
2025-11-23 11:26:44,498 - freqtrade.freqai.freqai_interface - INFO - Total time spent training pairlist 54.65 seconds
2025-11-23 11:26:56,012 - freqtrade.worker - INFO - Bot heartbeat. PID=1, version='docker-2025.9-dev-5f1d9cba', state='RUNNING'
2025-11-23 11:27:56,020 - freqtrade.worker - INFO - Bot heartbeat. PID=1, version='docker-2025.9-dev-5f1d9cba', state='RUNNING'
2025-11-23 11:28:56,030 - freqtrade.worker - INFO - Bot heartbeat. PID=1, version='docker-2025.9-dev-5f1d9cba', state='RUNNING'
2025-11-23 11:29:56,040 - freqtrade.worker - INFO - Bot heartbeat. PID=1, version='docker-2025.9-dev-5f1d9cba', state='RUNNING'
2025-11-23 11:30:02,350 - freqtrade.freqai.freqai_interface - INFO - Total time spent inferencing pairlist 0.99 seconds
2025-11-23 11:31:01,006 - freqtrade.worker - INFO - Bot heartbeat. PID=1, version='docker-2025.9-dev-5f1d9cba', state='RUNNING'
2025-11-23 11:31:06,481 - freqtrade.wallets - INFO - Wallets synced.
2025-11-23 11:32:01,018 - freqtrade.worker - INFO - Bot heartbeat. PID=1, version='docker-2025.9-dev-5f1d9cba', state='RUNNING'
2025-11-23 11:33:01,032 - freqtrade.worker - INFO - Bot heartbeat. PID=1, version='docker-2025.9-dev-5f1d9cba', state='RUNNING'
2025-11-23 11:34:01,041 - freqtrade.worker - INFO - Bot heartbeat. PID=1, version='docker-2025.9-dev-5f1d9cba', state='RUNNING'
2025-11-23 11:35:02,060 - freqtrade.freqai.freqai_interface - INFO - Total time spent inferencing pairlist 0.91 seconds
2025-11-23 11:35:06,000 - freqtrade.worker - INFO - Bot heartbeat. PID=1, version='docker-2025.9-dev-5f1d9cba', state='RUNNING'
2025-11-23 11:36:06,007 - freqtrade.worker - INFO - Bot heartbeat. PID=1, version='docker-2025.9-dev-5f1d9cba', state='RUNNING'
2025-11-23 11:37:06,024 - freqtrade.worker - INFO - Bot heartbeat. PID=1, version='docker-2025.9-dev-5f1d9cba', state='RUNNING'
2025-11-23 11:38:06,037 - freqtrade.worker - INFO - Bot heartbeat. PID=1, version='docker-2025.9-dev-5f1d9cba', state='RUNNING'
2025-11-23 11:39:06,049 - freqtrade.worker - INFO - Bot heartbeat. PID=1, version='docker-2025.9-dev-5f1d9cba', state='RUNNING'
2025-11-23 11:40:02,218 - freqtrade.freqai.freqai_interface - INFO - Total time spent inferencing pairlist 0.98 seconds
2025-11-23 11:40:11,001 - freqtrade.worker - INFO - Bot heartbeat. PID=1, version='docker-2025.9-dev-5f1d9cba', state='RUNNING'
2025-11-23 11:40:50,213 - freqtrade.freqai.base_models.BaseClassifierModel - INFO - -------------------- Starting training WIF/USDT:USDT --------------------
2025-11-23 11:40:50,287 - freqtrade.freqai.data_kitchen - INFO - WIF/USDT:USDT: dropped 24 training points due to NaNs in populated dataset 4319.
2025-11-23 11:40:50,289 - freqtrade.freqai.base_models.BaseClassifierModel - INFO - -------------------- Training on data from 2025-11-08 to 2025-11-23 --------------------
2025-11-23 11:40:50,520 - datasieve.pipeline - INFO - SVM detected 50 data points as outliers.
2025-11-23 11:40:53,128 - freqtrade.freqai.base_models.BaseClassifierModel - INFO - Training model on 758 features
2025-11-23 11:40:53,129 - freqtrade.freqai.base_models.BaseClassifierModel - INFO - Training model on 4245 data points
2025-11-23 11:41:11,010 - freqtrade.worker - INFO - Bot heartbeat. PID=1, version='docker-2025.9-dev-5f1d9cba', state='RUNNING'
2025-11-23 11:41:40,723 - freqtrade.freqai.base_models.BaseClassifierModel - INFO - -------------------- Done training WIF/USDT:USDT (50.51 secs) --------------------
2025-11-23 11:41:40,859 - freqtrade.freqai.data_drawer - INFO - Freqai purging old model file /freqtrade/user_data/models/1/sub-train-WIF_1763896249
2025-11-23 11:41:40,875 - freqtrade.freqai.freqai_interface - INFO - Total time spent training pairlist 51.76 seconds
2025-11-23 11:42:11,019 - freqtrade.worker - INFO - Bot heartbeat. PID=1, version='docker-2025.9-dev-5f1d9cba', state='RUNNING'
2025-11-23 11:43:11,031 - freqtrade.worker - INFO - Bot heartbeat. PID=1, version='docker-2025.9-dev-5f1d9cba', state='RUNNING'
2025-11-23 11:44:11,039 - freqtrade.worker - INFO - Bot heartbeat. PID=1, version='docker-2025.9-dev-5f1d9cba', state='RUNNING'
2025-11-23 11:45:02,287 - freqtrade.freqai.freqai_interface - INFO - Total time spent inferencing pairlist 1.02 seconds
2025-11-23 11:45:16,001 - freqtrade.worker - INFO - Bot heartbeat. PID=1, version='docker-2025.9-dev-5f1d9cba', state='RUNNING'
2025-11-23 11:46:16,008 - freqtrade.worker - INFO - Bot heartbeat. PID=1, version='docker-2025.9-dev-5f1d9cba', state='RUNNING'
2025-11-23 11:47:16,021 - freqtrade.worker - INFO - Bot heartbeat. PID=1, version='docker-2025.9-dev-5f1d9cba', state='RUNNING'
2025-11-23 11:48:16,031 - freqtrade.worker - INFO - Bot heartbeat. PID=1, version='docker-2025.9-dev-5f1d9cba', state='RUNNING'
2025-11-23 11:49:16,041 - freqtrade.worker - INFO - Bot heartbeat. PID=1, version='docker-2025.9-dev-5f1d9cba', state='RUNNING'
2025-11-23 11:50:02,121 - freqtrade.freqai.freqai_interface - INFO - Total time spent inferencing pairlist 0.87 seconds
2025-11-23 11:50:21,002 - freqtrade.worker - INFO - Bot heartbeat. PID=1, version='docker-2025.9-dev-5f1d9cba', state='RUNNING'
2025-11-23 11:51:21,013 - freqtrade.worker - INFO - Bot heartbeat. PID=1, version='docker-2025.9-dev-5f1d9cba', state='RUNNING'
2025-11-23 11:52:21,020 - freqtrade.worker - INFO - Bot heartbeat. PID=1, version='docker-2025.9-dev-5f1d9cba', state='RUNNING'
2025-11-23 11:53:21,029 - freqtrade.worker - INFO - Bot heartbeat. PID=1, version='docker-2025.9-dev-5f1d9cba', state='RUNNING'
2025-11-23 11:54:21,038 - freqtrade.worker - INFO - Bot heartbeat. PID=1, version='docker-2025.9-dev-5f1d9cba', state='RUNNING'
2025-11-23 11:55:02,277 - freqtrade.freqai.freqai_interface - INFO - Total time spent inferencing pairlist 1.02 seconds
2025-11-23 11:55:26,001 - freqtrade.worker - INFO - Bot heartbeat. PID=1, version='docker-2025.9-dev-5f1d9cba', state='RUNNING'
2025-11-23 11:55:50,623 - freqtrade.freqai.base_models.BaseClassifierModel - INFO - -------------------- Starting training WIF/USDT:USDT --------------------
2025-11-23 11:55:50,701 - freqtrade.freqai.data_kitchen - INFO - WIF/USDT:USDT: dropped 24 training points due to NaNs in populated dataset 4319.
2025-11-23 11:55:50,702 - freqtrade.freqai.base_models.BaseClassifierModel - INFO - -------------------- Training on data from 2025-11-08 to 2025-11-23 --------------------
2025-11-23 11:55:50,872 - datasieve.pipeline - INFO - SVM detected 23 data points as outliers.
2025-11-23 11:55:53,327 - freqtrade.freqai.base_models.BaseClassifierModel - INFO - Training model on 758 features
2025-11-23 11:55:53,329 - freqtrade.freqai.base_models.BaseClassifierModel - INFO - Training model on 4272 data points
2025-11-23 11:56:26,009 - freqtrade.worker - INFO - Bot heartbeat. PID=1, version='docker-2025.9-dev-5f1d9cba', state='RUNNING'
2025-11-23 11:56:39,605 - freqtrade.freqai.base_models.BaseClassifierModel - INFO - -------------------- Done training WIF/USDT:USDT (48.98 secs) --------------------
2025-11-23 11:56:39,834 - freqtrade.freqai.data_drawer - INFO - Freqai purging old model file /freqtrade/user_data/models/1/sub-train-WIF_1763897149
2025-11-23 11:56:39,854 - freqtrade.freqai.freqai_interface - INFO - Total time spent training pairlist 50.42 seconds
2025-11-23 11:57:26,024 - freqtrade.worker - INFO - Bot heartbeat. PID=1, version='docker-2025.9-dev-5f1d9cba', state='RUNNING'
2025-11-23 11:58:26,031 - freqtrade.worker - INFO - Bot heartbeat. PID=1, version='docker-2025.9-dev-5f1d9cba', state='RUNNING'
2025-11-23 11:59:26,040 - freqtrade.worker - INFO - Bot heartbeat. PID=1, version='docker-2025.9-dev-5f1d9cba', state='RUNNING'
2025-11-23 12:00:02,567 - freqtrade.freqai.freqai_interface - INFO - Total time spent inferencing pairlist 1.17 seconds
2025-11-23 12:00:31,010 - freqtrade.worker - INFO - Bot heartbeat. PID=1, version='docker-2025.9-dev-5f1d9cba', state='RUNNING'
2025-11-23 12:01:06,667 - freqtrade.wallets - INFO - Wallets synced.
2025-11-23 12:01:31,017 - freqtrade.worker - INFO - Bot heartbeat. PID=1, version='docker-2025.9-dev-5f1d9cba', state='RUNNING'
2025-11-23 12:02:31,025 - freqtrade.worker - INFO - Bot heartbeat. PID=1, version='docker-2025.9-dev-5f1d9cba', state='RUNNING'
2025-11-23 12:03:31,033 - freqtrade.worker - INFO - Bot heartbeat. PID=1, version='docker-2025.9-dev-5f1d9cba', state='RUNNING'
2025-11-23 12:04:31,042 - freqtrade.worker - INFO - Bot heartbeat. PID=1, version='docker-2025.9-dev-5f1d9cba', state='RUNNING'
2025-11-23 12:05:02,307 - freqtrade.freqai.freqai_interface - INFO - Total time spent inferencing pairlist 1.03 seconds
2025-11-23 12:05:36,002 - freqtrade.worker - INFO - Bot heartbeat. PID=1, version='docker-2025.9-dev-5f1d9cba', state='RUNNING'
2025-11-23 12:06:36,009 - freqtrade.worker - INFO - Bot heartbeat. PID=1, version='docker-2025.9-dev-5f1d9cba', state='RUNNING'
2025-11-23 12:07:36,016 - freqtrade.worker - INFO - Bot heartbeat. PID=1, version='docker-2025.9-dev-5f1d9cba', state='RUNNING'
2025-11-23 12:08:36,029 - freqtrade.worker - INFO - Bot heartbeat. PID=1, version='docker-2025.9-dev-5f1d9cba', state='RUNNING'
2025-11-23 12:09:36,039 - freqtrade.worker - INFO - Bot heartbeat. PID=1, version='docker-2025.9-dev-5f1d9cba', state='RUNNING'
2025-11-23 12:10:02,121 - freqtrade.freqai.freqai_interface - INFO - Total time spent inferencing pairlist 0.88 seconds
2025-11-23 12:10:41,004 - freqtrade.worker - INFO - Bot heartbeat. PID=1, version='docker-2025.9-dev-5f1d9cba', state='RUNNING'
2025-11-23 12:10:50,489 - freqtrade.freqai.base_models.BaseClassifierModel - INFO - -------------------- Starting training WIF/USDT:USDT --------------------
2025-11-23 12:10:50,553 - freqtrade.freqai.data_kitchen - INFO - WIF/USDT:USDT: dropped 24 training points due to NaNs in populated dataset 4319.
2025-11-23 12:10:50,554 - freqtrade.freqai.base_models.BaseClassifierModel - INFO - -------------------- Training on data from 2025-11-08 to 2025-11-23 --------------------
2025-11-23 12:10:50,725 - datasieve.pipeline - INFO - SVM detected 62 data points as outliers.
2025-11-23 12:10:53,126 - freqtrade.freqai.base_models.BaseClassifierModel - INFO - Training model on 758 features
2025-11-23 12:10:53,127 - freqtrade.freqai.base_models.BaseClassifierModel - INFO - Training model on 4233 data points
2025-11-23 12:11:41,018 - freqtrade.worker - INFO - Bot heartbeat. PID=1, version='docker-2025.9-dev-5f1d9cba', state='RUNNING'
2025-11-23 12:11:41,634 - freqtrade.freqai.base_models.BaseClassifierModel - INFO - -------------------- Done training WIF/USDT:USDT (51.14 secs) --------------------
2025-11-23 12:11:41,755 - freqtrade.freqai.data_drawer - INFO - Freqai purging old model file /freqtrade/user_data/models/1/sub-train-WIF_1763898049
2025-11-23 12:11:41,775 - freqtrade.freqai.freqai_interface - INFO - Total time spent training pairlist 52.35 seconds
2025-11-23 12:12:41,027 - freqtrade.worker - INFO - Bot heartbeat. PID=1, version='docker-2025.9-dev-5f1d9cba', state='RUNNING'
2025-11-23 12:13:06,372 - freqtrade.plugins.pairlistmanager - INFO - Whitelist with 1 pairs: ['WIF/USDT:USDT']
2025-11-23 12:13:41,387 - freqtrade.worker - INFO - Bot heartbeat. PID=1, version='docker-2025.9-dev-5f1d9cba', state='RUNNING'
2025-11-23 12:14:41,398 - freqtrade.worker - INFO - Bot heartbeat. PID=1, version='docker-2025.9-dev-5f1d9cba', state='RUNNING'
2025-11-23 12:15:02,544 - freqtrade.freqai.freqai_interface - INFO - Total time spent inferencing pairlist 1.13 seconds
2025-11-23 12:15:46,003 - freqtrade.worker - INFO - Bot heartbeat. PID=1, version='docker-2025.9-dev-5f1d9cba', state='RUNNING'
2025-11-23 12:16:46,017 - freqtrade.worker - INFO - Bot heartbeat. PID=1, version='docker-2025.9-dev-5f1d9cba', state='RUNNING'
2025-11-23 12:17:46,027 - freqtrade.worker - INFO - Bot heartbeat. PID=1, version='docker-2025.9-dev-5f1d9cba', state='RUNNING'
2025-11-23 12:18:46,035 - freqtrade.worker - INFO - Bot heartbeat. PID=1, version='docker-2025.9-dev-5f1d9cba', state='RUNNING'
2025-11-23 12:19:46,046 - freqtrade.worker - INFO - Bot heartbeat. PID=1, version='docker-2025.9-dev-5f1d9cba', state='RUNNING'
2025-11-23 12:20:02,366 - freqtrade.freqai.freqai_interface - INFO - Total time spent inferencing pairlist 1.07 seconds
