date,open,high,low,close,volume,y,coef,upper_band,lower_band,band_dist,extrema,last_min_peak,last_max_peak,h_dist,l_dist,h_ratio,l_ratio,l_h_ratio,l_l_ratio,last_max,last_min,enter_tag,enter_long,enter_short
2024-11-18 19:41:00+00:00,90223.5,90356.9,90223.5,90356.9,67.448,91733.93098489886,0.339599256333232,92426.8629391495,91053.67634824503,1373.1865909044718,-1,92056.0,92143.2,0.0,830.1763482450333,0.0,0.6045619391740666,-0.7041553196751551,-0.23184813455696351,92142.6,92058.1,,,
2024-11-18 19:42:00+00:00,90356.9,90394.3,90338.7,90392.0,138.328,91734.2705841552,0.339599256333232,92427.20253840584,91054.01594750136,1373.1865909044718,0,92056.0,92143.2,0.0,0.0,0.0,0.0,-0.7041553196751551,-0.23184813455696351,92142.6,92058.1,,,
2024-11-18 19:43:00+00:00,90392.0,90449.7,90391.9,90423.0,149.695,91734.61018341153,0.339599256333232,92427.54213766217,91054.3555467577,1373.1865909044718,0,92056.0,92143.2,0.0,0.0,0.0,0.0,-0.7041553196751551,-0.23184813455696351,92142.6,92058.1,,,
2024-11-18 19:44:00+00:00,90423.0,90433.2,90357.1,90377.2,87.704,91734.94978266786,0.339599256333232,92427.8817369185,91054.69514601403,1373.1865909044718,0,92056.0,92143.2,0.0,0.0,0.0,0.0,-0.7041553196751551,-0.23184813455696351,92142.6,92058.1,,,
2024-11-18 19:45:00+00:00,90377.2,90433.0,90329.9,90407.8,76.65,91735.2893819242,0.339599256333232,92428.22133617484,91055.03474527037,1373.1865909044718,0,92056.0,92143.2,0.0,0.0,0.0,0.0,-0.7041553196751551,-0.23184813455696351,92142.6,92058.1,,,
2024-11-18 19:46:00+00:00,90407.8,90407.8,90302.6,90316.6,117.583,91735.62898118053,0.339599256333232,92428.56093543117,91055.3743445267,1373.1865909044718,0,92056.0,92143.2,0.0,0.0,0.0,0.0,-0.7041553196751551,-0.23184813455696351,92142.6,92058.1,,,
2024-11-18 19:47:00+00:00,90316.6,90428.6,90269.5,90407.6,70.892,91735.96858043686,0.339599256333232,92428.9005346875,91055.71394378303,1373.1865909044718,0,92056.0,92143.2,0.0,0.0,0.0,0.0,-0.7041553196751551,-0.23184813455696351,92142.6,92058.1,,,
2024-11-18 19:48:00+00:00,90407.6,90459.7,90363.4,90363.4,52.031,91736.3081796932,0.339599256333232,92429.24013394384,91056.05354303936,1373.1865909044718,0,92056.0,92143.2,0.0,0.0,0.0,0.0,-0.7041553196751551,-0.23184813455696351,92142.6,92058.1,,,
2024-11-18 19:49:00+00:00,90363.4,90403.4,90289.8,90331.8,52.968,91736.64777894953,0.339599256333232,92429.57973320017,91056.3931422957,1373.1865909044718,0,92056.0,92143.2,0.0,0.0,0.0,0.0,-0.7041553196751551,-0.23184813455696351,92142.6,92058.1,,,
2024-11-18 19:50:00+00:00,90331.8,90400.0,90233.8,90399.2,58.392,91736.98737820586,0.339599256333232,92429.9193324565,91056.73274155203,1373.1865909044718,-1,92056.0,92143.2,0.0,822.9327415520238,0.0,0.5992869046368896,-0.7041553196751551,-0.23184813455696351,92142.6,92058.1,,,
2024-11-18 19:51:00+00:00,90399.2,90484.0,90364.8,90484.0,95.53,91737.3269774622,0.339599256333232,92430.25893171284,91057.07234080837,1373.1865909044718,0,92056.0,92143.2,0.0,0.0,0.0,0.0,-0.7041553196751551,-0.23184813455696351,92142.6,92058.1,,,
2024-11-18 19:52:00+00:00,90484.0,90550.0,90484.0,90513.0,89.649,91737.66657671853,0.339599256333232,92430.59853096918,91057.4119400647,1373.1865909044718,0,92056.0,92143.2,0.0,0.0,0.0,0.0,-0.7041553196751551,-0.23184813455696351,92142.6,92058.1,,,
2024-11-18 19:53:00+00:00,90513.0,90606.8,90508.4,90592.2,213.335,91738.00617597486,0.339599256333232,92430.9381302255,91057.75153932103,1373.1865909044718,0,92056.0,92143.2,0.0,0.0,0.0,0.0,-0.7041553196751551,-0.23184813455696351,92142.6,92058.1,,,
2024-11-18 19:54:00+00:00,90592.2,90647.0,90558.8,90647.0,146.678,91738.3457752312,0.339599256333232,92431.27772948184,91058.09113857737,1373.1865909044718,0,92056.0,92143.2,0.0,0.0,0.0,0.0,-0.7041553196751551,-0.23184813455696351,92142.6,92058.1,,,
2024-11-18 19:55:00+00:00,90647.0,90654.0,90535.9,90575.6,117.3,91738.68537448753,0.339599256333232,92431.61732873817,91058.4307378337,1373.1865909044718,0,92056.0,92143.2,0.0,0.0,0.0,0.0,-0.7041553196751551,-0.23184813455696351,92142.6,92058.1,,,
2024-11-18 19:56:00+00:00,90575.6,90645.0,90569.4,90638.8,36.844,91739.02497374386,0.339599256333232,92431.9569279945,91058.77033709003,1373.1865909044718,0,92056.0,92143.2,0.0,0.0,0.0,0.0,-0.7041553196751551,-0.23184813455696351,92142.6,92058.1,,,
2024-11-18 19:57:00+00:00,90638.8,90669.0,90613.0,90650.3,200.796,91739.36457300019,0.339599256333232,92432.29652725083,91059.10993634636,1373.1865909044718,0,92056.0,92143.2,0.0,0.0,0.0,0.0,-0.7041553196751551,-0.23184813455696351,92142.6,92058.1,,,
2024-11-18 19:58:00+00:00,90650.3,90705.1,90645.2,90685.8,149.068,91739.70417225653,0.339599256333232,92432.63612650718,91059.4495356027,1373.1865909044718,0,92056.0,92143.2,0.0,0.0,0.0,0.0,-0.7041553196751551,-0.23184813455696351,92142.6,92058.1,,,
2024-11-18 19:59:00+00:00,90685.8,90728.8,90671.0,90672.3,123.695,91740.04377151286,0.339599256333232,92432.9757257635,91059.78913485903,1373.1865909044718,0,92056.0,92143.2,0.0,0.0,0.0,0.0,-0.7041553196751551,-0.23184813455696351,92142.6,92058.1,,,
2024-11-18 20:00:00+00:00,90672.3,90734.2,90670.0,90670.1,56.182,91740.3833707692,0.339599256333232,92433.31532501984,91060.12873411537,1373.1865909044718,0,92056.0,92143.2,0.0,0.0,0.0,0.0,-0.7041553196751551,-0.23184813455696351,92142.6,92058.1,,,
2024-11-18 20:01:00+00:00,90670.1,90791.3,90670.0,90755.3,77.485,91740.72297002553,0.339599256333232,92433.65492427617,91060.4683333717,1373.1865909044718,0,92056.0,92143.2,0.0,0.0,0.0,0.0,-0.7041553196751551,-0.23184813455696351,92142.6,92058.1,,,
2024-11-18 20:02:00+00:00,90755.3,90768.9,90706.8,90715.8,70.685,91741.06256928186,0.339599256333232,92433.9945235325,91060.80793262803,1373.1865909044718,0,92056.0,92143.2,0.0,0.0,0.0,0.0,-0.7041553196751551,-0.23184813455696351,92142.6,92058.1,,,
2024-11-18 20:03:00+00:00,90715.8,90750.8,90618.1,90618.1,72.154,91741.40216853819,0.339599256333232,92434.33412278883,91061.14753188436,1373.1865909044718,0,92056.0,92143.2,0.0,0.0,0.0,0.0,-0.7041553196751551,-0.23184813455696351,92142.6,92058.1,,,
2024-11-18 20:04:00+00:00,90618.1,90797.7,90551.2,90797.7,130.766,91741.74176779453,0.339599256333232,92434.67372204518,91061.4871311407,1373.1865909044718,-1,92056.0,92143.2,0.0,510.28713114070706,0.0,0.37160800616658957,-0.7041553196751551,-0.23184813455696351,92142.6,92058.1,,,
2024-11-18 20:05:00+00:00,90797.7,90871.5,90783.3,90800.7,264.545,91742.08136705087,0.339599256333232,92435.0133213015,91061.82673039704,1373.1865909044718,1,92056.0,92143.2,-1563.513321301507,0.0,-1.1386022348730287,0.0,-0.7041553196751551,-0.23184813455696351,92142.6,92058.1,,,
2024-11-18 20:06:00+00:00,90800.7,90856.8,90799.2,90839.1,52.867,91742.4209663072,0.339599256333232,92435.35292055784,91062.16632965337,1373.1865909044718,0,92056.0,92143.2,0.0,0.0,0.0,0.0,-0.7041553196751551,-0.23184813455696351,92142.6,92058.1,,,
2024-11-18 20:07:00+00:00,90839.1,90839.2,90739.6,90749.9,36.369,91742.76056556353,0.339599256333232,92435.69251981417,91062.5059289097,1373.1865909044718,0,92056.0,92143.2,0.0,0.0,0.0,0.0,-0.7041553196751551,-0.23184813455696351,92142.6,92058.1,,,
2024-11-18 20:08:00+00:00,90749.9,90792.3,90731.9,90787.8,27.172,91743.10016481986,0.339599256333232,92436.0321190705,91062.84552816603,1373.1865909044718,0,92056.0,92143.2,0.0,0.0,0.0,0.0,-0.7041553196751551,-0.23184813455696351,92142.6,92058.1,,,
2024-11-18 20:09:00+00:00,90787.8,90825.0,90772.5,90777.0,29.945,91743.43976407619,0.339599256333232,92436.37171832683,91063.18512742236,1373.1865909044718,0,92056.0,92143.2,0.0,0.0,0.0,0.0,-0.7041553196751551,-0.23184813455696351,92142.6,92058.1,,,
2024-11-18 20:10:00+00:00,90777.0,90777.3,90670.2,90670.2,81.767,91743.77936333252,0.339599256333232,92436.71131758316,91063.52472667869,1373.1865909044718,0,92056.0,92143.2,0.0,0.0,0.0,0.0,-0.7041553196751551,-0.23184813455696351,92142.6,92058.1,,,
2024-11-18 20:11:00+00:00,90670.2,90726.0,90661.1,90724.0,30.17,91744.11896258887,0.339599256333232,92437.05091683951,91063.86432593504,1373.1865909044718,0,92056.0,92143.2,0.0,0.0,0.0,0.0,-0.7041553196751551,-0.23184813455696351,92142.6,92058.1,,,
2024-11-18 20:12:00+00:00,90724.0,90800.0,90723.9,90799.9,55.034,91744.4585618452,0.339599256333232,92437.39051609584,91064.20392519137,1373.1865909044718,0,92056.0,92143.2,0.0,0.0,0.0,0.0,-0.7041553196751551,-0.23184813455696351,92142.6,92058.1,,,
2024-11-18 20:13:00+00:00,90799.9,90811.3,90742.3,90751.9,53.048,91744.79816110153,0.339599256333232,92437.73011535217,91064.5435244477,1373.1865909044718,0,92056.0,92143.2,0.0,0.0,0.0,0.0,-0.7041553196751551,-0.23184813455696351,92142.6,92058.1,,,
2024-11-18 20:14:00+00:00,90751.9,90753.8,90645.1,90670.1,60.608,91745.13776035786,0.339599256333232,92438.0697146085,91064.88312370403,1373.1865909044718,0,92056.0,92143.2,0.0,0.0,0.0,0.0,-0.7041553196751551,-0.23184813455696351,92142.6,92058.1,,,
2024-11-18 20:15:00+00:00,90670.1,90691.5,90578.0,90578.1,53.581,91745.47735961419,0.339599256333232,92438.40931386483,91065.22272296036,1373.1865909044718,0,92056.0,92143.2,0.0,0.0,0.0,0.0,-0.7041553196751551,-0.23184813455696351,92142.6,92058.1,,,
2024-11-18 20:16:00+00:00,90578.1,90625.4,90545.2,90586.9,85.019,91745.81695887052,0.339599256333232,92438.74891312116,91065.56232221669,1373.1865909044718,0,92056.0,92143.2,0.0,0.0,0.0,0.0,-0.7041553196751551,-0.23184813455696351,92142.6,92058.1,,,
2024-11-18 20:17:00+00:00,90586.9,90618.2,90467.3,90609.6,113.04,91746.15655812687,0.339599256333232,92439.08851237751,91065.90192147304,1373.1865909044718,-1,92056.0,92143.2,0.0,598.6019214730331,0.0,0.4359217643384896,-0.7041553196751551,-0.23184813455696351,92142.6,92058.1,,,
2024-11-18 20:18:00+00:00,90609.6,90943.9,90604.0,90943.8,172.888,91746.4961573832,0.339599256333232,92439.42811163384,91066.24152072937,1373.1865909044718,0,92056.0,92143.2,0.0,0.0,0.0,0.0,-0.7041553196751551,-0.23184813455696351,92142.6,92058.1,,,
2024-11-18 20:19:00+00:00,90943.8,91122.1,90901.1,91008.8,399.993,91746.83575663953,0.339599256333232,92439.76771089017,91066.5811199857,1373.1865909044718,0,92056.0,92143.2,0.0,0.0,0.0,0.0,-0.7041553196751551,-0.23184813455696351,92142.6,92058.1,,,
2024-11-18 20:20:00+00:00,91008.8,91036.5,90886.9,90904.0,107.465,91747.17535589586,0.339599256333232,92440.1073101465,91066.92071924203,1373.1865909044718,0,92056.0,92143.2,0.0,0.0,0.0,0.0,-0.7041553196751551,-0.23184813455696351,92142.6,92058.1,,,
2024-11-18 20:21:00+00:00,90904.0,91112.6,90854.2,91090.2,174.518,91747.51495515219,0.339599256333232,92440.44690940283,91067.26031849836,1373.1865909044718,0,92056.0,92143.2,0.0,0.0,0.0,0.0,-0.7041553196751551,-0.23184813455696351,92142.6,92058.1,,,
2024-11-18 20:22:00+00:00,91090.2,91533.6,91054.5,91347.4,947.623,91747.85455440852,0.339599256333232,92440.78650865916,91067.59991775469,1373.1865909044718,0,92056.0,92143.2,0.0,0.0,0.0,0.0,-0.7041553196751551,-0.23184813455696351,92142.6,92058.1,,,
2024-11-18 20:23:00+00:00,91347.4,91616.0,91312.6,91595.6,640.559,91748.19415366485,0.339599256333232,92441.1261079155,91067.93951701102,1373.1865909044718,0,92056.0,92143.2,0.0,0.0,0.0,0.0,-0.7041553196751551,-0.23184813455696351,92142.6,92058.1,,,
2024-11-18 20:24:00+00:00,91595.6,91891.7,91572.4,91825.3,870.917,91748.5337529212,0.339599256333232,92441.46570717184,91068.27911626737,1373.1865909044718,0,92056.0,92143.2,0.0,0.0,0.0,0.0,-0.7041553196751551,-0.23184813455696351,92142.6,92058.1,,,
2024-11-18 20:25:00+00:00,91825.3,91856.8,91636.4,91698.2,357.004,91748.87335217753,0.339599256333232,92441.80530642817,91068.6187155237,1373.1865909044718,0,92056.0,92143.2,0.0,0.0,0.0,0.0,-0.7041553196751551,-0.23184813455696351,92142.6,92058.1,,,1.0
2024-11-18 20:26:00+00:00,91698.2,91832.3,91676.7,91751.3,170.455,91749.21295143386,0.339599256333232,92442.1449056845,91068.95831478003,1373.1865909044718,0,92056.0,92143.2,0.0,0.0,0.0,0.0,-0.7041553196751551,-0.23184813455696351,92142.6,92058.1,,,
2024-11-18 20:27:00+00:00,91751.3,91997.7,91751.2,91975.9,426.904,91749.55255069019,0.339599256333232,92442.48450494083,91069.29791403636,1373.1865909044718,0,92056.0,92143.2,0.0,0.0,0.0,0.0,-0.7041553196751551,-0.23184813455696351,92142.6,92058.1,,,
2024-11-18 20:28:00+00:00,91975.9,91998.0,91820.9,91948.7,246.813,91749.89214994652,0.339599256333232,92442.82410419716,91069.63751329269,1373.1865909044718,1,92056.0,92143.2,-444.82410419716325,0.0,-0.32393565968640325,0.0,-0.7041553196751551,-0.23184813455696351,92142.6,92058.1,,,
2024-11-18 20:29:00+00:00,91948.7,91993.0,91750.0,91843.2,306.839,91750.23174920285,0.339599256333232,92443.1637034535,91069.97711254902,1373.1865909044718,0,92056.0,92143.2,0.0,0.0,0.0,0.0,-0.7041553196751551,-0.23184813455696351,92142.6,92058.1,,,
2024-11-18 20:30:00+00:00,91843.2,91844.0,91502.6,91520.2,434.531,91750.5713484592,0.339599256333232,92443.50330270984,91070.31671180537,1373.1865909044718,0,92056.0,92143.2,0.0,0.0,0.0,0.0,-0.7041553196751551,-0.23184813455696351,92142.6,92058.1,,,1.0
2024-11-18 20:31:00+00:00,91520.2,91586.7,91477.6,91489.9,164.665,91750.91094771553,0.339599256333232,92443.84290196617,91070.6563110617,1373.1865909044718,0,92056.0,92143.2,0.0,0.0,0.0,0.0,-0.7041553196751551,-0.23184813455696351,92142.6,92058.1,,,
2024-11-18 20:32:00+00:00,91489.9,91714.6,91470.0,91700.1,308.469,91751.25054697186,0.339599256333232,92444.1825012225,91070.99591031803,1373.1865909044718,0,92056.0,92143.2,0.0,0.0,0.0,0.0,-0.7041553196751551,-0.23184813455696351,92142.6,92058.1,,,
2024-11-18 20:33:00+00:00,91700.1,91913.0,91700.0,91908.8,627.484,91751.59014622819,0.339599256333232,92444.52210047883,91071.33550957436,1373.1865909044718,0,92056.0,92143.2,0.0,0.0,0.0,0.0,-0.7041553196751551,-0.23184813455696351,92142.6,92058.1,,,
2024-11-18 20:34:00+00:00,91908.8,91974.2,91846.7,91859.5,151.161,91751.92974548452,0.339599256333232,92444.86169973516,91071.67510883069,1373.1865909044718,0,92056.0,92143.2,0.0,0.0,0.0,0.0,-0.7041553196751551,-0.23184813455696351,92142.6,92058.1,,,
2024-11-18 20:35:00+00:00,91859.5,91998.0,91691.8,91987.9,486.319,91752.26934474085,0.339599256333232,92445.2012989915,91072.01470808702,1373.1865909044718,1,92056.0,92143.2,-447.2012989914947,0.0,-0.3256668117454732,0.0,-0.7041553196751551,-0.23184813455696351,92142.6,92058.1,,,
2024-11-18 20:36:00+00:00,91987.9,91995.7,91861.0,91942.2,177.225,91752.60894399718,0.339599256333232,92445.54089824783,91072.35430734335,1373.1865909044718,0,92056.0,92143.2,0.0,0.0,0.0,0.0,-0.7041553196751551,-0.23184813455696351,92142.6,92058.1,,,
2024-11-18 20:37:00+00:00,91942.2,91990.0,91793.0,91800.8,357.08,91752.94854325353,0.339599256333232,92445.88049750417,91072.6939065997,1373.1865909044718,0,92056.0,92143.2,0.0,0.0,0.0,0.0,-0.7041553196751551,-0.23184813455696351,92142.6,92058.1,,,
2024-11-18 20:38:00+00:00,91800.8,91800.9,91430.0,91520.3,689.826,91753.28814250986,0.339599256333232,92446.2200967605,91073.03350585603,1373.1865909044718,0,92056.0,92143.2,0.0,0.0,0.0,0.0,-0.7041553196751551,-0.23184813455696351,92142.6,92058.1,,,1.0
2024-11-18 20:39:00+00:00,91520.3,91647.9,91374.6,91543.0,220.119,91753.62774176619,0.339599256333232,92446.55969601683,91073.37310511236,1373.1865909044718,0,92056.0,92143.2,0.0,0.0,0.0,0.0,-0.7041553196751551,-0.23184813455696351,92142.6,92058.1,,,
2024-11-18 20:40:00+00:00,91543.0,91578.8,91435.7,91479.3,132.544,91753.96734102252,0.339599256333232,92446.89929527316,91073.71270436869,1373.1865909044718,0,92056.0,92143.2,0.0,0.0,0.0,0.0,-0.7041553196751551,-0.23184813455696351,92142.6,92058.1,,,
2024-11-18 20:41:00+00:00,91479.3,91489.0,91332.5,91382.4,168.858,91754.30694027885,0.339599256333232,92447.2388945295,91074.05230362502,1373.1865909044718,-1,92056.0,92143.2,0.0,-258.44769637497666,0.0,-0.1882101806752612,-0.7041553196751551,-0.23184813455696351,92142.6,92058.1,,,
2024-11-18 20:42:00+00:00,91382.4,91585.7,91353.2,91585.7,185.035,91754.64653953518,0.339599256333232,92447.57849378583,91074.39190288135,1373.1865909044718,0,92056.0,92143.2,0.0,0.0,0.0,0.0,-0.7041553196751551,-0.23184813455696351,92142.6,92058.1,,,
2024-11-18 20:43:00+00:00,91585.7,91586.0,91386.1,91393.2,90.883,91754.98613879153,0.339599256333232,92447.91809304217,91074.7315021377,1373.1865909044718,0,92056.0,92143.2,0.0,0.0,0.0,0.0,-0.7041553196751551,-0.23184813455696351,92142.6,92058.1,,,
2024-11-18 20:44:00+00:00,91393.2,91516.7,91393.2,91473.7,91.453,91755.32573804786,0.339599256333232,92448.2576922985,91075.07110139403,1373.1865909044718,0,92056.0,92143.2,0.0,0.0,0.0,0.0,-0.7041553196751551,-0.23184813455696351,92142.6,92058.1,,,
2024-11-18 20:45:00+00:00,91473.7,91578.6,91451.1,91578.4,86.592,91755.66533730419,0.339599256333232,92448.59729155483,91075.41070065036,1373.1865909044718,0,92056.0,92143.2,0.0,0.0,0.0,0.0,-0.7041553196751551,-0.23184813455696351,92142.6,92058.1,,,
2024-11-18 20:46:00+00:00,91578.4,91634.9,91466.0,91496.7,95.303,91756.00493656052,0.339599256333232,92448.93689081116,91075.7502999067,1373.1865909044718,1,92056.0,92143.2,-814.0368908111705,0.0,-0.5928086512081302,0.0,-0.7041553196751551,-0.23184813455696351,92142.6,92058.1,,,
2024-11-18 20:47:00+00:00,91496.7,91581.6,91496.7,91525.5,99.251,91756.34453581685,0.339599256333232,92449.2764900675,91076.08989916302,1373.1865909044718,0,92056.0,92143.2,0.0,0.0,0.0,0.0,-0.7041553196751551,-0.23184813455696351,92142.6,92058.1,,,
2024-11-18 20:48:00+00:00,91525.5,91545.7,91453.4,91478.4,75.492,91756.68413507318,0.339599256333232,92449.61608932383,91076.42949841935,1373.1865909044718,0,92056.0,92143.2,0.0,0.0,0.0,0.0,-0.7041553196751551,-0.23184813455696351,92142.6,92058.1,,,
2024-11-18 20:49:00+00:00,91478.4,91583.2,91395.9,91395.9,126.81,91757.02373432953,0.339599256333232,92449.95568858017,91076.7690976757,1373.1865909044718,0,92056.0,92143.2,0.0,0.0,0.0,0.0,-0.7041553196751551,-0.23184813455696351,92142.6,92058.1,,,
2024-11-18 20:50:00+00:00,91395.9,91396.0,91025.9,91079.9,369.879,91757.36333358586,0.339599256333232,92450.2952878365,91077.10869693203,1373.1865909044718,0,92056.0,92143.2,0.0,0.0,0.0,0.0,-0.7041553196751551,-0.23184813455696351,92142.6,92058.1,,,
2024-11-18 20:51:00+00:00,91079.9,91197.3,91060.0,91060.4,175.91,91757.70293284219,0.339599256333232,92450.63488709283,91077.44829618836,1373.1865909044718,0,92056.0,92143.2,0.0,0.0,0.0,0.0,-0.7041553196751551,-0.23184813455696351,92142.6,92058.1,,,
2024-11-18 20:52:00+00:00,91060.4,91169.0,91060.4,91116.4,306.102,91758.04253209852,0.339599256333232,92450.97448634917,91077.7878954447,1373.1865909044718,0,92056.0,92143.2,0.0,0.0,0.0,0.0,-0.7041553196751551,-0.23184813455696351,92142.6,92058.1,,,
2024-11-18 20:53:00+00:00,91116.4,91158.3,90980.7,91043.6,178.51,91758.38213135485,0.339599256333232,92451.3140856055,91078.12749470102,1373.1865909044718,-1,92056.0,92143.2,0.0,97.42749470102717,0.0,0.07094993160168783,-0.7041553196751551,-0.23184813455696351,92142.6,92058.1,,,
2024-11-18 20:54:00+00:00,91043.6,91214.8,91021.6,91214.8,94.033,91758.72173061119,0.339599256333232,92451.65368486183,91078.46709395736,1373.1865909044718,0,92056.0,92143.2,0.0,0.0,0.0,0.0,-0.7041553196751551,-0.23184813455696351,92142.6,92058.1,,,
2024-11-18 20:55:00+00:00,91214.8,91319.0,91206.8,91299.9,80.615,91759.06132986752,0.339599256333232,92451.99328411816,91078.80669321369,1373.1865909044718,0,92056.0,92143.2,0.0,0.0,0.0,0.0,-0.7041553196751551,-0.23184813455696351,92142.6,92058.1,,,
2024-11-18 20:56:00+00:00,91299.9,91333.3,91268.1,91281.8,48.034,91759.40092912386,0.339599256333232,92452.3328833745,91079.14629247003,1373.1865909044718,0,92056.0,92143.2,0.0,0.0,0.0,0.0,-0.7041553196751551,-0.23184813455696351,92142.6,92058.1,,,
2024-11-18 20:57:00+00:00,91281.8,91404.5,91280.9,91404.4,67.583,91759.74052838019,0.339599256333232,92452.67248263083,91079.48589172636,1373.1865909044718,0,92056.0,92143.2,0.0,0.0,0.0,0.0,-0.7041553196751551,-0.23184813455696351,92142.6,92058.1,,,
2024-11-18 20:58:00+00:00,91404.4,91424.0,91333.8,91335.8,28.471,91760.08012763652,0.339599256333232,92453.01208188717,91079.8254909827,1373.1865909044718,0,92056.0,92143.2,0.0,0.0,0.0,0.0,-0.7041553196751551,-0.23184813455696351,92142.6,92058.1,,,
2024-11-18 20:59:00+00:00,91335.8,91594.1,91335.7,91540.1,131.236,91760.41972689285,0.339599256333232,92453.3516811435,91080.16509023902,1373.1865909044718,0,92056.0,92143.2,0.0,0.0,0.0,0.0,-0.7041553196751551,-0.23184813455696351,92142.6,92058.1,,,
2024-11-18 21:00:00+00:00,91540.1,91563.0,91394.3,91397.7,77.108,91760.75932614919,0.339599256333232,92453.69128039983,91080.50468949536,1373.1865909044718,0,92056.0,92143.2,0.0,0.0,0.0,0.0,-0.7041553196751551,-0.23184813455696351,92142.6,92058.1,,,
2024-11-18 21:01:00+00:00,91397.7,91693.5,91396.4,91623.8,465.907,91761.09892540552,0.339599256333232,92454.03087965616,91080.84428875169,1373.1865909044718,0,92056.0,92143.2,0.0,0.0,0.0,0.0,-0.7041553196751551,-0.23184813455696351,92142.6,92058.1,,,
2024-11-18 21:02:00+00:00,91623.8,91761.4,91555.0,91759.1,243.497,91761.43852466186,0.339599256333232,92454.3704789125,91081.18388800803,1373.1865909044718,0,92056.0,92143.2,0.0,0.0,0.0,0.0,-0.7041553196751551,-0.23184813455696351,92142.6,92058.1,,,
2024-11-18 21:03:00+00:00,91759.1,91889.6,91640.3,91824.6,313.938,91761.7781239182,0.339599256333232,92454.71007816884,91081.52348726436,1373.1865909044718,0,92056.0,92143.2,0.0,0.0,0.0,0.0,-0.7041553196751551,-0.23184813455696351,92142.6,92058.1,,,
2024-11-18 21:04:00+00:00,91824.6,91832.0,91665.1,91694.1,157.905,91762.11772317452,0.339599256333232,92455.04967742517,91081.8630865207,1373.1865909044718,0,92056.0,92143.2,0.0,0.0,0.0,0.0,-0.7041553196751551,-0.23184813455696351,92142.6,92058.1,,,1.0
2024-11-18 21:05:00+00:00,91694.1,91815.9,91682.2,91812.5,68.22,91762.45732243086,0.339599256333232,92455.3892766815,91082.20268577703,1373.1865909044718,0,92056.0,92143.2,0.0,0.0,0.0,0.0,-0.7041553196751551,-0.23184813455696351,92142.6,92058.1,,,
2024-11-18 21:06:00+00:00,91812.5,91898.6,91804.2,91875.2,144.822,91762.79692168719,0.339599256333232,92455.72887593783,91082.54228503336,1373.1865909044718,0,92056.0,92143.2,0.0,0.0,0.0,0.0,-0.7041553196751551,-0.23184813455696351,92142.6,92058.1,,,
2024-11-18 21:07:00+00:00,91875.2,91928.0,91820.3,91861.7,100.757,91763.13652094352,0.339599256333232,92456.06847519416,91082.88188428969,1373.1865909044718,0,92056.0,92143.2,0.0,0.0,0.0,0.0,-0.7041553196751551,-0.23184813455696351,92142.6,92058.1,,,
2024-11-18 21:08:00+00:00,91861.7,91930.2,91738.7,91766.0,132.387,91763.47612019985,0.339599256333232,92456.40807445049,91083.22148354602,1373.1865909044718,0,92056.0,92143.2,0.0,0.0,0.0,0.0,-0.7041553196751551,-0.23184813455696351,92142.6,92058.1,,,
2024-11-18 21:09:00+00:00,91766.0,91978.2,91763.0,91834.4,332.72,91763.8157194562,0.339599256333232,92456.74767370684,91083.56108280236,1373.1865909044718,0,92056.0,92143.2,0.0,0.0,0.0,0.0,-0.7041553196751551,-0.23184813455696351,92142.6,92058.1,,,
2024-11-18 21:10:00+00:00,91834.4,91969.9,91821.4,91901.6,161.02,91764.15531871252,0.339599256333232,92457.08727296317,91083.9006820587,1373.1865909044718,0,92056.0,92143.2,0.0,0.0,0.0,0.0,-0.7041553196751551,-0.23184813455696351,92142.6,92058.1,,,
2024-11-18 21:11:00+00:00,91901.6,91970.0,91901.6,91956.4,52.733,91764.49491796886,0.339599256333232,92457.4268722195,91084.24028131503,1373.1865909044718,0,92056.0,92143.2,0.0,0.0,0.0,0.0,-0.7041553196751551,-0.23184813455696351,92142.6,92058.1,,,
2024-11-18 21:12:00+00:00,91956.4,91996.9,91937.1,91995.7,156.62,91764.83451722519,0.339599256333232,92457.76647147583,91084.57988057136,1373.1865909044718,0,92056.0,92143.2,0.0,0.0,0.0,0.0,-0.7041553196751551,-0.23184813455696351,92142.6,92058.1,,,
2024-11-18 21:13:00+00:00,91995.7,91998.0,91952.7,91968.7,218.942,91765.17411648152,0.339599256333232,92458.10607073216,91084.91947982769,1373.1865909044718,0,92056.0,92143.2,0.0,0.0,0.0,0.0,-0.7041553196751551,-0.23184813455696351,92142.6,92058.1,,,
2024-11-18 21:14:00+00:00,91968.7,92039.3,91968.3,92037.7,311.414,91765.51371573785,0.339599256333232,92458.44566998849,91085.25907908402,1373.1865909044718,0,92056.0,92143.2,0.0,0.0,0.0,0.0,-0.7041553196751551,-0.23184813455696351,92142.6,92058.1,,,
2024-11-18 21:15:00+00:00,92037.7,92041.5,91950.0,91965.3,118.44,91765.8533149942,0.339599256333232,92458.78526924484,91085.59867834036,1373.1865909044718,0,92056.0,92143.2,0.0,0.0,0.0,0.0,-0.7041553196751551,-0.23184813455696351,92142.6,92058.1,,,
2024-11-18 21:16:00+00:00,91965.3,92044.1,91935.3,91989.9,104.583,91766.19291425053,0.339599256333232,92459.12486850117,91085.9382775967,1373.1865909044718,1,92056.0,92143.2,-415.0248685011611,0.0,-0.30223486833482566,0.0,-0.7041553196751551,-0.23184813455696351,92142.6,92058.1,,,
2024-11-18 21:17:00+00:00,91989.9,92041.6,91960.4,92001.1,99.549,91766.53251350686,0.339599256333232,92459.4644677575,91086.27787685303,1373.1865909044718,0,92056.0,92143.2,0.0,0.0,0.0,0.0,-0.7041553196751551,-0.23184813455696351,92142.6,92058.1,,,
2024-11-18 21:18:00+00:00,92001.1,92005.6,91842.0,91849.0,174.973,91766.87211276319,0.339599256333232,92459.80406701383,91086.61747610936,1373.1865909044718,0,92056.0,92143.2,0.0,0.0,0.0,0.0,-0.7041553196751551,-0.23184813455696351,92142.6,92058.1,,,
2024-11-18 21:19:00+00:00,91849.0,91876.7,91810.4,91848.0,74.742,91767.21171201952,0.339599256333232,92460.14366627016,91086.95707536569,1373.1865909044718,0,92056.0,92143.2,0.0,0.0,0.0,0.0,-0.7041553196751551,-0.23184813455696351,92142.6,92058.1,,,
2024-11-18 21:20:00+00:00,91848.0,91899.8,91836.1,91887.3,43.65,91767.55131127585,0.339599256333232,92460.48326552649,91087.29667462202,1373.1865909044718,0,92056.0,92143.2,0.0,0.0,0.0,0.0,-0.7041553196751551,-0.23184813455696351,92142.6,92058.1,,,
2024-11-18 21:21:00+00:00,91887.3,91894.6,91854.5,91870.6,49.378,91767.89091053218,0.339599256333232,92460.82286478282,91087.63627387835,1373.1865909044718,0,92056.0,92143.2,0.0,0.0,0.0,0.0,-0.7041553196751551,-0.23184813455696351,92142.6,92058.1,,,
2024-11-18 21:22:00+00:00,91870.6,91883.3,91681.8,91733.4,259.022,91768.23050978853,0.339599256333232,92461.16246403917,91087.9758731347,1373.1865909044718,-1,92056.0,92143.2,0.0,-593.8241268653073,0.0,-0.43244241590953447,-0.7041553196751551,-0.23184813455696351,92142.6,92058.1,,,1.0
2024-11-18 21:23:00+00:00,91733.4,91769.4,91705.6,91748.0,60.428,91768.57010904486,0.339599256333232,92461.5020632955,91088.31547239103,1373.1865909044718,0,92056.0,92143.2,0.0,0.0,0.0,0.0,-0.7041553196751551,-0.23184813455696351,92142.6,92058.1,,,
2024-11-18 21:24:00+00:00,91748.0,91748.1,91704.5,91712.7,29.536,91768.90970830119,0.339599256333232,92461.84166255183,91088.65507164736,1373.1865909044718,0,92056.0,92143.2,0.0,0.0,0.0,0.0,-0.7041553196751551,-0.23184813455696351,92142.6,92058.1,,,
2024-11-18 21:25:00+00:00,91712.7,91751.6,91700.0,91735.3,30.781,91769.24930755752,0.339599256333232,92462.18126180816,91088.99467090369,1373.1865909044718,0,92056.0,92143.2,0.0,0.0,0.0,0.0,-0.7041553196751551,-0.23184813455696351,92142.6,92058.1,,,
2024-11-18 21:26:00+00:00,91735.3,91825.0,91735.3,91794.8,37.861,91769.58890681385,0.339599256333232,92462.52086106449,91089.33427016002,1373.1865909044718,0,92056.0,92143.2,0.0,0.0,0.0,0.0,-0.7041553196751551,-0.23184813455696351,92142.6,92058.1,,,
2024-11-18 21:27:00+00:00,91794.8,91825.0,91774.6,91774.6,33.368,91769.92850607018,0.339599256333232,92462.86046032082,91089.67386941635,1373.1865909044718,0,92056.0,92143.2,0.0,0.0,0.0,0.0,-0.7041553196751551,-0.23184813455696351,92142.6,92058.1,,,
2024-11-18 21:28:00+00:00,91774.6,91827.4,91708.6,91827.4,79.472,91770.26810532653,0.339599256333232,92463.20005957717,91090.0134686727,1373.1865909044718,0,92056.0,92143.2,0.0,0.0,0.0,0.0,-0.7041553196751551,-0.23184813455696351,92142.6,92058.1,,,
2024-11-18 21:29:00+00:00,91827.4,91827.6,91735.2,91741.2,29.763,91770.60770458286,0.339599256333232,92463.5396588335,91090.35306792903,1373.1865909044718,0,92056.0,92143.2,0.0,0.0,0.0,0.0,-0.7041553196751551,-0.23184813455696351,92142.6,92058.1,,,1.0
2024-11-18 21:30:00+00:00,91741.2,91806.8,91727.0,91806.7,27.201,91770.94730383919,0.339599256333232,92463.87925808983,91090.69266718536,1373.1865909044718,0,92056.0,92143.2,0.0,0.0,0.0,0.0,-0.7041553196751551,-0.23184813455696351,92142.6,92058.1,,,
2024-11-18 21:31:00+00:00,91806.7,91860.9,91784.0,91837.7,64.108,91771.28690309552,0.339599256333232,92464.21885734616,91091.03226644169,1373.1865909044718,0,92056.0,92143.2,0.0,0.0,0.0,0.0,-0.7041553196751551,-0.23184813455696351,92142.6,92058.1,,,
2024-11-18 21:32:00+00:00,91837.7,91921.1,91825.2,91921.0,45.587,91771.62650235185,0.339599256333232,92464.55845660249,91091.37186569802,1373.1865909044718,1,92056.0,92143.2,-543.458456602486,0.0,-0.395764465078652,0.0,-0.7041553196751551,-0.23184813455696351,92142.6,92058.1,,,
2024-11-18 21:33:00+00:00,91921.0,91921.1,91860.2,91860.2,33.715,91771.96610160818,0.339599256333232,92464.89805585882,91091.71146495435,1373.1865909044718,1,92056.0,92143.2,-543.798055858817,0.0,-0.39601177251566044,0.0,-0.7041553196751551,-0.23184813455696351,92142.6,92058.1,,,
2024-11-18 21:34:00+00:00,91860.2,91860.3,91801.8,91816.1,85.064,91772.30570086451,0.339599256333232,92465.23765511515,91092.05106421068,1373.1865909044718,0,92056.0,92143.2,0.0,0.0,0.0,0.0,-0.7041553196751551,-0.23184813455696351,92142.6,92058.1,,,
2024-11-18 21:35:00+00:00,91816.1,91874.8,91801.8,91874.7,18.792,91772.64530012086,0.339599256333232,92465.5772543715,91092.39066346703,1373.1865909044718,0,92056.0,92143.2,0.0,0.0,0.0,0.0,-0.7041553196751551,-0.23184813455696351,92142.6,92058.1,,,
2024-11-18 21:36:00+00:00,91874.7,91877.7,91790.0,91790.0,27.859,91772.98489937719,0.339599256333232,92465.91685362783,91092.73026272336,1373.1865909044718,0,92056.0,92143.2,0.0,0.0,0.0,0.0,-0.7041553196751551,-0.23184813455696351,92142.6,92058.1,,,
2024-11-18 21:37:00+00:00,91790.0,91794.5,91750.0,91768.6,42.817,91773.32449863352,0.339599256333232,92466.25645288416,91093.06986197969,1373.1865909044718,0,92056.0,92143.2,0.0,0.0,0.0,0.0,-0.7041553196751551,-0.23184813455696351,92142.6,92058.1,,,1.0
2024-11-18 21:38:00+00:00,91768.6,91794.2,91730.0,91730.0,32.219,91773.66409788985,0.339599256333232,92466.59605214049,91093.40946123602,1373.1865909044718,0,92056.0,92143.2,0.0,0.0,0.0,0.0,-0.7041553196751551,-0.23184813455696351,92142.6,92058.1,,,
2024-11-18 21:39:00+00:00,91730.0,91742.4,91699.5,91742.4,54.249,91774.00369714618,0.339599256333232,92466.93565139682,91093.74906049235,1373.1865909044718,0,92056.0,92143.2,0.0,0.0,0.0,0.0,-0.7041553196751551,-0.23184813455696351,92142.6,92058.1,,,
2024-11-18 21:40:00+00:00,91742.4,91796.5,91698.2,91796.5,73.547,91774.34329640251,0.339599256333232,92467.27525065315,91094.08865974868,1373.1865909044718,0,92056.0,92143.2,0.0,0.0,0.0,0.0,-0.7041553196751551,-0.23184813455696351,92142.6,92058.1,,,
2024-11-18 21:41:00+00:00,91796.5,91830.4,91794.2,91794.2,25.858,91774.68289565886,0.339599256333232,92467.6148499095,91094.42825900503,1373.1865909044718,0,92056.0,92143.2,0.0,0.0,0.0,0.0,-0.7041553196751551,-0.23184813455696351,92142.6,92058.1,,,
2024-11-18 21:42:00+00:00,91794.2,91805.9,91707.5,91707.6,16.673,91775.02249491519,0.339599256333232,92467.95444916583,91094.76785826136,1373.1865909044718,0,92056.0,92143.2,0.0,0.0,0.0,0.0,-0.7041553196751551,-0.23184813455696351,92142.6,92058.1,,,1.0
2024-11-18 21:43:00+00:00,91707.6,91707.6,91622.3,91645.9,78.157,91775.36209417152,0.339599256333232,92468.29404842216,91095.10745751769,1373.1865909044718,0,92056.0,92143.2,0.0,0.0,0.0,0.0,-0.7041553196751551,-0.23184813455696351,92142.6,92058.1,,,
2024-11-18 21:44:00+00:00,91645.9,91679.3,91602.5,91611.4,84.371,91775.70169342785,0.339599256333232,92468.63364767849,91095.44705677402,1373.1865909044718,0,92056.0,92143.2,0.0,0.0,0.0,0.0,-0.7041553196751551,-0.23184813455696351,92142.6,92058.1,,,
2024-11-18 21:45:00+00:00,91611.4,91665.3,91438.0,91450.7,336.006,91776.04129268418,0.339599256333232,92468.97324693482,91095.78665603035,1373.1865909044718,0,92056.0,92143.2,0.0,0.0,0.0,0.0,-0.7041553196751551,-0.23184813455696351,92142.6,92058.1,,,
2024-11-18 21:46:00+00:00,91450.7,91483.4,91369.8,91436.2,279.593,91776.38089194051,0.339599256333232,92469.31284619115,91096.12625528668,1373.1865909044718,0,92056.0,92143.2,0.0,0.0,0.0,0.0,-0.7041553196751551,-0.23184813455696351,92142.6,92058.1,,,
2024-11-18 21:47:00+00:00,91436.2,91602.7,91436.1,91538.3,86.871,91776.72049119684,0.339599256333232,92469.65244544749,91096.46585454301,1373.1865909044718,0,92056.0,92143.2,0.0,0.0,0.0,0.0,-0.7041553196751551,-0.23184813455696351,92142.6,92058.1,,,
2024-11-18 21:48:00+00:00,91538.3,91604.4,91316.3,91351.3,129.937,91777.06009045319,0.339599256333232,92469.99204470383,91096.80545379936,1373.1865909044718,0,92056.0,92143.2,0.0,0.0,0.0,0.0,-0.7041553196751551,-0.23184813455696351,92142.6,92058.1,,,
2024-11-18 21:49:00+00:00,91351.3,91404.3,91351.3,91398.0,49.533,91777.39968970952,0.339599256333232,92470.33164396016,91097.14505305569,1373.1865909044718,0,92056.0,92143.2,0.0,0.0,0.0,0.0,-0.7041553196751551,-0.23184813455696351,92142.6,92058.1,,,
2024-11-18 21:50:00+00:00,91398.0,91425.2,91323.2,91351.4,96.575,91777.73928896585,0.339599256333232,92470.6712432165,91097.48465231202,1373.1865909044718,0,92056.0,92143.2,0.0,0.0,0.0,0.0,-0.7041553196751551,-0.23184813455696351,92142.6,92058.1,,,
2024-11-18 21:51:00+00:00,91351.4,91377.7,91315.2,91316.8,56.2,91778.07888822218,0.339599256333232,92471.01084247282,91097.82425156835,1373.1865909044718,0,92056.0,92143.2,0.0,0.0,0.0,0.0,-0.7041553196751551,-0.23184813455696351,92142.6,92058.1,,,
2024-11-18 21:52:00+00:00,91316.8,91446.7,91316.7,91446.7,37.884,91778.41848747851,0.339599256333232,92471.35044172916,91098.16385082468,1373.1865909044718,0,92056.0,92143.2,0.0,0.0,0.0,0.0,-0.7041553196751551,-0.23184813455696351,92142.6,92058.1,,,
2024-11-18 21:53:00+00:00,91446.7,91446.7,91338.5,91338.5,30.422,91778.75808673484,0.339599256333232,92471.69004098549,91098.50345008101,1373.1865909044718,0,92056.0,92143.2,0.0,0.0,0.0,0.0,-0.7041553196751551,-0.23184813455696351,92142.6,92058.1,,,
2024-11-18 21:54:00+00:00,91338.5,91392.8,91304.3,91392.8,32.609,91779.09768599119,0.339599256333232,92472.02964024183,91098.84304933736,1373.1865909044718,0,92056.0,92143.2,0.0,0.0,0.0,0.0,-0.7041553196751551,-0.23184813455696351,92142.6,92058.1,,,
2024-11-18 21:55:00+00:00,91392.8,91396.5,91250.2,91257.4,55.792,91779.43728524752,0.339599256333232,92472.36923949816,91099.18264859369,1373.1865909044718,0,92056.0,92143.2,0.0,0.0,0.0,0.0,-0.7041553196751551,-0.23184813455696351,92142.6,92058.1,,,
2024-11-18 21:56:00+00:00,91257.4,91297.5,91219.0,91297.5,42.457,91779.77688450385,0.339599256333232,92472.7088387545,91099.52224785002,1373.1865909044718,-1,92056.0,92143.2,0.0,-119.47775214997819,0.0,-0.08700766009612883,-0.7041553196751551,-0.23184813455696351,92142.6,92058.1,,,
2024-11-18 21:57:00+00:00,91297.5,91304.8,91246.4,91300.0,31.975,91780.11648376018,0.339599256333232,92473.04843801082,91099.86184710635,1373.1865909044718,0,92056.0,92143.2,0.0,0.0,0.0,0.0,-0.7041553196751551,-0.23184813455696351,92142.6,92058.1,,,
2024-11-18 21:58:00+00:00,91300.0,91329.6,91250.0,91285.1,72.802,91780.45608301651,0.339599256333232,92473.38803726716,91100.20144636268,1373.1865909044718,0,92056.0,92143.2,0.0,0.0,0.0,0.0,-0.7041553196751551,-0.23184813455696351,92142.6,92058.1,,,
2024-11-18 21:59:00+00:00,91285.1,91391.2,91266.2,91363.2,57.618,91780.79568227284,0.339599256333232,92473.72763652349,91100.54104561901,1373.1865909044718,0,92056.0,92143.2,0.0,0.0,0.0,0.0,-0.7041553196751551,-0.23184813455696351,92142.6,92058.1,,,
2024-11-18 22:00:00+00:00,91363.2,91470.7,91360.6,91402.7,160.525,91781.13528152918,0.339599256333232,92474.06723577982,91100.88064487535,1373.1865909044718,1,92056.0,92143.2,-1003.3672357798205,0.0,-0.7306852851795882,0.0,-0.7041553196751551,-0.23184813455696351,92142.6,92058.1,,,
2024-11-18 22:01:00+00:00,91402.7,91437.6,91392.2,91397.5,32.08,91781.47488078552,0.339599256333232,92474.40683503616,91101.22024413169,1373.1865909044718,0,92056.0,92143.2,0.0,0.0,0.0,0.0,-0.7041553196751551,-0.23184813455696351,92142.6,92058.1,,,
2024-11-18 22:02:00+00:00,91397.5,91397.6,91313.2,91357.4,35.018,91781.81448004185,0.339599256333232,92474.7464342925,91101.55984338802,1373.1865909044718,0,92056.0,92143.2,0.0,0.0,0.0,0.0,-0.7041553196751551,-0.23184813455696351,92142.6,92058.1,,,
2024-11-18 22:03:00+00:00,91357.4,91357.4,91327.7,91327.8,7.632,91782.15407929818,0.339599256333232,92475.08603354883,91101.89944264435,1373.1865909044718,0,92056.0,92143.2,0.0,0.0,0.0,0.0,-0.7041553196751551,-0.23184813455696351,92142.6,92058.1,,,
2024-11-18 22:04:00+00:00,91327.8,91327.8,91251.9,91252.0,37.333,91782.49367855451,0.339599256333232,92475.42563280516,91102.23904190068,1373.1865909044718,0,92056.0,92143.2,0.0,0.0,0.0,0.0,-0.7041553196751551,-0.23184813455696351,92142.6,92058.1,,,
2024-11-18 22:05:00+00:00,91252.0,91252.2,91220.7,91226.8,26.2,91782.83327781085,0.339599256333232,92475.76523206149,91102.57864115702,1373.1865909044718,0,92056.0,92143.2,0.0,0.0,0.0,0.0,-0.7041553196751551,-0.23184813455696351,92142.6,92058.1,,,
2024-11-18 22:06:00+00:00,91226.8,91226.9,91000.0,91215.9,311.466,91783.17287706718,0.339599256333232,92476.10483131782,91102.91824041335,1373.1865909044718,-1,92056.0,92143.2,0.0,102.91824041334621,0.0,0.07494847466108552,-0.7041553196751551,-0.23184813455696351,92142.6,92058.1,,,
2024-11-18 22:07:00+00:00,91215.9,91259.5,91156.9,91254.2,56.376,91783.51247632352,0.339599256333232,92476.44443057416,91103.25783966969,1373.1865909044718,0,92056.0,92143.2,0.0,0.0,0.0,0.0,-0.7041553196751551,-0.23184813455696351,92142.6,92058.1,,,
2024-11-18 22:08:00+00:00,91254.2,91277.0,91232.0,91250.1,28.489,91783.85207557985,0.339599256333232,92476.7840298305,91103.59743892602,1373.1865909044718,0,92056.0,92143.2,0.0,0.0,0.0,0.0,-0.7041553196751551,-0.23184813455696351,92142.6,92058.1,,,
2024-11-18 22:09:00+00:00,91250.1,91250.1,91200.0,91203.4,36.617,91784.19167483618,0.339599256333232,92477.12362908683,91103.93703818235,1373.1865909044718,0,92056.0,92143.2,0.0,0.0,0.0,0.0,-0.7041553196751551,-0.23184813455696351,92142.6,92058.1,,,
2024-11-18 22:10:00+00:00,91203.4,91208.8,91150.0,91150.1,17.818,91784.53127409251,0.339599256333232,92477.46322834316,91104.27663743868,1373.1865909044718,0,92056.0,92143.2,0.0,0.0,0.0,0.0,-0.7041553196751551,-0.23184813455696351,92142.6,92058.1,,,
2024-11-18 22:11:00+00:00,91150.1,91204.8,91150.0,91204.8,27.836,91784.87087334885,0.339599256333232,92477.80282759949,91104.61623669502,1373.1865909044718,0,92056.0,92143.2,0.0,0.0,0.0,0.0,-0.7041553196751551,-0.23184813455696351,92142.6,92058.1,,,
2024-11-18 22:12:00+00:00,91204.8,91229.5,91167.3,91218.4,13.782,91785.21047260518,0.339599256333232,92478.14242685582,91104.95583595135,1373.1865909044718,0,92056.0,92143.2,0.0,0.0,0.0,0.0,-0.7041553196751551,-0.23184813455696351,92142.6,92058.1,,,
2024-11-18 22:13:00+00:00,91218.4,91237.7,91204.8,91224.1,9.339,91785.55007186151,0.339599256333232,92478.48202611215,91105.29543520768,1373.1865909044718,0,92056.0,92143.2,0.0,0.0,0.0,0.0,-0.7041553196751551,-0.23184813455696351,92142.6,92058.1,,,
2024-11-18 22:14:00+00:00,91224.1,91296.3,91224.1,91296.3,20.181,91785.88967111785,0.339599256333232,92478.8216253685,91105.63503446402,1373.1865909044718,0,92056.0,92143.2,0.0,0.0,0.0,0.0,-0.7041553196751551,-0.23184813455696351,92142.6,92058.1,,,
2024-11-18 22:15:00+00:00,91296.3,91314.0,91275.5,91314.0,35.255,91786.22927037418,0.339599256333232,92479.16122462483,91105.97463372035,1373.1865909044718,1,92056.0,92143.2,-1165.161224624826,0.0,-0.8485090317240671,0.0,-0.7041553196751551,-0.23184813455696351,92142.6,92058.1,,,
2024-11-18 22:16:00+00:00,91314.0,91314.0,91290.0,91290.0,27.326,91786.56886963052,0.339599256333232,92479.50082388116,91106.31423297669,1373.1865909044718,0,92056.0,92143.2,0.0,0.0,0.0,0.0,-0.7041553196751551,-0.23184813455696351,92142.6,92058.1,,,
2024-11-18 22:17:00+00:00,91290.0,91290.1,91207.8,91207.8,17.436,91786.90846888685,0.339599256333232,92479.84042313749,91106.65383223302,1373.1865909044718,0,92056.0,92143.2,0.0,0.0,0.0,0.0,-0.7041553196751551,-0.23184813455696351,92142.6,92058.1,,,
2024-11-18 22:18:00+00:00,91207.8,91225.7,91176.0,91225.7,19.016,91787.24806814318,0.339599256333232,92480.18002239382,91106.99343148935,1373.1865909044718,0,92056.0,92143.2,0.0,0.0,0.0,0.0,-0.7041553196751551,-0.23184813455696351,92142.6,92058.1,,,
2024-11-18 22:19:00+00:00,91225.7,91250.9,91184.0,91228.9,51.545,91787.58766739951,0.339599256333232,92480.51962165015,91107.33303074568,1373.1865909044718,0,92056.0,92143.2,0.0,0.0,0.0,0.0,-0.7041553196751551,-0.23184813455696351,92142.6,92058.1,,,
2024-11-18 22:20:00+00:00,91228.9,91228.9,91209.2,91209.3,2.953,91787.92726665585,0.339599256333232,92480.8592209065,91107.67263000202,1373.1865909044718,0,92056.0,92143.2,0.0,0.0,0.0,0.0,-0.7041553196751551,-0.23184813455696351,92142.6,92058.1,,,
2024-11-18 22:21:00+00:00,91209.3,91269.8,91209.2,91269.8,31.179,91788.26686591218,0.339599256333232,92481.19882016283,91108.01222925835,1373.1865909044718,0,92056.0,92143.2,0.0,0.0,0.0,0.0,-0.7041553196751551,-0.23184813455696351,92142.6,92058.1,,,
2024-11-18 22:22:00+00:00,91269.8,91318.6,91269.8,91318.6,23.506,91788.60646516852,0.339599256333232,92481.53841941916,91108.35182851469,1373.1865909044718,0,92056.0,92143.2,0.0,0.0,0.0,0.0,-0.7041553196751551,-0.23184813455696351,92142.6,92058.1,,,
2024-11-18 22:23:00+00:00,91318.6,91364.9,91270.3,91321.0,53.921,91788.94606442485,0.339599256333232,92481.87801867549,91108.69142777102,1373.1865909044718,1,92056.0,92143.2,-1116.9780186754942,0.0,-0.8134204237603124,0.0,-0.7041553196751551,-0.23184813455696351,92142.6,92058.1,,,
2024-11-18 22:24:00+00:00,91321.0,91362.5,91290.0,91290.0,36.574,91789.28566368118,0.339599256333232,92482.21761793182,91109.03102702735,1373.1865909044718,0,92056.0,92143.2,0.0,0.0,0.0,0.0,-0.7041553196751551,-0.23184813455696351,92142.6,92058.1,,,
2024-11-18 22:25:00+00:00,91290.0,91334.7,91290.0,91334.6,10.429,91789.62526293751,0.339599256333232,92482.55721718815,91109.37062628368,1373.1865909044718,0,92056.0,92143.2,0.0,0.0,0.0,0.0,-0.7041553196751551,-0.23184813455696351,92142.6,92058.1,,,
2024-11-18 22:26:00+00:00,91334.6,91334.6,91257.1,91257.3,8.628,91789.96486219384,0.339599256333232,92482.89681644448,91109.71022554001,1373.1865909044718,0,92056.0,92143.2,0.0,0.0,0.0,0.0,-0.7041553196751551,-0.23184813455696351,92142.6,92058.1,,,
2024-11-18 22:27:00+00:00,91257.3,91291.6,91257.1,91291.5,7.444,91790.30446145019,0.339599256333232,92483.23641570083,91110.04982479636,1373.1865909044718,0,92056.0,92143.2,0.0,0.0,0.0,0.0,-0.7041553196751551,-0.23184813455696351,92142.6,92058.1,,,
2024-11-18 22:28:00+00:00,91291.5,91291.5,91195.9,91196.1,24.162,91790.64406070652,0.339599256333232,92483.57601495716,91110.38942405269,1373.1865909044718,0,92056.0,92143.2,0.0,0.0,0.0,0.0,-0.7041553196751551,-0.23184813455696351,92142.6,92058.1,,,
2024-11-18 22:29:00+00:00,91196.1,91354.2,91195.9,91344.6,46.352,91790.98365996285,0.339599256333232,92483.91561421349,91110.72902330902,1373.1865909044718,0,92056.0,92143.2,0.0,0.0,0.0,0.0,-0.7041553196751551,-0.23184813455696351,92142.6,92058.1,,,
2024-11-18 22:30:00+00:00,91344.6,91430.3,91284.9,91284.9,68.19,91791.32325921918,0.339599256333232,92484.25521346982,91111.06862256535,1373.1865909044718,1,92056.0,92143.2,-1053.955213469817,0.0,-0.7675251276489761,0.0,-0.7041553196751551,-0.23184813455696351,92142.6,92058.1,,,
2024-11-18 22:31:00+00:00,91284.9,91295.3,91246.4,91295.2,26.843,91791.66285847551,0.339599256333232,92484.59481272615,91111.40822182168,1373.1865909044718,0,92056.0,92143.2,0.0,0.0,0.0,0.0,-0.7041553196751551,-0.23184813455696351,92142.6,92058.1,,,
2024-11-18 22:32:00+00:00,91295.2,91295.3,91242.5,91256.6,19.782,91792.00245773184,0.339599256333232,92484.93441198248,91111.74782107801,1373.1865909044718,0,92056.0,92143.2,0.0,0.0,0.0,0.0,-0.7041553196751551,-0.23184813455696351,92142.6,92058.1,,,
2024-11-18 22:33:00+00:00,91256.6,91256.6,91182.3,91192.4,24.919,91792.34205698819,0.339599256333232,92485.27401123883,91112.08742033436,1373.1865909044718,-1,92056.0,92143.2,0.0,-70.21257966564735,0.0,-0.051131128231743574,-0.7041553196751551,-0.23184813455696351,92142.6,92058.1,,,
2024-11-18 22:34:00+00:00,91192.4,91259.8,91192.4,91259.8,10.96,91792.68165624452,0.339599256333232,92485.61361049516,91112.42701959069,1373.1865909044718,0,92056.0,92143.2,0.0,0.0,0.0,0.0,-0.7041553196751551,-0.23184813455696351,92142.6,92058.1,,,
2024-11-18 22:35:00+00:00,91259.8,91380.2,91259.7,91307.4,19.421,91793.02125550085,0.339599256333232,92485.95320975149,91112.76661884702,1373.1865909044718,0,92056.0,92143.2,0.0,0.0,0.0,0.0,-0.7041553196751551,-0.23184813455696351,92142.6,92058.1,,,
2024-11-18 22:36:00+00:00,91307.4,91352.3,91279.6,91350.0,18.731,91793.36085475718,0.339599256333232,92486.29280900782,91113.10621810335,1373.1865909044718,0,92056.0,92143.2,0.0,0.0,0.0,0.0,-0.7041553196751551,-0.23184813455696351,92142.6,92058.1,,,
2024-11-18 22:37:00+00:00,91350.0,91399.7,91342.7,91398.0,30.64,91793.70045401351,0.339599256333232,92486.63240826415,91113.44581735968,1373.1865909044718,0,92056.0,92143.2,0.0,0.0,0.0,0.0,-0.7041553196751551,-0.23184813455696351,92142.6,92058.1,,,
2024-11-18 22:38:00+00:00,91398.0,91482.5,91398.0,91416.3,51.994,91794.04005326984,0.339599256333232,92486.97200752048,91113.78541661601,1373.1865909044718,0,92056.0,92143.2,0.0,0.0,0.0,0.0,-0.7041553196751551,-0.23184813455696351,92142.6,92058.1,,,
2024-11-18 22:39:00+00:00,91416.3,91519.8,91400.0,91512.4,57.587,91794.37965252617,0.339599256333232,92487.31160677681,91114.12501587234,1373.1865909044718,0,92056.0,92143.2,0.0,0.0,0.0,0.0,-0.7041553196751551,-0.23184813455696351,92142.6,92058.1,,,
2024-11-18 22:40:00+00:00,91512.4,91533.3,91495.8,91523.3,29.32,91794.71925178252,0.339599256333232,92487.65120603316,91114.46461512869,1373.1865909044718,1,92056.0,92143.2,-954.3512060331559,0.0,-0.6949901873164643,0.0,-0.7041553196751551,-0.23184813455696351,92142.6,92058.1,,,
2024-11-18 22:41:00+00:00,91523.3,91525.8,91416.9,91416.9,28.002,91795.05885103885,0.339599256333232,92487.99080528949,91114.80421438502,1373.1865909044718,0,92056.0,92143.2,0.0,0.0,0.0,0.0,-0.7041553196751551,-0.23184813455696351,92142.6,92058.1,,,
2024-11-18 22:42:00+00:00,91416.9,91481.1,91416.3,91469.9,52.951,91795.39845029518,0.339599256333232,92488.33040454582,91115.14381364135,1373.1865909044718,0,92056.0,92143.2,0.0,0.0,0.0,0.0,-0.7041553196751551,-0.23184813455696351,92142.6,92058.1,,,
2024-11-18 22:43:00+00:00,91469.9,91470.0,91466.3,91469.7,6.312,91795.73804955151,0.339599256333232,92488.67000380215,91115.48341289768,1373.1865909044718,0,92056.0,92143.2,0.0,0.0,0.0,0.0,-0.7041553196751551,-0.23184813455696351,92142.6,92058.1,,,
2024-11-18 22:44:00+00:00,91469.7,91478.2,91469.7,91472.5,9.6,91796.07764880784,0.339599256333232,92489.00960305848,91115.82301215401,1373.1865909044718,0,92056.0,92143.2,0.0,0.0,0.0,0.0,-0.7041553196751551,-0.23184813455696351,92142.6,92058.1,,,
2024-11-18 22:45:00+00:00,91472.5,91472.5,91472.4,91472.4,3.26,91796.41724806417,0.339599256333232,92489.34920231481,91116.16261141034,1373.1865909044718,0,92056.0,92143.2,0.0,0.0,0.0,0.0,-0.7041553196751551,-0.23184813455696351,92142.6,92058.1,,,
2024-11-18 22:46:00+00:00,91472.4,91472.5,91317.5,91317.5,31.676,91796.75684732052,0.339599256333232,92489.68880157116,91116.50221066669,1373.1865909044718,0,92056.0,92143.2,0.0,0.0,0.0,0.0,-0.7041553196751551,-0.23184813455696351,92142.6,92058.1,,,
2024-11-18 22:47:00+00:00,91317.5,91368.8,91262.1,91262.1,29.94,91797.09644657685,0.339599256333232,92490.02840082749,91116.84180992302,1373.1865909044718,0,92056.0,92143.2,0.0,0.0,0.0,0.0,-0.7041553196751551,-0.23184813455696351,92142.6,92058.1,,,
2024-11-18 22:48:00+00:00,91262.1,91300.0,91232.3,91300.0,32.084,91797.43604583318,0.339599256333232,92490.36800008382,91117.18140917935,1373.1865909044718,-1,92056.0,92143.2,0.0,-115.11859082065348,0.0,-0.08383317429922524,-0.7041553196751551,-0.23184813455696351,92142.6,92058.1,,,
2024-11-18 22:49:00+00:00,91300.0,91331.5,91275.3,91275.4,44.628,91797.77564508951,0.339599256333232,92490.70759934015,91117.52100843568,1373.1865909044718,0,92056.0,92143.2,0.0,0.0,0.0,0.0,-0.7041553196751551,-0.23184813455696351,92142.6,92058.1,,,
2024-11-18 22:50:00+00:00,91275.4,91321.1,91275.0,91275.0,24.188,91798.11524434584,0.339599256333232,92491.04719859648,91117.86060769201,1373.1865909044718,0,92056.0,92143.2,0.0,0.0,0.0,0.0,-0.7041553196751551,-0.23184813455696351,92142.6,92058.1,,,
2024-11-18 22:51:00+00:00,91275.0,91277.3,91254.6,91277.3,11.897,91798.45484360217,0.339599256333232,92491.38679785281,91118.20020694834,1373.1865909044718,0,92056.0,92143.2,0.0,0.0,0.0,0.0,-0.7041553196751551,-0.23184813455696351,92142.6,92058.1,,,
2024-11-18 22:52:00+00:00,91277.3,91379.7,91262.5,91358.9,145.261,91798.7944428585,0.339599256333232,92491.72639710915,91118.53980620467,1373.1865909044718,0,92056.0,92143.2,0.0,0.0,0.0,0.0,-0.7041553196751551,-0.23184813455696351,92142.6,92058.1,,,
2024-11-18 22:53:00+00:00,91358.9,91384.7,91318.3,91354.3,58.662,91799.13404211485,0.339599256333232,92492.06599636549,91118.87940546102,1373.1865909044718,1,92056.0,92143.2,-1107.3659963654936,0.0,-0.8064206304520559,0.0,-0.7041553196751551,-0.23184813455696351,92142.6,92058.1,,,
2024-11-18 22:54:00+00:00,91354.3,91354.4,91295.3,91327.4,26.146,91799.47364137118,0.339599256333232,92492.40559562182,91119.21900471735,1373.1865909044718,0,92056.0,92143.2,0.0,0.0,0.0,0.0,-0.7041553196751551,-0.23184813455696351,92142.6,92058.1,,,
2024-11-18 22:55:00+00:00,91327.4,91330.2,91295.3,91295.3,3.807,91799.81324062751,0.339599256333232,92492.74519487815,91119.55860397368,1373.1865909044718,0,92056.0,92143.2,0.0,0.0,0.0,0.0,-0.7041553196751551,-0.23184813455696351,92142.6,92058.1,,,
2024-11-18 22:56:00+00:00,91295.3,91295.3,91231.1,91231.2,18.969,91800.15283988384,0.339599256333232,92493.08479413448,91119.89820323001,1373.1865909044718,0,92056.0,92143.2,0.0,0.0,0.0,0.0,-0.7041553196751551,-0.23184813455696351,92142.6,92058.1,,,
2024-11-18 22:57:00+00:00,91231.2,91289.3,91231.1,91289.3,7.524,91800.49243914017,0.339599256333232,92493.42439339081,91120.23780248634,1373.1865909044718,0,92056.0,92143.2,0.0,0.0,0.0,0.0,-0.7041553196751551,-0.23184813455696351,92142.6,92058.1,,,
2024-11-18 22:58:00+00:00,91289.3,91292.5,91276.2,91279.8,8.161,91800.8320383965,0.339599256333232,92493.76399264715,91120.57740174267,1373.1865909044718,0,92056.0,92143.2,0.0,0.0,0.0,0.0,-0.7041553196751551,-0.23184813455696351,92142.6,92058.1,,,
2024-11-18 22:59:00+00:00,91279.8,91279.8,91203.6,91230.2,31.095,91801.17163765285,0.339599256333232,92494.10359190349,91120.91700099902,1373.1865909044718,0,92056.0,92143.2,0.0,0.0,0.0,0.0,-0.7041553196751551,-0.23184813455696351,92142.6,92058.1,,,
2024-11-18 23:00:00+00:00,91230.2,91280.3,91225.0,91225.0,23.25,91801.51123690918,0.339599256333232,92494.44319115982,91121.25660025535,1373.1865909044718,0,92056.0,92143.2,0.0,0.0,0.0,0.0,-0.7041553196751551,-0.23184813455696351,92142.6,92058.1,,,
2024-11-18 23:01:00+00:00,91225.0,91225.0,91185.2,91203.2,21.17,91801.85083616551,0.339599256333232,92494.78279041615,91121.59619951168,1373.1865909044718,0,92056.0,92143.2,0.0,0.0,0.0,0.0,-0.7041553196751551,-0.23184813455696351,92142.6,92058.1,,,
2024-11-18 23:02:00+00:00,91203.2,91307.9,91132.0,91135.8,48.478,91802.19043542184,0.339599256333232,92495.12238967248,91121.93579876801,1373.1865909044718,1,92056.0,92143.2,-1187.22238967249,0.0,-0.8645747034935045,0.0,-0.7041553196751551,-0.23184813455696351,92142.6,92058.1,,,
2024-11-18 23:03:00+00:00,91135.8,91243.0,91135.8,91243.0,22.444,91802.53003467817,0.339599256333232,92495.46198892882,91122.27539802434,1373.1865909044718,0,92056.0,92143.2,0.0,0.0,0.0,0.0,-0.7041553196751551,-0.23184813455696351,92142.6,92058.1,,,
2024-11-18 23:04:00+00:00,91243.0,91264.4,91201.6,91229.0,35.03,91802.8696339345,0.339599256333232,92495.80158818515,91122.61499728067,1373.1865909044718,0,92056.0,92143.2,0.0,0.0,0.0,0.0,-0.7041553196751551,-0.23184813455696351,92142.6,92058.1,,,
2024-11-18 23:05:00+00:00,91229.0,91236.7,91120.8,91120.8,37.082,91803.20923319085,0.339599256333232,92496.14118744149,91122.95459653702,1373.1865909044718,0,92056.0,92143.2,0.0,0.0,0.0,0.0,-0.7041553196751551,-0.23184813455696351,92142.6,92058.1,,,
2024-11-18 23:06:00+00:00,91120.8,91132.0,91070.4,91081.7,45.144,91803.54883244718,0.339599256333232,92496.48078669782,91123.29419579335,1373.1865909044718,0,92056.0,92143.2,0.0,0.0,0.0,0.0,-0.7041553196751551,-0.23184813455696351,92142.6,92058.1,,,
2024-11-18 23:07:00+00:00,91081.7,91096.7,91029.9,91053.6,38.265,91803.88843170351,0.339599256333232,92496.82038595415,91123.63379504968,1373.1865909044718,0,92056.0,92143.2,0.0,0.0,0.0,0.0,-0.7041553196751551,-0.23184813455696351,92142.6,92058.1,,,
2024-11-18 23:08:00+00:00,91053.6,91066.5,90965.0,90974.2,122.723,91804.22803095984,0.339599256333232,92497.15998521048,91123.97339430601,1373.1865909044718,0,92056.0,92143.2,0.0,0.0,0.0,0.0,-0.7041553196751551,-0.23184813455696351,92142.6,92058.1,,,
2024-11-18 23:09:00+00:00,90974.2,91000.0,90909.9,90910.0,88.389,91804.56763021617,0.339599256333232,92497.49958446682,91124.31299356234,1373.1865909044718,0,92056.0,92143.2,0.0,0.0,0.0,0.0,-0.7041553196751551,-0.23184813455696351,92142.6,92058.1,,,
2024-11-18 23:10:00+00:00,90910.0,90910.0,90758.6,90829.8,355.874,91804.9072294725,0.339599256333232,92497.83918372315,91124.65259281867,1373.1865909044718,-1,92056.0,92143.2,0.0,366.0525928186689,0.0,0.26657163363178665,-0.7041553196751551,-0.23184813455696351,92142.6,92058.1,,,
2024-11-18 23:11:00+00:00,90829.8,90925.3,90813.9,90871.8,93.188,91805.24682872884,0.339599256333232,92498.17878297948,91124.992192075,1373.1865909044718,0,92056.0,92143.2,0.0,0.0,0.0,0.0,-0.7041553196751551,-0.23184813455696351,92142.6,92058.1,,,
2024-11-18 23:12:00+00:00,90871.8,90918.3,90862.2,90864.8,39.935,91805.58642798518,0.339599256333232,92498.51838223582,91125.33179133135,1373.1865909044718,0,92056.0,92143.2,0.0,0.0,0.0,0.0,-0.7041553196751551,-0.23184813455696351,92142.6,92058.1,,,
2024-11-18 23:13:00+00:00,90864.8,91011.6,90858.0,90951.9,54.719,91805.92602724151,0.339599256333232,92498.85798149215,91125.67139058768,1373.1865909044718,0,92056.0,92143.2,0.0,0.0,0.0,0.0,-0.7041553196751551,-0.23184813455696351,92142.6,92058.1,,,
2024-11-18 23:14:00+00:00,90951.9,90997.6,90939.7,90994.8,18.582,91806.26562649784,0.339599256333232,92499.19758074849,91126.01098984401,1373.1865909044718,0,92056.0,92143.2,0.0,0.0,0.0,0.0,-0.7041553196751551,-0.23184813455696351,92142.6,92058.1,,,
2024-11-18 23:15:00+00:00,90994.8,91000.0,90905.9,90924.8,63.69,91806.60522575417,0.339599256333232,92499.53718000482,91126.35058910034,1373.1865909044718,0,92056.0,92143.2,0.0,0.0,0.0,0.0,-0.7041553196751551,-0.23184813455696351,92142.6,92058.1,,,
2024-11-18 23:16:00+00:00,90924.8,90937.4,90839.0,90847.8,22.586,91806.9448250105,0.339599256333232,92499.87677926115,91126.69018835668,1373.1865909044718,0,92056.0,92143.2,0.0,0.0,0.0,0.0,-0.7041553196751551,-0.23184813455696351,92142.6,92058.1,,,
2024-11-18 23:17:00+00:00,90847.8,90847.9,90758.0,90758.1,57.823,91807.28442426684,0.339599256333232,92500.21637851748,91127.029787613,1373.1865909044718,0,92056.0,92143.2,0.0,0.0,0.0,0.0,-0.7041553196751551,-0.23184813455696351,92142.6,92058.1,,,
2024-11-18 23:18:00+00:00,90758.1,90812.5,90755.0,90755.0,35.921,91807.62402352318,0.339599256333232,92500.55597777382,91127.36938686935,1373.1865909044718,0,92056.0,92143.2,0.0,0.0,0.0,0.0,-0.7041553196751551,-0.23184813455696351,92142.6,92058.1,,,
2024-11-18 23:19:00+00:00,90755.0,90790.0,90742.1,90742.2,43.524,91807.96362277951,0.339599256333232,92500.89557703015,91127.70898612568,1373.1865909044718,0,92056.0,92143.2,0.0,0.0,0.0,0.0,-0.7041553196751551,-0.23184813455696351,92142.6,92058.1,,,
2024-11-18 23:20:00+00:00,90742.2,90742.2,90638.1,90698.7,175.344,91808.30322203584,0.339599256333232,92501.23517628649,91128.04858538201,1373.1865909044718,0,92056.0,92143.2,0.0,0.0,0.0,0.0,-0.7041553196751551,-0.23184813455696351,92142.6,92058.1,,,
2024-11-18 23:21:00+00:00,90698.7,90771.0,90679.7,90729.9,105.602,91808.64282129217,0.339599256333232,92501.57477554282,91128.38818463834,1373.1865909044718,0,92056.0,92143.2,0.0,0.0,0.0,0.0,-0.7041553196751551,-0.23184813455696351,92142.6,92058.1,,,
2024-11-18 23:22:00+00:00,90729.9,90730.0,90656.3,90697.3,60.541,91808.9824205485,0.339599256333232,92501.91437479915,91128.72778389468,1373.1865909044718,0,92056.0,92143.2,0.0,0.0,0.0,0.0,-0.7041553196751551,-0.23184813455696351,92142.6,92058.1,,,
2024-11-18 23:23:00+00:00,90697.3,90697.3,90569.6,90569.7,96.99,91809.32201980484,0.339599256333232,92502.25397405548,91129.067383151,1373.1865909044718,0,92056.0,92143.2,0.0,0.0,0.0,0.0,-0.7041553196751551,-0.23184813455696351,92142.6,92058.1,,,
2024-11-18 23:24:00+00:00,90569.7,90602.4,90524.0,90524.1,104.585,91809.66161906117,0.339599256333232,92502.59357331181,91129.40698240734,1373.1865909044718,0,92056.0,92143.2,0.0,0.0,0.0,0.0,-0.7041553196751551,-0.23184813455696351,92142.6,92058.1,,,
2024-11-18 23:25:00+00:00,90524.1,90546.4,90500.0,90504.5,228.368,91810.00121831751,0.339599256333232,92502.93317256815,91129.74658166368,1373.1865909044718,0,92056.0,92143.2,0.0,0.0,0.0,0.0,-0.7041553196751551,-0.23184813455696351,92142.6,92058.1,,,
2024-11-18 23:26:00+00:00,90504.5,90519.6,90413.3,90423.7,587.586,91810.34081757384,0.339599256333232,92503.27277182449,91130.08618092001,1373.1865909044718,0,92056.0,92143.2,0.0,0.0,0.0,0.0,-0.7041553196751551,-0.23184813455696351,92142.6,92058.1,,,
2024-11-18 23:27:00+00:00,90423.7,90425.9,90400.0,90402.2,156.081,91810.68041683018,0.339599256333232,92503.61237108082,91130.42578017635,1373.1865909044718,0,92056.0,92143.2,0.0,0.0,0.0,0.0,-0.7041553196751551,-0.23184813455696351,92142.6,92058.1,,,
2024-11-18 23:28:00+00:00,90402.2,90451.8,90355.0,90355.1,154.514,91811.0200160865,0.339599256333232,92503.95197033715,91130.76537943268,1373.1865909044718,0,92056.0,92143.2,0.0,0.0,0.0,0.0,-0.7041553196751551,-0.23184813455696351,92142.6,92058.1,,,
2024-11-18 23:29:00+00:00,90355.1,90407.3,90317.0,90317.0,110.454,91811.35961534284,0.339599256333232,92504.29156959348,91131.104978689,1373.1865909044718,0,92056.0,92143.2,0.0,0.0,0.0,0.0,-0.7041553196751551,-0.23184813455696351,92142.6,92058.1,,,
2024-11-18 23:30:00+00:00,90317.0,90446.2,90303.7,90397.4,102.304,91811.69921459917,0.339599256333232,92504.63116884981,91131.44457794534,1373.1865909044718,-1,92056.0,92143.2,0.0,827.744577945341,0.0,0.6027910434226812,-0.7041553196751551,-0.23184813455696351,92142.6,92058.1,,,
2024-11-18 23:31:00+00:00,90397.4,90581.3,90382.0,90524.2,211.722,91812.03881385551,0.339599256333232,92504.97076810616,91131.78417720168,1373.1865909044718,0,92056.0,92143.2,0.0,0.0,0.0,0.0,-0.7041553196751551,-0.23184813455696351,92142.6,92058.1,,,
2024-11-18 23:32:00+00:00,90524.2,90524.7,90428.9,90428.9,69.191,91812.37841311184,0.339599256333232,92505.31036736249,91132.12377645801,1373.1865909044718,0,92056.0,92143.2,0.0,0.0,0.0,0.0,-0.7041553196751551,-0.23184813455696351,92142.6,92058.1,,,
2024-11-18 23:33:00+00:00,90428.9,90554.7,90428.9,90493.8,103.091,91812.71801236818,0.339599256333232,92505.64996661882,91132.46337571435,1373.1865909044718,0,92056.0,92143.2,0.0,0.0,0.0,0.0,-0.7041553196751551,-0.23184813455696351,92142.6,92058.1,,,
2024-11-18 23:34:00+00:00,90493.8,90685.2,90468.0,90645.0,338.807,91813.0576116245,0.339599256333232,92505.98956587515,91132.80297497068,1373.1865909044718,1,92056.0,92143.2,-1820.7895658751513,0.0,-1.3259593255100595,0.0,-0.7041553196751551,-0.23184813455696351,92142.6,92058.1,,,
2024-11-18 23:35:00+00:00,90645.0,90654.2,90566.3,90618.1,111.197,91813.39721088084,0.339599256333232,92506.32916513148,91133.14257422701,1373.1865909044718,0,92056.0,92143.2,0.0,0.0,0.0,0.0,-0.7041553196751551,-0.23184813455696351,92142.6,92058.1,,,
2024-11-18 23:36:00+00:00,90618.1,90639.1,90529.0,90622.3,107.288,91813.73681013717,0.339599256333232,92506.66876438781,91133.48217348334,1373.1865909044718,0,92056.0,92143.2,0.0,0.0,0.0,0.0,-0.7041553196751551,-0.23184813455696351,92142.6,92058.1,,,
2024-11-18 23:37:00+00:00,90622.3,90642.9,90575.7,90622.4,61.275,91814.0764093935,0.339599256333232,92507.00836364414,91133.82177273967,1373.1865909044718,0,92056.0,92143.2,0.0,0.0,0.0,0.0,-0.7041553196751551,-0.23184813455696351,92142.6,92058.1,,,
2024-11-18 23:38:00+00:00,90622.4,90635.4,90551.0,90569.2,38.206,91814.41600864985,0.339599256333232,92507.34796290049,91134.16137199602,1373.1865909044718,0,92056.0,92143.2,0.0,0.0,0.0,0.0,-0.7041553196751551,-0.23184813455696351,92142.6,92058.1,,,
2024-11-18 23:39:00+00:00,90569.2,90581.2,90531.0,90576.4,55.971,91814.75560790618,0.339599256333232,92507.68756215682,91134.50097125235,1373.1865909044718,0,92056.0,92143.2,0.0,0.0,0.0,0.0,-0.7041553196751551,-0.23184813455696351,92142.6,92058.1,,,
2024-11-18 23:40:00+00:00,90576.4,90601.1,90531.0,90550.0,47.078,91815.0952071625,0.339599256333232,92508.02716141315,91134.84057050868,1373.1865909044718,0,92056.0,92143.2,0.0,0.0,0.0,0.0,-0.7041553196751551,-0.23184813455696351,92142.6,92058.1,,,
2024-11-18 23:41:00+00:00,90550.0,90733.1,90550.0,90716.3,93.343,91815.43480641884,0.339599256333232,92508.36676066948,91135.18016976501,1373.1865909044718,0,92056.0,92143.2,0.0,0.0,0.0,0.0,-0.7041553196751551,-0.23184813455696351,92142.6,92058.1,,,
2024-11-18 23:42:00+00:00,90716.3,90765.9,90716.3,90725.5,71.36,91815.77440567517,0.339599256333232,92508.70635992581,91135.51976902134,1373.1865909044718,0,92056.0,92143.2,0.0,0.0,0.0,0.0,-0.7041553196751551,-0.23184813455696351,92142.6,92058.1,,,
2024-11-18 23:43:00+00:00,90725.5,90774.6,90700.8,90751.4,67.213,91816.1140049315,0.339599256333232,92509.04595918214,91135.85936827767,1373.1865909044718,1,92056.0,92143.2,-1734.445959182136,0.0,-1.2630810486138775,0.0,-0.7041553196751551,-0.23184813455696351,92142.6,92058.1,,,
2024-11-18 23:44:00+00:00,90751.4,90765.2,90664.7,90690.7,37.763,91816.45360418785,0.339599256333232,92509.38555843849,91136.19896753402,1373.1865909044718,0,92056.0,92143.2,0.0,0.0,0.0,0.0,-0.7041553196751551,-0.23184813455696351,92142.6,92058.1,,,
2024-11-18 23:45:00+00:00,90690.7,90701.9,90649.2,90691.9,36.735,91816.79320344418,0.339599256333232,92509.72515769482,91136.53856679035,1373.1865909044718,0,92056.0,92143.2,0.0,0.0,0.0,0.0,-0.7041553196751551,-0.23184813455696351,92142.6,92058.1,,,
2024-11-18 23:46:00+00:00,90691.9,90691.9,90471.0,90530.8,94.71,91817.13280270051,0.339599256333232,92510.06475695115,91136.87816604668,1373.1865909044718,0,92056.0,92143.2,0.0,0.0,0.0,0.0,-0.7041553196751551,-0.23184813455696351,92142.6,92058.1,,,
2024-11-18 23:47:00+00:00,90530.8,90562.8,90477.3,90550.7,37.175,91817.47240195684,0.339599256333232,92510.40435620748,91137.21776530301,1373.1865909044718,0,92056.0,92143.2,0.0,0.0,0.0,0.0,-0.7041553196751551,-0.23184813455696351,92142.6,92058.1,,,
2024-11-18 23:48:00+00:00,90550.7,90563.0,90500.0,90535.8,26.099,91817.81200121317,0.339599256333232,92510.74395546381,91137.55736455934,1373.1865909044718,0,92056.0,92143.2,0.0,0.0,0.0,0.0,-0.7041553196751551,-0.23184813455696351,92142.6,92058.1,,,
2024-11-18 23:49:00+00:00,90535.8,90592.1,90507.2,90574.3,22.638,91818.1516004695,0.339599256333232,92511.08355472014,91137.89696381567,1373.1865909044718,0,92056.0,92143.2,0.0,0.0,0.0,0.0,-0.7041553196751551,-0.23184813455696351,92142.6,92058.1,,,
2024-11-18 23:50:00+00:00,90574.3,90574.4,90500.0,90548.9,31.08,91818.49119972583,0.339599256333232,92511.42315397647,91138.236563072,1373.1865909044718,0,92056.0,92143.2,0.0,0.0,0.0,0.0,-0.7041553196751551,-0.23184813455696351,92142.6,92058.1,,,
2024-11-18 23:51:00+00:00,90548.9,90562.3,90464.4,90537.3,31.279,91818.83079898218,0.339599256333232,92511.76275323282,91138.57616232835,1373.1865909044718,-1,92056.0,92143.2,0.0,674.1761623283528,0.0,0.490957432000771,-0.7041553196751551,-0.23184813455696351,92142.6,92058.1,,,
2024-11-18 23:52:00+00:00,90537.3,90568.3,90500.0,90539.0,26.215,91819.17039823851,0.339599256333232,92512.10235248915,91138.91576158468,1373.1865909044718,0,92056.0,92143.2,0.0,0.0,0.0,0.0,-0.7041553196751551,-0.23184813455696351,92142.6,92058.1,,,
2024-11-18 23:53:00+00:00,90539.0,90580.9,90501.6,90531.0,16.454,91819.50999749484,0.339599256333232,92512.44195174548,91139.25536084101,1373.1865909044718,0,92056.0,92143.2,0.0,0.0,0.0,0.0,-0.7041553196751551,-0.23184813455696351,92142.6,92058.1,,,
2024-11-18 23:54:00+00:00,90531.0,90622.6,90501.0,90610.7,25.396,91819.84959675117,0.339599256333232,92512.78155100181,91139.59496009734,1373.1865909044718,1,92056.0,92143.2,-1890.181551001806,0.0,-1.3764928695937868,0.0,-0.7041553196751551,-0.23184813455696351,92142.6,92058.1,,,
2024-11-18 23:55:00+00:00,90610.7,90610.7,90541.7,90584.3,26.254,91820.1891960075,0.339599256333232,92513.12115025814,91139.93455935367,1373.1865909044718,0,92056.0,92143.2,0.0,0.0,0.0,0.0,-0.7041553196751551,-0.23184813455696351,92142.6,92058.1,,,
2024-11-18 23:56:00+00:00,90584.3,90621.2,90544.3,90611.4,25.883,91820.52879526383,0.339599256333232,92513.46074951447,91140.27415861,1373.1865909044718,0,92056.0,92143.2,0.0,0.0,0.0,0.0,-0.7041553196751551,-0.23184813455696351,92142.6,92058.1,,,
2024-11-18 23:57:00+00:00,90611.4,90616.8,90565.6,90565.6,13.276,91820.86839452018,0.339599256333232,92513.80034877082,91140.61375786635,1373.1865909044718,0,92056.0,92143.2,0.0,0.0,0.0,0.0,-0.7041553196751551,-0.23184813455696351,92142.6,92058.1,,,
2024-11-18 23:58:00+00:00,90565.6,90584.3,90544.5,90549.9,17.043,91821.20799377651,0.339599256333232,92514.13994802715,91140.95335712268,1373.1865909044718,0,92056.0,92143.2,0.0,0.0,0.0,0.0,-0.7041553196751551,-0.23184813455696351,92142.6,92058.1,,,
2024-11-18 23:59:00+00:00,90549.9,90568.5,90526.3,90535.0,18.415,91821.54759303284,0.339599256333232,92514.47954728348,91141.29295637901,1373.1865909044718,0,92056.0,92143.2,0.0,0.0,0.0,0.0,-0.7041553196751551,-0.23184813455696351,92142.6,92058.1,,,
2024-11-19 00:00:00+00:00,90535.0,90557.0,90444.7,90547.0,114.302,91821.88719228917,0.339599256333232,92514.81914653981,91141.63255563534,1373.1865909044718,0,92056.0,92143.2,0.0,0.0,0.0,0.0,-0.7041553196751551,-0.23184813455696351,92142.6,92058.1,,,
2024-11-19 00:01:00+00:00,90547.0,90556.2,90457.4,90491.2,33.309,91822.2267915455,0.339599256333232,92515.15874579614,91141.97215489167,1373.1865909044718,0,92056.0,92143.2,0.0,0.0,0.0,0.0,-0.7041553196751551,-0.23184813455696351,92142.6,92058.1,,,
2024-11-19 00:02:00+00:00,90491.2,90511.8,90443.4,90452.6,50.43,91822.56639080183,0.339599256333232,92515.49834505247,91142.311754148,1373.1865909044718,0,92056.0,92143.2,0.0,0.0,0.0,0.0,-0.7041553196751551,-0.23184813455696351,92142.6,92058.1,,,
2024-11-19 00:03:00+00:00,90452.6,90490.1,90438.2,90485.0,45.225,91822.90599005816,0.339599256333232,92515.8379443088,91142.65135340433,1373.1865909044718,0,92056.0,92143.2,0.0,0.0,0.0,0.0,-0.7041553196751551,-0.23184813455696351,92142.6,92058.1,,,
2024-11-19 00:04:00+00:00,90485.0,90561.2,90450.0,90450.1,41.191,91823.24558931451,0.339599256333232,92516.17754356515,91142.99095266068,1373.1865909044718,0,92056.0,92143.2,0.0,0.0,0.0,0.0,-0.7041553196751551,-0.23184813455696351,92142.6,92058.1,,,
2024-11-19 00:05:00+00:00,90450.1,90559.1,90435.9,90547.9,43.518,91823.58518857084,0.339599256333232,92516.51714282148,91143.33055191701,1373.1865909044718,-1,92056.0,92143.2,0.0,707.4305519170157,0.0,0.5151743809638099,-0.7041553196751551,-0.23184813455696351,92142.6,92058.1,,,
2024-11-19 00:06:00+00:00,90547.9,90623.6,90544.6,90600.0,48.837,91823.92478782717,0.339599256333232,92516.85674207781,91143.67015117334,1373.1865909044718,0,92056.0,92143.2,0.0,0.0,0.0,0.0,-0.7041553196751551,-0.23184813455696351,92142.6,92058.1,,,
2024-11-19 00:07:00+00:00,90600.0,90739.4,90573.7,90719.5,92.698,91824.2643870835,0.339599256333232,92517.19634133414,91144.00975042967,1373.1865909044718,1,92056.0,92143.2,-1777.7963413341495,0.0,-1.2946502340684631,0.0,-0.7041553196751551,-0.23184813455696351,92142.6,92058.1,,,
2024-11-19 00:08:00+00:00,90719.5,90734.5,90623.4,90669.5,74.71,91824.60398633983,0.339599256333232,92517.53594059047,91144.349349686,1373.1865909044718,0,92056.0,92143.2,0.0,0.0,0.0,0.0,-0.7041553196751551,-0.23184813455696351,92142.6,92058.1,,,
2024-11-19 00:09:00+00:00,90669.5,90676.0,90633.0,90663.1,27.319,91824.94358559616,0.339599256333232,92517.8755398468,91144.68894894233,1373.1865909044718,0,92056.0,92143.2,0.0,0.0,0.0,0.0,-0.7041553196751551,-0.23184813455696351,92142.6,92058.1,,,
2024-11-19 00:10:00+00:00,90663.1,90683.4,90636.0,90660.3,17.521,91825.28318485251,0.339599256333232,92518.21513910315,91145.02854819868,1373.1865909044718,0,92056.0,92143.2,0.0,0.0,0.0,0.0,-0.7041553196751551,-0.23184813455696351,92142.6,92058.1,,,
2024-11-19 00:11:00+00:00,90660.3,90660.3,90584.8,90584.9,21.64,91825.62278410884,0.339599256333232,92518.55473835948,91145.36814745501,1373.1865909044718,0,92056.0,92143.2,0.0,0.0,0.0,0.0,-0.7041553196751551,-0.23184813455696351,92142.6,92058.1,,,
2024-11-19 00:12:00+00:00,90584.9,90649.4,90563.3,90600.1,18.89,91825.96238336517,0.339599256333232,92518.89433761581,91145.70774671134,1373.1865909044718,0,92056.0,92143.2,0.0,0.0,0.0,0.0,-0.7041553196751551,-0.23184813455696351,92142.6,92058.1,,,
2024-11-19 00:13:00+00:00,90600.1,90644.0,90577.6,90610.0,18.948,91826.3019826215,0.339599256333232,92519.23393687214,91146.04734596767,1373.1865909044718,0,92056.0,92143.2,0.0,0.0,0.0,0.0,-0.7041553196751551,-0.23184813455696351,92142.6,92058.1,,,
2024-11-19 00:14:00+00:00,90610.0,90629.0,90592.2,90601.0,6.038,91826.64158187783,0.339599256333232,92519.57353612848,91146.386945224,1373.1865909044718,0,92056.0,92143.2,0.0,0.0,0.0,0.0,-0.7041553196751551,-0.23184813455696351,92142.6,92058.1,,,
2024-11-19 00:15:00+00:00,90601.0,90607.0,90551.4,90580.1,61.996,91826.98118113416,0.339599256333232,92519.9131353848,91146.72654448033,1373.1865909044718,0,92056.0,92143.2,0.0,0.0,0.0,0.0,-0.7041553196751551,-0.23184813455696351,92142.6,92058.1,,,
2024-11-19 00:16:00+00:00,90580.1,90607.0,90568.1,90607.0,24.575,91827.3207803905,0.339599256333232,92520.25273464114,91147.06614373667,1373.1865909044718,0,92056.0,92143.2,0.0,0.0,0.0,0.0,-0.7041553196751551,-0.23184813455696351,92142.6,92058.1,,,
2024-11-19 00:17:00+00:00,90607.0,90649.8,90580.4,90635.9,21.155,91827.66037964684,0.339599256333232,92520.59233389748,91147.40574299301,1373.1865909044718,0,92056.0,92143.2,0.0,0.0,0.0,0.0,-0.7041553196751551,-0.23184813455696351,92142.6,92058.1,,,
2024-11-19 00:18:00+00:00,90635.9,90685.3,90617.2,90668.3,24.669,91827.99997890317,0.339599256333232,92520.93193315381,91147.74534224934,1373.1865909044718,0,92056.0,92143.2,0.0,0.0,0.0,0.0,-0.7041553196751551,-0.23184813455696351,92142.6,92058.1,,,
2024-11-19 00:19:00+00:00,90668.3,90703.1,90616.8,90691.9,75.072,91828.3395781595,0.339599256333232,92521.27153241014,91148.08494150567,1373.1865909044718,0,92056.0,92143.2,0.0,0.0,0.0,0.0,-0.7041553196751551,-0.23184813455696351,92142.6,92058.1,,,
2024-11-19 00:20:00+00:00,90691.9,90743.7,90640.5,90640.5,62.402,91828.67917741583,0.339599256333232,92521.61113166648,91148.424540762,1373.1865909044718,1,92056.0,92143.2,-1777.9111316664785,0.0,-1.2947338281940461,0.0,-0.7041553196751551,-0.23184813455696351,92142.6,92058.1,,,
2024-11-19 00:21:00+00:00,90640.5,90640.5,90536.3,90541.9,40.442,91829.01877667216,0.339599256333232,92521.9507309228,91148.76414001833,1373.1865909044718,0,92056.0,92143.2,0.0,0.0,0.0,0.0,-0.7041553196751551,-0.23184813455696351,92142.6,92058.1,,,
2024-11-19 00:22:00+00:00,90541.9,90610.4,90520.1,90562.8,36.609,91829.3583759285,0.339599256333232,92522.29033017914,91149.10373927467,1373.1865909044718,-1,92056.0,92143.2,0.0,629.0037392746599,0.0,0.4580613759564578,-0.7041553196751551,-0.23184813455696351,92142.6,92058.1,,,
2024-11-19 00:23:00+00:00,90562.8,90594.2,90543.8,90565.3,29.369,91829.69797518484,0.339599256333232,92522.62992943548,91149.44333853101,1373.1865909044718,0,92056.0,92143.2,0.0,0.0,0.0,0.0,-0.7041553196751551,-0.23184813455696351,92142.6,92058.1,,,
2024-11-19 00:24:00+00:00,90565.3,90595.4,90553.6,90584.4,34.544,91830.03757444117,0.339599256333232,92522.96952869181,91149.78293778734,1373.1865909044718,0,92056.0,92143.2,0.0,0.0,0.0,0.0,-0.7041553196751551,-0.23184813455696351,92142.6,92058.1,,,
2024-11-19 00:25:00+00:00,90584.4,90736.0,90580.5,90679.9,210.408,91830.3771736975,0.339599256333232,92523.30912794815,91150.12253704367,1373.1865909044718,0,92056.0,92143.2,0.0,0.0,0.0,0.0,-0.7041553196751551,-0.23184813455696351,92142.6,92058.1,,,
2024-11-19 00:26:00+00:00,90679.9,90687.3,90654.8,90679.2,20.543,91830.71677295383,0.339599256333232,92523.64872720448,91150.4621363,1373.1865909044718,0,92056.0,92143.2,0.0,0.0,0.0,0.0,-0.7041553196751551,-0.23184813455696351,92142.6,92058.1,,,
2024-11-19 00:27:00+00:00,90679.2,90765.1,90671.5,90712.1,58.257,91831.05637221017,0.339599256333232,92523.9883264608,91150.80173555634,1373.1865909044718,1,92056.0,92143.2,-1758.8883264608012,0.0,-1.2808807907906241,0.0,-0.7041553196751551,-0.23184813455696351,92142.6,92058.1,,,
2024-11-19 00:28:00+00:00,90712.1,90736.1,90680.0,90680.1,40.245,91831.3959714665,0.339599256333232,92524.32792571714,91151.14133481267,1373.1865909044718,0,92056.0,92143.2,0.0,0.0,0.0,0.0,-0.7041553196751551,-0.23184813455696351,92142.6,92058.1,,,
2024-11-19 00:29:00+00:00,90680.1,90680.1,90650.0,90650.0,12.421,91831.73557072283,0.339599256333232,92524.66752497347,91151.480934069,1373.1865909044718,0,92056.0,92143.2,0.0,0.0,0.0,0.0,-0.7041553196751551,-0.23184813455696351,92142.6,92058.1,,,
2024-11-19 00:30:00+00:00,90650.0,90675.1,90630.1,90657.6,17.537,91832.07516997917,0.339599256333232,92525.00712422981,91151.82053332534,1373.1865909044718,0,92056.0,92143.2,0.0,0.0,0.0,0.0,-0.7041553196751551,-0.23184813455696351,92142.6,92058.1,,,
2024-11-19 00:31:00+00:00,90657.6,90657.6,90540.6,90540.6,32.275,91832.4147692355,0.339599256333232,92525.34672348615,91152.16013258167,1373.1865909044718,0,92056.0,92143.2,0.0,0.0,0.0,0.0,-0.7041553196751551,-0.23184813455696351,92142.6,92058.1,,,
2024-11-19 00:32:00+00:00,90540.6,90580.0,90475.5,90569.0,98.256,91832.75436849183,0.339599256333232,92525.68632274248,91152.499731838,1373.1865909044718,-1,92056.0,92143.2,0.0,676.9997318380047,0.0,0.49301364892595384,-0.7041553196751551,-0.23184813455696351,92142.6,92058.1,,,
2024-11-19 00:33:00+00:00,90569.0,90640.0,90561.8,90608.7,23.713,91833.09396774817,0.339599256333232,92526.02592199881,91152.83933109434,1373.1865909044718,0,92056.0,92143.2,0.0,0.0,0.0,0.0,-0.7041553196751551,-0.23184813455696351,92142.6,92058.1,,,
2024-11-19 00:34:00+00:00,90608.7,90684.3,90585.0,90682.7,29.885,91833.4335670045,0.339599256333232,92526.36552125514,91153.17893035067,1373.1865909044718,0,92056.0,92143.2,0.0,0.0,0.0,0.0,-0.7041553196751551,-0.23184813455696351,92142.6,92058.1,,,
2024-11-19 00:35:00+00:00,90682.7,90750.0,90655.0,90655.0,47.809,91833.77316626083,0.339599256333232,92526.70512051147,91153.518529607,1373.1865909044718,0,92056.0,92143.2,0.0,0.0,0.0,0.0,-0.7041553196751551,-0.23184813455696351,92142.6,92058.1,,,
2024-11-19 00:36:00+00:00,90655.0,90727.3,90649.8,90727.3,32.596,91834.11276551717,0.339599256333232,92527.04471976781,91153.85812886334,1373.1865909044718,0,92056.0,92143.2,0.0,0.0,0.0,0.0,-0.7041553196751551,-0.23184813455696351,92142.6,92058.1,,,
2024-11-19 00:37:00+00:00,90727.3,90823.0,90727.3,90823.0,107.924,91834.4523647735,0.339599256333232,92527.38431902415,91154.19772811967,1373.1865909044718,0,92056.0,92143.2,0.0,0.0,0.0,0.0,-0.7041553196751551,-0.23184813455696351,92142.6,92058.1,,,
2024-11-19 00:38:00+00:00,90823.0,90884.2,90823.0,90840.4,127.559,91834.79196402984,0.339599256333232,92527.72391828048,91154.537327376,1373.1865909044718,0,92056.0,92143.2,0.0,0.0,0.0,0.0,-0.7041553196751551,-0.23184813455696351,92142.6,92058.1,,,
2024-11-19 00:39:00+00:00,90840.4,90859.1,90765.9,90840.6,64.204,91835.13156328617,0.339599256333232,92528.06351753681,91154.87692663234,1373.1865909044718,0,92056.0,92143.2,0.0,0.0,0.0,0.0,-0.7041553196751551,-0.23184813455696351,92142.6,92058.1,,,
2024-11-19 00:40:00+00:00,90840.6,90928.1,90828.9,90891.6,93.518,91835.4711625425,0.339599256333232,92528.40311679314,91155.21652588867,1373.1865909044718,0,92056.0,92143.2,0.0,0.0,0.0,0.0,-0.7041553196751551,-0.23184813455696351,92142.6,92058.1,,,
2024-11-19 00:41:00+00:00,90891.6,90925.1,90847.0,90854.9,182.935,91835.81076179883,0.339599256333232,92528.74271604947,91155.556125145,1373.1865909044718,0,92056.0,92143.2,0.0,0.0,0.0,0.0,-0.7041553196751551,-0.23184813455696351,92142.6,92058.1,,,
2024-11-19 00:42:00+00:00,90854.9,90909.6,90854.9,90900.1,36.097,91836.15036105516,0.339599256333232,92529.0823153058,91155.89572440133,1373.1865909044718,0,92056.0,92143.2,0.0,0.0,0.0,0.0,-0.7041553196751551,-0.23184813455696351,92142.6,92058.1,,,
2024-11-19 00:43:00+00:00,90900.1,90938.0,90900.1,90930.7,79.142,91836.4899603115,0.339599256333232,92529.42191456215,91156.23532365767,1373.1865909044718,0,92056.0,92143.2,0.0,0.0,0.0,0.0,-0.7041553196751551,-0.23184813455696351,92142.6,92058.1,,,
2024-11-19 00:44:00+00:00,90930.7,90942.0,90900.0,90942.0,55.473,91836.82955956784,0.339599256333232,92529.76151381848,91156.574922914,1373.1865909044718,0,92056.0,92143.2,0.0,0.0,0.0,0.0,-0.7041553196751551,-0.23184813455696351,92142.6,92058.1,,,
2024-11-19 00:45:00+00:00,90942.0,90942.0,90893.1,90901.3,49.805,91837.16915882417,0.339599256333232,92530.10111307481,91156.91452217034,1373.1865909044718,0,92056.0,92143.2,0.0,0.0,0.0,0.0,-0.7041553196751551,-0.23184813455696351,92142.6,92058.1,,,
2024-11-19 00:46:00+00:00,90901.3,90933.0,90860.7,90874.7,29.544,91837.5087580805,0.339599256333232,92530.44071233114,91157.25412142667,1373.1865909044718,0,92056.0,92143.2,0.0,0.0,0.0,0.0,-0.7041553196751551,-0.23184813455696351,92142.6,92058.1,,,
2024-11-19 00:47:00+00:00,90874.7,90877.4,90811.7,90845.6,42.856,91837.84835733683,0.339599256333232,92530.78031158747,91157.593720683,1373.1865909044718,-1,92056.0,92143.2,0.0,345.89372068300145,0.0,0.25189127462654065,-0.7041553196751551,-0.23184813455696351,92142.6,92058.1,,,
2024-11-19 00:48:00+00:00,90845.6,90940.6,90844.4,90930.2,27.652,91838.18795659316,0.339599256333232,92531.1199108438,91157.93331993933,1373.1865909044718,0,92056.0,92143.2,0.0,0.0,0.0,0.0,-0.7041553196751551,-0.23184813455696351,92142.6,92058.1,,,
2024-11-19 00:49:00+00:00,90930.2,90999.9,90930.2,90999.9,93.443,91838.5275558495,0.339599256333232,92531.45951010015,91158.27291919568,1373.1865909044718,0,92056.0,92143.2,0.0,0.0,0.0,0.0,-0.7041553196751551,-0.23184813455696351,92142.6,92058.1,,,
2024-11-19 00:50:00+00:00,90999.9,91036.9,90964.1,91034.9,84.857,91838.86715510584,0.339599256333232,92531.79910935648,91158.612518452,1373.1865909044718,0,92056.0,92143.2,0.0,0.0,0.0,0.0,-0.7041553196751551,-0.23184813455696351,92142.6,92058.1,,,
2024-11-19 00:51:00+00:00,91034.9,91174.9,91034.9,91113.5,192.382,91839.20675436217,0.339599256333232,92532.13870861281,91158.95211770834,1373.1865909044718,0,92056.0,92143.2,0.0,0.0,0.0,0.0,-0.7041553196751551,-0.23184813455696351,92142.6,92058.1,,,
2024-11-19 00:52:00+00:00,91113.5,91250.0,91015.1,91209.9,197.752,91839.5463536185,0.339599256333232,92532.47830786914,91159.29171696467,1373.1865909044718,0,92056.0,92143.2,0.0,0.0,0.0,0.0,-0.7041553196751551,-0.23184813455696351,92142.6,92058.1,,,
2024-11-19 00:53:00+00:00,91209.9,91285.5,91140.6,91238.9,123.643,91839.88595287483,0.339599256333232,92532.81790712547,91159.631316221,1373.1865909044718,0,92056.0,92143.2,0.0,0.0,0.0,0.0,-0.7041553196751551,-0.23184813455696351,92142.6,92058.1,,,
2024-11-19 00:54:00+00:00,91238.9,91268.5,91231.3,91268.5,54.159,91840.22555213116,0.339599256333232,92533.1575063818,91159.97091547733,1373.1865909044718,0,92056.0,92143.2,0.0,0.0,0.0,0.0,-0.7041553196751551,-0.23184813455696351,92142.6,92058.1,,,
2024-11-19 00:55:00+00:00,91268.5,91292.3,91217.0,91217.0,42.336,91840.56515138749,0.339599256333232,92533.49710563813,91160.31051473366,1373.1865909044718,1,92056.0,92143.2,-1241.1971056381299,0.0,-0.9038808810538961,0.0,-0.7041553196751551,-0.23184813455696351,92142.6,92058.1,,,
2024-11-19 00:56:00+00:00,91217.0,91286.0,91217.0,91264.7,42.548,91840.90475064384,0.339599256333232,92533.83670489448,91160.65011399,1373.1865909044718,0,92056.0,92143.2,0.0,0.0,0.0,0.0,-0.7041553196751551,-0.23184813455696351,92142.6,92058.1,,,
2024-11-19 00:57:00+00:00,91264.7,91264.7,91121.7,91121.7,61.016,91841.24434990017,0.339599256333232,92534.17630415081,91160.98971324634,1373.1865909044718,0,92056.0,92143.2,0.0,0.0,0.0,0.0,-0.7041553196751551,-0.23184813455696351,92142.6,92058.1,,,
2024-11-19 00:58:00+00:00,91121.7,91160.4,91078.1,91101.3,114.883,91841.5839491565,0.339599256333232,92534.51590340714,91161.32931250267,1373.1865909044718,0,92056.0,92143.2,0.0,0.0,0.0,0.0,-0.7041553196751551,-0.23184813455696351,92142.6,92058.1,,,
2024-11-19 00:59:00+00:00,91101.3,91123.8,91055.6,91115.8,90.889,91841.92354841283,0.339599256333232,92534.85550266347,91161.668911759,1373.1865909044718,0,92056.0,92143.2,0.0,0.0,0.0,0.0,-0.7041553196751551,-0.23184813455696351,92142.6,92058.1,,,
2024-11-19 01:00:00+00:00,91115.8,91196.5,91102.0,91196.5,41.951,91842.26314766916,0.339599256333232,92535.1951019198,91162.00851101533,1373.1865909044718,0,92056.0,92143.2,0.0,0.0,0.0,0.0,-0.7041553196751551,-0.23184813455696351,92142.6,92058.1,,,
2024-11-19 01:01:00+00:00,91196.5,91257.7,91184.7,91257.0,63.341,91842.60274692549,0.339599256333232,92535.53470117613,91162.34811027166,1373.1865909044718,0,92056.0,92143.2,0.0,0.0,0.0,0.0,-0.7041553196751551,-0.23184813455696351,92142.6,92058.1,,,
2024-11-19 01:02:00+00:00,91257.0,91273.5,91233.0,91233.3,25.546,91842.94234618184,0.339599256333232,92535.87430043248,91162.687709528,1373.1865909044718,0,92056.0,92143.2,0.0,0.0,0.0,0.0,-0.7041553196751551,-0.23184813455696351,92142.6,92058.1,,,
2024-11-19 01:03:00+00:00,91233.3,91237.6,91199.1,91236.5,22.867,91843.28194543817,0.339599256333232,92536.21389968881,91163.02730878434,1373.1865909044718,0,92056.0,92143.2,0.0,0.0,0.0,0.0,-0.7041553196751551,-0.23184813455696351,92142.6,92058.1,,,
2024-11-19 01:04:00+00:00,91236.5,91236.6,91047.8,91062.5,108.384,91843.6215446945,0.339599256333232,92536.55349894514,91163.36690804067,1373.1865909044718,-1,92056.0,92143.2,0.0,115.56690804066602,0.0,0.08415965376165375,-0.7041553196751551,-0.23184813455696351,92142.6,92058.1,,,
2024-11-19 01:05:00+00:00,91062.5,91172.4,91062.5,91171.6,39.899,91843.96114395083,0.339599256333232,92536.89309820147,91163.706507297,1373.1865909044718,0,92056.0,92143.2,0.0,0.0,0.0,0.0,-0.7041553196751551,-0.23184813455696351,92142.6,92058.1,,,
2024-11-19 01:06:00+00:00,91171.6,91296.2,91171.6,91282.3,90.317,91844.30074320716,0.339599256333232,92537.2326974578,91164.04610655333,1373.1865909044718,0,92056.0,92143.2,0.0,0.0,0.0,0.0,-0.7041553196751551,-0.23184813455696351,92142.6,92058.1,,,
2024-11-19 01:07:00+00:00,91282.3,91329.6,91237.4,91237.4,83.999,91844.64034246349,0.339599256333232,92537.57229671413,91164.38570580966,1373.1865909044718,1,92056.0,92143.2,-1207.9722967141279,0.0,-0.8796854737115348,0.0,-0.7041553196751551,-0.23184813455696351,92142.6,92058.1,,,
2024-11-19 01:08:00+00:00,91237.4,91237.4,91100.0,91128.0,63.249,91844.97994171984,0.339599256333232,92537.91189597048,91164.72530506601,1373.1865909044718,0,92056.0,92143.2,0.0,0.0,0.0,0.0,-0.7041553196751551,-0.23184813455696351,92142.6,92058.1,,,
2024-11-19 01:09:00+00:00,91128.0,91156.8,91116.5,91130.6,13.304,91845.31954097617,0.339599256333232,92538.25149522681,91165.06490432234,1373.1865909044718,0,92056.0,92143.2,0.0,0.0,0.0,0.0,-0.7041553196751551,-0.23184813455696351,92142.6,92058.1,,,
2024-11-19 01:10:00+00:00,91130.6,91158.4,91072.7,91111.2,29.344,91845.6591402325,0.339599256333232,92538.59109448314,91165.40450357867,1373.1865909044718,0,92056.0,92143.2,0.0,0.0,0.0,0.0,-0.7041553196751551,-0.23184813455696351,92142.6,92058.1,,,
2024-11-19 01:11:00+00:00,91111.2,91126.8,91074.9,91084.6,12.303,91845.99873948883,0.339599256333232,92538.93069373947,91165.744102835,1373.1865909044718,0,92056.0,92143.2,0.0,0.0,0.0,0.0,-0.7041553196751551,-0.23184813455696351,92142.6,92058.1,,,
2024-11-19 01:12:00+00:00,91084.6,91084.6,91015.2,91028.3,36.383,91846.33833874516,0.339599256333232,92539.2702929958,91166.08370209133,1373.1865909044718,0,92056.0,92143.2,0.0,0.0,0.0,0.0,-0.7041553196751551,-0.23184813455696351,92142.6,92058.1,,,
2024-11-19 01:13:00+00:00,91028.3,91034.0,90978.8,90985.8,76.335,91846.67793800149,0.339599256333232,92539.60989225213,91166.42330134766,1373.1865909044718,0,92056.0,92143.2,0.0,0.0,0.0,0.0,-0.7041553196751551,-0.23184813455696351,92142.6,92058.1,,,
2024-11-19 01:14:00+00:00,90985.8,90985.9,90915.1,90943.3,98.249,91847.01753725782,0.339599256333232,92539.94949150847,91166.762900604,1373.1865909044718,-1,92056.0,92143.2,0.0,251.6629006039875,0.0,0.18326926746220673,-0.7041553196751551,-0.23184813455696351,92142.6,92058.1,,,
2024-11-19 01:15:00+00:00,90943.3,91009.9,90923.6,91003.2,31.52,91847.35713651417,0.339599256333232,92540.28909076481,91167.10249986034,1373.1865909044718,0,92056.0,92143.2,0.0,0.0,0.0,0.0,-0.7041553196751551,-0.23184813455696351,92142.6,92058.1,,,
2024-11-19 01:16:00+00:00,91003.2,91047.1,91000.0,91000.0,34.769,91847.6967357705,0.339599256333232,92540.62869002114,91167.44209911667,1373.1865909044718,0,92056.0,92143.2,0.0,0.0,0.0,0.0,-0.7041553196751551,-0.23184813455696351,92142.6,92058.1,,,
2024-11-19 01:17:00+00:00,91000.0,91060.2,91000.0,91032.6,20.066,91848.03633502683,0.339599256333232,92540.96828927747,91167.781698373,1373.1865909044718,0,92056.0,92143.2,0.0,0.0,0.0,0.0,-0.7041553196751551,-0.23184813455696351,92142.6,92058.1,,,
2024-11-19 01:18:00+00:00,91032.6,91040.1,90986.8,91002.5,20.405,91848.37593428316,0.339599256333232,92541.3078885338,91168.12129762933,1373.1865909044718,0,92056.0,92143.2,0.0,0.0,0.0,0.0,-0.7041553196751551,-0.23184813455696351,92142.6,92058.1,,,
2024-11-19 01:19:00+00:00,91002.5,91060.2,90996.0,91055.7,24.8,91848.7155335395,0.339599256333232,92541.64748779013,91168.46089688566,1373.1865909044718,0,92056.0,92143.2,0.0,0.0,0.0,0.0,-0.7041553196751551,-0.23184813455696351,92142.6,92058.1,,,
2024-11-19 01:20:00+00:00,91055.7,91125.0,91035.6,91124.9,26.762,91849.05513279582,0.339599256333232,92541.98708704647,91168.800496142,1373.1865909044718,0,92056.0,92143.2,0.0,0.0,0.0,0.0,-0.7041553196751551,-0.23184813455696351,92142.6,92058.1,,,
2024-11-19 01:21:00+00:00,91124.9,91200.0,91124.9,91200.0,36.134,91849.39473205217,0.339599256333232,92542.32668630281,91169.14009539834,1373.1865909044718,1,92056.0,92143.2,-1342.3266863028111,0.0,-0.9775267943875462,0.0,-0.7041553196751551,-0.23184813455696351,92142.6,92058.1,,,
2024-11-19 01:22:00+00:00,91200.0,91200.0,91079.7,91079.7,22.014,91849.7343313085,0.339599256333232,92542.66628555914,91169.47969465467,1373.1865909044718,1,92056.0,92143.2,-1342.6662855591421,0.0,-0.9777741018245547,0.0,-0.7041553196751551,-0.23184813455696351,92142.6,92058.1,,,
2024-11-19 01:23:00+00:00,91079.7,91096.0,91055.3,91058.1,12.458,91850.07393056483,0.339599256333232,92543.00588481547,91169.819293911,1373.1865909044718,0,92056.0,92143.2,0.0,0.0,0.0,0.0,-0.7041553196751551,-0.23184813455696351,92142.6,92058.1,,,
2024-11-19 01:24:00+00:00,91058.1,91074.9,91017.2,91050.5,31.67,91850.41352982116,0.339599256333232,92543.3454840718,91170.15889316733,1373.1865909044718,0,92056.0,92143.2,0.0,0.0,0.0,0.0,-0.7041553196751551,-0.23184813455696351,92142.6,92058.1,,,
2024-11-19 01:25:00+00:00,91050.5,91075.7,91034.9,91066.0,9.181,91850.7531290775,0.339599256333232,92543.68508332814,91170.49849242366,1373.1865909044718,0,92056.0,92143.2,0.0,0.0,0.0,0.0,-0.7041553196751551,-0.23184813455696351,92142.6,92058.1,,,
2024-11-19 01:26:00+00:00,91066.0,91077.0,91042.0,91055.4,14.324,91851.09272833382,0.339599256333232,92544.02468258447,91170.83809168,1373.1865909044718,0,92056.0,92143.2,0.0,0.0,0.0,0.0,-0.7041553196751551,-0.23184813455696351,92142.6,92058.1,,,
2024-11-19 01:27:00+00:00,91055.4,91065.8,91040.0,91040.1,8.904,91851.43232759016,0.339599256333232,92544.3642818408,91171.17769093633,1373.1865909044718,0,92056.0,92143.2,0.0,0.0,0.0,0.0,-0.7041553196751551,-0.23184813455696351,92142.6,92058.1,,,
2024-11-19 01:28:00+00:00,91040.1,91076.7,90981.2,90986.4,10.342,91851.7719268465,0.339599256333232,92544.70388109714,91171.51729019267,1373.1865909044718,-1,92056.0,92143.2,0.0,190.31729019267368,0.0,0.13859536020324673,-0.7041553196751551,-0.23184813455696351,92142.6,92058.1,,,
2024-11-19 01:29:00+00:00,90986.4,91039.9,90986.4,91039.9,15.483,91852.11152610283,0.339599256333232,92545.04348035347,91171.856889449,1373.1865909044718,0,92056.0,92143.2,0.0,0.0,0.0,0.0,-0.7041553196751551,-0.23184813455696351,92142.6,92058.1,,,
2024-11-19 01:30:00+00:00,91039.9,91087.9,91037.8,91087.9,18.182,91852.45112535916,0.339599256333232,92545.3830796098,91172.19648870533,1373.1865909044718,1,92056.0,92143.2,-1457.4830796098104,0.0,-1.0613874977105735,0.0,-0.7041553196751551,-0.23184813455696351,92142.6,92058.1,,,
2024-11-19 01:31:00+00:00,91087.9,91087.9,91048.6,91067.3,6.189,91852.7907246155,0.339599256333232,92545.72267886614,91172.53608796166,1373.1865909044718,1,92056.0,92143.2,-1457.8226788661414,0.0,-1.0616348051475821,0.0,-0.7041553196751551,-0.23184813455696351,92142.6,92058.1,,,
2024-11-19 01:32:00+00:00,91067.3,91067.3,90999.1,90999.1,15.298,91853.13032387182,0.339599256333232,92546.06227812247,91172.875687218,1373.1865909044718,0,92056.0,92143.2,0.0,0.0,0.0,0.0,-0.7041553196751551,-0.23184813455696351,92142.6,92058.1,,,
2024-11-19 01:33:00+00:00,90999.1,91045.3,90999.1,91008.9,21.907,91853.46992312816,0.339599256333232,92546.4018773788,91173.21528647433,1373.1865909044718,0,92056.0,92143.2,0.0,0.0,0.0,0.0,-0.7041553196751551,-0.23184813455696351,92142.6,92058.1,,,
2024-11-19 01:34:00+00:00,91008.9,91010.0,90995.2,90995.2,18.317,91853.8095223845,0.339599256333232,92546.74147663514,91173.55488573067,1373.1865909044718,0,92056.0,92143.2,0.0,0.0,0.0,0.0,-0.7041553196751551,-0.23184813455696351,92142.6,92058.1,,,
2024-11-19 01:35:00+00:00,90995.2,91038.6,90995.2,91023.7,11.813,91854.14912164083,0.339599256333232,92547.08107589147,91173.894484987,1373.1865909044718,0,92056.0,92143.2,0.0,0.0,0.0,0.0,-0.7041553196751551,-0.23184813455696351,92142.6,92058.1,,,
2024-11-19 01:36:00+00:00,91023.7,91065.0,90993.9,91013.1,19.036,91854.48872089716,0.339599256333232,92547.4206751478,91174.23408424333,1373.1865909044718,0,92056.0,92143.2,0.0,0.0,0.0,0.0,-0.7041553196751551,-0.23184813455696351,92142.6,92058.1,,,
2024-11-19 01:37:00+00:00,91013.1,91014.6,90982.9,90994.2,8.951,91854.8283201535,0.339599256333232,92547.76027440414,91174.57368349966,1373.1865909044718,0,92056.0,92143.2,0.0,0.0,0.0,0.0,-0.7041553196751551,-0.23184813455696351,92142.6,92058.1,,,
2024-11-19 01:38:00+00:00,90994.2,90994.2,90755.3,90799.7,191.523,91855.16791940983,0.339599256333232,92548.09987366047,91174.913282756,1373.1865909044718,-1,92056.0,92143.2,0.0,419.61328275599226,0.0,0.30557630371237976,-0.7041553196751551,-0.23184813455696351,92142.6,92058.1,,,
2024-11-19 01:39:00+00:00,90799.7,90887.2,90775.4,90887.2,67.265,91855.50751866616,0.339599256333232,92548.4394729168,91175.25288201233,1373.1865909044718,0,92056.0,92143.2,0.0,0.0,0.0,0.0,-0.7041553196751551,-0.23184813455696351,92142.6,92058.1,,,
2024-11-19 01:40:00+00:00,90887.2,90959.2,90887.2,90959.1,20.75,91855.84711792249,0.339599256333232,92548.77907217313,91175.59248126866,1373.1865909044718,0,92056.0,92143.2,0.0,0.0,0.0,0.0,-0.7041553196751551,-0.23184813455696351,92142.6,92058.1,,,
2024-11-19 01:41:00+00:00,90959.1,91016.0,90959.1,90984.9,37.418,91856.18671717883,0.339599256333232,92549.11867142947,91175.932080525,1373.1865909044718,0,92056.0,92143.2,0.0,0.0,0.0,0.0,-0.7041553196751551,-0.23184813455696351,92142.6,92058.1,,,
2024-11-19 01:42:00+00:00,90984.9,90998.8,90952.0,90998.8,34.751,91856.52631643516,0.339599256333232,92549.4582706858,91176.27167978133,1373.1865909044718,0,92056.0,92143.2,0.0,0.0,0.0,0.0,-0.7041553196751551,-0.23184813455696351,92142.6,92058.1,,,
2024-11-19 01:43:00+00:00,90998.8,91066.5,90998.8,91066.4,33.731,91856.8659156915,0.339599256333232,92549.79786994214,91176.61127903766,1373.1865909044718,0,92056.0,92143.2,0.0,0.0,0.0,0.0,-0.7041553196751551,-0.23184813455696351,92142.6,92058.1,,,
2024-11-19 01:44:00+00:00,91066.4,91101.4,91059.0,91087.2,41.587,91857.20551494783,0.339599256333232,92550.13746919847,91176.950878294,1373.1865909044718,0,92056.0,92143.2,0.0,0.0,0.0,0.0,-0.7041553196751551,-0.23184813455696351,92142.6,92058.1,,,
2024-11-19 01:45:00+00:00,91087.2,91125.9,91029.3,91033.7,32.172,91857.54511420416,0.339599256333232,92550.4770684548,91177.29047755033,1373.1865909044718,1,92056.0,92143.2,-1424.5770684548042,0.0,-1.037424249472523,0.0,-0.7041553196751551,-0.23184813455696351,92142.6,92058.1,,,
2024-11-19 01:46:00+00:00,91033.7,91033.8,90912.1,90912.2,43.063,91857.88471346049,0.339599256333232,92550.81666771113,91177.63007680666,1373.1865909044718,0,92056.0,92143.2,0.0,0.0,0.0,0.0,-0.7041553196751551,-0.23184813455696351,92142.6,92058.1,,,
2024-11-19 01:47:00+00:00,90912.2,90919.9,90886.1,90893.8,29.658,91858.22431271683,0.339599256333232,92551.15626696747,91177.969676063,1373.1865909044718,0,92056.0,92143.2,0.0,0.0,0.0,0.0,-0.7041553196751551,-0.23184813455696351,92142.6,92058.1,,,
2024-11-19 01:48:00+00:00,90893.8,90984.6,90893.8,90974.1,24.95,91858.56391197316,0.339599256333232,92551.4958662238,91178.30927531933,1373.1865909044718,0,92056.0,92143.2,0.0,0.0,0.0,0.0,-0.7041553196751551,-0.23184813455696351,92142.6,92058.1,,,
2024-11-19 01:49:00+00:00,90974.1,91011.5,90925.5,90938.8,43.683,91858.9035112295,0.339599256333232,92551.83546548014,91178.64887457567,1373.1865909044718,0,92056.0,92143.2,0.0,0.0,0.0,0.0,-0.7041553196751551,-0.23184813455696351,92142.6,92058.1,,,
2024-11-19 01:50:00+00:00,90938.8,90938.8,90857.1,90857.2,36.429,91859.24311048583,0.339599256333232,92552.17506473647,91178.988473832,1373.1865909044718,0,92056.0,92143.2,0.0,0.0,0.0,0.0,-0.7041553196751551,-0.23184813455696351,92142.6,92058.1,,,
2024-11-19 01:51:00+00:00,90857.2,90916.5,90670.7,90704.4,277.515,91859.58270974216,0.339599256333232,92552.5146639928,91179.32807308833,1373.1865909044718,-1,92056.0,92143.2,0.0,508.62807308833,0.0,0.3703998250910051,-0.7041553196751551,-0.23184813455696351,92142.6,92058.1,,,
2024-11-19 01:52:00+00:00,90704.4,90787.4,90704.3,90787.4,36.876,91859.92230899849,0.339599256333232,92552.85426324913,91179.66767234466,1373.1865909044718,0,92056.0,92143.2,0.0,0.0,0.0,0.0,-0.7041553196751551,-0.23184813455696351,92142.6,92058.1,,,
2024-11-19 01:53:00+00:00,90787.4,90865.0,90787.3,90865.0,42.598,91860.26190825482,0.339599256333232,92553.19386250546,91180.00727160099,1373.1865909044718,0,92056.0,92143.2,0.0,0.0,0.0,0.0,-0.7041553196751551,-0.23184813455696351,92142.6,92058.1,,,
2024-11-19 01:54:00+00:00,90865.0,90937.4,90864.9,90905.1,47.586,91860.60150751116,0.339599256333232,92553.5334617618,91180.34687085733,1373.1865909044718,0,92056.0,92143.2,0.0,0.0,0.0,0.0,-0.7041553196751551,-0.23184813455696351,92142.6,92058.1,,,
2024-11-19 01:55:00+00:00,90905.1,90908.3,90859.1,90891.7,19.414,91860.9411067675,0.339599256333232,92553.87306101814,91180.68647011367,1373.1865909044718,0,92056.0,92143.2,0.0,0.0,0.0,0.0,-0.7041553196751551,-0.23184813455696351,92142.6,92058.1,,,
2024-11-19 01:56:00+00:00,90891.7,90938.9,90891.7,90908.7,17.497,91861.28070602383,0.339599256333232,92554.21266027447,91181.02606937,1373.1865909044718,1,92056.0,92143.2,-1615.3126602744742,0.0,-1.1763242307882733,0.0,-0.7041553196751551,-0.23184813455696351,92142.6,92058.1,,,
2024-11-19 01:57:00+00:00,90908.7,90908.8,90815.2,90815.2,20.058,91861.62030528016,0.339599256333232,92554.5522595308,91181.36566862633,1373.1865909044718,0,92056.0,92143.2,0.0,0.0,0.0,0.0,-0.7041553196751551,-0.23184813455696351,92142.6,92058.1,,,
2024-11-19 01:58:00+00:00,90815.2,90815.3,90768.0,90768.0,18.151,91861.95990453649,0.339599256333232,92554.89185878713,91181.70526788266,1373.1865909044718,0,92056.0,92143.2,0.0,0.0,0.0,0.0,-0.7041553196751551,-0.23184813455696351,92142.6,92058.1,,,
2024-11-19 01:59:00+00:00,90768.0,90800.6,90760.1,90790.0,42.504,91862.29950379282,0.339599256333232,92555.23145804346,91182.04486713899,1373.1865909044718,-1,92056.0,92143.2,0.0,421.9448671389837,0.0,0.30727424075781484,-0.7041553196751551,-0.23184813455696351,92142.6,92058.1,,,
2024-11-19 02:00:00+00:00,90790.0,90800.0,90778.2,90797.5,13.429,91862.63910304916,0.339599256333232,92555.5710572998,91182.38446639534,1373.1865909044718,0,92056.0,92143.2,0.0,0.0,0.0,0.0,-0.7041553196751551,-0.23184813455696351,92142.6,92058.1,,,
2024-11-19 02:01:00+00:00,90797.5,90882.1,90782.3,90865.9,106.089,91862.9787023055,0.339599256333232,92555.91065655614,91182.72406565167,1373.1865909044718,0,92056.0,92143.2,0.0,0.0,0.0,0.0,-0.7041553196751551,-0.23184813455696351,92142.6,92058.1,,,
2024-11-19 02:02:00+00:00,90865.9,90917.5,90818.9,90892.8,16.035,91863.31830156183,0.339599256333232,92556.25025581247,91183.063664908,1373.1865909044718,0,92056.0,92143.2,0.0,0.0,0.0,0.0,-0.7041553196751551,-0.23184813455696351,92142.6,92058.1,,,
2024-11-19 02:03:00+00:00,90892.8,90924.9,90892.7,90920.9,12.308,91863.65790081816,0.339599256333232,92556.5898550688,91183.40326416433,1373.1865909044718,0,92056.0,92143.2,0.0,0.0,0.0,0.0,-0.7041553196751551,-0.23184813455696351,92142.6,92058.1,,,
2024-11-19 02:04:00+00:00,90920.9,91053.5,90920.9,91051.4,79.98,91863.99750007449,0.339599256333232,92556.92945432513,91183.74286342066,1373.1865909044718,0,92056.0,92143.2,0.0,0.0,0.0,0.0,-0.7041553196751551,-0.23184813455696351,92142.6,92058.1,,,
2024-11-19 02:05:00+00:00,91051.4,91058.3,91008.8,91027.2,34.965,91864.33709933082,0.339599256333232,92557.26905358146,91184.08246267699,1373.1865909044718,1,92056.0,92143.2,-1498.9690535814589,0.0,-1.0915989593185136,0.0,-0.7041553196751551,-0.23184813455696351,92142.6,92058.1,,,
2024-11-19 02:06:00+00:00,91027.2,91050.3,91015.5,91024.2,49.595,91864.67669858715,0.339599256333232,92557.6086528378,91184.42206193332,1373.1865909044718,0,92056.0,92143.2,0.0,0.0,0.0,0.0,-0.7041553196751551,-0.23184813455696351,92142.6,92058.1,,,
2024-11-19 02:07:00+00:00,91024.2,91033.6,91009.5,91033.6,66.96,91865.0162978435,0.339599256333232,92557.94825209414,91184.76166118967,1373.1865909044718,0,92056.0,92143.2,0.0,0.0,0.0,0.0,-0.7041553196751551,-0.23184813455696351,92142.6,92058.1,,,
2024-11-19 02:08:00+00:00,91033.6,91036.3,91016.5,91016.5,43.395,91865.35589709983,0.339599256333232,92558.28785135047,91185.101260446,1373.1865909044718,0,92056.0,92143.2,0.0,0.0,0.0,0.0,-0.7041553196751551,-0.23184813455696351,92142.6,92058.1,,,
2024-11-19 02:09:00+00:00,91016.5,91032.5,91016.5,91027.1,22.991,91865.69549635616,0.339599256333232,92558.6274506068,91185.44085970233,1373.1865909044718,0,92056.0,92143.2,0.0,0.0,0.0,0.0,-0.7041553196751551,-0.23184813455696351,92142.6,92058.1,,,
2024-11-19 02:10:00+00:00,91027.1,91033.0,91016.5,91028.3,7.589,91866.03509561249,0.339599256333232,92558.96704986313,91185.78045895866,1373.1865909044718,0,92056.0,92143.2,0.0,0.0,0.0,0.0,-0.7041553196751551,-0.23184813455696351,92142.6,92058.1,,,
2024-11-19 02:11:00+00:00,91028.3,91036.0,91000.0,91000.1,20.409,91866.37469486882,0.339599256333232,92559.30664911946,91186.12005821499,1373.1865909044718,-1,92056.0,92143.2,0.0,186.12005821499042,0.0,0.1355387967285636,-0.7041553196751551,-0.23184813455696351,92142.6,92058.1,,,
2024-11-19 02:12:00+00:00,91000.1,91000.1,91000.0,91000.0,1.386,91866.71429412515,0.339599256333232,92559.6462483758,91186.45965747132,1373.1865909044718,-1,92056.0,92143.2,0.0,186.4596574713214,0.0,0.13578610416557207,-0.7041553196751551,-0.23184813455696351,92142.6,92058.1,,,
2024-11-19 02:13:00+00:00,91000.0,91047.9,91000.0,91047.3,48.56,91867.0538933815,0.339599256333232,92559.98584763214,91186.79925672767,1373.1865909044718,-1,92056.0,92143.2,0.0,186.79925672766694,0.0,0.13603341160259114,-0.7041553196751551,-0.23184813455696351,92142.6,92058.1,,,
2024-11-19 02:14:00+00:00,91047.3,91052.0,91008.1,91008.2,22.257,91867.39349263783,0.339599256333232,92560.32544688847,91187.138855984,1373.1865909044718,0,92056.0,92143.2,0.0,0.0,0.0,0.0,-0.7041553196751551,-0.23184813455696351,92142.6,92058.1,,,
2024-11-19 02:15:00+00:00,91008.2,91112.7,91005.5,91112.7,44.128,91867.73309189416,0.339599256333232,92560.6650461448,91187.47845524033,1373.1865909044718,0,92056.0,92143.2,0.0,0.0,0.0,0.0,-0.7041553196751551,-0.23184813455696351,92142.6,92058.1,,,
2024-11-19 02:16:00+00:00,91112.7,91211.0,91108.2,91126.1,66.792,91868.07269115049,0.339599256333232,92561.00464540113,91187.81805449666,1373.1865909044718,0,92056.0,92143.2,0.0,0.0,0.0,0.0,-0.7041553196751551,-0.23184813455696351,92142.6,92058.1,,,
2024-11-19 02:17:00+00:00,91126.1,91247.1,91117.4,91224.0,58.029,91868.41229040682,0.339599256333232,92561.34424465746,91188.15765375299,1373.1865909044718,0,92056.0,92143.2,0.0,0.0,0.0,0.0,-0.7041553196751551,-0.23184813455696351,92142.6,92058.1,,,
2024-11-19 02:18:00+00:00,91224.0,91224.0,91161.4,91162.9,19.725,91868.75188966315,0.339599256333232,92561.6838439138,91188.49725300932,1373.1865909044718,0,92056.0,92143.2,0.0,0.0,0.0,0.0,-0.7041553196751551,-0.23184813455696351,92142.6,92058.1,,,
2024-11-19 02:19:00+00:00,91162.9,91213.6,91152.1,91213.6,16.719,91869.09148891948,0.339599256333232,92562.02344317012,91188.83685226565,1373.1865909044718,0,92056.0,92143.2,0.0,0.0,0.0,0.0,-0.7041553196751551,-0.23184813455696351,92142.6,92058.1,,,
2024-11-19 02:20:00+00:00,91213.6,91281.0,91160.0,91242.9,147.942,91869.43108817583,0.339599256333232,92562.36304242647,91189.176451522,1373.1865909044718,0,92056.0,92143.2,0.0,0.0,0.0,0.0,-0.7041553196751551,-0.23184813455696351,92142.6,92058.1,,,
2024-11-19 02:21:00+00:00,91242.9,91259.8,91212.1,91243.9,45.612,91869.77068743216,0.339599256333232,92562.7026416828,91189.51605077833,1373.1865909044718,0,92056.0,92143.2,0.0,0.0,0.0,0.0,-0.7041553196751551,-0.23184813455696351,92142.6,92058.1,,,
2024-11-19 02:22:00+00:00,91243.9,91243.9,91185.9,91195.0,37.437,91870.11028668849,0.339599256333232,92563.04224093913,91189.85565003466,1373.1865909044718,0,92056.0,92143.2,0.0,0.0,0.0,0.0,-0.7041553196751551,-0.23184813455696351,92142.6,92058.1,,,
2024-11-19 02:23:00+00:00,91195.0,91252.0,91194.9,91250.0,41.837,91870.44988594482,0.339599256333232,92563.38184019546,91190.19524929099,1373.1865909044718,0,92056.0,92143.2,0.0,0.0,0.0,0.0,-0.7041553196751551,-0.23184813455696351,92142.6,92058.1,,,
2024-11-19 02:24:00+00:00,91250.0,91250.0,91188.1,91244.0,66.387,91870.78948520115,0.339599256333232,92563.7214394518,91190.53484854732,1373.1865909044718,0,92056.0,92143.2,0.0,0.0,0.0,0.0,-0.7041553196751551,-0.23184813455696351,92142.6,92058.1,,,
2024-11-19 02:25:00+00:00,91244.0,91320.5,91241.0,91296.0,56.521,91871.12908445748,0.339599256333232,92564.06103870813,91190.87444780365,1373.1865909044718,0,92056.0,92143.2,0.0,0.0,0.0,0.0,-0.7041553196751551,-0.23184813455696351,92142.6,92058.1,,,
2024-11-19 02:26:00+00:00,91296.0,91323.0,91285.1,91285.1,34.162,91871.46868371383,0.339599256333232,92564.40063796447,91191.21404706,1373.1865909044718,1,92056.0,92143.2,-1241.4006379644707,0.0,-0.9040291000415331,0.0,-0.7041553196751551,-0.23184813455696351,92142.6,92058.1,,,
2024-11-19 02:27:00+00:00,91285.1,91285.1,91241.0,91250.2,22.219,91871.80828297016,0.339599256333232,92564.7402372208,91191.55364631633,1373.1865909044718,0,92056.0,92143.2,0.0,0.0,0.0,0.0,-0.7041553196751551,-0.23184813455696351,92142.6,92058.1,,,
2024-11-19 02:28:00+00:00,91250.2,91262.6,91231.0,91231.0,48.497,91872.14788222649,0.339599256333232,92565.07983647713,91191.89324557266,1373.1865909044718,0,92056.0,92143.2,0.0,0.0,0.0,0.0,-0.7041553196751551,-0.23184813455696351,92142.6,92058.1,,,
2024-11-19 02:29:00+00:00,91231.0,91239.7,91218.6,91231.0,15.676,91872.48748148282,0.339599256333232,92565.41943573346,91192.23284482899,1373.1865909044718,0,92056.0,92143.2,0.0,0.0,0.0,0.0,-0.7041553196751551,-0.23184813455696351,92142.6,92058.1,,,
2024-11-19 02:30:00+00:00,91231.0,91259.4,91180.4,91189.8,33.025,91872.82708073915,0.339599256333232,92565.7590349898,91192.57244408532,1373.1865909044718,0,92056.0,92143.2,0.0,0.0,0.0,0.0,-0.7041553196751551,-0.23184813455696351,92142.6,92058.1,,,
2024-11-19 02:31:00+00:00,91189.8,91189.9,91068.3,91068.3,98.564,91873.16667999548,0.339599256333232,92566.09863424613,91192.91204334165,1373.1865909044718,0,92056.0,92143.2,0.0,0.0,0.0,0.0,-0.7041553196751551,-0.23184813455696351,92142.6,92058.1,,,
2024-11-19 02:32:00+00:00,91068.3,91160.0,91068.1,91113.2,28.872,91873.50627925181,0.339599256333232,92566.43823350246,91193.25164259798,1373.1865909044718,-1,92056.0,92143.2,0.0,125.15164259797893,0.0,0.09113957522374709,-0.7041553196751551,-0.23184813455696351,92142.6,92058.1,,,
2024-11-19 02:33:00+00:00,91113.2,91188.5,91113.2,91183.5,44.598,91873.84587850816,0.339599256333232,92566.7778327588,91193.59124185433,1373.1865909044718,0,92056.0,92143.2,0.0,0.0,0.0,0.0,-0.7041553196751551,-0.23184813455696351,92142.6,92058.1,,,
2024-11-19 02:34:00+00:00,91183.5,91183.5,91153.0,91172.0,8.433,91874.18547776449,0.339599256333232,92567.11743201513,91193.93084111066,1373.1865909044718,0,92056.0,92143.2,0.0,0.0,0.0,0.0,-0.7041553196751551,-0.23184813455696351,92142.6,92058.1,,,
2024-11-19 02:35:00+00:00,91172.0,91214.1,91172.0,91195.7,13.798,91874.52507702082,0.339599256333232,92567.45703127146,91194.27044036699,1373.1865909044718,0,92056.0,92143.2,0.0,0.0,0.0,0.0,-0.7041553196751551,-0.23184813455696351,92142.6,92058.1,,,
2024-11-19 02:36:00+00:00,91195.7,91205.8,91180.0,91185.0,19.345,91874.86467627715,0.339599256333232,92567.7966305278,91194.61003962332,1373.1865909044718,0,92056.0,92143.2,0.0,0.0,0.0,0.0,-0.7041553196751551,-0.23184813455696351,92142.6,92058.1,,,
2024-11-19 02:37:00+00:00,91185.0,91200.0,91180.0,91193.6,5.787,91875.20427553348,0.339599256333232,92568.13622978413,91194.94963887965,1373.1865909044718,0,92056.0,92143.2,0.0,0.0,0.0,0.0,-0.7041553196751551,-0.23184813455696351,92142.6,92058.1,,,
2024-11-19 02:38:00+00:00,91193.6,91217.3,91190.0,91217.2,14.642,91875.54387478982,0.339599256333232,92568.47582904046,91195.28923813599,1373.1865909044718,0,92056.0,92143.2,0.0,0.0,0.0,0.0,-0.7041553196751551,-0.23184813455696351,92142.6,92058.1,,,
2024-11-19 02:39:00+00:00,91217.2,91249.1,91210.0,91242.2,27.627,91875.88347404616,0.339599256333232,92568.8154282968,91195.62883739233,1373.1865909044718,0,92056.0,92143.2,0.0,0.0,0.0,0.0,-0.7041553196751551,-0.23184813455696351,92142.6,92058.1,,,
2024-11-19 02:40:00+00:00,91242.2,91242.2,91164.3,91164.4,44.521,91876.22307330249,0.339599256333232,92569.15502755313,91195.96843664866,1373.1865909044718,0,92056.0,92143.2,0.0,0.0,0.0,0.0,-0.7041553196751551,-0.23184813455696351,92142.6,92058.1,,,
2024-11-19 02:41:00+00:00,91164.4,91271.9,91164.4,91271.9,40.476,91876.56267255882,0.339599256333232,92569.49462680946,91196.30803590499,1373.1865909044718,0,92056.0,92143.2,0.0,0.0,0.0,0.0,-0.7041553196751551,-0.23184813455696351,92142.6,92058.1,,,
2024-11-19 02:42:00+00:00,91271.9,91350.0,91267.1,91324.0,83.513,91876.90227181515,0.339599256333232,92569.8342260658,91196.64763516132,1373.1865909044718,0,92056.0,92143.2,0.0,0.0,0.0,0.0,-0.7041553196751551,-0.23184813455696351,92142.6,92058.1,,,
2024-11-19 02:43:00+00:00,91324.0,91350.0,91303.8,91346.2,68.917,91877.24187107148,0.339599256333232,92570.17382532213,91196.98723441765,1373.1865909044718,0,92056.0,92143.2,0.0,0.0,0.0,0.0,-0.7041553196751551,-0.23184813455696351,92142.6,92058.1,,,
2024-11-19 02:44:00+00:00,91346.2,91368.0,91320.8,91348.0,41.118,91877.58147032782,0.339599256333232,92570.51342457846,91197.32683367399,1373.1865909044718,1,92056.0,92143.2,-1202.5134245784575,0.0,-0.87571014204734,0.0,-0.7041553196751551,-0.23184813455696351,92142.6,92058.1,,,
2024-11-19 02:45:00+00:00,91348.0,91348.1,91272.9,91286.5,30.884,91877.92106958415,0.339599256333232,92570.85302383479,91197.66643293032,1373.1865909044718,0,92056.0,92143.2,0.0,0.0,0.0,0.0,-0.7041553196751551,-0.23184813455696351,92142.6,92058.1,,,
2024-11-19 02:46:00+00:00,91286.5,91356.0,91286.5,91313.6,25.043,91878.26066884049,0.339599256333232,92571.19262309113,91198.00603218666,1373.1865909044718,0,92056.0,92143.2,0.0,0.0,0.0,0.0,-0.7041553196751551,-0.23184813455696351,92142.6,92058.1,,,
2024-11-19 02:47:00+00:00,91313.6,91336.5,91265.0,91311.7,11.961,91878.60026809682,0.339599256333232,92571.53222234746,91198.345631443,1373.1865909044718,0,92056.0,92143.2,0.0,0.0,0.0,0.0,-0.7041553196751551,-0.23184813455696351,92142.6,92058.1,,,
2024-11-19 02:48:00+00:00,91311.7,91313.7,91265.5,91265.5,12.093,91878.93986735315,0.339599256333232,92571.8718216038,91198.68523069932,1373.1865909044718,0,92056.0,92143.2,0.0,0.0,0.0,0.0,-0.7041553196751551,-0.23184813455696351,92142.6,92058.1,,,
2024-11-19 02:49:00+00:00,91265.5,91320.4,91265.5,91305.1,12.907,91879.27946660949,0.339599256333232,92572.21142086013,91199.02482995566,1373.1865909044718,0,92056.0,92143.2,0.0,0.0,0.0,0.0,-0.7041553196751551,-0.23184813455696351,92142.6,92058.1,,,
2024-11-19 02:50:00+00:00,91305.1,91322.9,91280.0,91322.9,6.304,91879.61906586582,0.339599256333232,92572.55102011646,91199.36442921199,1373.1865909044718,0,92056.0,92143.2,0.0,0.0,0.0,0.0,-0.7041553196751551,-0.23184813455696351,92142.6,92058.1,,,
2024-11-19 02:51:00+00:00,91322.9,91359.8,91322.9,91346.4,33.086,91879.95866512215,0.339599256333232,92572.89061937279,91199.70402846832,1373.1865909044718,0,92056.0,92143.2,0.0,0.0,0.0,0.0,-0.7041553196751551,-0.23184813455696351,92142.6,92058.1,,,
2024-11-19 02:52:00+00:00,91346.4,91360.1,91333.0,91346.5,9.607,91880.29826437849,0.339599256333232,92573.23021862913,91200.04362772466,1373.1865909044718,1,92056.0,92143.2,-1213.1302186291286,0.0,-0.8834416434478002,0.0,-0.7041553196751551,-0.23184813455696351,92142.6,92058.1,,,
2024-11-19 02:53:00+00:00,91346.5,91346.6,91290.9,91290.9,30.234,91880.63786363482,0.339599256333232,92573.56981788547,91200.383226981,1373.1865909044718,0,92056.0,92143.2,0.0,0.0,0.0,0.0,-0.7041553196751551,-0.23184813455696351,92142.6,92058.1,,,
2024-11-19 02:54:00+00:00,91290.9,91300.0,91250.5,91299.9,12.584,91880.97746289115,0.339599256333232,92573.9094171418,91200.72282623732,1373.1865909044718,0,92056.0,92143.2,0.0,0.0,0.0,0.0,-0.7041553196751551,-0.23184813455696351,92142.6,92058.1,,,
2024-11-19 02:55:00+00:00,91299.9,91300.0,91236.0,91236.0,10.113,91881.31706214749,0.339599256333232,92574.24901639813,91201.06242549366,1373.1865909044718,0,92056.0,92143.2,0.0,0.0,0.0,0.0,-0.7041553196751551,-0.23184813455696351,92142.6,92058.1,,,
2024-11-19 02:56:00+00:00,91236.0,91292.1,91206.4,91286.0,29.118,91881.65666140382,0.339599256333232,92574.58861565446,91201.40202474999,1373.1865909044718,-1,92056.0,92143.2,0.0,-4.997975250007585,0.0,-0.0036396912721930867,-0.7041553196751551,-0.23184813455696351,92142.6,92058.1,,,
2024-11-19 02:57:00+00:00,91286.0,91349.1,91281.6,91301.1,54.212,91881.99626066015,0.339599256333232,92574.92821491079,91201.74162400632,1373.1865909044718,0,92056.0,92143.2,0.0,0.0,0.0,0.0,-0.7041553196751551,-0.23184813455696351,92142.6,92058.1,,,
2024-11-19 02:58:00+00:00,91301.1,91301.1,91263.8,91295.0,40.581,91882.33585991648,0.339599256333232,92575.26781416712,91202.08122326265,1373.1865909044718,0,92056.0,92143.2,0.0,0.0,0.0,0.0,-0.7041553196751551,-0.23184813455696351,92142.6,92058.1,,,
2024-11-19 02:59:00+00:00,91295.0,91347.4,91289.2,91326.3,65.239,91882.67545917282,0.339599256333232,92575.60741342347,91202.420822519,1373.1865909044718,0,92056.0,92143.2,0.0,0.0,0.0,0.0,-0.7041553196751551,-0.23184813455696351,92142.6,92058.1,,,
2024-11-19 03:00:00+00:00,91326.3,91356.1,91312.6,91332.1,59.92,91883.01505842916,0.339599256333232,92575.9470126798,91202.76042177533,1373.1865909044718,0,92056.0,92143.2,0.0,0.0,0.0,0.0,-0.7041553196751551,-0.23184813455696351,92142.6,92058.1,,,
2024-11-19 03:01:00+00:00,91332.1,91359.2,91280.2,91280.2,17.26,91883.35465768549,0.339599256333232,92576.28661193613,91203.10002103166,1373.1865909044718,1,92056.0,92143.2,-1217.0866119361308,0.0,-0.8863228202181007,0.0,-0.7041553196751551,-0.23184813455696351,92142.6,92058.1,,,
2024-11-19 03:02:00+00:00,91280.2,91341.0,91280.2,91315.2,38.263,91883.69425694182,0.339599256333232,92576.62621119246,91203.43962028799,1373.1865909044718,0,92056.0,92143.2,0.0,0.0,0.0,0.0,-0.7041553196751551,-0.23184813455696351,92142.6,92058.1,,,
2024-11-19 03:03:00+00:00,91315.2,91340.8,91303.5,91340.8,22.336,91884.03385619815,0.339599256333232,92576.96581044879,91203.77921954432,1373.1865909044718,0,92056.0,92143.2,0.0,0.0,0.0,0.0,-0.7041553196751551,-0.23184813455696351,92142.6,92058.1,,,
2024-11-19 03:04:00+00:00,91340.8,91340.8,91297.7,91311.6,9.599,91884.37345545448,0.339599256333232,92577.30540970512,91204.11881880065,1373.1865909044718,0,92056.0,92143.2,0.0,0.0,0.0,0.0,-0.7041553196751551,-0.23184813455696351,92142.6,92058.1,,,
2024-11-19 03:05:00+00:00,91311.6,91342.0,91293.1,91293.1,7.152,91884.71305471082,0.339599256333232,92577.64500896147,91204.458418057,1373.1865909044718,0,92056.0,92143.2,0.0,0.0,0.0,0.0,-0.7041553196751551,-0.23184813455696351,92142.6,92058.1,,,
2024-11-19 03:06:00+00:00,91293.1,91336.8,91273.2,91273.3,8.873,91885.05265396716,0.339599256333232,92577.9846082178,91204.79801731333,1373.1865909044718,0,92056.0,92143.2,0.0,0.0,0.0,0.0,-0.7041553196751551,-0.23184813455696351,92142.6,92058.1,,,
2024-11-19 03:07:00+00:00,91273.3,91300.0,91255.0,91299.9,23.233,91885.39225322349,0.339599256333232,92578.32420747413,91205.13761656966,1373.1865909044718,-1,92056.0,92143.2,0.0,-49.86238343034347,0.0,-0.03631144067427923,-0.7041553196751551,-0.23184813455696351,92142.6,92058.1,,,
2024-11-19 03:08:00+00:00,91299.9,91314.9,91260.8,91305.6,20.203,91885.73185247982,0.339599256333232,92578.66380673046,91205.47721582599,1373.1865909044718,0,92056.0,92143.2,0.0,0.0,0.0,0.0,-0.7041553196751551,-0.23184813455696351,92142.6,92058.1,,,
2024-11-19 03:09:00+00:00,91305.6,91377.0,91305.6,91374.5,13.75,91886.07145173615,0.339599256333232,92579.00340598679,91205.81681508232,1373.1865909044718,0,92056.0,92143.2,0.0,0.0,0.0,0.0,-0.7041553196751551,-0.23184813455696351,92142.6,92058.1,,,
2024-11-19 03:10:00+00:00,91374.5,91399.3,91374.5,91385.0,25.546,91886.41105099248,0.339599256333232,92579.34300524312,91206.15641433865,1373.1865909044718,1,92056.0,92143.2,-1180.0430052431184,0.0,-0.8593464377378341,0.0,-0.7041553196751551,-0.23184813455696351,92142.6,92058.1,,,
2024-11-19 03:11:00+00:00,91385.0,91398.4,91301.7,91301.7,35.617,91886.75065024881,0.339599256333232,92579.68260449945,91206.49601359498,1373.1865909044718,0,92056.0,92143.2,0.0,0.0,0.0,0.0,-0.7041553196751551,-0.23184813455696351,92142.6,92058.1,,,
2024-11-19 03:12:00+00:00,91301.7,91357.5,91300.1,91357.5,12.207,91887.09024950516,0.339599256333232,92580.0222037558,91206.83561285133,1373.1865909044718,0,92056.0,92143.2,0.0,0.0,0.0,0.0,-0.7041553196751551,-0.23184813455696351,92142.6,92058.1,,,
2024-11-19 03:13:00+00:00,91357.5,91379.9,91357.4,91358.4,19.012,91887.42984876149,0.339599256333232,92580.36180301213,91207.17521210766,1373.1865909044718,0,92056.0,92143.2,0.0,0.0,0.0,0.0,-0.7041553196751551,-0.23184813455696351,92142.6,92058.1,,,
2024-11-19 03:14:00+00:00,91358.4,91375.4,91348.6,91375.3,12.621,91887.76944801782,0.339599256333232,92580.70140226846,91207.51481136399,1373.1865909044718,0,92056.0,92143.2,0.0,0.0,0.0,0.0,-0.7041553196751551,-0.23184813455696351,92142.6,92058.1,,,
2024-11-19 03:15:00+00:00,91375.3,91375.4,91264.4,91264.6,25.264,91888.10904727415,0.339599256333232,92581.04100152479,91207.85441062032,1373.1865909044718,0,92056.0,92143.2,0.0,0.0,0.0,0.0,-0.7041553196751551,-0.23184813455696351,92142.6,92058.1,,,
2024-11-19 03:16:00+00:00,91264.6,91297.2,91235.0,91297.2,33.747,91888.44864653048,0.339599256333232,92581.38060078112,91208.19400987665,1373.1865909044718,-1,92056.0,92143.2,0.0,-26.805990123350057,0.0,-0.019521010692140427,-0.7041553196751551,-0.23184813455696351,92142.6,92058.1,,,
2024-11-19 03:17:00+00:00,91297.2,91327.3,91297.2,91316.0,6.29,91888.78824578681,0.339599256333232,92581.72020003745,91208.53360913298,1373.1865909044718,0,92056.0,92143.2,0.0,0.0,0.0,0.0,-0.7041553196751551,-0.23184813455696351,92142.6,92058.1,,,
2024-11-19 03:18:00+00:00,91316.0,91326.8,91276.0,91276.1,43.232,91889.12784504316,0.339599256333232,92582.0597992938,91208.87320838933,1373.1865909044718,0,92056.0,92143.2,0.0,0.0,0.0,0.0,-0.7041553196751551,-0.23184813455696351,92142.6,92058.1,,,
2024-11-19 03:19:00+00:00,91276.1,91320.9,91276.0,91320.9,17.291,91889.46744429949,0.339599256333232,92582.39939855013,91209.21280764566,1373.1865909044718,0,92056.0,92143.2,0.0,0.0,0.0,0.0,-0.7041553196751551,-0.23184813455696351,92142.6,92058.1,,,
2024-11-19 03:20:00+00:00,91320.9,91333.5,91278.7,91333.5,42.271,91889.80704355582,0.339599256333232,92582.73899780646,91209.55240690199,1373.1865909044718,0,92056.0,92143.2,0.0,0.0,0.0,0.0,-0.7041553196751551,-0.23184813455696351,92142.6,92058.1,,,
2024-11-19 03:21:00+00:00,91333.5,91492.0,91333.4,91470.2,153.752,91890.14664281215,0.339599256333232,92583.07859706279,91209.89200615832,1373.1865909044718,0,92056.0,92143.2,0.0,0.0,0.0,0.0,-0.7041553196751551,-0.23184813455696351,92142.6,92058.1,,,
2024-11-19 03:22:00+00:00,91470.2,91540.0,91470.2,91474.5,68.287,91890.48624206848,0.339599256333232,92583.41819631912,91210.23160541465,1373.1865909044718,0,92056.0,92143.2,0.0,0.0,0.0,0.0,-0.7041553196751551,-0.23184813455696351,92142.6,92058.1,,,
2024-11-19 03:23:00+00:00,91474.5,91474.6,91429.6,91452.9,21.26,91890.82584132481,0.339599256333232,92583.75779557545,91210.57120467098,1373.1865909044718,0,92056.0,92143.2,0.0,0.0,0.0,0.0,-0.7041553196751551,-0.23184813455696351,92142.6,92058.1,,,
2024-11-19 03:24:00+00:00,91452.9,91492.5,91452.9,91466.7,33.622,91891.16544058116,0.339599256333232,92584.0973948318,91210.91080392733,1373.1865909044718,0,92056.0,92143.2,0.0,0.0,0.0,0.0,-0.7041553196751551,-0.23184813455696351,92142.6,92058.1,,,
2024-11-19 03:25:00+00:00,91466.7,91616.0,91466.6,91599.9,107.357,91891.50503983749,0.339599256333232,92584.43699408813,91211.25040318366,1373.1865909044718,0,92056.0,92143.2,0.0,0.0,0.0,0.0,-0.7041553196751551,-0.23184813455696351,92142.6,92058.1,,,
2024-11-19 03:26:00+00:00,91599.9,91649.4,91519.2,91556.1,257.655,91891.84463909382,0.339599256333232,92584.77659334446,91211.59000243999,1373.1865909044718,1,92056.0,92143.2,-935.3765933444665,0.0,-0.681172245301613,0.0,-0.7041553196751551,-0.23184813455696351,92142.6,92058.1,,,
2024-11-19 03:27:00+00:00,91556.1,91556.2,91469.7,91469.8,55.893,91892.18423835015,0.339599256333232,92585.11619260079,91211.92960169632,1373.1865909044718,0,92056.0,92143.2,0.0,0.0,0.0,0.0,-0.7041553196751551,-0.23184813455696351,92142.6,92058.1,,,
2024-11-19 03:28:00+00:00,91469.8,91469.8,91433.3,91433.3,27.485,91892.52383760648,0.339599256333232,92585.45579185712,91212.26920095265,1373.1865909044718,0,92056.0,92143.2,0.0,0.0,0.0,0.0,-0.7041553196751551,-0.23184813455696351,92142.6,92058.1,,,
2024-11-19 03:29:00+00:00,91433.3,91442.1,91384.6,91439.1,30.543,91892.86343686281,0.339599256333232,92585.79539111345,91212.60880020898,1373.1865909044718,0,92056.0,92143.2,0.0,0.0,0.0,0.0,-0.7041553196751551,-0.23184813455696351,92142.6,92058.1,,,
2024-11-19 03:30:00+00:00,91439.1,91439.2,91348.4,91375.3,36.831,91893.20303611914,0.339599256333232,92586.13499036978,91212.94839946531,1373.1865909044718,-1,92056.0,92143.2,0.0,-135.45160053468135,0.0,-0.09864034606212105,-0.7041553196751551,-0.23184813455696351,92142.6,92058.1,,,
2024-11-19 03:31:00+00:00,91375.3,91406.7,91369.6,91383.5,22.228,91893.54263537549,0.339599256333232,92586.47458962613,91213.28799872166,1373.1865909044718,0,92056.0,92143.2,0.0,0.0,0.0,0.0,-0.7041553196751551,-0.23184813455696351,92142.6,92058.1,,,
2024-11-19 03:32:00+00:00,91383.5,91400.0,91382.3,91399.9,8.336,91893.88223463182,0.339599256333232,92586.81418888246,91213.62759797799,1373.1865909044718,0,92056.0,92143.2,0.0,0.0,0.0,0.0,-0.7041553196751551,-0.23184813455696351,92142.6,92058.1,,,
2024-11-19 03:33:00+00:00,91399.9,91440.0,91388.3,91440.0,12.571,91894.22183388815,0.339599256333232,92587.15378813879,91213.96719723432,1373.1865909044718,0,92056.0,92143.2,0.0,0.0,0.0,0.0,-0.7041553196751551,-0.23184813455696351,92142.6,92058.1,,,
2024-11-19 03:34:00+00:00,91440.0,91446.8,91415.6,91433.3,12.654,91894.56143314448,0.339599256333232,92587.49338739512,91214.30679649065,1373.1865909044718,0,92056.0,92143.2,0.0,0.0,0.0,0.0,-0.7041553196751551,-0.23184813455696351,92142.6,92058.1,,,
2024-11-19 03:35:00+00:00,91433.3,91475.0,91433.3,91472.9,6.584,91894.90103240081,0.339599256333232,92587.83298665145,91214.64639574698,1373.1865909044718,0,92056.0,92143.2,0.0,0.0,0.0,0.0,-0.7041553196751551,-0.23184813455696351,92142.6,92058.1,,,
2024-11-19 03:36:00+00:00,91472.9,91517.5,91472.8,91517.5,32.145,91895.24063165714,0.339599256333232,92588.17258590779,91214.98599500331,1373.1865909044718,0,92056.0,92143.2,0.0,0.0,0.0,0.0,-0.7041553196751551,-0.23184813455696351,92142.6,92058.1,,,
2024-11-19 03:37:00+00:00,91517.5,91517.5,91475.1,91494.1,25.206,91895.58023091349,0.339599256333232,92588.51218516413,91215.32559425966,1373.1865909044718,0,92056.0,92143.2,0.0,0.0,0.0,0.0,-0.7041553196751551,-0.23184813455696351,92142.6,92058.1,,,
2024-11-19 03:38:00+00:00,91494.1,91517.8,91476.0,91517.8,14.26,91895.91983016982,0.339599256333232,92588.85178442046,91215.66519351599,1373.1865909044718,1,92056.0,92143.2,-1071.0517844204587,0.0,-0.7799754174084914,0.0,-0.7041553196751551,-0.23184813455696351,92142.6,92058.1,,,
2024-11-19 03:39:00+00:00,91517.8,91517.8,91464.1,91464.1,9.569,91896.25942942615,0.339599256333232,92589.19138367679,91216.00479277232,1373.1865909044718,1,92056.0,92143.2,-1071.3913836767897,0.0,-0.7802227248454998,0.0,-0.7041553196751551,-0.23184813455696351,92142.6,92058.1,,,
2024-11-19 03:40:00+00:00,91464.1,91464.1,91364.0,91411.6,53.853,91896.59902868248,0.339599256333232,92589.53098293312,91216.34439202865,1373.1865909044718,0,92056.0,92143.2,0.0,0.0,0.0,0.0,-0.7041553196751551,-0.23184813455696351,92142.6,92058.1,,,
2024-11-19 03:41:00+00:00,91411.6,91420.0,91365.0,91365.6,13.638,91896.93862793881,0.339599256333232,92589.87058218945,91216.68399128498,1373.1865909044718,0,92056.0,92143.2,0.0,0.0,0.0,0.0,-0.7041553196751551,-0.23184813455696351,92142.6,92058.1,,,
2024-11-19 03:42:00+00:00,91365.6,91385.8,91336.9,91366.4,21.489,91897.27822719514,0.339599256333232,92590.21018144579,91217.02359054131,1373.1865909044718,-1,92056.0,92143.2,0.0,-119.87640945868043,0.0,-0.08729797556479332,-0.7041553196751551,-0.23184813455696351,92142.6,92058.1,,,
2024-11-19 03:43:00+00:00,91366.4,91395.0,91336.9,91395.0,12.429,91897.61782645147,0.339599256333232,92590.54978070212,91217.36318979764,1373.1865909044718,-1,92056.0,92143.2,0.0,-119.53681020234944,0.0,-0.08705066812778485,-0.7041553196751551,-0.23184813455696351,92142.6,92058.1,,,
2024-11-19 03:44:00+00:00,91395.0,91439.6,91379.8,91439.6,8.292,91897.95742570782,0.339599256333232,92590.88937995846,91217.70278905399,1373.1865909044718,0,92056.0,92143.2,0.0,0.0,0.0,0.0,-0.7041553196751551,-0.23184813455696351,92142.6,92058.1,,,
2024-11-19 03:45:00+00:00,91439.6,91497.6,91439.5,91481.2,43.317,91898.29702496415,0.339599256333232,92591.2289792148,91218.04238831032,1373.1865909044718,0,92056.0,92143.2,0.0,0.0,0.0,0.0,-0.7041553196751551,-0.23184813455696351,92142.6,92058.1,,,
2024-11-19 03:46:00+00:00,91481.2,91495.7,91453.7,91464.1,47.762,91898.63662422048,0.339599256333232,92591.56857847112,91218.38198756665,1373.1865909044718,0,92056.0,92143.2,0.0,0.0,0.0,0.0,-0.7041553196751551,-0.23184813455696351,92142.6,92058.1,,,
2024-11-19 03:47:00+00:00,91464.1,91512.6,91464.1,91512.5,12.386,91898.97622347681,0.339599256333232,92591.90817772746,91218.72158682298,1373.1865909044718,0,92056.0,92143.2,0.0,0.0,0.0,0.0,-0.7041553196751551,-0.23184813455696351,92142.6,92058.1,,,
2024-11-19 03:48:00+00:00,91512.5,91550.0,91512.5,91550.0,11.011,91899.31582273314,0.339599256333232,92592.24777698379,91219.06118607931,1373.1865909044718,0,92056.0,92143.2,0.0,0.0,0.0,0.0,-0.7041553196751551,-0.23184813455696351,92142.6,92058.1,,,
2024-11-19 03:49:00+00:00,91550.0,91570.4,91502.5,91570.1,28.213,91899.65542198948,0.339599256333232,92592.58737624012,91219.40078533565,1373.1865909044718,1,92056.0,92143.2,-1022.1873762401228,0.0,-0.7443907353965948,0.0,-0.7041553196751551,-0.23184813455696351,92142.6,92058.1,,,
2024-11-19 03:50:00+00:00,91570.1,91570.1,91502.6,91537.0,33.249,91899.99502124582,0.339599256333232,92592.92697549646,91219.74038459199,1373.1865909044718,0,92056.0,92143.2,0.0,0.0,0.0,0.0,-0.7041553196751551,-0.23184813455696351,92142.6,92058.1,,,
2024-11-19 03:51:00+00:00,91537.0,91566.8,91521.9,91523.4,11.966,91900.33462050215,0.339599256333232,92593.2665747528,91220.07998384832,1373.1865909044718,0,92056.0,92143.2,0.0,0.0,0.0,0.0,-0.7041553196751551,-0.23184813455696351,92142.6,92058.1,,,
2024-11-19 03:52:00+00:00,91523.4,91536.6,91502.6,91502.7,26.673,91900.67421975848,0.339599256333232,92593.60617400912,91220.41958310465,1373.1865909044718,0,92056.0,92143.2,0.0,0.0,0.0,0.0,-0.7041553196751551,-0.23184813455696351,92142.6,92058.1,,,
2024-11-19 03:53:00+00:00,91502.7,91550.8,91502.7,91540.9,17.254,91901.01381901481,0.339599256333232,92593.94577326546,91220.75918236098,1373.1865909044718,0,92056.0,92143.2,0.0,0.0,0.0,0.0,-0.7041553196751551,-0.23184813455696351,92142.6,92058.1,,,
2024-11-19 03:54:00+00:00,91540.9,91551.0,91502.6,91502.7,13.941,91901.35341827114,0.339599256333232,92594.28537252179,91221.09878161731,1373.1865909044718,0,92056.0,92143.2,0.0,0.0,0.0,0.0,-0.7041553196751551,-0.23184813455696351,92142.6,92058.1,,,
2024-11-19 03:55:00+00:00,91502.7,91520.7,91480.0,91500.1,19.06,91901.69301752748,0.339599256333232,92594.62497177812,91221.43838087365,1373.1865909044718,-1,92056.0,92143.2,0.0,-258.56161912635434,0.0,-0.18829314299963307,-0.7041553196751551,-0.23184813455696351,92142.6,92058.1,,,
2024-11-19 03:56:00+00:00,91500.1,91535.9,91500.0,91527.5,14.998,91902.0326167838,0.339599256333232,92594.96457103445,91221.77798012998,1373.1865909044718,0,92056.0,92143.2,0.0,0.0,0.0,0.0,-0.7041553196751551,-0.23184813455696351,92142.6,92058.1,,,
2024-11-19 03:57:00+00:00,91527.5,91537.7,91519.2,91528.1,3.902,91902.37221604015,0.339599256333232,92595.3041702908,91222.11757938632,1373.1865909044718,0,92056.0,92143.2,0.0,0.0,0.0,0.0,-0.7041553196751551,-0.23184813455696351,92142.6,92058.1,,,
2024-11-19 03:58:00+00:00,91528.1,91547.6,91491.9,91547.6,16.9,91902.71181529648,0.339599256333232,92595.64376954712,91222.45717864265,1373.1865909044718,0,92056.0,92143.2,0.0,0.0,0.0,0.0,-0.7041553196751551,-0.23184813455696351,92142.6,92058.1,,,
2024-11-19 03:59:00+00:00,91547.6,91551.0,91490.6,91514.9,32.702,91903.05141455281,0.339599256333232,92595.98336880346,91222.79677789898,1373.1865909044718,0,92056.0,92143.2,0.0,0.0,0.0,0.0,-0.7041553196751551,-0.23184813455696351,92142.6,92058.1,,,
2024-11-19 04:00:00+00:00,91514.9,91535.0,91499.4,91522.1,16.187,91903.39101380915,0.339599256333232,92596.32296805979,91223.13637715532,1373.1865909044718,0,92056.0,92143.2,0.0,0.0,0.0,0.0,-0.7041553196751551,-0.23184813455696351,92142.6,92058.1,,,
2024-11-19 04:01:00+00:00,91522.1,91541.1,91512.8,91541.1,22.787,91903.73061306548,0.339599256333232,92596.66256731612,91223.47597641165,1373.1865909044718,0,92056.0,92143.2,0.0,0.0,0.0,0.0,-0.7041553196751551,-0.23184813455696351,92142.6,92058.1,,,
2024-11-19 04:02:00+00:00,91541.1,91561.9,91491.0,91502.8,31.471,91904.0702123218,0.339599256333232,92597.00216657245,91223.81557566798,1373.1865909044718,1,92056.0,92143.2,-1035.1021665724547,0.0,-0.7537957138735732,0.0,-0.7041553196751551,-0.23184813455696351,92142.6,92058.1,,,
2024-11-19 04:03:00+00:00,91502.8,91507.6,91474.1,91474.1,34.657,91904.40981157815,0.339599256333232,92597.3417658288,91224.15517492432,1373.1865909044718,0,92056.0,92143.2,0.0,0.0,0.0,0.0,-0.7041553196751551,-0.23184813455696351,92142.6,92058.1,,,
2024-11-19 04:04:00+00:00,91474.1,91474.2,91441.7,91469.8,16.193,91904.74941083448,0.339599256333232,92597.68136508513,91224.49477418065,1373.1865909044718,0,92056.0,92143.2,0.0,0.0,0.0,0.0,-0.7041553196751551,-0.23184813455696351,92142.6,92058.1,,,
2024-11-19 04:05:00+00:00,91469.8,91469.9,91396.2,91408.1,38.443,91905.08901009081,0.339599256333232,92598.02096434146,91224.83437343698,1373.1865909044718,0,92056.0,92143.2,0.0,0.0,0.0,0.0,-0.7041553196751551,-0.23184813455696351,92142.6,92058.1,,,
2024-11-19 04:06:00+00:00,91408.1,91425.0,91350.1,91370.0,51.775,91905.42860934715,0.339599256333232,92598.36056359779,91225.17397269332,1373.1865909044718,0,92056.0,92143.2,0.0,0.0,0.0,0.0,-0.7041553196751551,-0.23184813455696351,92142.6,92058.1,,,
2024-11-19 04:07:00+00:00,91370.0,91410.0,91369.9,91387.2,66.977,91905.76820860348,0.339599256333232,92598.70016285412,91225.51357194965,1373.1865909044718,0,92056.0,92143.2,0.0,0.0,0.0,0.0,-0.7041553196751551,-0.23184813455696351,92142.6,92058.1,,,
2024-11-19 04:08:00+00:00,91387.2,91399.3,91322.7,91322.7,58.905,91906.10780785981,0.339599256333232,92599.03976211045,91225.85317120598,1373.1865909044718,-1,92056.0,92143.2,0.0,-96.84682879401953,0.0,-0.07052707143770591,-0.7041553196751551,-0.23184813455696351,92142.6,92058.1,,,
2024-11-19 04:09:00+00:00,91322.7,91360.0,91322.7,91353.2,43.537,91906.44740711614,0.339599256333232,92599.37936136678,91226.19277046231,1373.1865909044718,-1,92056.0,92143.2,0.0,-96.50722953768854,0.0,-0.07027976400069744,-0.7041553196751551,-0.23184813455696351,92142.6,92058.1,,,
2024-11-19 04:10:00+00:00,91353.2,91405.2,91353.2,91405.1,13.483,91906.78700637248,0.339599256333232,92599.71896062313,91226.53236971865,1373.1865909044718,0,92056.0,92143.2,0.0,0.0,0.0,0.0,-0.7041553196751551,-0.23184813455696351,92142.6,92058.1,,,
2024-11-19 04:11:00+00:00,91405.1,91413.7,91403.9,91408.0,12.734,91907.12660562882,0.339599256333232,92600.05855987946,91226.87196897499,1373.1865909044718,0,92056.0,92143.2,0.0,0.0,0.0,0.0,-0.7041553196751551,-0.23184813455696351,92142.6,92058.1,,,
2024-11-19 04:12:00+00:00,91408.0,91420.5,91353.7,91353.8,111.131,91907.46620488515,0.339599256333232,92600.39815913579,91227.21156823132,1373.1865909044718,0,92056.0,92143.2,0.0,0.0,0.0,0.0,-0.7041553196751551,-0.23184813455696351,92142.6,92058.1,,,
2024-11-19 04:13:00+00:00,91353.8,91403.6,91345.0,91363.5,14.286,91907.80580414148,0.339599256333232,92600.73775839212,91227.55116748765,1373.1865909044718,0,92056.0,92143.2,0.0,0.0,0.0,0.0,-0.7041553196751551,-0.23184813455696351,92142.6,92058.1,,,
2024-11-19 04:14:00+00:00,91363.5,91403.9,91361.6,91371.9,6.594,91908.14540339781,0.339599256333232,92601.07735764845,91227.89076674398,1373.1865909044718,0,92056.0,92143.2,0.0,0.0,0.0,0.0,-0.7041553196751551,-0.23184813455696351,92142.6,92058.1,,,
2024-11-19 04:15:00+00:00,91371.9,91448.0,91367.4,91421.7,14.63,91908.48500265414,0.339599256333232,92601.41695690478,91228.23036600031,1373.1865909044718,0,92056.0,92143.2,0.0,0.0,0.0,0.0,-0.7041553196751551,-0.23184813455696351,92142.6,92058.1,,,
2024-11-19 04:16:00+00:00,91421.7,91431.5,91367.5,91420.0,11.411,91908.82460191048,0.339599256333232,92601.75655616113,91228.56996525665,1373.1865909044718,0,92056.0,92143.2,0.0,0.0,0.0,0.0,-0.7041553196751551,-0.23184813455696351,92142.6,92058.1,,,
2024-11-19 04:17:00+00:00,91420.0,91429.7,91368.3,91392.3,27.029,91909.16420116682,0.339599256333232,92602.09615541746,91228.90956451299,1373.1865909044718,0,92056.0,92143.2,0.0,0.0,0.0,0.0,-0.7041553196751551,-0.23184813455696351,92142.6,92058.1,,,
2024-11-19 04:18:00+00:00,91392.3,91458.0,91350.0,91420.0,100.007,91909.50380042315,0.339599256333232,92602.43575467379,91229.24916376932,1373.1865909044718,0,92056.0,92143.2,0.0,0.0,0.0,0.0,-0.7041553196751551,-0.23184813455696351,92142.6,92058.1,,,
2024-11-19 04:19:00+00:00,91420.0,91458.0,91400.0,91400.0,75.25,91909.84339967948,0.339599256333232,92602.77535393012,91229.58876302565,1373.1865909044718,0,92056.0,92143.2,0.0,0.0,0.0,0.0,-0.7041553196751551,-0.23184813455696351,92142.6,92058.1,,,
2024-11-19 04:20:00+00:00,91400.0,91495.7,91400.0,91495.6,33.452,91910.18299893581,0.339599256333232,92603.11495318645,91229.92836228198,1373.1865909044718,0,92056.0,92143.2,0.0,0.0,0.0,0.0,-0.7041553196751551,-0.23184813455696351,92142.6,92058.1,,,
2024-11-19 04:21:00+00:00,91495.6,91580.0,91495.6,91574.6,147.813,91910.52259819214,0.339599256333232,92603.45455244278,91230.26796153831,1373.1865909044718,0,92056.0,92143.2,0.0,0.0,0.0,0.0,-0.7041553196751551,-0.23184813455696351,92142.6,92058.1,,,
2024-11-19 04:22:00+00:00,91574.6,91620.0,91574.5,91619.9,25.091,91910.86219744847,0.339599256333232,92603.79415169911,91230.60756079464,1373.1865909044718,0,92056.0,92143.2,0.0,0.0,0.0,0.0,-0.7041553196751551,-0.23184813455696351,92142.6,92058.1,,,
2024-11-19 04:23:00+00:00,91619.9,91620.0,91558.7,91595.6,20.416,91911.20179670482,0.339599256333232,92604.13375095546,91230.94716005099,1373.1865909044718,0,92056.0,92143.2,0.0,0.0,0.0,0.0,-0.7041553196751551,-0.23184813455696351,92142.6,92058.1,,,
2024-11-19 04:24:00+00:00,91595.6,91595.6,91555.2,91572.4,18.97,91911.54139596115,0.339599256333232,92604.47335021179,91231.28675930732,1373.1865909044718,0,92056.0,92143.2,0.0,0.0,0.0,0.0,-0.7041553196751551,-0.23184813455696351,92142.6,92058.1,,,
2024-11-19 04:25:00+00:00,91572.4,91585.7,91537.8,91555.6,24.661,91911.88099521748,0.339599256333232,92604.81294946812,91231.62635856365,1373.1865909044718,0,92056.0,92143.2,0.0,0.0,0.0,0.0,-0.7041553196751551,-0.23184813455696351,92142.6,92058.1,,,
2024-11-19 04:26:00+00:00,91555.6,91644.0,91555.6,91610.3,23.973,91912.22059447381,0.339599256333232,92605.15254872445,91231.96595781998,1373.1865909044718,0,92056.0,92143.2,0.0,0.0,0.0,0.0,-0.7041553196751551,-0.23184813455696351,92142.6,92058.1,,,
2024-11-19 04:27:00+00:00,91610.3,91670.0,91609.2,91669.9,46.742,91912.56019373014,0.339599256333232,92605.49214798078,91232.30555707631,1373.1865909044718,0,92056.0,92143.2,0.0,0.0,0.0,0.0,-0.7041553196751551,-0.23184813455696351,92142.6,92058.1,,,
2024-11-19 04:28:00+00:00,91669.9,91785.0,91663.1,91767.9,158.607,91912.89979298647,0.339599256333232,92605.83174723711,91232.64515633264,1373.1865909044718,0,92056.0,92143.2,0.0,0.0,0.0,0.0,-0.7041553196751551,-0.23184813455696351,92142.6,92058.1,,,
2024-11-19 04:29:00+00:00,91767.9,91767.9,91700.0,91700.0,29.88,91913.23939224282,0.339599256333232,92606.17134649346,91232.98475558899,1373.1865909044718,0,92056.0,92143.2,0.0,0.0,0.0,0.0,-0.7041553196751551,-0.23184813455696351,92142.6,92058.1,,,
2024-11-19 04:30:00+00:00,91700.0,91756.2,91695.5,91735.6,44.081,91913.57899149915,0.339599256333232,92606.51094574979,91233.32435484532,1373.1865909044718,0,92056.0,92143.2,0.0,0.0,0.0,0.0,-0.7041553196751551,-0.23184813455696351,92142.6,92058.1,,,
2024-11-19 04:31:00+00:00,91735.6,91803.2,91724.3,91801.0,66.958,91913.91859075548,0.339599256333232,92606.85054500612,91233.66395410165,1373.1865909044718,0,92056.0,92143.2,0.0,0.0,0.0,0.0,-0.7041553196751551,-0.23184813455696351,92142.6,92058.1,,,
2024-11-19 04:32:00+00:00,91801.0,91808.7,91745.4,91789.0,70.491,91914.25819001181,0.339599256333232,92607.19014426245,91234.00355335798,1373.1865909044718,0,92056.0,92143.2,0.0,0.0,0.0,0.0,-0.7041553196751551,-0.23184813455696351,92142.6,92058.1,,,
2024-11-19 04:33:00+00:00,91789.0,91808.5,91729.0,91749.0,56.817,91914.59778926814,0.339599256333232,92607.52974351878,91234.34315261431,1373.1865909044718,0,92056.0,92143.2,0.0,0.0,0.0,0.0,-0.7041553196751551,-0.23184813455696351,92142.6,92058.1,,,
2024-11-19 04:34:00+00:00,91749.0,91804.0,91721.2,91793.1,32.39,91914.93738852447,0.339599256333232,92607.86934277511,91234.68275187064,1373.1865909044718,0,92056.0,92143.2,0.0,0.0,0.0,0.0,-0.7041553196751551,-0.23184813455696351,92142.6,92058.1,,,
2024-11-19 04:35:00+00:00,91793.1,91884.0,91793.1,91862.8,172.64,91915.2769877808,0.339599256333232,92608.20894203144,91235.02235112697,1373.1865909044718,0,92056.0,92143.2,0.0,0.0,0.0,0.0,-0.7041553196751551,-0.23184813455696351,92142.6,92058.1,,,
2024-11-19 04:36:00+00:00,91862.8,91888.0,91815.3,91820.3,94.559,91915.61658703715,0.339599256333232,92608.54854128779,91235.36195038332,1373.1865909044718,1,92056.0,92143.2,-720.5485412877897,0.0,-0.5247273357171283,0.0,-0.7041553196751551,-0.23184813455696351,92142.6,92058.1,,,
2024-11-19 04:37:00+00:00,91820.3,91825.1,91801.5,91807.3,22.651,91915.95618629348,0.339599256333232,92608.88814054412,91235.70154963965,1373.1865909044718,0,92056.0,92143.2,0.0,0.0,0.0,0.0,-0.7041553196751551,-0.23184813455696351,92142.6,92058.1,,,
2024-11-19 04:38:00+00:00,91807.3,91813.8,91736.2,91754.9,126.348,91916.29578554981,0.339599256333232,92609.22773980045,91236.04114889598,1373.1865909044718,0,92056.0,92143.2,0.0,0.0,0.0,0.0,-0.7041553196751551,-0.23184813455696351,92142.6,92058.1,,,
2024-11-19 04:39:00+00:00,91754.9,91755.0,91699.8,91707.7,41.88,91916.63538480614,0.339599256333232,92609.56733905678,91236.38074815231,1373.1865909044718,0,92056.0,92143.2,0.0,0.0,0.0,0.0,-0.7041553196751551,-0.23184813455696351,92142.6,92058.1,,,
2024-11-19 04:40:00+00:00,91707.7,91727.8,91651.0,91651.1,54.908,91916.97498406247,0.339599256333232,92609.90693831311,91236.72034740864,1373.1865909044718,0,92056.0,92143.2,0.0,0.0,0.0,0.0,-0.7041553196751551,-0.23184813455696351,92142.6,92058.1,,,
2024-11-19 04:41:00+00:00,91651.1,91651.1,91577.0,91630.0,49.772,91917.3145833188,0.339599256333232,92610.24653756944,91237.05994666497,1373.1865909044718,-1,92056.0,92143.2,0.0,-339.9400533350272,0.0,-0.24755561668507126,-0.7041553196751551,-0.23184813455696351,92142.6,92058.1,,,
2024-11-19 04:42:00+00:00,91630.0,91680.0,91629.9,91643.1,22.56,91917.65418257515,0.339599256333232,92610.58613682579,91237.39954592132,1373.1865909044718,0,92056.0,92143.2,0.0,0.0,0.0,0.0,-0.7041553196751551,-0.23184813455696351,92142.6,92058.1,,,
2024-11-19 04:43:00+00:00,91643.1,91654.2,91628.0,91654.2,10.244,91917.99378183148,0.339599256333232,92610.92573608212,91237.73914517765,1373.1865909044718,0,92056.0,92143.2,0.0,0.0,0.0,0.0,-0.7041553196751551,-0.23184813455696351,92142.6,92058.1,,,
2024-11-19 04:44:00+00:00,91654.2,91680.3,91633.3,91680.3,7.618,91918.33338108781,0.339599256333232,92611.26533533845,91238.07874443398,1373.1865909044718,0,92056.0,92143.2,0.0,0.0,0.0,0.0,-0.7041553196751551,-0.23184813455696351,92142.6,92058.1,,,
2024-11-19 04:45:00+00:00,91680.3,91688.5,91630.1,91671.2,11.861,91918.67298034414,0.339599256333232,92611.60493459478,91238.41834369031,1373.1865909044718,0,92056.0,92143.2,0.0,0.0,0.0,0.0,-0.7041553196751551,-0.23184813455696351,92142.6,92058.1,,,
2024-11-19 04:46:00+00:00,91671.2,91675.9,91650.0,91650.0,18.652,91919.01257960047,0.339599256333232,92611.94453385111,91238.75794294664,1373.1865909044718,0,92056.0,92143.2,0.0,0.0,0.0,0.0,-0.7041553196751551,-0.23184813455696351,92142.6,92058.1,,,
2024-11-19 04:47:00+00:00,91650.0,91650.1,91605.8,91616.5,15.685,91919.3521788568,0.339599256333232,92612.28413310745,91239.09754220297,1373.1865909044718,0,92056.0,92143.2,0.0,0.0,0.0,0.0,-0.7041553196751551,-0.23184813455696351,92142.6,92058.1,,,
2024-11-19 04:48:00+00:00,91616.5,91649.3,91575.3,91587.5,49.526,91919.69177811313,0.339599256333232,92612.62373236378,91239.4371414593,1373.1865909044718,0,92056.0,92143.2,0.0,0.0,0.0,0.0,-0.7041553196751551,-0.23184813455696351,92142.6,92058.1,,,
2024-11-19 04:49:00+00:00,91587.5,91595.2,91474.6,91490.1,95.415,91920.03137736948,0.339599256333232,92612.96333162012,91239.77674071565,1373.1865909044718,0,92056.0,92143.2,0.0,0.0,0.0,0.0,-0.7041553196751551,-0.23184813455696351,92142.6,92058.1,,,
2024-11-19 04:50:00+00:00,91490.1,91509.0,91483.0,91483.0,46.465,91920.37097662581,0.339599256333232,92613.30293087645,91240.11633997198,1373.1865909044718,0,92056.0,92143.2,0.0,0.0,0.0,0.0,-0.7041553196751551,-0.23184813455696351,92142.6,92058.1,,,
2024-11-19 04:51:00+00:00,91483.0,91488.5,91424.1,91428.5,47.217,91920.71057588214,0.339599256333232,92613.64253013278,91240.45593922831,1373.1865909044718,0,92056.0,92143.2,0.0,0.0,0.0,0.0,-0.7041553196751551,-0.23184813455696351,92142.6,92058.1,,,
2024-11-19 04:52:00+00:00,91428.5,91490.7,91422.0,91434.1,46.442,91921.05017513847,0.339599256333232,92613.98212938911,91240.79553848464,1373.1865909044718,0,92056.0,92143.2,0.0,0.0,0.0,0.0,-0.7041553196751551,-0.23184813455696351,92142.6,92058.1,,,
2024-11-19 04:53:00+00:00,91434.1,91500.0,91434.1,91499.9,41.652,91921.3897743948,0.339599256333232,92614.32172864545,91241.13513774097,1373.1865909044718,0,92056.0,92143.2,0.0,0.0,0.0,0.0,-0.7041553196751551,-0.23184813455696351,92142.6,92058.1,,,
2024-11-19 04:54:00+00:00,91499.9,91500.0,91474.4,91487.9,39.991,91921.72937365113,0.339599256333232,92614.66132790178,91241.4747369973,1373.1865909044718,0,92056.0,92143.2,0.0,0.0,0.0,0.0,-0.7041553196751551,-0.23184813455696351,92142.6,92058.1,,,
2024-11-19 04:55:00+00:00,91487.9,91491.9,91401.8,91414.1,63.307,91922.06897290748,0.339599256333232,92615.00092715812,91241.81433625365,1373.1865909044718,-1,92056.0,92143.2,0.0,-159.98566374635266,0.0,-0.11650686425722777,-0.7041553196751551,-0.23184813455696351,92142.6,92058.1,,,
2024-11-19 04:56:00+00:00,91414.1,91550.0,91414.1,91550.0,96.891,91922.40857216381,0.339599256333232,92615.34052641445,91242.15393550998,1373.1865909044718,0,92056.0,92143.2,0.0,0.0,0.0,0.0,-0.7041553196751551,-0.23184813455696351,92142.6,92058.1,,,
2024-11-19 04:57:00+00:00,91550.0,91602.3,91550.0,91555.3,32.945,91922.74817142014,0.339599256333232,92615.68012567078,91242.49353476631,1373.1865909044718,0,92056.0,92143.2,0.0,0.0,0.0,0.0,-0.7041553196751551,-0.23184813455696351,92142.6,92058.1,,,
2024-11-19 04:58:00+00:00,91555.3,91555.3,91508.4,91530.9,21.183,91923.08777067647,0.339599256333232,92616.01972492712,91242.83313402264,1373.1865909044718,0,92056.0,92143.2,0.0,0.0,0.0,0.0,-0.7041553196751551,-0.23184813455696351,92142.6,92058.1,,,
2024-11-19 04:59:00+00:00,91530.9,91604.3,91530.8,91604.3,22.063,91923.4273699328,0.339599256333232,92616.35932418345,91243.17273327897,1373.1865909044718,0,92056.0,92143.2,0.0,0.0,0.0,0.0,-0.7041553196751551,-0.23184813455696351,92142.6,92058.1,,,
2024-11-19 05:00:00+00:00,91604.3,91606.5,91535.2,91535.3,36.13,91923.76696918914,0.339599256333232,92616.69892343978,91243.5123325353,1373.1865909044718,0,92056.0,92143.2,0.0,0.0,0.0,0.0,-0.7041553196751551,-0.23184813455696351,92142.6,92058.1,,,
2024-11-19 05:01:00+00:00,91535.3,91535.3,91484.5,91530.0,32.578,91924.10656844547,0.339599256333232,92617.03852269611,91243.85193179164,1373.1865909044718,0,92056.0,92143.2,0.0,0.0,0.0,0.0,-0.7041553196751551,-0.23184813455696351,92142.6,92058.1,,,
2024-11-19 05:02:00+00:00,91530.0,91638.3,91526.2,91638.2,27.725,91924.44616770181,0.339599256333232,92617.37812195245,91244.19153104798,1373.1865909044718,0,92056.0,92143.2,0.0,0.0,0.0,0.0,-0.7041553196751551,-0.23184813455696351,92142.6,92058.1,,,
2024-11-19 05:03:00+00:00,91638.2,91645.9,91621.9,91630.3,25.622,91924.78576695814,0.339599256333232,92617.71772120878,91244.53113030431,1373.1865909044718,0,92056.0,92143.2,0.0,0.0,0.0,0.0,-0.7041553196751551,-0.23184813455696351,92142.6,92058.1,,,
2024-11-19 05:04:00+00:00,91630.3,91684.2,91630.2,91684.1,20.159,91925.12536621447,0.339599256333232,92618.05732046512,91244.87072956064,1373.1865909044718,0,92056.0,92143.2,0.0,0.0,0.0,0.0,-0.7041553196751551,-0.23184813455696351,92142.6,92058.1,,,
2024-11-19 05:05:00+00:00,91684.1,91729.9,91650.4,91687.3,75.639,91925.4649654708,0.339599256333232,92618.39691972145,91245.21032881697,1373.1865909044718,0,92056.0,92143.2,0.0,0.0,0.0,0.0,-0.7041553196751551,-0.23184813455696351,92142.6,92058.1,,,
2024-11-19 05:06:00+00:00,91687.3,91726.0,91687.3,91726.0,13.629,91925.80456472714,0.339599256333232,92618.73651897778,91245.5499280733,1373.1865909044718,0,92056.0,92143.2,0.0,0.0,0.0,0.0,-0.7041553196751551,-0.23184813455696351,92142.6,92058.1,,,
2024-11-19 05:07:00+00:00,91726.0,91737.0,91686.2,91700.1,92.277,91926.14416398347,0.339599256333232,92619.07611823411,91245.88952732964,1373.1865909044718,1,92056.0,92143.2,-882.0761182341084,0.0,-0.6423570722847757,0.0,-0.7041553196751551,-0.23184813455696351,92142.6,92058.1,,,
2024-11-19 05:08:00+00:00,91700.1,91720.3,91655.0,91655.0,20.989,91926.48376323981,0.339599256333232,92619.41571749045,91246.22912658598,1373.1865909044718,0,92056.0,92143.2,0.0,0.0,0.0,0.0,-0.7041553196751551,-0.23184813455696351,92142.6,92058.1,,,
2024-11-19 05:09:00+00:00,91655.0,91683.7,91640.0,91683.7,15.516,91926.82336249614,0.339599256333232,92619.75531674678,91246.56872584231,1373.1865909044718,0,92056.0,92143.2,0.0,0.0,0.0,0.0,-0.7041553196751551,-0.23184813455696351,92142.6,92058.1,,,
2024-11-19 05:10:00+00:00,91683.7,91683.7,91648.0,91660.0,17.928,91927.16296175247,0.339599256333232,92620.09491600312,91246.90832509864,1373.1865909044718,0,92056.0,92143.2,0.0,0.0,0.0,0.0,-0.7041553196751551,-0.23184813455696351,92142.6,92058.1,,,
2024-11-19 05:11:00+00:00,91660.0,91671.3,91654.5,91668.0,10.859,91927.5025610088,0.339599256333232,92620.43451525945,91247.24792435498,1373.1865909044718,0,92056.0,92143.2,0.0,0.0,0.0,0.0,-0.7041553196751551,-0.23184813455696351,92142.6,92058.1,,,
2024-11-19 05:12:00+00:00,91668.0,91712.6,91668.0,91696.1,40.21,91927.84216026514,0.339599256333232,92620.77411451578,91247.5875236113,1373.1865909044718,0,92056.0,92143.2,0.0,0.0,0.0,0.0,-0.7041553196751551,-0.23184813455696351,92142.6,92058.1,,,
2024-11-19 05:13:00+00:00,91696.1,91696.1,91645.8,91649.1,12.127,91928.18175952147,0.339599256333232,92621.11371377211,91247.92712286764,1373.1865909044718,0,92056.0,92143.2,0.0,0.0,0.0,0.0,-0.7041553196751551,-0.23184813455696351,92142.6,92058.1,,,
2024-11-19 05:14:00+00:00,91649.1,91692.0,91643.3,91688.2,22.594,91928.5213587778,0.339599256333232,92621.45331302844,91248.26672212397,1373.1865909044718,0,92056.0,92143.2,0.0,0.0,0.0,0.0,-0.7041553196751551,-0.23184813455696351,92142.6,92058.1,,,
2024-11-19 05:15:00+00:00,91688.2,91702.5,91668.0,91702.5,5.742,91928.86095803414,0.339599256333232,92621.79291228479,91248.60632138031,1373.1865909044718,0,92056.0,92143.2,0.0,0.0,0.0,0.0,-0.7041553196751551,-0.23184813455696351,92142.6,92058.1,,,
2024-11-19 05:16:00+00:00,91702.5,91732.4,91700.0,91732.4,15.219,91929.20055729047,0.339599256333232,92622.13251154112,91248.94592063664,1373.1865909044718,1,92056.0,92143.2,-889.7325115411222,0.0,-0.6479327117191592,0.0,-0.7041553196751551,-0.23184813455696351,92142.6,92058.1,,,
2024-11-19 05:17:00+00:00,91732.4,91732.4,91626.7,91626.7,51.139,91929.5401565468,0.339599256333232,92622.47211079745,91249.28551989298,1373.1865909044718,1,92056.0,92143.2,-890.0721107974532,0.0,-0.6481800191561677,0.0,-0.7041553196751551,-0.23184813455696351,92142.6,92058.1,,,
2024-11-19 05:18:00+00:00,91626.7,91674.0,91626.7,91631.0,14.409,91929.87975580314,0.339599256333232,92622.81171005378,91249.6251191493,1373.1865909044718,0,92056.0,92143.2,0.0,0.0,0.0,0.0,-0.7041553196751551,-0.23184813455696351,92142.6,92058.1,,,
2024-11-19 05:19:00+00:00,91631.0,91637.1,91570.9,91572.5,21.688,91930.21935505947,0.339599256333232,92623.15130931011,91249.96471840564,1373.1865909044718,0,92056.0,92143.2,0.0,0.0,0.0,0.0,-0.7041553196751551,-0.23184813455696351,92142.6,92058.1,,,
2024-11-19 05:20:00+00:00,91572.5,91572.5,91479.2,91493.5,139.857,91930.5589543158,0.339599256333232,92623.49090856644,91250.30431766197,1373.1865909044718,0,92056.0,92143.2,0.0,0.0,0.0,0.0,-0.7041553196751551,-0.23184813455696351,92142.6,92058.1,,,
2024-11-19 05:21:00+00:00,91493.5,91578.7,91493.5,91578.7,33.489,91930.89855357214,0.339599256333232,92623.83050782279,91250.64391691831,1373.1865909044718,0,92056.0,92143.2,0.0,0.0,0.0,0.0,-0.7041553196751551,-0.23184813455696351,92142.6,92058.1,,,
2024-11-19 05:22:00+00:00,91578.7,91589.8,91518.6,91523.0,44.431,91931.23815282847,0.339599256333232,92624.17010707912,91250.98351617465,1373.1865909044718,0,92056.0,92143.2,0.0,0.0,0.0,0.0,-0.7041553196751551,-0.23184813455696351,92142.6,92058.1,,,
2024-11-19 05:23:00+00:00,91523.0,91576.1,91496.5,91496.5,67.706,91931.5777520848,0.339599256333232,92624.50970633545,91251.32311543098,1373.1865909044718,0,92056.0,92143.2,0.0,0.0,0.0,0.0,-0.7041553196751551,-0.23184813455696351,92142.6,92058.1,,,
2024-11-19 05:24:00+00:00,91496.5,91528.0,91424.0,91430.5,72.608,91931.91735134114,0.339599256333232,92624.84930559178,91251.6627146873,1373.1865909044718,0,92056.0,92143.2,0.0,0.0,0.0,0.0,-0.7041553196751551,-0.23184813455696351,92142.6,92058.1,,,
2024-11-19 05:25:00+00:00,91430.5,91465.6,91359.0,91366.5,76.129,91932.25695059747,0.339599256333232,92625.18890484811,91252.00231394364,1373.1865909044718,0,92056.0,92143.2,0.0,0.0,0.0,0.0,-0.7041553196751551,-0.23184813455696351,92142.6,92058.1,,,
2024-11-19 05:26:00+00:00,91366.5,91443.4,91346.2,91443.4,88.945,91932.5965498538,0.339599256333232,92625.52850410444,91252.34191319997,1373.1865909044718,0,92056.0,92143.2,0.0,0.0,0.0,0.0,-0.7041553196751551,-0.23184813455696351,92142.6,92058.1,,,
2024-11-19 05:27:00+00:00,91443.4,91451.4,91282.3,91404.2,139.488,91932.93614911014,0.339599256333232,92625.86810336079,91252.68151245631,1373.1865909044718,-1,92056.0,92143.2,0.0,-29.61848754368839,0.0,-0.02156916455481821,-0.7041553196751551,-0.23184813455696351,92142.6,92058.1,,,
2024-11-19 05:28:00+00:00,91404.2,91442.0,91387.0,91435.9,33.839,91933.27574836648,0.339599256333232,92626.20770261712,91253.02111171265,1373.1865909044718,0,92056.0,92143.2,0.0,0.0,0.0,0.0,-0.7041553196751551,-0.23184813455696351,92142.6,92058.1,,,
2024-11-19 05:29:00+00:00,91435.9,91436.0,91389.0,91430.5,31.273,91933.6153476228,0.339599256333232,92626.54730187345,91253.36071096898,1373.1865909044718,0,92056.0,92143.2,0.0,0.0,0.0,0.0,-0.7041553196751551,-0.23184813455696351,92142.6,92058.1,,,
2024-11-19 05:30:00+00:00,91430.5,91435.0,91400.0,91400.0,22.55,91933.95494687914,0.339599256333232,92626.88690112978,91253.70031022531,1373.1865909044718,0,92056.0,92143.2,0.0,0.0,0.0,0.0,-0.7041553196751551,-0.23184813455696351,92142.6,92058.1,,,
2024-11-19 05:31:00+00:00,91400.0,91400.1,91286.4,91307.0,100.131,91934.29454613547,0.339599256333232,92627.22650038611,91254.03990948164,1373.1865909044718,0,92056.0,92143.2,0.0,0.0,0.0,0.0,-0.7041553196751551,-0.23184813455696351,92142.6,92058.1,,,
2024-11-19 05:32:00+00:00,91307.0,91382.4,91307.0,91378.2,40.078,91934.6341453918,0.339599256333232,92627.56609964244,91254.37950873797,1373.1865909044718,0,92056.0,92143.2,0.0,0.0,0.0,0.0,-0.7041553196751551,-0.23184813455696351,92142.6,92058.1,,,
2024-11-19 05:33:00+00:00,91378.2,91423.7,91354.0,91415.9,46.264,91934.97374464813,0.339599256333232,92627.90569889877,91254.7191079943,1373.1865909044718,0,92056.0,92143.2,0.0,0.0,0.0,0.0,-0.7041553196751551,-0.23184813455696351,92142.6,92058.1,,,
2024-11-19 05:34:00+00:00,91415.9,91500.0,91400.0,91500.0,43.148,91935.31334390448,0.339599256333232,92628.24529815512,91255.05870725065,1373.1865909044718,0,92056.0,92143.2,0.0,0.0,0.0,0.0,-0.7041553196751551,-0.23184813455696351,92142.6,92058.1,,,
2024-11-19 05:35:00+00:00,91500.0,91524.4,91466.7,91507.9,19.696,91935.6529431608,0.339599256333232,92628.58489741145,91255.39830650698,1373.1865909044718,0,92056.0,92143.2,0.0,0.0,0.0,0.0,-0.7041553196751551,-0.23184813455696351,92142.6,92058.1,,,
2024-11-19 05:36:00+00:00,91507.9,91544.0,91493.3,91509.6,20.819,91935.99254241714,0.339599256333232,92628.92449666778,91255.73790576331,1373.1865909044718,0,92056.0,92143.2,0.0,0.0,0.0,0.0,-0.7041553196751551,-0.23184813455696351,92142.6,92058.1,,,
2024-11-19 05:37:00+00:00,91509.6,91561.6,91509.5,91561.6,40.126,91936.33214167347,0.339599256333232,92629.26409592411,91256.07750501964,1373.1865909044718,0,92056.0,92143.2,0.0,0.0,0.0,0.0,-0.7041553196751551,-0.23184813455696351,92142.6,92058.1,,,
2024-11-19 05:38:00+00:00,91561.6,91576.1,91552.1,91558.4,18.407,91936.6717409298,0.339599256333232,92629.60369518044,91256.41710427597,1373.1865909044718,0,92056.0,92143.2,0.0,0.0,0.0,0.0,-0.7041553196751551,-0.23184813455696351,92142.6,92058.1,,,
2024-11-19 05:39:00+00:00,91558.4,91578.7,91558.4,91578.7,11.228,91937.01134018613,0.339599256333232,92629.94329443677,91256.7567035323,1373.1865909044718,0,92056.0,92143.2,0.0,0.0,0.0,0.0,-0.7041553196751551,-0.23184813455696351,92142.6,92058.1,,,
2024-11-19 05:40:00+00:00,91578.7,91578.7,91548.9,91573.5,55.857,91937.35093944248,0.339599256333232,92630.28289369312,91257.09630278865,1373.1865909044718,0,92056.0,92143.2,0.0,0.0,0.0,0.0,-0.7041553196751551,-0.23184813455696351,92142.6,92058.1,,,
2024-11-19 05:41:00+00:00,91573.5,91573.6,91520.6,91529.0,26.129,91937.69053869881,0.339599256333232,92630.62249294945,91257.43590204498,1373.1865909044718,0,92056.0,92143.2,0.0,0.0,0.0,0.0,-0.7041553196751551,-0.23184813455696351,92142.6,92058.1,,,
2024-11-19 05:42:00+00:00,91529.0,91540.9,91504.3,91504.4,9.786,91938.03013795514,0.339599256333232,92630.96209220578,91257.77550130131,1373.1865909044718,0,92056.0,92143.2,0.0,0.0,0.0,0.0,-0.7041553196751551,-0.23184813455696351,92142.6,92058.1,,,
2024-11-19 05:43:00+00:00,91504.4,91516.3,91504.3,91509.4,4.945,91938.36973721147,0.339599256333232,92631.30169146211,91258.11510055764,1373.1865909044718,-1,92056.0,92143.2,0.0,-246.18489944236353,0.0,-0.17928000540713832,-0.7041553196751551,-0.23184813455696351,92142.6,92058.1,,,
2024-11-19 05:44:00+00:00,91509.4,91552.5,91509.4,91543.2,16.498,91938.7093364678,0.339599256333232,92631.64129071844,91258.45469981397,1373.1865909044718,0,92056.0,92143.2,0.0,0.0,0.0,0.0,-0.7041553196751551,-0.23184813455696351,92142.6,92058.1,,,
2024-11-19 05:45:00+00:00,91543.2,91599.9,91527.6,91599.9,12.412,91939.04893572413,0.339599256333232,92631.98088997477,91258.7942990703,1373.1865909044718,0,92056.0,92143.2,0.0,0.0,0.0,0.0,-0.7041553196751551,-0.23184813455696351,92142.6,92058.1,,,
2024-11-19 05:46:00+00:00,91599.9,91627.9,91588.7,91627.9,51.084,91939.38853498046,0.339599256333232,92632.3204892311,91259.13389832663,1373.1865909044718,0,92056.0,92143.2,0.0,0.0,0.0,0.0,-0.7041553196751551,-0.23184813455696351,92142.6,92058.1,,,
2024-11-19 05:47:00+00:00,91627.9,91634.0,91595.0,91612.0,44.486,91939.72813423681,0.339599256333232,92632.66008848745,91259.47349758298,1373.1865909044718,0,92056.0,92143.2,0.0,0.0,0.0,0.0,-0.7041553196751551,-0.23184813455696351,92142.6,92058.1,,,
2024-11-19 05:48:00+00:00,91612.0,91642.8,91599.9,91624.7,42.05,91940.06773349314,0.339599256333232,92632.99968774378,91259.81309683931,1373.1865909044718,0,92056.0,92143.2,0.0,0.0,0.0,0.0,-0.7041553196751551,-0.23184813455696351,92142.6,92058.1,,,
2024-11-19 05:49:00+00:00,91624.7,91648.6,91613.9,91638.6,22.69,91940.40733274947,0.339599256333232,92633.33928700011,91260.15269609564,1373.1865909044718,0,92056.0,92143.2,0.0,0.0,0.0,0.0,-0.7041553196751551,-0.23184813455696351,92142.6,92058.1,,,
2024-11-19 05:50:00+00:00,91638.6,91647.3,91601.1,91629.9,23.285,91940.7469320058,0.339599256333232,92633.67888625644,91260.49229535197,1373.1865909044718,0,92056.0,92143.2,0.0,0.0,0.0,0.0,-0.7041553196751551,-0.23184813455696351,92142.6,92058.1,,,
2024-11-19 05:51:00+00:00,91629.9,91662.1,91620.8,91662.1,26.4,91941.08653126213,0.339599256333232,92634.01848551277,91260.8318946083,1373.1865909044718,0,92056.0,92143.2,0.0,0.0,0.0,0.0,-0.7041553196751551,-0.23184813455696351,92142.6,92058.1,,,
2024-11-19 05:52:00+00:00,91662.1,91728.4,91650.2,91727.9,33.619,91941.42613051846,0.339599256333232,92634.3580847691,91261.17149386463,1373.1865909044718,0,92056.0,92143.2,0.0,0.0,0.0,0.0,-0.7041553196751551,-0.23184813455696351,92142.6,92058.1,,,
2024-11-19 05:53:00+00:00,91727.9,91750.0,91715.0,91719.3,38.789,91941.76572977481,0.339599256333232,92634.69768402545,91261.51109312098,1373.1865909044718,0,92056.0,92143.2,0.0,0.0,0.0,0.0,-0.7041553196751551,-0.23184813455696351,92142.6,92058.1,,,
2024-11-19 05:54:00+00:00,91719.3,91800.0,91719.3,91787.9,84.89,91942.10532903114,0.339599256333232,92635.03728328178,91261.85069237731,1373.1865909044718,0,92056.0,92143.2,0.0,0.0,0.0,0.0,-0.7041553196751551,-0.23184813455696351,92142.6,92058.1,,,
2024-11-19 05:55:00+00:00,91787.9,91869.1,91787.9,91867.9,84.896,91942.44492828747,0.339599256333232,92635.37688253811,91262.19029163364,1373.1865909044718,0,92056.0,92143.2,0.0,0.0,0.0,0.0,-0.7041553196751551,-0.23184813455696351,92142.6,92058.1,,,
2024-11-19 05:56:00+00:00,91867.9,91900.0,91837.6,91883.3,77.382,91942.7845275438,0.339599256333232,92635.71648179444,91262.52989088997,1373.1865909044718,0,92056.0,92143.2,0.0,0.0,0.0,0.0,-0.7041553196751551,-0.23184813455696351,92142.6,92058.1,,,
2024-11-19 05:57:00+00:00,91883.3,91905.9,91872.8,91889.8,83.125,91943.12412680013,0.339599256333232,92636.05608105077,91262.8694901463,1373.1865909044718,0,92056.0,92143.2,0.0,0.0,0.0,0.0,-0.7041553196751551,-0.23184813455696351,92142.6,92058.1,,,
2024-11-19 05:58:00+00:00,91889.8,91901.9,91879.3,91888.4,24.603,91943.46372605646,0.339599256333232,92636.3956803071,91263.20908940263,1373.1865909044718,0,92056.0,92143.2,0.0,0.0,0.0,0.0,-0.7041553196751551,-0.23184813455696351,92142.6,92058.1,,,
2024-11-19 05:59:00+00:00,91888.4,91989.9,91865.0,91965.6,241.577,91943.8033253128,0.339599256333232,92636.73527956344,91263.54868865896,1373.1865909044718,1,92056.0,92143.2,-646.8352795634419,0.0,-0.47104689475404304,0.0,-0.7041553196751551,-0.23184813455696351,92142.6,92058.1,,,
2024-11-19 06:00:00+00:00,91965.6,91974.0,91881.2,91909.9,113.903,91944.14292456914,0.339599256333232,92637.07487881978,91263.88828791531,1373.1865909044718,0,92056.0,92143.2,0.0,0.0,0.0,0.0,-0.7041553196751551,-0.23184813455696351,92142.6,92058.1,,,1.0
2024-11-19 06:01:00+00:00,91909.9,91910.0,91775.5,91777.7,199.974,91944.48252382547,0.339599256333232,92637.41447807611,91264.22788717164,1373.1865909044718,0,92056.0,92143.2,0.0,0.0,0.0,0.0,-0.7041553196751551,-0.23184813455696351,92142.6,92058.1,,,
2024-11-19 06:02:00+00:00,91777.7,91834.1,91755.6,91755.6,65.139,91944.8221230818,0.339599256333232,92637.75407733244,91264.56748642797,1373.1865909044718,0,92056.0,92143.2,0.0,0.0,0.0,0.0,-0.7041553196751551,-0.23184813455696351,92142.6,92058.1,,,
2024-11-19 06:03:00+00:00,91755.6,91774.6,91727.9,91760.1,51.647,91945.16172233813,0.339599256333232,92638.09367658877,91264.9070856843,1373.1865909044718,-1,92056.0,92143.2,0.0,-462.99291431569145,0.0,-0.33716678955533175,-0.7041553196751551,-0.23184813455696351,92142.6,92058.1,,,
2024-11-19 06:04:00+00:00,91760.1,91806.8,91735.0,91791.2,172.343,91945.50132159446,0.339599256333232,92638.4332758451,91265.24668494063,1373.1865909044718,0,92056.0,92143.2,0.0,0.0,0.0,0.0,-0.7041553196751551,-0.23184813455696351,92142.6,92058.1,,,
2024-11-19 06:05:00+00:00,91791.2,91843.9,91791.2,91812.4,67.374,91945.8409208508,0.339599256333232,92638.77287510144,91265.58628419696,1373.1865909044718,0,92056.0,92143.2,0.0,0.0,0.0,0.0,-0.7041553196751551,-0.23184813455696351,92142.6,92058.1,,,
2024-11-19 06:06:00+00:00,91812.4,91850.0,91773.7,91850.0,29.424,91946.18052010714,0.339599256333232,92639.11247435778,91265.92588345331,1373.1865909044718,0,92056.0,92143.2,0.0,0.0,0.0,0.0,-0.7041553196751551,-0.23184813455696351,92142.6,92058.1,,,
2024-11-19 06:07:00+00:00,91850.0,91850.0,91810.0,91810.1,17.779,91946.52011936347,0.339599256333232,92639.45207361411,91266.26548270964,1373.1865909044718,0,92056.0,92143.2,0.0,0.0,0.0,0.0,-0.7041553196751551,-0.23184813455696351,92142.6,92058.1,,,
2024-11-19 06:08:00+00:00,91810.1,91867.9,91810.0,91867.8,31.439,91946.8597186198,0.339599256333232,92639.79167287044,91266.60508196597,1373.1865909044718,0,92056.0,92143.2,0.0,0.0,0.0,0.0,-0.7041553196751551,-0.23184813455696351,92142.6,92058.1,,,
2024-11-19 06:09:00+00:00,91867.8,91885.0,91836.8,91872.0,23.095,91947.19931787613,0.339599256333232,92640.13127212678,91266.9446812223,1373.1865909044718,1,92056.0,92143.2,-755.131272126775,0.0,-0.5499116268164222,0.0,-0.7041553196751551,-0.23184813455696351,92142.6,92058.1,,,
2024-11-19 06:10:00+00:00,91872.0,91872.1,91820.0,91823.3,35.534,91947.53891713246,0.339599256333232,92640.4708713831,91267.28428047863,1373.1865909044718,0,92056.0,92143.2,0.0,0.0,0.0,0.0,-0.7041553196751551,-0.23184813455696351,92142.6,92058.1,,,
2024-11-19 06:11:00+00:00,91823.3,91823.3,91794.1,91794.1,33.552,91947.8785163888,0.339599256333232,92640.81047063944,91267.62387973497,1373.1865909044718,0,92056.0,92143.2,0.0,0.0,0.0,0.0,-0.7041553196751551,-0.23184813455696351,92142.6,92058.1,,,
2024-11-19 06:12:00+00:00,91794.1,91794.2,91735.6,91746.3,54.141,91948.21811564513,0.339599256333232,92641.15006989577,91267.9634789913,1373.1865909044718,0,92056.0,92143.2,0.0,0.0,0.0,0.0,-0.7041553196751551,-0.23184813455696351,92142.6,92058.1,,,
2024-11-19 06:13:00+00:00,91746.3,91751.5,91672.5,91721.4,36.702,91948.55771490147,0.339599256333232,92641.48966915211,91268.30307824764,1373.1865909044718,-1,92056.0,92143.2,0.0,-404.1969217523583,0.0,-0.2943495985393561,-0.7041553196751551,-0.23184813455696351,92142.6,92058.1,,,
2024-11-19 06:14:00+00:00,91721.4,91779.4,91721.4,91756.1,22.342,91948.8973141578,0.339599256333232,92641.82926840844,91268.64267750397,1373.1865909044718,0,92056.0,92143.2,0.0,0.0,0.0,0.0,-0.7041553196751551,-0.23184813455696351,92142.6,92058.1,,,
2024-11-19 06:15:00+00:00,91756.1,91808.0,91742.0,91799.0,31.602,91949.23691341413,0.339599256333232,92642.16886766478,91268.9822767603,1373.1865909044718,0,92056.0,92143.2,0.0,0.0,0.0,0.0,-0.7041553196751551,-0.23184813455696351,92142.6,92058.1,,,
2024-11-19 06:16:00+00:00,91799.0,91827.6,91778.9,91778.9,56.65,91949.57651267046,0.339599256333232,92642.5084669211,91269.32187601663,1373.1865909044718,0,92056.0,92143.2,0.0,0.0,0.0,0.0,-0.7041553196751551,-0.23184813455696351,92142.6,92058.1,,,
2024-11-19 06:17:00+00:00,91778.9,91803.9,91746.4,91765.5,14.316,91949.9161119268,0.339599256333232,92642.84806617744,91269.66147527297,1373.1865909044718,0,92056.0,92143.2,0.0,0.0,0.0,0.0,-0.7041553196751551,-0.23184813455696351,92142.6,92058.1,,,
2024-11-19 06:18:00+00:00,91765.5,91776.9,91709.1,91724.3,22.359,91950.25571118313,0.339599256333232,92643.18766543377,91270.0010745293,1373.1865909044718,0,92056.0,92143.2,0.0,0.0,0.0,0.0,-0.7041553196751551,-0.23184813455696351,92142.6,92058.1,,,
2024-11-19 06:19:00+00:00,91724.3,91765.3,91724.2,91745.3,6.34,91950.59531043947,0.339599256333232,92643.52726469011,91270.34067378564,1373.1865909044718,0,92056.0,92143.2,0.0,0.0,0.0,0.0,-0.7041553196751551,-0.23184813455696351,92142.6,92058.1,,,
2024-11-19 06:20:00+00:00,91745.3,91765.3,91717.4,91727.7,19.736,91950.9349096958,0.339599256333232,92643.86686394644,91270.68027304197,1373.1865909044718,0,92056.0,92143.2,0.0,0.0,0.0,0.0,-0.7041553196751551,-0.23184813455696351,92142.6,92058.1,,,
2024-11-19 06:21:00+00:00,91727.7,91742.9,91685.0,91728.7,22.974,91951.27450895213,0.339599256333232,92644.20646320278,91271.0198722983,1373.1865909044718,-1,92056.0,92143.2,0.0,-413.9801277016959,0.0,-0.30147405344893524,-0.7041553196751551,-0.23184813455696351,92142.6,92058.1,,,
2024-11-19 06:22:00+00:00,91728.7,91734.3,91704.9,91734.3,7.512,91951.61410820847,0.339599256333232,92644.5460624591,91271.35947155464,1373.1865909044718,0,92056.0,92143.2,0.0,0.0,0.0,0.0,-0.7041553196751551,-0.23184813455696351,92142.6,92058.1,,,
2024-11-19 06:23:00+00:00,91734.3,91763.0,91734.2,91753.7,7.58,91951.9537074648,0.339599256333232,92644.88566171544,91271.69907081097,1373.1865909044718,0,92056.0,92143.2,0.0,0.0,0.0,0.0,-0.7041553196751551,-0.23184813455696351,92142.6,92058.1,,,
2024-11-19 06:24:00+00:00,91753.7,91805.4,91753.7,91796.2,10.985,91952.29330672113,0.339599256333232,92645.22526097177,91272.0386700673,1373.1865909044718,0,92056.0,92143.2,0.0,0.0,0.0,0.0,-0.7041553196751551,-0.23184813455696351,92142.6,92058.1,,,
2024-11-19 06:25:00+00:00,91796.2,91863.4,91796.2,91863.3,16.979,91952.63290597746,0.339599256333232,92645.5648602281,91272.37826932363,1373.1865909044718,0,92056.0,92143.2,0.0,0.0,0.0,0.0,-0.7041553196751551,-0.23184813455696351,92142.6,92058.1,,,
2024-11-19 06:26:00+00:00,91863.3,91895.4,91863.3,91895.3,24.888,91952.9725052338,0.339599256333232,92645.90445948445,91272.71786857997,1373.1865909044718,0,92056.0,92143.2,0.0,0.0,0.0,0.0,-0.7041553196751551,-0.23184813455696351,92142.6,92058.1,,,
2024-11-19 06:27:00+00:00,91895.3,91940.5,91895.3,91924.0,81.081,91953.31210449013,0.339599256333232,92646.24405874078,91273.0574678363,1373.1865909044718,0,92056.0,92143.2,0.0,0.0,0.0,0.0,-0.7041553196751551,-0.23184813455696351,92142.6,92058.1,,,
2024-11-19 06:28:00+00:00,91924.0,91924.1,91870.2,91917.1,33.167,91953.65170374647,0.339599256333232,92646.58365799711,91273.39706709264,1373.1865909044718,0,92056.0,92143.2,0.0,0.0,0.0,0.0,-0.7041553196751551,-0.23184813455696351,92142.6,92058.1,,,
2024-11-19 06:29:00+00:00,91917.1,92011.9,91917.1,92000.0,172.14,91953.9913030028,0.339599256333232,92646.92325725344,91273.73666634897,1373.1865909044718,1,92056.0,92143.2,-635.0232572534442,0.0,-0.46244498851039295,0.0,-0.7041553196751551,-0.23184813455696351,92142.6,92058.1,,,
2024-11-19 06:30:00+00:00,92000.0,92010.6,91959.9,91961.4,104.397,91954.33090225913,0.339599256333232,92647.26285650977,91274.0762656053,1373.1865909044718,0,92056.0,92143.2,0.0,0.0,0.0,0.0,-0.7041553196751551,-0.23184813455696351,92142.6,92058.1,,,
2024-11-19 06:31:00+00:00,91961.4,92009.1,91930.4,91980.1,59.469,91954.67050151546,0.339599256333232,92647.6024557661,91274.41586486163,1373.1865909044718,0,92056.0,92143.2,0.0,0.0,0.0,0.0,-0.7041553196751551,-0.23184813455696351,92142.6,92058.1,,,
2024-11-19 06:32:00+00:00,91980.1,91995.8,91930.8,91935.4,53.776,91955.0101007718,0.339599256333232,92647.94205502245,91274.75546411797,1373.1865909044718,0,92056.0,92143.2,0.0,0.0,0.0,0.0,-0.7041553196751551,-0.23184813455696351,92142.6,92058.1,,,1.0
2024-11-19 06:33:00+00:00,91935.4,91935.4,91898.8,91907.0,34.763,91955.34970002813,0.339599256333232,92648.28165427878,91275.0950633743,1373.1865909044718,0,92056.0,92143.2,0.0,0.0,0.0,0.0,-0.7041553196751551,-0.23184813455696351,92142.6,92058.1,,,
2024-11-19 06:34:00+00:00,91907.0,91980.0,91891.6,91975.3,51.57,91955.68929928447,0.339599256333232,92648.62125353511,91275.43466263064,1373.1865909044718,0,92056.0,92143.2,0.0,0.0,0.0,0.0,-0.7041553196751551,-0.23184813455696351,92142.6,92058.1,,,
2024-11-19 06:35:00+00:00,91975.3,91996.0,91938.6,91995.9,34.483,91956.0288985408,0.339599256333232,92648.96085279144,91275.77426188697,1373.1865909044718,0,92056.0,92143.2,0.0,0.0,0.0,0.0,-0.7041553196751551,-0.23184813455696351,92142.6,92058.1,,,
2024-11-19 06:36:00+00:00,91995.9,92000.4,91967.1,92000.0,30.319,91956.36849779713,0.339599256333232,92649.30045204777,91276.1138611433,1373.1865909044718,0,92056.0,92143.2,0.0,0.0,0.0,0.0,-0.7041553196751551,-0.23184813455696351,92142.6,92058.1,,,
2024-11-19 06:37:00+00:00,92000.0,92000.0,91977.9,91994.9,21.042,91956.70809705346,0.339599256333232,92649.6400513041,91276.45346039963,1373.1865909044718,0,92056.0,92143.2,0.0,0.0,0.0,0.0,-0.7041553196751551,-0.23184813455696351,92142.6,92058.1,,,
2024-11-19 06:38:00+00:00,91994.9,91994.9,91926.3,91931.1,19.656,91957.04769630979,0.339599256333232,92649.97965056043,91276.79305965596,1373.1865909044718,0,92056.0,92143.2,0.0,0.0,0.0,0.0,-0.7041553196751551,-0.23184813455696351,92142.6,92058.1,,,1.0
2024-11-19 06:39:00+00:00,91931.1,91949.7,91900.0,91949.6,30.495,91957.38729556614,0.339599256333232,92650.31924981678,91277.1326589123,1373.1865909044718,0,92056.0,92143.2,0.0,0.0,0.0,0.0,-0.7041553196751551,-0.23184813455696351,92142.6,92058.1,,,
2024-11-19 06:40:00+00:00,91949.6,91963.2,91949.3,91954.8,18.244,91957.72689482247,0.339599256333232,92650.65884907311,91277.47225816864,1373.1865909044718,0,92056.0,92143.2,0.0,0.0,0.0,0.0,-0.7041553196751551,-0.23184813455696351,92142.6,92058.1,,,
2024-11-19 06:41:00+00:00,91954.8,91995.6,91954.8,91969.8,43.55,91958.0664940788,0.339599256333232,92650.99844832944,91277.81185742497,1373.1865909044718,0,92056.0,92143.2,0.0,0.0,0.0,0.0,-0.7041553196751551,-0.23184813455696351,92142.6,92058.1,,,
2024-11-19 06:42:00+00:00,91969.8,91969.9,91907.3,91918.3,27.862,91958.40609333513,0.339599256333232,92651.33804758577,91278.1514566813,1373.1865909044718,0,92056.0,92143.2,0.0,0.0,0.0,0.0,-0.7041553196751551,-0.23184813455696351,92142.6,92058.1,,,1.0
2024-11-19 06:43:00+00:00,91918.3,91918.3,91867.8,91867.9,33.274,91958.74569259146,0.339599256333232,92651.6776468421,91278.49105593763,1373.1865909044718,0,92056.0,92143.2,0.0,0.0,0.0,0.0,-0.7041553196751551,-0.23184813455696351,92142.6,92058.1,,,
2024-11-19 06:44:00+00:00,91867.9,91912.4,91858.5,91911.2,29.725,91959.08529184779,0.339599256333232,92652.01724609843,91278.83065519396,1373.1865909044718,0,92056.0,92143.2,0.0,0.0,0.0,0.0,-0.7041553196751551,-0.23184813455696351,92142.6,92058.1,,,
2024-11-19 06:45:00+00:00,91911.2,91943.7,91911.2,91919.9,48.774,91959.42489110414,0.339599256333232,92652.35684535478,91279.1702544503,1373.1865909044718,0,92056.0,92143.2,0.0,0.0,0.0,0.0,-0.7041553196751551,-0.23184813455696351,92142.6,92058.1,,,
2024-11-19 06:46:00+00:00,91919.9,91924.2,91914.3,91914.4,9.224,91959.76449036047,0.339599256333232,92652.69644461111,91279.50985370664,1373.1865909044718,0,92056.0,92143.2,0.0,0.0,0.0,0.0,-0.7041553196751551,-0.23184813455696351,92142.6,92058.1,,,
2024-11-19 06:47:00+00:00,91914.4,91917.7,91883.9,91911.0,19.156,91960.1040896168,0.339599256333232,92653.03604386744,91279.84945296297,1373.1865909044718,0,92056.0,92143.2,0.0,0.0,0.0,0.0,-0.7041553196751551,-0.23184813455696351,92142.6,92058.1,,,
2024-11-19 06:48:00+00:00,91911.0,91911.0,91895.6,91899.9,8.419,91960.44368887313,0.339599256333232,92653.37564312377,91280.1890522193,1373.1865909044718,0,92056.0,92143.2,0.0,0.0,0.0,0.0,-0.7041553196751551,-0.23184813455696351,92142.6,92058.1,,,
2024-11-19 06:49:00+00:00,91899.9,91900.0,91821.1,91900.0,61.017,91960.78328812946,0.339599256333232,92653.7152423801,91280.52865147563,1373.1865909044718,-1,92056.0,92143.2,0.0,-540.5713485243759,0.0,-0.3936619772614585,-0.7041553196751551,-0.23184813455696351,92142.6,92058.1,,,
2024-11-19 06:50:00+00:00,91900.0,91950.0,91899.9,91929.5,78.96,91961.12288738579,0.339599256333232,92654.05484163643,91280.86825073196,1373.1865909044718,0,92056.0,92143.2,0.0,0.0,0.0,0.0,-0.7041553196751551,-0.23184813455696351,92142.6,92058.1,,,
2024-11-19 06:51:00+00:00,91929.5,91929.5,91868.4,91868.4,27.433,91961.46248664212,0.339599256333232,92654.39444089276,91281.20784998829,1373.1865909044718,0,92056.0,92143.2,0.0,0.0,0.0,0.0,-0.7041553196751551,-0.23184813455696351,92142.6,92058.1,,,
2024-11-19 06:52:00+00:00,91868.4,91915.5,91856.8,91907.9,19.463,91961.80208589847,0.339599256333232,92654.73404014911,91281.54744924464,1373.1865909044718,0,92056.0,92143.2,0.0,0.0,0.0,0.0,-0.7041553196751551,-0.23184813455696351,92142.6,92058.1,,,
2024-11-19 06:53:00+00:00,91907.9,91964.5,91907.9,91964.5,17.617,91962.1416851548,0.339599256333232,92655.07363940544,91281.88704850097,1373.1865909044718,0,92056.0,92143.2,0.0,0.0,0.0,0.0,-0.7041553196751551,-0.23184813455696351,92142.6,92058.1,,,
2024-11-19 06:54:00+00:00,91964.5,91986.5,91964.5,91986.5,52.715,91962.48128441113,0.339599256333232,92655.41323866177,91282.2266477573,1373.1865909044718,0,92056.0,92143.2,0.0,0.0,0.0,0.0,-0.7041553196751551,-0.23184813455696351,92142.6,92058.1,,,
2024-11-19 06:55:00+00:00,91986.5,92058.5,91986.4,92055.8,150.541,91962.82088366746,0.339599256333232,92655.7528379181,91282.56624701363,1373.1865909044718,0,92056.0,92143.2,0.0,0.0,0.0,0.0,-0.7041553196751551,-0.23184813455696351,92142.6,92058.1,,,
2024-11-19 06:56:00+00:00,92055.8,92073.8,92050.4,92070.0,85.573,91963.16048292379,0.339599256333232,92656.09243717443,91282.90584626996,1373.1865909044718,1,92056.0,92143.2,-582.2924371744302,0.0,-0.4240446571728419,0.0,-0.7041553196751551,-0.23184813455696351,92142.6,92058.1,,,
2024-11-19 06:57:00+00:00,92070.0,92070.0,92016.0,92043.0,100.003,91963.50008218012,0.339599256333232,92656.43203643076,91283.24544552629,1373.1865909044718,0,92056.0,92143.2,0.0,0.0,0.0,0.0,-0.7041553196751551,-0.23184813455696351,92142.6,92058.1,,,
2024-11-19 06:58:00+00:00,92043.0,92065.1,92043.0,92053.0,37.891,91963.83968143647,0.339599256333232,92656.77163568711,91283.58504478264,1373.1865909044718,0,92056.0,92143.2,0.0,0.0,0.0,0.0,-0.7041553196751551,-0.23184813455696351,92142.6,92058.1,,,
2024-11-19 06:59:00+00:00,92053.0,92059.1,92032.2,92037.3,32.452,91964.1792806928,0.339599256333232,92657.11123494344,91283.92464403897,1373.1865909044718,0,92056.0,92143.2,0.0,0.0,0.0,0.0,-0.7041553196751551,-0.23184813455696351,92142.6,92058.1,,,
2024-11-19 07:00:00+00:00,92037.3,92055.5,92016.8,92026.2,39.771,91964.51887994913,0.339599256333232,92657.45083419977,91284.2642432953,1373.1865909044718,0,92056.0,92143.2,0.0,0.0,0.0,0.0,-0.7041553196751551,-0.23184813455696351,92142.6,92058.1,,,
2024-11-19 07:01:00+00:00,92026.2,92026.2,92000.0,92000.0,25.791,91964.85847920546,0.339599256333232,92657.7904334561,91284.60384255163,1373.1865909044718,0,92056.0,92143.2,0.0,0.0,0.0,0.0,-0.7041553196751551,-0.23184813455696351,92142.6,92058.1,,,
2024-11-19 07:02:00+00:00,92000.0,92029.8,92000.0,92027.0,10.44,91965.19807846179,0.339599256333232,92658.13003271243,91284.94344180796,1373.1865909044718,0,92056.0,92143.2,0.0,0.0,0.0,0.0,-0.7041553196751551,-0.23184813455696351,92142.6,92058.1,,,
2024-11-19 07:03:00+00:00,92027.0,92043.1,92027.0,92029.2,25.408,91965.53767771812,0.339599256333232,92658.46963196876,91285.2830410643,1373.1865909044718,0,92056.0,92143.2,0.0,0.0,0.0,0.0,-0.7041553196751551,-0.23184813455696351,92142.6,92058.1,,,
2024-11-19 07:04:00+00:00,92029.2,92060.0,92020.1,92020.1,27.992,91965.87727697445,0.339599256333232,92658.8092312251,91285.62264032062,1373.1865909044718,0,92056.0,92143.2,0.0,0.0,0.0,0.0,-0.7041553196751551,-0.23184813455696351,92142.6,92058.1,,,
2024-11-19 07:05:00+00:00,92020.1,92060.4,92014.0,92050.0,11.19,91966.2168762308,0.339599256333232,92659.14883048144,91285.96223957697,1373.1865909044718,0,92056.0,92143.2,0.0,0.0,0.0,0.0,-0.7041553196751551,-0.23184813455696351,92142.6,92058.1,,,
2024-11-19 07:06:00+00:00,92050.0,92117.1,92042.0,92042.0,158.108,91966.55647548713,0.339599256333232,92659.48842973777,91286.3018388333,1373.1865909044718,1,92056.0,92143.2,-542.3884297377663,0.0,-0.3949852360417482,0.0,-0.7041553196751551,-0.23184813455696351,92142.6,92058.1,,,
2024-11-19 07:07:00+00:00,92042.0,92045.2,91900.1,91939.1,75.101,91966.89607474346,0.339599256333232,92659.8280289941,91286.64143808963,1373.1865909044718,0,92056.0,92143.2,0.0,0.0,0.0,0.0,-0.7041553196751551,-0.23184813455696351,92142.6,92058.1,,,1.0
2024-11-19 07:08:00+00:00,91939.1,92000.1,91939.1,92000.0,31.976,91967.23567399979,0.339599256333232,92660.16762825043,91286.98103734596,1373.1865909044718,0,92056.0,92143.2,0.0,0.0,0.0,0.0,-0.7041553196751551,-0.23184813455696351,92142.6,92058.1,,,
2024-11-19 07:09:00+00:00,92000.0,92013.0,91994.0,91999.9,25.363,91967.57527325612,0.339599256333232,92660.50722750677,91287.3206366023,1373.1865909044718,0,92056.0,92143.2,0.0,0.0,0.0,0.0,-0.7041553196751551,-0.23184813455696351,92142.6,92058.1,,,
2024-11-19 07:10:00+00:00,91999.9,92000.0,91974.9,91991.9,20.349,91967.91487251245,0.339599256333232,92660.8468267631,91287.66023585862,1373.1865909044718,0,92056.0,92143.2,0.0,0.0,0.0,0.0,-0.7041553196751551,-0.23184813455696351,92142.6,92058.1,,,
2024-11-19 07:11:00+00:00,91991.9,91991.9,91970.5,91970.6,13.093,91968.2544717688,0.339599256333232,92661.18642601944,91287.99983511497,1373.1865909044718,0,92056.0,92143.2,0.0,0.0,0.0,0.0,-0.7041553196751551,-0.23184813455696351,92142.6,92058.1,,,
2024-11-19 07:12:00+00:00,91970.6,92013.1,91970.5,92013.0,30.338,91968.59407102513,0.339599256333232,92661.52602527577,91288.3394343713,1373.1865909044718,0,92056.0,92143.2,0.0,0.0,0.0,0.0,-0.7041553196751551,-0.23184813455696351,92142.6,92058.1,,,
2024-11-19 07:13:00+00:00,92013.0,92013.1,91865.5,91869.2,66.6,91968.93367028146,0.339599256333232,92661.8656245321,91288.67903362763,1373.1865909044718,0,92056.0,92143.2,0.0,0.0,0.0,0.0,-0.7041553196751551,-0.23184813455696351,92142.6,92058.1,,,1.0
2024-11-19 07:14:00+00:00,91869.2,91869.3,91808.0,91816.1,69.714,91969.27326953779,0.339599256333232,92662.20522378843,91289.01863288396,1373.1865909044718,0,92056.0,92143.2,0.0,0.0,0.0,0.0,-0.7041553196751551,-0.23184813455696351,92142.6,92058.1,,,
2024-11-19 07:15:00+00:00,91816.1,91867.4,91811.6,91867.3,33.818,91969.61286879412,0.339599256333232,92662.54482304477,91289.3582321403,1373.1865909044718,0,92056.0,92143.2,0.0,0.0,0.0,0.0,-0.7041553196751551,-0.23184813455696351,92142.6,92058.1,,,
2024-11-19 07:16:00+00:00,91867.3,91882.6,91819.0,91882.6,16.89,91969.95246805045,0.339599256333232,92662.8844223011,91289.69783139662,1373.1865909044718,0,92056.0,92143.2,0.0,0.0,0.0,0.0,-0.7041553196751551,-0.23184813455696351,92142.6,92058.1,,,
2024-11-19 07:17:00+00:00,91882.6,91882.6,91740.0,91757.8,69.592,91970.29206730679,0.339599256333232,92663.22402155743,91290.03743065296,1373.1865909044718,0,92056.0,92143.2,0.0,0.0,0.0,0.0,-0.7041553196751551,-0.23184813455696351,92142.6,92058.1,,,
2024-11-19 07:18:00+00:00,91757.8,91794.3,91734.5,91782.2,57.001,91970.63166656313,0.339599256333232,92663.56362081377,91290.3770299093,1373.1865909044718,0,92056.0,92143.2,0.0,0.0,0.0,0.0,-0.7041553196751551,-0.23184813455696351,92142.6,92058.1,,,
2024-11-19 07:19:00+00:00,91782.2,91794.3,91676.6,91689.4,126.629,91970.97126581946,0.339599256333232,92663.9032200701,91290.71662916563,1373.1865909044718,-1,92056.0,92143.2,0.0,-385.88337083437364,0.0,-0.28101306362175094,-0.7041553196751551,-0.23184813455696351,92142.6,92058.1,,,
2024-11-19 07:20:00+00:00,91689.4,91799.9,91689.3,91789.3,47.086,91971.3108650758,0.339599256333232,92664.24281932643,91291.05622842196,1373.1865909044718,0,92056.0,92143.2,0.0,0.0,0.0,0.0,-0.7041553196751551,-0.23184813455696351,92142.6,92058.1,,,
2024-11-19 07:21:00+00:00,91789.3,91881.1,91789.3,91875.9,55.498,91971.65046433212,0.339599256333232,92664.58241858277,91291.3958276783,1373.1865909044718,0,92056.0,92143.2,0.0,0.0,0.0,0.0,-0.7041553196751551,-0.23184813455696351,92142.6,92058.1,,,
2024-11-19 07:22:00+00:00,91875.9,91894.0,91875.7,91889.1,28.081,91971.99006358846,0.339599256333232,92664.9220178391,91291.73542693463,1373.1865909044718,0,92056.0,92143.2,0.0,0.0,0.0,0.0,-0.7041553196751551,-0.23184813455696351,92142.6,92058.1,,,
2024-11-19 07:23:00+00:00,91889.1,91904.4,91835.4,91835.5,59.85,91972.32966284479,0.339599256333232,92665.26161709543,91292.07502619096,1373.1865909044718,0,92056.0,92143.2,0.0,0.0,0.0,0.0,-0.7041553196751551,-0.23184813455696351,92142.6,92058.1,,,
2024-11-19 07:24:00+00:00,91835.5,91900.0,91835.4,91866.7,44.673,91972.66926210113,0.339599256333232,92665.60121635177,91292.4146254473,1373.1865909044718,0,92056.0,92143.2,0.0,0.0,0.0,0.0,-0.7041553196751551,-0.23184813455696351,92142.6,92058.1,,,
2024-11-19 07:25:00+00:00,91866.7,91888.9,91857.5,91858.3,25.686,91973.00886135746,0.339599256333232,92665.9408156081,91292.75422470363,1373.1865909044718,0,92056.0,92143.2,0.0,0.0,0.0,0.0,-0.7041553196751551,-0.23184813455696351,92142.6,92058.1,,,
2024-11-19 07:26:00+00:00,91858.3,91873.1,91819.5,91837.8,21.439,91973.3484606138,0.339599256333232,92666.28041486444,91293.09382395996,1373.1865909044718,0,92056.0,92143.2,0.0,0.0,0.0,0.0,-0.7041553196751551,-0.23184813455696351,92142.6,92058.1,,,
2024-11-19 07:27:00+00:00,91837.8,91950.0,91837.8,91949.9,62.344,91973.68805987012,0.339599256333232,92666.62001412077,91293.4334232163,1373.1865909044718,0,92056.0,92143.2,0.0,0.0,0.0,0.0,-0.7041553196751551,-0.23184813455696351,92142.6,92058.1,,,
2024-11-19 07:28:00+00:00,91949.9,91950.0,91912.5,91947.8,19.957,91974.02765912646,0.339599256333232,92666.9596133771,91293.77302247263,1373.1865909044718,0,92056.0,92143.2,0.0,0.0,0.0,0.0,-0.7041553196751551,-0.23184813455696351,92142.6,92058.1,,,
2024-11-19 07:29:00+00:00,91947.8,91947.9,91910.0,91921.7,22.737,91974.36725838279,0.339599256333232,92667.29921263343,91294.11262172896,1373.1865909044718,0,92056.0,92143.2,0.0,0.0,0.0,0.0,-0.7041553196751551,-0.23184813455696351,92142.6,92058.1,,,
2024-11-19 07:30:00+00:00,91921.7,91960.8,91917.7,91917.7,46.887,91974.70685763912,0.339599256333232,92667.63881188976,91294.45222098529,1373.1865909044718,0,92056.0,92143.2,0.0,0.0,0.0,0.0,-0.7041553196751551,-0.23184813455696351,92142.6,92058.1,,,
2024-11-19 07:31:00+00:00,91917.7,91923.2,91893.3,91893.3,12.236,91975.04645689546,0.339599256333232,92667.9784111461,91294.79182024163,1373.1865909044718,0,92056.0,92143.2,0.0,0.0,0.0,0.0,-0.7041553196751551,-0.23184813455696351,92142.6,92058.1,,,
2024-11-19 07:32:00+00:00,91893.3,91921.4,91864.3,91864.3,19.981,91975.3860561518,0.339599256333232,92668.31801040244,91295.13141949796,1373.1865909044718,0,92056.0,92143.2,0.0,0.0,0.0,0.0,-0.7041553196751551,-0.23184813455696351,92142.6,92058.1,,,
2024-11-19 07:33:00+00:00,91864.3,91925.3,91864.1,91923.8,24.709,91975.72565540813,0.339599256333232,92668.65760965877,91295.4710187543,1373.1865909044718,0,92056.0,92143.2,0.0,0.0,0.0,0.0,-0.7041553196751551,-0.23184813455696351,92142.6,92058.1,,,
2024-11-19 07:34:00+00:00,91923.8,91976.7,91923.8,91976.7,28.672,91976.06525466446,0.339599256333232,92668.9972089151,91295.81061801063,1373.1865909044718,0,92056.0,92143.2,0.0,0.0,0.0,0.0,-0.7041553196751551,-0.23184813455696351,92142.6,92058.1,,,
2024-11-19 07:35:00+00:00,91976.7,92001.9,91967.4,92001.8,34.858,91976.40485392079,0.339599256333232,92669.33680817143,91296.15021726696,1373.1865909044718,0,92056.0,92143.2,0.0,0.0,0.0,0.0,-0.7041553196751551,-0.23184813455696351,92142.6,92058.1,,,
2024-11-19 07:36:00+00:00,92001.8,92070.5,92001.8,92070.4,83.369,91976.74445317712,0.339599256333232,92669.67640742776,91296.48981652329,1373.1865909044718,1,92056.0,92143.2,-599.1764074277598,0.0,-0.43634012405634,0.0,-0.7041553196751551,-0.23184813455696351,92142.6,92058.1,,,
2024-11-19 07:37:00+00:00,92070.4,92070.5,91960.0,91967.6,63.193,91977.08405243346,0.339599256333232,92670.0160066841,91296.82941577963,1373.1865909044718,1,92056.0,92143.2,-599.5160066841054,0.0,-0.43658743149335905,0.0,-0.7041553196751551,-0.23184813455696351,92142.6,92058.1,,,1.0
2024-11-19 07:38:00+00:00,91967.6,91967.6,91914.1,91925.6,31.469,91977.4236516898,0.339599256333232,92670.35560594044,91297.16901503596,1373.1865909044718,0,92056.0,92143.2,0.0,0.0,0.0,0.0,-0.7041553196751551,-0.23184813455696351,92142.6,92058.1,,,
2024-11-19 07:39:00+00:00,91925.6,91931.4,91900.0,91900.1,21.82,91977.76325094613,0.339599256333232,92670.69520519677,91297.5086142923,1373.1865909044718,0,92056.0,92143.2,0.0,0.0,0.0,0.0,-0.7041553196751551,-0.23184813455696351,92142.6,92058.1,,,
2024-11-19 07:40:00+00:00,91900.1,91937.5,91876.8,91898.4,24.001,91978.10285020246,0.339599256333232,92671.0348044531,91297.84821354863,1373.1865909044718,0,92056.0,92143.2,0.0,0.0,0.0,0.0,-0.7041553196751551,-0.23184813455696351,92142.6,92058.1,,,
2024-11-19 07:41:00+00:00,91898.4,91937.8,91898.4,91922.2,10.407,91978.44244945879,0.339599256333232,92671.37440370943,91298.18781280496,1373.1865909044718,0,92056.0,92143.2,0.0,0.0,0.0,0.0,-0.7041553196751551,-0.23184813455696351,92142.6,92058.1,,,
2024-11-19 07:42:00+00:00,91922.2,91968.4,91922.1,91957.5,19.239,91978.78204871512,0.339599256333232,92671.71400296576,91298.52741206129,1373.1865909044718,0,92056.0,92143.2,0.0,0.0,0.0,0.0,-0.7041553196751551,-0.23184813455696351,92142.6,92058.1,,,
2024-11-19 07:43:00+00:00,91957.5,91957.6,91884.2,91933.3,21.377,91979.12164797146,0.339599256333232,92672.0536022221,91298.86701131763,1373.1865909044718,0,92056.0,92143.2,0.0,0.0,0.0,0.0,-0.7041553196751551,-0.23184813455696351,92142.6,92058.1,,,
2024-11-19 07:44:00+00:00,91933.3,91933.4,91872.9,91872.9,32.424,91979.4612472278,0.339599256333232,92672.39320147844,91299.20661057397,1373.1865909044718,0,92056.0,92143.2,0.0,0.0,0.0,0.0,-0.7041553196751551,-0.23184813455696351,92142.6,92058.1,,,
2024-11-19 07:45:00+00:00,91872.9,91920.0,91864.3,91904.3,21.197,91979.80084648413,0.339599256333232,92672.73280073477,91299.5462098303,1373.1865909044718,0,92056.0,92143.2,0.0,0.0,0.0,0.0,-0.7041553196751551,-0.23184813455696351,92142.6,92058.1,,,
2024-11-19 07:46:00+00:00,91904.3,91913.7,91852.7,91852.7,18.931,91980.14044574046,0.339599256333232,92673.0723999911,91299.88580908663,1373.1865909044718,0,92056.0,92143.2,0.0,0.0,0.0,0.0,-0.7041553196751551,-0.23184813455696351,92142.6,92058.1,,,
2024-11-19 07:47:00+00:00,91852.7,91895.6,91813.3,91895.5,42.346,91980.48004499679,0.339599256333232,92673.41199924743,91300.22540834296,1373.1865909044718,-1,92056.0,92143.2,0.0,-513.074591657045,0.0,-0.37363792732573947,-0.7041553196751551,-0.23184813455696351,92142.6,92058.1,,,
2024-11-19 07:48:00+00:00,91895.5,91900.5,91874.5,91883.9,14.111,91980.81964425312,0.339599256333232,92673.75159850376,91300.56500759929,1373.1865909044718,0,92056.0,92143.2,0.0,0.0,0.0,0.0,-0.7041553196751551,-0.23184813455696351,92142.6,92058.1,,,
2024-11-19 07:49:00+00:00,91883.9,91899.3,91868.3,91870.0,11.335,91981.15924350945,0.339599256333232,92674.09119776009,91300.90460685562,1373.1865909044718,0,92056.0,92143.2,0.0,0.0,0.0,0.0,-0.7041553196751551,-0.23184813455696351,92142.6,92058.1,,,
2024-11-19 07:50:00+00:00,91870.0,91902.0,91870.0,91898.9,10.775,91981.4988427658,0.339599256333232,92674.43079701644,91301.24420611197,1373.1865909044718,0,92056.0,92143.2,0.0,0.0,0.0,0.0,-0.7041553196751551,-0.23184813455696351,92142.6,92058.1,,,
2024-11-19 07:51:00+00:00,91898.9,91899.0,91884.3,91884.3,11.338,91981.83844202213,0.339599256333232,92674.77039627277,91301.5838053683,1373.1865909044718,0,92056.0,92143.2,0.0,0.0,0.0,0.0,-0.7041553196751551,-0.23184813455696351,92142.6,92058.1,,,
2024-11-19 07:52:00+00:00,91884.3,91884.4,91823.4,91847.7,29.348,91982.17804127846,0.339599256333232,92675.1099955291,91301.92340462463,1373.1865909044718,0,92056.0,92143.2,0.0,0.0,0.0,0.0,-0.7041553196751551,-0.23184813455696351,92142.6,92058.1,,,
2024-11-19 07:53:00+00:00,91847.7,91847.8,91815.1,91815.1,24.918,91982.51764053479,0.339599256333232,92675.44959478543,91302.26300388096,1373.1865909044718,0,92056.0,92143.2,0.0,0.0,0.0,0.0,-0.7041553196751551,-0.23184813455696351,92142.6,92058.1,,,
2024-11-19 07:54:00+00:00,91815.1,91824.3,91758.0,91762.4,64.595,91982.85723979112,0.339599256333232,92675.78919404176,91302.60260313729,1373.1865909044718,0,92056.0,92143.2,0.0,0.0,0.0,0.0,-0.7041553196751551,-0.23184813455696351,92142.6,92058.1,,,
2024-11-19 07:55:00+00:00,91762.4,91811.6,91762.4,91784.6,38.855,91983.19683904745,0.339599256333232,92676.12879329809,91302.94220239362,1373.1865909044718,0,92056.0,92143.2,0.0,0.0,0.0,0.0,-0.7041553196751551,-0.23184813455696351,92142.6,92058.1,,,
2024-11-19 07:56:00+00:00,91784.6,91784.7,91704.8,91765.2,87.162,91983.5364383038,0.339599256333232,92676.46839255444,91303.28180164997,1373.1865909044718,0,92056.0,92143.2,0.0,0.0,0.0,0.0,-0.7041553196751551,-0.23184813455696351,92142.6,92058.1,,,
2024-11-19 07:57:00+00:00,91765.2,91769.4,91740.6,91751.8,62.694,91983.87603756013,0.339599256333232,92676.80799181077,91303.6214009063,1373.1865909044718,0,92056.0,92143.2,0.0,0.0,0.0,0.0,-0.7041553196751551,-0.23184813455696351,92142.6,92058.1,,,
2024-11-19 07:58:00+00:00,91751.8,91751.9,91696.3,91707.6,80.08,91984.21563681646,0.339599256333232,92677.1475910671,91303.96100016263,1373.1865909044718,0,92056.0,92143.2,0.0,0.0,0.0,0.0,-0.7041553196751551,-0.23184813455696351,92142.6,92058.1,,,
2024-11-19 07:59:00+00:00,91707.6,91707.7,91655.7,91690.5,167.932,91984.55523607279,0.339599256333232,92677.48719032343,91304.30059941896,1373.1865909044718,-1,92056.0,92143.2,0.0,-351.3994005810382,0.0,-0.25590069325508286,-0.7041553196751551,-0.23184813455696351,92142.6,92058.1,,,
2024-11-19 08:00:00+00:00,91690.5,91738.9,91661.4,91735.9,129.843,91984.89483532912,0.339599256333232,92677.82678957976,91304.64019867529,1373.1865909044718,0,92056.0,92143.2,0.0,0.0,0.0,0.0,-0.7041553196751551,-0.23184813455696351,92142.6,92058.1,,,
2024-11-19 08:01:00+00:00,91735.9,91756.0,91705.2,91755.9,62.473,91985.23443458545,0.339599256333232,92678.16638883609,91304.97979793162,1373.1865909044718,0,92056.0,92143.2,0.0,0.0,0.0,0.0,-0.7041553196751551,-0.23184813455696351,92142.6,92058.1,,,
2024-11-19 08:02:00+00:00,91755.9,91774.6,91730.1,91739.8,33.177,91985.57403384178,0.339599256333232,92678.50598809242,91305.31939718795,1373.1865909044718,0,92056.0,92143.2,0.0,0.0,0.0,0.0,-0.7041553196751551,-0.23184813455696351,92142.6,92058.1,,,
2024-11-19 08:03:00+00:00,91739.8,91747.0,91696.3,91738.7,21.57,91985.91363309813,0.339599256333232,92678.84558734877,91305.6589964443,1373.1865909044718,0,92056.0,92143.2,0.0,0.0,0.0,0.0,-0.7041553196751551,-0.23184813455696351,92142.6,92058.1,,,
2024-11-19 08:04:00+00:00,91738.7,91784.0,91708.0,91774.0,63.925,91986.25323235446,0.339599256333232,92679.1851866051,91305.99859570063,1373.1865909044718,0,92056.0,92143.2,0.0,0.0,0.0,0.0,-0.7041553196751551,-0.23184813455696351,92142.6,92058.1,,,
2024-11-19 08:05:00+00:00,91774.0,91788.6,91765.8,91788.6,36.613,91986.59283161079,0.339599256333232,92679.52478586143,91306.33819495696,1373.1865909044718,0,92056.0,92143.2,0.0,0.0,0.0,0.0,-0.7041553196751551,-0.23184813455696351,92142.6,92058.1,,,
2024-11-19 08:06:00+00:00,91788.6,91816.3,91788.5,91812.7,49.843,91986.93243086712,0.339599256333232,92679.86438511776,91306.67779421329,1373.1865909044718,0,92056.0,92143.2,0.0,0.0,0.0,0.0,-0.7041553196751551,-0.23184813455696351,92142.6,92058.1,,,
2024-11-19 08:07:00+00:00,91812.7,91828.9,91787.0,91787.1,24.261,91987.27203012345,0.339599256333232,92680.2039843741,91307.01739346962,1373.1865909044718,1,92056.0,92143.2,-851.303984374099,0.0,-0.6199477842362076,0.0,-0.7041553196751551,-0.23184813455696351,92142.6,92058.1,,,
2024-11-19 08:08:00+00:00,91787.1,91807.6,91761.5,91807.5,15.761,91987.61162937978,0.339599256333232,92680.54358363042,91307.35699272595,1373.1865909044718,0,92056.0,92143.2,0.0,0.0,0.0,0.0,-0.7041553196751551,-0.23184813455696351,92142.6,92058.1,,,
2024-11-19 08:09:00+00:00,91807.5,91818.1,91740.6,91740.6,39.575,91987.95122863613,0.339599256333232,92680.88318288677,91307.6965919823,1373.1865909044718,0,92056.0,92143.2,0.0,0.0,0.0,0.0,-0.7041553196751551,-0.23184813455696351,92142.6,92058.1,,,
2024-11-19 08:10:00+00:00,91740.6,91740.7,91685.0,91685.1,29.072,91988.29082789246,0.339599256333232,92681.2227821431,91308.03619123863,1373.1865909044718,0,92056.0,92143.2,0.0,0.0,0.0,0.0,-0.7041553196751551,-0.23184813455696351,92142.6,92058.1,,,
2024-11-19 08:11:00+00:00,91685.1,91685.2,91632.9,91644.5,56.829,91988.63042714879,0.339599256333232,92681.56238139943,91308.37579049496,1373.1865909044718,0,92056.0,92143.2,0.0,0.0,0.0,0.0,-0.7041553196751551,-0.23184813455696351,92142.6,92058.1,,,
2024-11-19 08:12:00+00:00,91644.5,91644.6,91585.2,91629.4,90.627,91988.97002640512,0.339599256333232,92681.90198065576,91308.71538975129,1373.1865909044718,0,92056.0,92143.2,0.0,0.0,0.0,0.0,-0.7041553196751551,-0.23184813455696351,92142.6,92058.1,,,
2024-11-19 08:13:00+00:00,91629.4,91710.4,91629.3,91688.1,100.555,91989.30962566145,0.339599256333232,92682.2415799121,91309.05498900762,1373.1865909044718,0,92056.0,92143.2,0.0,0.0,0.0,0.0,-0.7041553196751551,-0.23184813455696351,92142.6,92058.1,,,
2024-11-19 08:14:00+00:00,91688.1,91688.1,91634.6,91634.6,82.348,91989.64922491778,0.339599256333232,92682.58117916842,91309.39458826395,1373.1865909044718,0,92056.0,92143.2,0.0,0.0,0.0,0.0,-0.7041553196751551,-0.23184813455696351,92142.6,92058.1,,,
2024-11-19 08:15:00+00:00,91634.6,91664.2,91580.6,91635.6,92.519,91989.98882417411,0.339599256333232,92682.92077842476,91309.73418752028,1373.1865909044718,-1,92056.0,92143.2,0.0,-270.8658124797221,0.0,-0.19725346451374237,-0.7041553196751551,-0.23184813455696351,92142.6,92058.1,,,
2024-11-19 08:16:00+00:00,91635.6,91710.1,91627.1,91707.7,88.862,91990.32842343046,0.339599256333232,92683.2603776811,91310.07378677663,1373.1865909044718,0,92056.0,92143.2,0.0,0.0,0.0,0.0,-0.7041553196751551,-0.23184813455696351,92142.6,92058.1,,,
2024-11-19 08:17:00+00:00,91707.7,91763.1,91683.0,91755.4,65.214,91990.66802268679,0.339599256333232,92683.59997693743,91310.41338603296,1373.1865909044718,0,92056.0,92143.2,0.0,0.0,0.0,0.0,-0.7041553196751551,-0.23184813455696351,92142.6,92058.1,,,
2024-11-19 08:18:00+00:00,91755.4,91755.4,91653.9,91669.3,56.78,91991.00762194312,0.339599256333232,92683.93957619376,91310.75298528929,1373.1865909044718,0,92056.0,92143.2,0.0,0.0,0.0,0.0,-0.7041553196751551,-0.23184813455696351,92142.6,92058.1,,,
2024-11-19 08:19:00+00:00,91669.3,91675.8,91604.0,91604.0,59.347,91991.34722119945,0.339599256333232,92684.2791754501,91311.09258454562,1373.1865909044718,0,92056.0,92143.2,0.0,0.0,0.0,0.0,-0.7041553196751551,-0.23184813455696351,92142.6,92058.1,,,
2024-11-19 08:20:00+00:00,91604.0,91699.9,91597.6,91696.7,44.788,91991.68682045578,0.339599256333232,92684.61877470643,91311.43218380195,1373.1865909044718,0,92056.0,92143.2,0.0,0.0,0.0,0.0,-0.7041553196751551,-0.23184813455696351,92142.6,92058.1,,,
2024-11-19 08:21:00+00:00,91696.7,91769.4,91682.6,91768.1,21.891,91992.02641971211,0.339599256333232,92684.95837396276,91311.77178305828,1373.1865909044718,0,92056.0,92143.2,0.0,0.0,0.0,0.0,-0.7041553196751551,-0.23184813455696351,92142.6,92058.1,,,
2024-11-19 08:22:00+00:00,91768.1,91771.1,91714.5,91742.2,31.926,91992.36601896846,0.339599256333232,92685.2979732191,91312.11138231463,1373.1865909044718,0,92056.0,92143.2,0.0,0.0,0.0,0.0,-0.7041553196751551,-0.23184813455696351,92142.6,92058.1,,,
2024-11-19 08:23:00+00:00,91742.2,91742.3,91716.1,91737.9,7.577,91992.70561822479,0.339599256333232,92685.63757247543,91312.45098157096,1373.1865909044718,0,92056.0,92143.2,0.0,0.0,0.0,0.0,-0.7041553196751551,-0.23184813455696351,92142.6,92058.1,,,
2024-11-19 08:24:00+00:00,91737.9,91769.6,91728.1,91728.2,26.563,91993.04521748112,0.339599256333232,92685.97717173176,91312.79058082729,1373.1865909044718,0,92056.0,92143.2,0.0,0.0,0.0,0.0,-0.7041553196751551,-0.23184813455696351,92142.6,92058.1,,,
2024-11-19 08:25:00+00:00,91728.2,91821.4,91728.1,91819.7,67.494,91993.38481673745,0.339599256333232,92686.3167709881,91313.13018008362,1373.1865909044718,1,92056.0,92143.2,-864.9167709881003,0.0,-0.6298610667457863,0.0,-0.7041553196751551,-0.23184813455696351,92142.6,92058.1,,,
2024-11-19 08:26:00+00:00,91819.7,91819.8,91744.0,91756.3,23.797,91993.72441599378,0.339599256333232,92686.65637024443,91313.46977933995,1373.1865909044718,0,92056.0,92143.2,0.0,0.0,0.0,0.0,-0.7041553196751551,-0.23184813455696351,92142.6,92058.1,,,
2024-11-19 08:27:00+00:00,91756.3,91756.3,91658.4,91676.0,60.697,91994.06401525011,0.339599256333232,92686.99596950076,91313.80937859628,1373.1865909044718,-1,92056.0,92143.2,0.0,-344.5906214037095,0.0,-0.2509423145304232,-0.7041553196751551,-0.23184813455696351,92142.6,92058.1,,,
2024-11-19 08:28:00+00:00,91676.0,91698.2,91667.6,91698.2,28.673,91994.40361450645,0.339599256333232,92687.33556875709,91314.14897785262,1373.1865909044718,0,92056.0,92143.2,0.0,0.0,0.0,0.0,-0.7041553196751551,-0.23184813455696351,92142.6,92058.1,,,
2024-11-19 08:29:00+00:00,91698.2,91770.1,91698.2,91715.3,70.09,91994.74321376279,0.339599256333232,92687.67516801343,91314.48857710896,1373.1865909044718,0,92056.0,92143.2,0.0,0.0,0.0,0.0,-0.7041553196751551,-0.23184813455696351,92142.6,92058.1,,,
2024-11-19 08:30:00+00:00,91715.3,91793.0,91715.3,91777.3,19.392,91995.08281301912,0.339599256333232,92688.01476726976,91314.82817636529,1373.1865909044718,0,92056.0,92143.2,0.0,0.0,0.0,0.0,-0.7041553196751551,-0.23184813455696351,92142.6,92058.1,,,
2024-11-19 08:31:00+00:00,91777.3,91807.0,91762.2,91806.9,23.745,91995.42241227545,0.339599256333232,92688.3543665261,91315.16777562162,1373.1865909044718,0,92056.0,92143.2,0.0,0.0,0.0,0.0,-0.7041553196751551,-0.23184813455696351,92142.6,92058.1,,,
2024-11-19 08:32:00+00:00,91806.9,91825.3,91800.0,91800.0,48.906,91995.76201153178,0.339599256333232,92688.69396578243,91315.50737487795,1373.1865909044718,1,92056.0,92143.2,-863.393965782423,0.0,-0.6287521095102847,0.0,-0.7041553196751551,-0.23184813455696351,92142.6,92058.1,,,
2024-11-19 08:33:00+00:00,91800.0,91825.3,91800.0,91808.5,17.374,91996.10161078812,0.339599256333232,92689.03356503876,91315.84697413429,1373.1865909044718,1,92056.0,92143.2,-863.733565038754,0.0,-0.6289994169472932,0.0,-0.7041553196751551,-0.23184813455696351,92142.6,92058.1,,,
2024-11-19 08:34:00+00:00,91808.5,91810.0,91808.5,91809.9,15.499,91996.44121004445,0.339599256333232,92689.37316429509,91316.18657339062,1373.1865909044718,0,92056.0,92143.2,0.0,0.0,0.0,0.0,-0.7041553196751551,-0.23184813455696351,92142.6,92058.1,,,
2024-11-19 08:35:00+00:00,91809.9,91810.0,91808.5,91808.7,22.056,91996.78080930079,0.339599256333232,92689.71276355143,91316.52617264696,1373.1865909044718,0,92056.0,92143.2,0.0,0.0,0.0,0.0,-0.7041553196751551,-0.23184813455696351,92142.6,92058.1,,,
2024-11-19 08:36:00+00:00,91808.7,91810.0,91801.4,91801.4,24.165,91997.12040855712,0.339599256333232,92690.05236280776,91316.86577190329,1373.1865909044718,0,92056.0,92143.2,0.0,0.0,0.0,0.0,-0.7041553196751551,-0.23184813455696351,92142.6,92058.1,,,
2024-11-19 08:37:00+00:00,91801.4,91801.5,91712.0,91720.2,49.549,91997.46000781345,0.339599256333232,92690.3919620641,91317.20537115962,1373.1865909044718,0,92056.0,92143.2,0.0,0.0,0.0,0.0,-0.7041553196751551,-0.23184813455696351,92142.6,92058.1,,,
2024-11-19 08:38:00+00:00,91720.2,91720.2,91655.9,91655.9,43.097,91997.79960706978,0.339599256333232,92690.73156132043,91317.54497041595,1373.1865909044718,0,92056.0,92143.2,0.0,0.0,0.0,0.0,-0.7041553196751551,-0.23184813455696351,92142.6,92058.1,,,
2024-11-19 08:39:00+00:00,91655.9,91656.1,91560.0,91560.0,62.431,91998.13920632612,0.339599256333232,92691.07116057676,91317.88456967229,1373.1865909044718,0,92056.0,92143.2,0.0,0.0,0.0,0.0,-0.7041553196751551,-0.23184813455696351,92142.6,92058.1,,,
2024-11-19 08:40:00+00:00,91560.0,91560.1,91480.0,91480.1,184.411,91998.47880558245,0.339599256333232,92691.41075983309,91318.22416892862,1373.1865909044718,0,92056.0,92143.2,0.0,0.0,0.0,0.0,-0.7041553196751551,-0.23184813455696351,92142.6,92058.1,,,
2024-11-19 08:41:00+00:00,91480.1,91544.5,91477.7,91486.2,118.208,91998.81840483878,0.339599256333232,92691.75035908942,91318.56376818495,1373.1865909044718,-1,92056.0,92143.2,0.0,-159.13623181504954,0.0,-0.115888279764101,-0.7041553196751551,-0.23184813455696351,92142.6,92058.1,,,
2024-11-19 08:42:00+00:00,91486.2,91534.5,91480.0,91534.4,68.307,91999.15800409512,0.339599256333232,92692.08995834576,91318.9033674413,1373.1865909044718,0,92056.0,92143.2,0.0,0.0,0.0,0.0,-0.7041553196751551,-0.23184813455696351,92142.6,92058.1,,,
2024-11-19 08:43:00+00:00,91534.4,91560.1,91508.0,91508.1,68.551,91999.49760335145,0.339599256333232,92692.4295576021,91319.24296669762,1373.1865909044718,0,92056.0,92143.2,0.0,0.0,0.0,0.0,-0.7041553196751551,-0.23184813455696351,92142.6,92058.1,,,
2024-11-19 08:44:00+00:00,91508.1,91555.4,91507.8,91555.3,60.703,91999.83720260779,0.339599256333232,92692.76915685843,91319.58256595396,1373.1865909044718,0,92056.0,92143.2,0.0,0.0,0.0,0.0,-0.7041553196751551,-0.23184813455696351,92142.6,92058.1,,,
2024-11-19 08:45:00+00:00,91555.3,91611.4,91555.3,91604.4,38.625,92000.17680186412,0.339599256333232,92693.10875611476,91319.92216521029,1373.1865909044718,0,92056.0,92143.2,0.0,0.0,0.0,0.0,-0.7041553196751551,-0.23184813455696351,92142.6,92058.1,,,
2024-11-19 08:46:00+00:00,91604.4,91628.5,91586.1,91628.4,93.892,92000.51640112045,0.339599256333232,92693.44835537109,91320.26176446662,1373.1865909044718,0,92056.0,92143.2,0.0,0.0,0.0,0.0,-0.7041553196751551,-0.23184813455696351,92142.6,92058.1,,,
2024-11-19 08:47:00+00:00,91628.4,91628.5,91600.0,91624.4,37.612,92000.85600037678,0.339599256333232,92693.78795462742,91320.60136372295,1373.1865909044718,0,92056.0,92143.2,0.0,0.0,0.0,0.0,-0.7041553196751551,-0.23184813455696351,92142.6,92058.1,,,
2024-11-19 08:48:00+00:00,91624.4,91628.5,91582.3,91628.4,32.07,92001.19559963312,0.339599256333232,92694.12755388377,91320.9409629793,1373.1865909044718,0,92056.0,92143.2,0.0,0.0,0.0,0.0,-0.7041553196751551,-0.23184813455696351,92142.6,92058.1,,,
2024-11-19 08:49:00+00:00,91628.4,91710.9,91628.4,91706.3,52.815,92001.53519888945,0.339599256333232,92694.4671531401,91321.28056223562,1373.1865909044718,0,92056.0,92143.2,0.0,0.0,0.0,0.0,-0.7041553196751551,-0.23184813455696351,92142.6,92058.1,,,
2024-11-19 08:50:00+00:00,91706.3,91770.2,91686.8,91758.9,37.688,92001.87479814579,0.339599256333232,92694.80675239643,91321.62016149196,1373.1865909044718,0,92056.0,92143.2,0.0,0.0,0.0,0.0,-0.7041553196751551,-0.23184813455696351,92142.6,92058.1,,,
2024-11-19 08:51:00+00:00,91758.9,91771.5,91700.0,91771.5,54.84,92002.21439740212,0.339599256333232,92695.14635165276,91321.95976074829,1373.1865909044718,0,92056.0,92143.2,0.0,0.0,0.0,0.0,-0.7041553196751551,-0.23184813455696351,92142.6,92058.1,,,
2024-11-19 08:52:00+00:00,91771.5,91826.3,91771.5,91824.2,54.97,92002.55399665845,0.339599256333232,92695.48595090909,91322.29936000462,1373.1865909044718,0,92056.0,92143.2,0.0,0.0,0.0,0.0,-0.7041553196751551,-0.23184813455696351,92142.6,92058.1,,,
2024-11-19 08:53:00+00:00,91824.2,91826.0,91820.0,91820.1,33.128,92002.89359591478,0.339599256333232,92695.82555016542,91322.63895926095,1373.1865909044718,0,92056.0,92143.2,0.0,0.0,0.0,0.0,-0.7041553196751551,-0.23184813455696351,92142.6,92058.1,,,
2024-11-19 08:54:00+00:00,91820.1,91820.1,91795.6,91803.2,35.118,92003.23319517111,0.339599256333232,92696.16514942175,91322.97855851728,1373.1865909044718,0,92056.0,92143.2,0.0,0.0,0.0,0.0,-0.7041553196751551,-0.23184813455696351,92142.6,92058.1,,,
2024-11-19 08:55:00+00:00,91803.2,91849.2,91802.7,91837.3,56.641,92003.57279442745,0.339599256333232,92696.5047486781,91323.31815777362,1373.1865909044718,0,92056.0,92143.2,0.0,0.0,0.0,0.0,-0.7041553196751551,-0.23184813455696351,92142.6,92058.1,,,
2024-11-19 08:56:00+00:00,91837.3,91868.0,91817.6,91830.4,42.992,92003.91239368379,0.339599256333232,92696.84434793443,91323.65775702996,1373.1865909044718,0,92056.0,92143.2,0.0,0.0,0.0,0.0,-0.7041553196751551,-0.23184813455696351,92142.6,92058.1,,,
2024-11-19 08:57:00+00:00,91830.4,91841.4,91806.7,91841.3,15.087,92004.25199294012,0.339599256333232,92697.18394719076,91323.99735628629,1373.1865909044718,0,92056.0,92143.2,0.0,0.0,0.0,0.0,-0.7041553196751551,-0.23184813455696351,92142.6,92058.1,,,
2024-11-19 08:58:00+00:00,91841.3,91859.5,91838.1,91838.1,27.465,92004.59159219645,0.339599256333232,92697.52354644709,91324.33695554262,1373.1865909044718,0,92056.0,92143.2,0.0,0.0,0.0,0.0,-0.7041553196751551,-0.23184813455696351,92142.6,92058.1,,,
2024-11-19 08:59:00+00:00,91838.1,91880.0,91838.1,91872.9,35.838,92004.93119145278,0.339599256333232,92697.86314570342,91324.67655479895,1373.1865909044718,0,92056.0,92143.2,0.0,0.0,0.0,0.0,-0.7041553196751551,-0.23184813455696351,92142.6,92058.1,,,
2024-11-19 09:00:00+00:00,91872.9,91898.8,91867.4,91885.5,56.502,92005.27079070911,0.339599256333232,92698.20274495975,91325.01615405528,1373.1865909044718,0,92056.0,92143.2,0.0,0.0,0.0,0.0,-0.7041553196751551,-0.23184813455696351,92142.6,92058.1,,,
2024-11-19 09:01:00+00:00,91885.5,91899.6,91885.4,91899.6,23.656,92005.61038996546,0.339599256333232,92698.5423442161,91325.35575331163,1373.1865909044718,0,92056.0,92143.2,0.0,0.0,0.0,0.0,-0.7041553196751551,-0.23184813455696351,92142.6,92058.1,,,
2024-11-19 09:02:00+00:00,91899.6,91984.1,91899.6,91984.1,78.804,92005.94998922179,0.339599256333232,92698.88194347243,91325.69535256796,1373.1865909044718,0,92056.0,92143.2,0.0,0.0,0.0,0.0,-0.7041553196751551,-0.23184813455696351,92142.6,92058.1,,,
2024-11-19 09:03:00+00:00,91984.1,92040.0,91981.1,91997.8,161.986,92006.28958847812,0.339599256333232,92699.22154272876,91326.03495182429,1373.1865909044718,0,92056.0,92143.2,0.0,0.0,0.0,0.0,-0.7041553196751551,-0.23184813455696351,92142.6,92058.1,,,
2024-11-19 09:04:00+00:00,91997.8,92050.0,91995.6,92049.6,69.565,92006.62918773445,0.339599256333232,92699.56114198509,91326.37455108062,1373.1865909044718,1,92056.0,92143.2,-649.5611419850902,0.0,-0.47303195813851207,0.0,-0.7041553196751551,-0.23184813455696351,92142.6,92058.1,,,
2024-11-19 09:05:00+00:00,92049.6,92049.6,91952.8,91999.2,46.94,92006.96878699078,0.339599256333232,92699.90074124142,91326.71415033695,1373.1865909044718,0,92056.0,92143.2,0.0,0.0,0.0,0.0,-0.7041553196751551,-0.23184813455696351,92142.6,92058.1,,,1.0
2024-11-19 09:06:00+00:00,91999.2,91999.9,91926.4,91950.0,98.074,92007.30838624711,0.339599256333232,92700.24034049775,91327.05374959328,1373.1865909044718,0,92056.0,92143.2,0.0,0.0,0.0,0.0,-0.7041553196751551,-0.23184813455696351,92142.6,92058.1,,,
2024-11-19 09:07:00+00:00,91950.0,91950.0,91922.7,91930.6,26.078,92007.64798550344,0.339599256333232,92700.57993975408,91327.39334884961,1373.1865909044718,0,92056.0,92143.2,0.0,0.0,0.0,0.0,-0.7041553196751551,-0.23184813455696351,92142.6,92058.1,,,
2024-11-19 09:08:00+00:00,91930.6,91966.0,91925.0,91966.0,27.02,92007.98758475979,0.339599256333232,92700.91953901043,91327.73294810596,1373.1865909044718,0,92056.0,92143.2,0.0,0.0,0.0,0.0,-0.7041553196751551,-0.23184813455696351,92142.6,92058.1,,,
2024-11-19 09:09:00+00:00,91966.0,91966.0,91945.0,91949.5,24.014,92008.32718401612,0.339599256333232,92701.25913826676,91328.07254736229,1373.1865909044718,0,92056.0,92143.2,0.0,0.0,0.0,0.0,-0.7041553196751551,-0.23184813455696351,92142.6,92058.1,,,
2024-11-19 09:10:00+00:00,91949.5,91963.4,91929.1,91963.3,30.794,92008.66678327245,0.339599256333232,92701.59873752309,91328.41214661862,1373.1865909044718,0,92056.0,92143.2,0.0,0.0,0.0,0.0,-0.7041553196751551,-0.23184813455696351,92142.6,92058.1,,,
2024-11-19 09:11:00+00:00,91963.3,92000.0,91963.3,91980.1,39.456,92009.00638252878,0.339599256333232,92701.93833677942,91328.75174587495,1373.1865909044718,0,92056.0,92143.2,0.0,0.0,0.0,0.0,-0.7041553196751551,-0.23184813455696351,92142.6,92058.1,,,
2024-11-19 09:12:00+00:00,91980.1,91992.8,91932.4,91975.1,76.145,92009.34598178511,0.339599256333232,92702.27793603575,91329.09134513128,1373.1865909044718,0,92056.0,92143.2,0.0,0.0,0.0,0.0,-0.7041553196751551,-0.23184813455696351,92142.6,92058.1,,,
2024-11-19 09:13:00+00:00,91975.1,91975.2,91933.5,91943.2,27.662,92009.68558104144,0.339599256333232,92702.61753529208,91329.43094438761,1373.1865909044718,0,92056.0,92143.2,0.0,0.0,0.0,0.0,-0.7041553196751551,-0.23184813455696351,92142.6,92058.1,,,
2024-11-19 09:14:00+00:00,91943.2,91943.3,91907.5,91907.5,31.661,92010.02518029779,0.339599256333232,92702.95713454843,91329.77054364396,1373.1865909044718,0,92056.0,92143.2,0.0,0.0,0.0,0.0,-0.7041553196751551,-0.23184813455696351,92142.6,92058.1,,,
2024-11-19 09:15:00+00:00,91907.5,91938.1,91890.6,91924.1,66.08,92010.36477955412,0.339599256333232,92703.29673380476,91330.11014290029,1373.1865909044718,0,92056.0,92143.2,0.0,0.0,0.0,0.0,-0.7041553196751551,-0.23184813455696351,92142.6,92058.1,,,
2024-11-19 09:16:00+00:00,91924.1,91924.1,91834.0,91865.1,67.822,92010.70437881045,0.339599256333232,92703.63633306109,91330.44974215662,1373.1865909044718,0,92056.0,92143.2,0.0,0.0,0.0,0.0,-0.7041553196751551,-0.23184813455696351,92142.6,92058.1,,,
2024-11-19 09:17:00+00:00,91865.1,91908.3,91789.4,91796.1,30.023,92011.04397806678,0.339599256333232,92703.97593231742,91330.78934141295,1373.1865909044718,0,92056.0,92143.2,0.0,0.0,0.0,0.0,-0.7041553196751551,-0.23184813455696351,92142.6,92058.1,,,
2024-11-19 09:18:00+00:00,91796.1,91827.1,91712.9,91729.1,346.901,92011.38357732311,0.339599256333232,92704.31553157375,91331.12894066928,1373.1865909044718,0,92056.0,92143.2,0.0,0.0,0.0,0.0,-0.7041553196751551,-0.23184813455696351,92142.6,92058.1,,,
2024-11-19 09:19:00+00:00,91729.1,91771.6,91660.4,91730.2,61.759,92011.72317657944,0.339599256333232,92704.65513083008,91331.46853992561,1373.1865909044718,0,92056.0,92143.2,0.0,0.0,0.0,0.0,-0.7041553196751551,-0.23184813455696351,92142.6,92058.1,,,
2024-11-19 09:20:00+00:00,91730.2,91766.0,91601.8,91647.5,121.917,92012.06277583577,0.339599256333232,92704.99473008642,91331.80813918194,1373.1865909044718,0,92056.0,92143.2,0.0,0.0,0.0,0.0,-0.7041553196751551,-0.23184813455696351,92142.6,92058.1,,,
2024-11-19 09:21:00+00:00,91647.5,91672.9,91500.8,91524.0,176.145,92012.40237509212,0.339599256333232,92705.33432934276,91332.14773843829,1373.1865909044718,0,92056.0,92143.2,0.0,0.0,0.0,0.0,-0.7041553196751551,-0.23184813455696351,92142.6,92058.1,,,
2024-11-19 09:22:00+00:00,91524.0,91620.9,91505.7,91620.9,69.478,92012.74197434845,0.339599256333232,92705.67392859909,91332.48733769462,1373.1865909044718,0,92056.0,92143.2,0.0,0.0,0.0,0.0,-0.7041553196751551,-0.23184813455696351,92142.6,92058.1,,,
2024-11-19 09:23:00+00:00,91620.9,91689.9,91530.3,91578.0,105.365,92013.08157360478,0.339599256333232,92706.01352785542,91332.82693695095,1373.1865909044718,0,92056.0,92143.2,0.0,0.0,0.0,0.0,-0.7041553196751551,-0.23184813455696351,92142.6,92058.1,,,
2024-11-19 09:24:00+00:00,91578.0,91659.6,91557.7,91563.3,42.455,92013.42117286111,0.339599256333232,92706.35312711175,91333.16653620728,1373.1865909044718,0,92056.0,92143.2,0.0,0.0,0.0,0.0,-0.7041553196751551,-0.23184813455696351,92142.6,92058.1,,,
2024-11-19 09:25:00+00:00,91563.3,91618.2,91530.7,91577.3,104.359,92013.76077211744,0.339599256333232,92706.69272636808,91333.50613546361,1373.1865909044718,0,92056.0,92143.2,0.0,0.0,0.0,0.0,-0.7041553196751551,-0.23184813455696351,92142.6,92058.1,,,
2024-11-19 09:26:00+00:00,91577.3,91630.0,91576.6,91576.7,27.652,92014.10037137377,0.339599256333232,92707.03232562442,91333.84573471994,1373.1865909044718,0,92056.0,92143.2,0.0,0.0,0.0,0.0,-0.7041553196751551,-0.23184813455696351,92142.6,92058.1,,,
2024-11-19 09:27:00+00:00,91576.7,91576.7,91451.0,91459.9,162.509,92014.43997063012,0.339599256333232,92707.37192488076,91334.18533397629,1373.1865909044718,0,92056.0,92143.2,0.0,0.0,0.0,0.0,-0.7041553196751551,-0.23184813455696351,92142.6,92058.1,,,
2024-11-19 09:28:00+00:00,91459.9,91460.0,91367.5,91374.9,179.971,92014.77956988645,0.339599256333232,92707.71152413709,91334.52493323262,1373.1865909044718,0,92056.0,92143.2,0.0,0.0,0.0,0.0,-0.7041553196751551,-0.23184813455696351,92142.6,92058.1,,,
2024-11-19 09:29:00+00:00,91374.9,91382.8,91266.0,91288.0,394.084,92015.11916914278,0.339599256333232,92708.05112339342,91334.86453248895,1373.1865909044718,0,92056.0,92143.2,0.0,0.0,0.0,0.0,-0.7041553196751551,-0.23184813455696351,92142.6,92058.1,,,
2024-11-19 09:30:00+00:00,91288.0,91371.3,91242.0,91347.8,192.253,92015.45876839911,0.339599256333232,92708.39072264975,91335.20413174528,1373.1865909044718,-1,92056.0,92143.2,0.0,93.20413174528221,0.0,0.06787433868247417,-0.7041553196751551,-0.23184813455696351,92142.6,92058.1,,,
2024-11-19 09:31:00+00:00,91347.8,91386.6,91272.0,91310.9,87.657,92015.79836765544,0.339599256333232,92708.73032190609,91335.54373100161,1373.1865909044718,0,92056.0,92143.2,0.0,0.0,0.0,0.0,-0.7041553196751551,-0.23184813455696351,92142.6,92058.1,,,
2024-11-19 09:32:00+00:00,91310.9,91351.0,91253.3,91310.6,89.321,92016.13796691177,0.339599256333232,92709.06992116242,91335.88333025794,1373.1865909044718,0,92056.0,92143.2,0.0,0.0,0.0,0.0,-0.7041553196751551,-0.23184813455696351,92142.6,92058.1,,,
2024-11-19 09:33:00+00:00,91310.6,91350.8,91286.0,91307.8,120.065,92016.4775661681,0.339599256333232,92709.40952041875,91336.22292951428,1373.1865909044718,0,92056.0,92143.2,0.0,0.0,0.0,0.0,-0.7041553196751551,-0.23184813455696351,92142.6,92058.1,,,
2024-11-19 09:34:00+00:00,91307.8,91427.9,91292.8,91400.0,84.977,92016.81716542445,0.339599256333232,92709.74911967509,91336.56252877062,1373.1865909044718,0,92056.0,92143.2,0.0,0.0,0.0,0.0,-0.7041553196751551,-0.23184813455696351,92142.6,92058.1,,,
2024-11-19 09:35:00+00:00,91400.0,91465.0,91400.0,91422.2,86.28,92017.15676468078,0.339599256333232,92710.08871893142,91336.90212802695,1373.1865909044718,0,92056.0,92143.2,0.0,0.0,0.0,0.0,-0.7041553196751551,-0.23184813455696351,92142.6,92058.1,,,
2024-11-19 09:36:00+00:00,91422.2,91455.8,91385.4,91406.1,89.31,92017.49636393711,0.339599256333232,92710.42831818775,91337.24172728328,1373.1865909044718,0,92056.0,92143.2,0.0,0.0,0.0,0.0,-0.7041553196751551,-0.23184813455696351,92142.6,92058.1,,,
2024-11-19 09:37:00+00:00,91406.1,91420.0,91406.0,91419.1,40.633,92017.83596319344,0.339599256333232,92710.76791744409,91337.58132653961,1373.1865909044718,0,92056.0,92143.2,0.0,0.0,0.0,0.0,-0.7041553196751551,-0.23184813455696351,92142.6,92058.1,,,
2024-11-19 09:38:00+00:00,91419.1,91419.2,91358.7,91375.2,86.472,92018.17556244977,0.339599256333232,92711.10751670042,91337.92092579594,1373.1865909044718,0,92056.0,92143.2,0.0,0.0,0.0,0.0,-0.7041553196751551,-0.23184813455696351,92142.6,92058.1,,,
2024-11-19 09:39:00+00:00,91375.2,91470.1,91375.2,91430.0,63.652,92018.5151617061,0.339599256333232,92711.44711595675,91338.26052505228,1373.1865909044718,1,92056.0,92143.2,-1241.3471159567416,0.0,-0.9039901235411191,0.0,-0.7041553196751551,-0.23184813455696351,92142.6,92058.1,,,
2024-11-19 09:40:00+00:00,91430.0,91430.0,91344.1,91359.2,31.262,92018.85476096245,0.339599256333232,92711.7867152131,91338.60012430862,1373.1865909044718,0,92056.0,92143.2,0.0,0.0,0.0,0.0,-0.7041553196751551,-0.23184813455696351,92142.6,92058.1,,,
2024-11-19 09:41:00+00:00,91359.2,91398.7,91345.0,91367.9,37.901,92019.19436021878,0.339599256333232,92712.12631446942,91338.93972356495,1373.1865909044718,0,92056.0,92143.2,0.0,0.0,0.0,0.0,-0.7041553196751551,-0.23184813455696351,92142.6,92058.1,,,
2024-11-19 09:42:00+00:00,91367.9,91400.0,91333.1,91370.3,57.295,92019.53395947511,0.339599256333232,92712.46591372575,91339.27932282128,1373.1865909044718,0,92056.0,92143.2,0.0,0.0,0.0,0.0,-0.7041553196751551,-0.23184813455696351,92142.6,92058.1,,,
2024-11-19 09:43:00+00:00,91370.3,91423.5,91360.3,91399.2,23.31,92019.87355873144,0.339599256333232,92712.80551298209,91339.61892207761,1373.1865909044718,0,92056.0,92143.2,0.0,0.0,0.0,0.0,-0.7041553196751551,-0.23184813455696351,92142.6,92058.1,,,
2024-11-19 09:44:00+00:00,91399.2,91399.2,91355.1,91367.5,15.373,92020.21315798778,0.339599256333232,92713.14511223842,91339.95852133395,1373.1865909044718,0,92056.0,92143.2,0.0,0.0,0.0,0.0,-0.7041553196751551,-0.23184813455696351,92142.6,92058.1,,,
2024-11-19 09:45:00+00:00,91367.5,91380.3,91285.9,91318.0,134.245,92020.5527572441,0.339599256333232,92713.48471149475,91340.29812059028,1373.1865909044718,-1,92056.0,92143.2,0.0,54.398120590281906,0.0,0.03961451484495759,-0.7041553196751551,-0.23184813455696351,92142.6,92058.1,,,
2024-11-19 09:46:00+00:00,91318.0,91410.4,91318.0,91408.2,40.375,92020.89235650044,0.339599256333232,92713.82431075108,91340.6377198466,1373.1865909044718,0,92056.0,92143.2,0.0,0.0,0.0,0.0,-0.7041553196751551,-0.23184813455696351,92142.6,92058.1,,,
2024-11-19 09:47:00+00:00,91408.2,91416.0,91349.2,91415.0,28.062,92021.23195575678,0.339599256333232,92714.16391000742,91340.97731910295,1373.1865909044718,0,92056.0,92143.2,0.0,0.0,0.0,0.0,-0.7041553196751551,-0.23184813455696351,92142.6,92058.1,,,
2024-11-19 09:48:00+00:00,91415.0,91466.3,91401.0,91412.1,37.216,92021.57155501311,0.339599256333232,92714.50350926376,91341.31691835928,1373.1865909044718,0,92056.0,92143.2,0.0,0.0,0.0,0.0,-0.7041553196751551,-0.23184813455696351,92142.6,92058.1,,,
2024-11-19 09:49:00+00:00,91412.1,91468.0,91412.0,91458.6,27.365,92021.91115426944,0.339599256333232,92714.84310852009,91341.65651761561,1373.1865909044718,0,92056.0,92143.2,0.0,0.0,0.0,0.0,-0.7041553196751551,-0.23184813455696351,92142.6,92058.1,,,
2024-11-19 09:50:00+00:00,91458.6,91473.3,91423.1,91423.1,85.001,92022.25075352578,0.339599256333232,92715.18270777642,91341.99611687195,1373.1865909044718,0,92056.0,92143.2,0.0,0.0,0.0,0.0,-0.7041553196751551,-0.23184813455696351,92142.6,92058.1,,,
2024-11-19 09:51:00+00:00,91423.1,91476.0,91415.8,91457.5,50.59,92022.5903527821,0.339599256333232,92715.52230703275,91342.33571612828,1373.1865909044718,0,92056.0,92143.2,0.0,0.0,0.0,0.0,-0.7041553196751551,-0.23184813455696351,92142.6,92058.1,,,
2024-11-19 09:52:00+00:00,91457.5,91584.6,91457.4,91565.4,111.053,92022.92995203844,0.339599256333232,92715.86190628908,91342.67531538461,1373.1865909044718,0,92056.0,92143.2,0.0,0.0,0.0,0.0,-0.7041553196751551,-0.23184813455696351,92142.6,92058.1,,,
2024-11-19 09:53:00+00:00,91565.4,91608.0,91534.8,91607.8,52.005,92023.26955129478,0.339599256333232,92716.20150554542,91343.01491464095,1373.1865909044718,0,92056.0,92143.2,0.0,0.0,0.0,0.0,-0.7041553196751551,-0.23184813455696351,92142.6,92058.1,,,
2024-11-19 09:54:00+00:00,91607.8,91675.0,91607.8,91635.5,138.313,92023.60915055111,0.339599256333232,92716.54110480176,91343.35451389728,1373.1865909044718,0,92056.0,92143.2,0.0,0.0,0.0,0.0,-0.7041553196751551,-0.23184813455696351,92142.6,92058.1,,,
2024-11-19 09:55:00+00:00,91635.5,91724.9,91635.5,91712.0,247.188,92023.94874980744,0.339599256333232,92716.88070405809,91343.69411315362,1373.1865909044718,0,92056.0,92143.2,0.0,0.0,0.0,0.0,-0.7041553196751551,-0.23184813455696351,92142.6,92058.1,,,
2024-11-19 09:56:00+00:00,91712.0,91712.1,91616.4,91650.8,88.901,92024.28834906378,0.339599256333232,92717.22030331442,91344.03371240995,1373.1865909044718,0,92056.0,92143.2,0.0,0.0,0.0,0.0,-0.7041553196751551,-0.23184813455696351,92142.6,92058.1,,,
2024-11-19 09:57:00+00:00,91650.8,91917.6,91650.8,91888.9,316.178,92024.6279483201,0.339599256333232,92717.55990257075,91344.37331166628,1373.1865909044718,1,92056.0,92143.2,-799.959902570743,0.0,-0.5825573216847656,0.0,-0.7041553196751551,-0.23184813455696351,92142.6,92058.1,,,
2024-11-19 09:58:00+00:00,91888.9,91889.0,91759.9,91794.9,191.59,92024.96754757644,0.339599256333232,92717.89950182708,91344.71291092261,1373.1865909044718,0,92056.0,92143.2,0.0,0.0,0.0,0.0,-0.7041553196751551,-0.23184813455696351,92142.6,92058.1,,,
2024-11-19 09:59:00+00:00,91794.9,91817.5,91776.0,91776.1,48.314,92025.30714683278,0.339599256333232,92718.23910108343,91345.05251017895,1373.1865909044718,0,92056.0,92143.2,0.0,0.0,0.0,0.0,-0.7041553196751551,-0.23184813455696351,92142.6,92058.1,,,
2024-11-19 10:00:00+00:00,91776.1,91860.5,91767.0,91824.9,92.513,92025.64674608911,0.339599256333232,92718.57870033976,91345.39210943528,1373.1865909044718,0,92056.0,92143.2,0.0,0.0,0.0,0.0,-0.7041553196751551,-0.23184813455696351,92142.6,92058.1,,,
2024-11-19 10:01:00+00:00,91824.9,91885.7,91824.8,91880.6,78.645,92025.98634534545,0.339599256333232,92718.91829959609,91345.73170869162,1373.1865909044718,0,92056.0,92143.2,0.0,0.0,0.0,0.0,-0.7041553196751551,-0.23184813455696351,92142.6,92058.1,,,
2024-11-19 10:02:00+00:00,91880.6,91885.1,91766.3,91771.1,43.428,92026.32594460178,0.339599256333232,92719.25789885242,91346.07130794795,1373.1865909044718,0,92056.0,92143.2,0.0,0.0,0.0,0.0,-0.7041553196751551,-0.23184813455696351,92142.6,92058.1,,,
2024-11-19 10:03:00+00:00,91771.1,91820.0,91771.1,91792.7,23.184,92026.66554385811,0.339599256333232,92719.59749810875,91346.41090720428,1373.1865909044718,0,92056.0,92143.2,0.0,0.0,0.0,0.0,-0.7041553196751551,-0.23184813455696351,92142.6,92058.1,,,
2024-11-19 10:04:00+00:00,91792.7,91820.0,91792.6,91811.3,17.375,92027.00514311444,0.339599256333232,92719.93709736508,91346.75050646061,1373.1865909044718,0,92056.0,92143.2,0.0,0.0,0.0,0.0,-0.7041553196751551,-0.23184813455696351,92142.6,92058.1,,,
2024-11-19 10:05:00+00:00,91811.3,91811.3,91692.3,91692.3,88.421,92027.34474237077,0.339599256333232,92720.27669662141,91347.09010571694,1373.1865909044718,0,92056.0,92143.2,0.0,0.0,0.0,0.0,-0.7041553196751551,-0.23184813455696351,92142.6,92058.1,,,
2024-11-19 10:06:00+00:00,91692.3,91714.6,91674.0,91676.6,49.045,92027.68434162711,0.339599256333232,92720.61629587776,91347.42970497328,1373.1865909044718,0,92056.0,92143.2,0.0,0.0,0.0,0.0,-0.7041553196751551,-0.23184813455696351,92142.6,92058.1,,,
2024-11-19 10:07:00+00:00,91676.6,91676.6,91522.4,91628.5,281.586,92028.02394088345,0.339599256333232,92720.95589513409,91347.76930422962,1373.1865909044718,-1,92056.0,92143.2,0.0,-174.63069577037822,0.0,-0.12717186209585316,-0.7041553196751551,-0.23184813455696351,92142.6,92058.1,,,
2024-11-19 10:08:00+00:00,91628.5,91650.0,91622.1,91649.9,21.381,92028.36354013978,0.339599256333232,92721.29549439042,91348.10890348595,1373.1865909044718,0,92056.0,92143.2,0.0,0.0,0.0,0.0,-0.7041553196751551,-0.23184813455696351,92142.6,92058.1,,,
2024-11-19 10:09:00+00:00,91649.9,91705.6,91635.6,91705.5,30.347,92028.70313939611,0.339599256333232,92721.63509364675,91348.44850274228,1373.1865909044718,0,92056.0,92143.2,0.0,0.0,0.0,0.0,-0.7041553196751551,-0.23184813455696351,92142.6,92058.1,,,
2024-11-19 10:10:00+00:00,91705.5,91705.5,91636.5,91668.9,33.14,92029.04273865244,0.339599256333232,92721.97469290308,91348.78810199861,1373.1865909044718,0,92056.0,92143.2,0.0,0.0,0.0,0.0,-0.7041553196751551,-0.23184813455696351,92142.6,92058.1,,,
2024-11-19 10:11:00+00:00,91668.9,91676.7,91634.3,91634.4,21.42,92029.38233790877,0.339599256333232,92722.31429215941,91349.12770125494,1373.1865909044718,0,92056.0,92143.2,0.0,0.0,0.0,0.0,-0.7041553196751551,-0.23184813455696351,92142.6,92058.1,,,
2024-11-19 10:12:00+00:00,91634.4,91634.4,91609.8,91609.8,21.822,92029.72193716512,0.339599256333232,92722.65389141576,91349.46730051129,1373.1865909044718,0,92056.0,92143.2,0.0,0.0,0.0,0.0,-0.7041553196751551,-0.23184813455696351,92142.6,92058.1,,,
2024-11-19 10:13:00+00:00,91609.8,91611.6,91585.6,91603.6,39.653,92030.06153642145,0.339599256333232,92722.99349067209,91349.80689976762,1373.1865909044718,0,92056.0,92143.2,0.0,0.0,0.0,0.0,-0.7041553196751551,-0.23184813455696351,92142.6,92058.1,,,
2024-11-19 10:14:00+00:00,91603.6,91706.6,91601.0,91706.5,35.441,92030.40113567778,0.339599256333232,92723.33308992842,91350.14649902395,1373.1865909044718,0,92056.0,92143.2,0.0,0.0,0.0,0.0,-0.7041553196751551,-0.23184813455696351,92142.6,92058.1,,,
2024-11-19 10:15:00+00:00,91706.5,91732.2,91700.0,91732.2,41.067,92030.74073493411,0.339599256333232,92723.67268918475,91350.48609828028,1373.1865909044718,0,92056.0,92143.2,0.0,0.0,0.0,0.0,-0.7041553196751551,-0.23184813455696351,92142.6,92058.1,,,
2024-11-19 10:16:00+00:00,91732.2,91786.3,91723.2,91786.3,26.081,92031.08033419044,0.339599256333232,92724.01228844108,91350.82569753661,1373.1865909044718,0,92056.0,92143.2,0.0,0.0,0.0,0.0,-0.7041553196751551,-0.23184813455696351,92142.6,92058.1,,,
2024-11-19 10:17:00+00:00,91786.3,92034.1,91786.2,91984.8,471.738,92031.41993344677,0.339599256333232,92724.35188769741,91351.16529679294,1373.1865909044718,1,92056.0,92143.2,-690.2518876974063,0.0,-0.5026643081642391,0.0,-0.7041553196751551,-0.23184813455696351,92142.6,92058.1,,,
2024-11-19 10:18:00+00:00,91984.8,92004.8,91901.2,91932.2,119.508,92031.7595327031,0.339599256333232,92724.69148695374,91351.50489604927,1373.1865909044718,0,92056.0,92143.2,0.0,0.0,0.0,0.0,-0.7041553196751551,-0.23184813455696351,92142.6,92058.1,,,
2024-11-19 10:19:00+00:00,91932.2,91950.0,91865.2,91865.2,95.926,92032.09913195945,0.339599256333232,92725.03108621009,91351.84449530562,1373.1865909044718,0,92056.0,92143.2,0.0,0.0,0.0,0.0,-0.7041553196751551,-0.23184813455696351,92142.6,92058.1,,,
2024-11-19 10:20:00+00:00,91865.2,91890.7,91859.8,91862.0,30.603,92032.43873121578,0.339599256333232,92725.37068546642,91352.18409456195,1373.1865909044718,0,92056.0,92143.2,0.0,0.0,0.0,0.0,-0.7041553196751551,-0.23184813455696351,92142.6,92058.1,,,
2024-11-19 10:21:00+00:00,91862.0,91922.2,91860.4,91862.9,41.172,92032.77833047211,0.339599256333232,92725.71028472275,91352.52369381828,1373.1865909044718,0,92056.0,92143.2,0.0,0.0,0.0,0.0,-0.7041553196751551,-0.23184813455696351,92142.6,92058.1,,,
2024-11-19 10:22:00+00:00,91862.9,91882.3,91852.7,91882.3,27.298,92033.11792972844,0.339599256333232,92726.04988397908,91352.86329307461,1373.1865909044718,0,92056.0,92143.2,0.0,0.0,0.0,0.0,-0.7041553196751551,-0.23184813455696351,92142.6,92058.1,,,
2024-11-19 10:23:00+00:00,91882.3,91894.7,91832.5,91832.6,19.43,92033.45752898477,0.339599256333232,92726.38948323541,91353.20289233094,1373.1865909044718,0,92056.0,92143.2,0.0,0.0,0.0,0.0,-0.7041553196751551,-0.23184813455696351,92142.6,92058.1,,,
2024-11-19 10:24:00+00:00,91832.6,91849.4,91815.5,91842.4,33.127,92033.7971282411,0.339599256333232,92726.72908249174,91353.54249158727,1373.1865909044718,0,92056.0,92143.2,0.0,0.0,0.0,0.0,-0.7041553196751551,-0.23184813455696351,92142.6,92058.1,,,
2024-11-19 10:25:00+00:00,91842.4,91880.9,91834.6,91861.7,23.71,92034.13672749745,0.339599256333232,92727.06868174809,91353.88209084362,1373.1865909044718,0,92056.0,92143.2,0.0,0.0,0.0,0.0,-0.7041553196751551,-0.23184813455696351,92142.6,92058.1,,,
2024-11-19 10:26:00+00:00,91861.7,91881.7,91825.0,91847.7,14.336,92034.47632675378,0.339599256333232,92727.40828100442,91354.22169009995,1373.1865909044718,0,92056.0,92143.2,0.0,0.0,0.0,0.0,-0.7041553196751551,-0.23184813455696351,92142.6,92058.1,,,
2024-11-19 10:27:00+00:00,91847.7,91857.0,91831.0,91856.4,23.398,92034.81592601011,0.339599256333232,92727.74788026075,91354.56128935628,1373.1865909044718,0,92056.0,92143.2,0.0,0.0,0.0,0.0,-0.7041553196751551,-0.23184813455696351,92142.6,92058.1,,,
2024-11-19 10:28:00+00:00,91856.4,91856.4,91831.0,91831.1,23.536,92035.15552526644,0.339599256333232,92728.08747951708,91354.90088861261,1373.1865909044718,0,92056.0,92143.2,0.0,0.0,0.0,0.0,-0.7041553196751551,-0.23184813455696351,92142.6,92058.1,,,
2024-11-19 10:29:00+00:00,91831.1,91847.9,91820.1,91820.3,21.118,92035.49512452277,0.339599256333232,92728.42707877341,91355.24048786894,1373.1865909044718,0,92056.0,92143.2,0.0,0.0,0.0,0.0,-0.7041553196751551,-0.23184813455696351,92142.6,92058.1,,,
2024-11-19 10:30:00+00:00,91820.3,91833.9,91755.6,91755.6,53.2,92035.8347237791,0.339599256333232,92728.76667802974,91355.58008712527,1373.1865909044718,0,92056.0,92143.2,0.0,0.0,0.0,0.0,-0.7041553196751551,-0.23184813455696351,92142.6,92058.1,,,
2024-11-19 10:31:00+00:00,91755.6,91781.3,91732.1,91742.2,25.854,92036.17432303543,0.339599256333232,92729.10627728608,91355.9196863816,1373.1865909044718,0,92056.0,92143.2,0.0,0.0,0.0,0.0,-0.7041553196751551,-0.23184813455696351,92142.6,92058.1,,,
2024-11-19 10:32:00+00:00,91742.2,91776.5,91730.1,91730.1,8.988,92036.51392229178,0.339599256333232,92729.44587654242,91356.25928563795,1373.1865909044718,0,92056.0,92143.2,0.0,0.0,0.0,0.0,-0.7041553196751551,-0.23184813455696351,92142.6,92058.1,,,
2024-11-19 10:33:00+00:00,91730.1,91754.9,91722.8,91746.9,34.849,92036.85352154811,0.339599256333232,92729.78547579875,91356.59888489428,1373.1865909044718,0,92056.0,92143.2,0.0,0.0,0.0,0.0,-0.7041553196751551,-0.23184813455696351,92142.6,92058.1,,,
2024-11-19 10:34:00+00:00,91746.9,91746.9,91706.4,91707.9,11.318,92037.19312080444,0.339599256333232,92730.12507505508,91356.93848415061,1373.1865909044718,0,92056.0,92143.2,0.0,0.0,0.0,0.0,-0.7041553196751551,-0.23184813455696351,92142.6,92058.1,,,
2024-11-19 10:35:00+00:00,91707.9,91799.9,91707.9,91794.7,18.577,92037.53272006077,0.339599256333232,92730.46467431141,91357.27808340694,1373.1865909044718,0,92056.0,92143.2,0.0,0.0,0.0,0.0,-0.7041553196751551,-0.23184813455696351,92142.6,92058.1,,,
2024-11-19 10:36:00+00:00,91794.7,91807.7,91738.7,91747.3,21.427,92037.8723193171,0.339599256333232,92730.80427356774,91357.61768266327,1373.1865909044718,0,92056.0,92143.2,0.0,0.0,0.0,0.0,-0.7041553196751551,-0.23184813455696351,92142.6,92058.1,,,
2024-11-19 10:37:00+00:00,91747.3,91747.3,91691.1,91691.1,21.156,92038.21191857343,0.339599256333232,92731.14387282408,91357.9572819196,1373.1865909044718,0,92056.0,92143.2,0.0,0.0,0.0,0.0,-0.7041553196751551,-0.23184813455696351,92142.6,92058.1,,,
2024-11-19 10:38:00+00:00,91691.1,91729.9,91654.0,91729.9,41.735,92038.55151782978,0.339599256333232,92731.48347208042,91358.29688117595,1373.1865909044718,-1,92056.0,92143.2,0.0,-295.70311882405076,0.0,-0.21534081441130376,-0.7041553196751551,-0.23184813455696351,92142.6,92058.1,,,
2024-11-19 10:39:00+00:00,91729.9,91767.9,91702.1,91760.0,29.344,92038.89111708611,0.339599256333232,92731.82307133675,91358.63648043228,1373.1865909044718,0,92056.0,92143.2,0.0,0.0,0.0,0.0,-0.7041553196751551,-0.23184813455696351,92142.6,92058.1,,,
2024-11-19 10:40:00+00:00,91760.0,91811.1,91759.9,91784.4,25.449,92039.23071634244,0.339599256333232,92732.16267059308,91358.97607968861,1373.1865909044718,0,92056.0,92143.2,0.0,0.0,0.0,0.0,-0.7041553196751551,-0.23184813455696351,92142.6,92058.1,,,
2024-11-19 10:41:00+00:00,91784.4,91800.0,91748.1,91793.1,43.77,92039.57031559877,0.339599256333232,92732.50226984941,91359.31567894494,1373.1865909044718,0,92056.0,92143.2,0.0,0.0,0.0,0.0,-0.7041553196751551,-0.23184813455696351,92142.6,92058.1,,,
2024-11-19 10:42:00+00:00,91793.1,91793.2,91730.8,91737.7,19.089,92039.9099148551,0.339599256333232,92732.84186910574,91359.65527820127,1373.1865909044718,0,92056.0,92143.2,0.0,0.0,0.0,0.0,-0.7041553196751551,-0.23184813455696351,92142.6,92058.1,,,
2024-11-19 10:43:00+00:00,91737.7,91819.6,91728.8,91819.5,20.174,92040.24951411143,0.339599256333232,92733.18146836208,91359.9948774576,1373.1865909044718,0,92056.0,92143.2,0.0,0.0,0.0,0.0,-0.7041553196751551,-0.23184813455696351,92142.6,92058.1,,,
2024-11-19 10:44:00+00:00,91819.5,91828.8,91806.8,91806.8,21.839,92040.58911336777,0.339599256333232,92733.5210676184,91360.33447671394,1373.1865909044718,0,92056.0,92143.2,0.0,0.0,0.0,0.0,-0.7041553196751551,-0.23184813455696351,92142.6,92058.1,,,
2024-11-19 10:45:00+00:00,91806.8,91833.6,91800.0,91800.0,31.029,92040.92871262411,0.339599256333232,92733.86066687475,91360.67407597028,1373.1865909044718,0,92056.0,92143.2,0.0,0.0,0.0,0.0,-0.7041553196751551,-0.23184813455696351,92142.6,92058.1,,,
2024-11-19 10:46:00+00:00,91800.0,91841.6,91779.1,91835.0,56.37,92041.26831188044,0.339599256333232,92734.20026613108,91361.01367522661,1373.1865909044718,0,92056.0,92143.2,0.0,0.0,0.0,0.0,-0.7041553196751551,-0.23184813455696351,92142.6,92058.1,,,
2024-11-19 10:47:00+00:00,91835.0,91898.9,91834.9,91880.4,49.585,92041.60791113677,0.339599256333232,92734.53986538741,91361.35327448294,1373.1865909044718,0,92056.0,92143.2,0.0,0.0,0.0,0.0,-0.7041553196751551,-0.23184813455696351,92142.6,92058.1,,,
2024-11-19 10:48:00+00:00,91880.4,91880.8,91810.4,91834.2,27.918,92041.9475103931,0.339599256333232,92734.87946464375,91361.69287373927,1373.1865909044718,0,92056.0,92143.2,0.0,0.0,0.0,0.0,-0.7041553196751551,-0.23184813455696351,92142.6,92058.1,,,
2024-11-19 10:49:00+00:00,91834.2,91888.0,91834.2,91852.7,20.279,92042.28710964943,0.339599256333232,92735.21906390008,91362.0324729956,1373.1865909044718,0,92056.0,92143.2,0.0,0.0,0.0,0.0,-0.7041553196751551,-0.23184813455696351,92142.6,92058.1,,,
2024-11-19 10:50:00+00:00,91852.7,91881.8,91847.4,91881.7,4.877,92042.62670890577,0.339599256333232,92735.55866315641,91362.37207225194,1373.1865909044718,0,92056.0,92143.2,0.0,0.0,0.0,0.0,-0.7041553196751551,-0.23184813455696351,92142.6,92058.1,,,
2024-11-19 10:51:00+00:00,91881.7,91907.9,91878.9,91883.2,29.014,92042.96630816211,0.339599256333232,92735.89826241275,91362.71167150828,1373.1865909044718,1,92056.0,92143.2,-827.9982624127588,0.0,-0.6029757848621171,0.0,-0.7041553196751551,-0.23184813455696351,92142.6,92058.1,,,
2024-11-19 10:52:00+00:00,91883.2,91883.2,91839.0,91876.2,17.124,92043.30590741844,0.339599256333232,92736.23786166908,91363.05127076461,1373.1865909044718,0,92056.0,92143.2,0.0,0.0,0.0,0.0,-0.7041553196751551,-0.23184813455696351,92142.6,92058.1,,,
2024-11-19 10:53:00+00:00,91876.2,91907.9,91868.3,91871.0,28.92,92043.64550667477,0.339599256333232,92736.57746092541,91363.39087002094,1373.1865909044718,1,92056.0,92143.2,-828.6774609254207,0.0,-0.603470399736134,0.0,-0.7041553196751551,-0.23184813455696351,92142.6,92058.1,,,
2024-11-19 10:54:00+00:00,91871.0,91903.1,91870.9,91900.0,13.767,92043.9851059311,0.339599256333232,92736.91706018175,91363.73046927727,1373.1865909044718,0,92056.0,92143.2,0.0,0.0,0.0,0.0,-0.7041553196751551,-0.23184813455696351,92142.6,92058.1,,,
2024-11-19 10:55:00+00:00,91900.0,91900.1,91868.0,91868.0,8.326,92044.32470518744,0.339599256333232,92737.25665943808,91364.0700685336,1373.1865909044718,0,92056.0,92143.2,0.0,0.0,0.0,0.0,-0.7041553196751551,-0.23184813455696351,92142.6,92058.1,,,
2024-11-19 10:56:00+00:00,91868.0,91868.1,91813.9,91818.0,21.422,92044.66430444377,0.339599256333232,92737.59625869441,91364.40966778994,1373.1865909044718,-1,92056.0,92143.2,0.0,-449.4903322100581,0.0,-0.3273337616222963,-0.7041553196751551,-0.23184813455696351,92142.6,92058.1,,,
2024-11-19 10:57:00+00:00,91818.0,91854.4,91814.7,91846.0,24.789,92045.0039037001,0.339599256333232,92737.93585795074,91364.74926704627,1373.1865909044718,0,92056.0,92143.2,0.0,0.0,0.0,0.0,-0.7041553196751551,-0.23184813455696351,92142.6,92058.1,,,
2024-11-19 10:58:00+00:00,91846.0,91854.3,91836.9,91849.0,5.482,92045.34350295644,0.339599256333232,92738.27545720708,91365.08886630261,1373.1865909044718,0,92056.0,92143.2,0.0,0.0,0.0,0.0,-0.7041553196751551,-0.23184813455696351,92142.6,92058.1,,,
2024-11-19 10:59:00+00:00,91849.0,91849.0,91831.4,91845.3,15.166,92045.68310221277,0.339599256333232,92738.61505646342,91365.42846555894,1373.1865909044718,0,92056.0,92143.2,0.0,0.0,0.0,0.0,-0.7041553196751551,-0.23184813455696351,92142.6,92058.1,,,
2024-11-19 11:00:00+00:00,91845.3,91908.7,91845.3,91864.6,67.152,92046.0227014691,0.339599256333232,92738.95465571975,91365.76806481527,1373.1865909044718,0,92056.0,92143.2,0.0,0.0,0.0,0.0,-0.7041553196751551,-0.23184813455696351,92142.6,92058.1,,,
2024-11-19 11:01:00+00:00,91864.6,91864.6,91841.0,91841.0,10.617,92046.36230072544,0.339599256333232,92739.29425497608,91366.1076640716,1373.1865909044718,0,92056.0,92143.2,0.0,0.0,0.0,0.0,-0.7041553196751551,-0.23184813455696351,92142.6,92058.1,,,
2024-11-19 11:02:00+00:00,91841.0,91843.3,91824.4,91826.4,24.729,92046.70189998177,0.339599256333232,92739.63385423241,91366.44726332794,1373.1865909044718,0,92056.0,92143.2,0.0,0.0,0.0,0.0,-0.7041553196751551,-0.23184813455696351,92142.6,92058.1,,,
2024-11-19 11:03:00+00:00,91826.4,91883.4,91812.7,91862.6,35.519,92047.0414992381,0.339599256333232,92739.97345348874,91366.78686258427,1373.1865909044718,-1,92056.0,92143.2,0.0,-445.9131374157296,0.0,-0.32472872978028544,-0.7041553196751551,-0.23184813455696351,92142.6,92058.1,,,
2024-11-19 11:04:00+00:00,91862.6,91871.8,91833.0,91840.9,22.159,92047.38109849444,0.339599256333232,92740.31305274508,91367.12646184061,1373.1865909044718,0,92056.0,92143.2,0.0,0.0,0.0,0.0,-0.7041553196751551,-0.23184813455696351,92142.6,92058.1,,,
2024-11-19 11:05:00+00:00,91840.9,91855.1,91840.9,91855.0,8.23,92047.72069775077,0.339599256333232,92740.65265200142,91367.46606109694,1373.1865909044718,0,92056.0,92143.2,0.0,0.0,0.0,0.0,-0.7041553196751551,-0.23184813455696351,92142.6,92058.1,,,
2024-11-19 11:06:00+00:00,91855.0,91936.9,91855.0,91917.8,40.395,92048.0602970071,0.339599256333232,92740.99225125775,91367.80566035328,1373.1865909044718,0,92056.0,92143.2,0.0,0.0,0.0,0.0,-0.7041553196751551,-0.23184813455696351,92142.6,92058.1,,,
2024-11-19 11:07:00+00:00,91917.8,91939.0,91877.1,91898.9,72.739,92048.39989626344,0.339599256333232,92741.33185051408,91368.1452596096,1373.1865909044718,1,92056.0,92143.2,-802.3318505140778,0.0,-0.5842846528129938,0.0,-0.7041553196751551,-0.23184813455696351,92142.6,92058.1,,,
2024-11-19 11:08:00+00:00,91898.9,91898.9,91821.8,91822.6,39.239,92048.73949551977,0.339599256333232,92741.67144977041,91368.48485886594,1373.1865909044718,0,92056.0,92143.2,0.0,0.0,0.0,0.0,-0.7041553196751551,-0.23184813455696351,92142.6,92058.1,,,
2024-11-19 11:09:00+00:00,91822.6,91852.9,91822.6,91852.9,22.9,92049.0790947761,0.339599256333232,92742.01104902674,91368.82445812227,1373.1865909044718,0,92056.0,92143.2,0.0,0.0,0.0,0.0,-0.7041553196751551,-0.23184813455696351,92142.6,92058.1,,,
2024-11-19 11:10:00+00:00,91852.9,91885.1,91852.8,91874.1,22.419,92049.41869403243,0.339599256333232,92742.35064828307,91369.1640573786,1373.1865909044718,0,92056.0,92143.2,0.0,0.0,0.0,0.0,-0.7041553196751551,-0.23184813455696351,92142.6,92058.1,,,
2024-11-19 11:11:00+00:00,91874.1,91874.2,91811.0,91811.0,31.587,92049.75829328877,0.339599256333232,92742.69024753942,91369.50365663494,1373.1865909044718,0,92056.0,92143.2,0.0,0.0,0.0,0.0,-0.7041553196751551,-0.23184813455696351,92142.6,92058.1,,,
2024-11-19 11:12:00+00:00,91811.0,91811.0,91764.8,91804.9,36.391,92050.0978925451,0.339599256333232,92743.02984679575,91369.84325589128,1373.1865909044718,0,92056.0,92143.2,0.0,0.0,0.0,0.0,-0.7041553196751551,-0.23184813455696351,92142.6,92058.1,,,
2024-11-19 11:13:00+00:00,91804.9,91827.2,91800.2,91810.5,18.656,92050.43749180144,0.339599256333232,92743.36944605208,91370.1828551476,1373.1865909044718,0,92056.0,92143.2,0.0,0.0,0.0,0.0,-0.7041553196751551,-0.23184813455696351,92142.6,92058.1,,,
2024-11-19 11:14:00+00:00,91810.5,91822.8,91774.1,91784.5,15.242,92050.77709105777,0.339599256333232,92743.70904530841,91370.52245440394,1373.1865909044718,0,92056.0,92143.2,0.0,0.0,0.0,0.0,-0.7041553196751551,-0.23184813455696351,92142.6,92058.1,,,
2024-11-19 11:15:00+00:00,91784.5,91796.2,91762.1,91762.1,23.928,92051.1166903141,0.339599256333232,92744.04864456474,91370.86205366027,1373.1865909044718,0,92056.0,92143.2,0.0,0.0,0.0,0.0,-0.7041553196751551,-0.23184813455696351,92142.6,92058.1,,,
2024-11-19 11:16:00+00:00,91762.1,91785.1,91740.7,91740.8,26.924,92051.45628957043,0.339599256333232,92744.38824382107,91371.2016529166,1373.1865909044718,0,92056.0,92143.2,0.0,0.0,0.0,0.0,-0.7041553196751551,-0.23184813455696351,92142.6,92058.1,,,
2024-11-19 11:17:00+00:00,91740.8,91745.8,91697.4,91698.2,59.174,92051.79588882677,0.339599256333232,92744.72784307742,91371.54125217294,1373.1865909044718,0,92056.0,92143.2,0.0,0.0,0.0,0.0,-0.7041553196751551,-0.23184813455696351,92142.6,92058.1,,,
2024-11-19 11:18:00+00:00,91698.2,91707.8,91619.0,91649.1,72.569,92052.1354880831,0.339599256333232,92745.06744233375,91371.88085142928,1373.1865909044718,-1,92056.0,92143.2,0.0,-247.11914857072406,0.0,-0.1799603565950604,-0.7041553196751551,-0.23184813455696351,92142.6,92058.1,,,
2024-11-19 11:19:00+00:00,91649.1,91709.1,91636.5,91695.6,58.412,92052.47508733944,0.339599256333232,92745.40704159008,91372.2204506856,1373.1865909044718,0,92056.0,92143.2,0.0,0.0,0.0,0.0,-0.7041553196751551,-0.23184813455696351,92142.6,92058.1,,,
2024-11-19 11:20:00+00:00,91695.6,91767.7,91695.6,91757.8,46.244,92052.81468659577,0.339599256333232,92745.74664084641,91372.56004994194,1373.1865909044718,0,92056.0,92143.2,0.0,0.0,0.0,0.0,-0.7041553196751551,-0.23184813455696351,92142.6,92058.1,,,
2024-11-19 11:21:00+00:00,91757.8,91814.2,91743.1,91743.1,43.176,92053.1542858521,0.339599256333232,92746.08624010274,91372.89964919827,1373.1865909044718,1,92056.0,92143.2,-931.8862401027436,0.0,-0.6786304543572199,0.0,-0.7041553196751551,-0.23184813455696351,92142.6,92058.1,,,
2024-11-19 11:22:00+00:00,91743.1,91777.4,91720.0,91726.4,16.441,92053.49388510843,0.339599256333232,92746.42583935907,91373.2392484546,1373.1865909044718,0,92056.0,92143.2,0.0,0.0,0.0,0.0,-0.7041553196751551,-0.23184813455696351,92142.6,92058.1,,,
2024-11-19 11:23:00+00:00,91726.4,91726.4,91678.5,91683.3,30.223,92053.83348436476,0.339599256333232,92746.7654386154,91373.57884771093,1373.1865909044718,0,92056.0,92143.2,0.0,0.0,0.0,0.0,-0.7041553196751551,-0.23184813455696351,92142.6,92058.1,,,
2024-11-19 11:24:00+00:00,91683.3,91701.0,91678.4,91685.5,17.635,92054.1730836211,0.339599256333232,92747.10503787175,91373.91844696728,1373.1865909044718,0,92056.0,92143.2,0.0,0.0,0.0,0.0,-0.7041553196751551,-0.23184813455696351,92142.6,92058.1,,,
2024-11-19 11:25:00+00:00,91685.5,91726.6,91685.5,91716.7,43.392,92054.51268287744,0.339599256333232,92747.44463712808,91374.25804622361,1373.1865909044718,0,92056.0,92143.2,0.0,0.0,0.0,0.0,-0.7041553196751551,-0.23184813455696351,92142.6,92058.1,,,
2024-11-19 11:26:00+00:00,91716.7,91733.5,91705.7,91705.7,11.975,92054.85228213377,0.339599256333232,92747.78423638441,91374.59764547994,1373.1865909044718,0,92056.0,92143.2,0.0,0.0,0.0,0.0,-0.7041553196751551,-0.23184813455696351,92142.6,92058.1,,,
2024-11-19 11:27:00+00:00,91705.7,91705.8,91620.3,91651.9,28.274,92055.1918813901,0.339599256333232,92748.12383564074,91374.93724473627,1373.1865909044718,0,92056.0,92143.2,0.0,0.0,0.0,0.0,-0.7041553196751551,-0.23184813455696351,92142.6,92058.1,,,
2024-11-19 11:28:00+00:00,91651.9,91652.9,91589.7,91615.1,76.445,92055.53148064643,0.339599256333232,92748.46343489707,91375.2768439926,1373.1865909044718,0,92056.0,92143.2,0.0,0.0,0.0,0.0,-0.7041553196751551,-0.23184813455696351,92142.6,92058.1,,,
2024-11-19 11:29:00+00:00,91615.1,91615.2,91585.9,91598.8,34.206,92055.87107990276,0.339599256333232,92748.8030341534,91375.61644324893,1373.1865909044718,-1,92056.0,92143.2,0.0,-210.28355675106286,0.0,-0.15313545744177137,-0.7041553196751551,-0.23184813455696351,92142.6,92058.1,,,
2024-11-19 11:30:00+00:00,91598.8,91646.0,91598.8,91633.7,37.172,92056.2106791591,0.339599256333232,92749.14263340975,91375.95604250528,1373.1865909044718,0,92056.0,92143.2,0.0,0.0,0.0,0.0,-0.7041553196751551,-0.23184813455696351,92142.6,92058.1,,,
2024-11-19 11:31:00+00:00,91633.7,91657.5,91620.0,91657.5,14.983,92056.55027841544,0.339599256333232,92749.48223266608,91376.29564176161,1373.1865909044718,0,92056.0,92143.2,0.0,0.0,0.0,0.0,-0.7041553196751551,-0.23184813455696351,92142.6,92058.1,,,
2024-11-19 11:32:00+00:00,91657.5,91661.6,91621.9,91621.9,32.88,92056.88987767177,0.339599256333232,92749.82183192241,91376.63524101794,1373.1865909044718,0,92056.0,92143.2,0.0,0.0,0.0,0.0,-0.7041553196751551,-0.23184813455696351,92142.6,92058.1,,,
2024-11-19 11:33:00+00:00,91621.9,91738.7,91620.2,91699.1,56.602,92057.2294769281,0.339599256333232,92750.16143117874,91376.97484027427,1373.1865909044718,1,92056.0,92143.2,-1011.4614311787445,0.0,-0.7365797466115139,0.0,-0.7041553196751551,-0.23184813455696351,92142.6,92058.1,,,
2024-11-19 11:34:00+00:00,91699.1,91699.2,91642.7,91642.7,8.89,92057.56907618443,0.339599256333232,92750.50103043507,91377.3144395306,1373.1865909044718,0,92056.0,92143.2,0.0,0.0,0.0,0.0,-0.7041553196751551,-0.23184813455696351,92142.6,92058.1,,,
2024-11-19 11:35:00+00:00,91642.7,91673.4,91628.0,91649.9,16.37,92057.90867544076,0.339599256333232,92750.8406296914,91377.65403878693,1373.1865909044718,0,92056.0,92143.2,0.0,0.0,0.0,0.0,-0.7041553196751551,-0.23184813455696351,92142.6,92058.1,,,
2024-11-19 11:36:00+00:00,91649.9,91703.9,91649.9,91703.0,13.021,92058.24827469709,0.339599256333232,92751.18022894773,91377.99363804326,1373.1865909044718,0,92056.0,92143.2,0.0,0.0,0.0,0.0,-0.7041553196751551,-0.23184813455696351,92142.6,92058.1,,,
2024-11-19 11:37:00+00:00,91703.0,91706.5,91652.6,91654.5,13.987,92058.58787395344,0.339599256333232,92751.51982820408,91378.33323729961,1373.1865909044718,0,92056.0,92143.2,0.0,0.0,0.0,0.0,-0.7041553196751551,-0.23184813455696351,92142.6,92058.1,,,
2024-11-19 11:38:00+00:00,91654.5,91698.5,91647.9,91698.5,7.324,92058.92747320977,0.339599256333232,92751.85942746041,91378.67283655594,1373.1865909044718,0,92056.0,92143.2,0.0,0.0,0.0,0.0,-0.7041553196751551,-0.23184813455696351,92142.6,92058.1,,,
2024-11-19 11:39:00+00:00,91698.5,91737.0,91681.8,91736.4,29.829,92059.2670724661,0.339599256333232,92752.19902671674,91379.01243581227,1373.1865909044718,0,92056.0,92143.2,0.0,0.0,0.0,0.0,-0.7041553196751551,-0.23184813455696351,92142.6,92058.1,,,
2024-11-19 11:40:00+00:00,91736.4,91770.9,91714.6,91744.1,44.832,92059.60667172243,0.339599256333232,92752.53862597307,91379.3520350686,1373.1865909044718,0,92056.0,92143.2,0.0,0.0,0.0,0.0,-0.7041553196751551,-0.23184813455696351,92142.6,92058.1,,,
2024-11-19 11:41:00+00:00,91744.1,91763.9,91720.5,91763.8,35.296,92059.94627097876,0.339599256333232,92752.8782252294,91379.69163432493,1373.1865909044718,0,92056.0,92143.2,0.0,0.0,0.0,0.0,-0.7041553196751551,-0.23184813455696351,92142.6,92058.1,,,
2024-11-19 11:42:00+00:00,91763.8,91795.4,91763.8,91795.4,41.129,92060.2858702351,0.339599256333232,92753.21782448574,91380.03123358126,1373.1865909044718,0,92056.0,92143.2,0.0,0.0,0.0,0.0,-0.7041553196751551,-0.23184813455696351,92142.6,92058.1,,,
2024-11-19 11:43:00+00:00,91795.4,91821.4,91765.7,91765.7,37.112,92060.62546949144,0.339599256333232,92753.55742374208,91380.37083283761,1373.1865909044718,1,92056.0,92143.2,-932.1574237420864,0.0,-0.6788279392737921,0.0,-0.7041553196751551,-0.23184813455696351,92142.6,92058.1,,,
2024-11-19 11:44:00+00:00,91765.7,91765.7,91730.0,91730.0,12.75,92060.96506874777,0.339599256333232,92753.89702299841,91380.71043209394,1373.1865909044718,0,92056.0,92143.2,0.0,0.0,0.0,0.0,-0.7041553196751551,-0.23184813455696351,92142.6,92058.1,,,
2024-11-19 11:45:00+00:00,91730.0,91759.7,91730.0,91746.4,12.418,92061.3046680041,0.339599256333232,92754.23662225474,91381.05003135027,1373.1865909044718,0,92056.0,92143.2,0.0,0.0,0.0,0.0,-0.7041553196751551,-0.23184813455696351,92142.6,92058.1,,,
2024-11-19 11:46:00+00:00,91746.4,91752.3,91711.6,91752.3,16.518,92061.64426726043,0.339599256333232,92754.57622151107,91381.3896306066,1373.1865909044718,0,92056.0,92143.2,0.0,0.0,0.0,0.0,-0.7041553196751551,-0.23184813455696351,92142.6,92058.1,,,
2024-11-19 11:47:00+00:00,91752.3,91765.4,91735.6,91737.3,11.119,92061.98386651676,0.339599256333232,92754.9158207674,91381.72922986293,1373.1865909044718,0,92056.0,92143.2,0.0,0.0,0.0,0.0,-0.7041553196751551,-0.23184813455696351,92142.6,92058.1,,,
2024-11-19 11:48:00+00:00,91737.3,91758.5,91737.3,91758.4,27.091,92062.3234657731,0.339599256333232,92755.25542002374,91382.06882911926,1373.1865909044718,0,92056.0,92143.2,0.0,0.0,0.0,0.0,-0.7041553196751551,-0.23184813455696351,92142.6,92058.1,,,
2024-11-19 11:49:00+00:00,91758.4,91775.8,91731.8,91741.2,25.597,92062.66306502942,0.339599256333232,92755.59501928007,91382.4084283756,1373.1865909044718,0,92056.0,92143.2,0.0,0.0,0.0,0.0,-0.7041553196751551,-0.23184813455696351,92142.6,92058.1,,,
2024-11-19 11:50:00+00:00,91741.2,91746.7,91721.9,91729.6,40.072,92063.00266428577,0.339599256333232,92755.93461853641,91382.74802763194,1373.1865909044718,0,92056.0,92143.2,0.0,0.0,0.0,0.0,-0.7041553196751551,-0.23184813455696351,92142.6,92058.1,,,
2024-11-19 11:51:00+00:00,91729.6,91749.7,91692.2,91709.1,73.93,92063.3422635421,0.339599256333232,92756.27421779274,91383.08762688827,1373.1865909044718,0,92056.0,92143.2,0.0,0.0,0.0,0.0,-0.7041553196751551,-0.23184813455696351,92142.6,92058.1,,,
2024-11-19 11:52:00+00:00,91709.1,91743.6,91687.7,91741.4,42.599,92063.68186279843,0.339599256333232,92756.61381704907,91383.4272261446,1373.1865909044718,-1,92056.0,92143.2,0.0,-304.2727738553949,0.0,-0.22158152131021078,-0.7041553196751551,-0.23184813455696351,92142.6,92058.1,,,
2024-11-19 11:53:00+00:00,91741.4,91778.5,91736.8,91745.8,15.654,92064.02146205476,0.339599256333232,92756.9534163054,91383.76682540093,1373.1865909044718,1,92056.0,92143.2,-978.453416305405,0.0,-0.7125422158840996,0.0,-0.7041553196751551,-0.23184813455696351,92142.6,92058.1,,,
2024-11-19 11:54:00+00:00,91745.8,91745.9,91737.8,91743.7,10.049,92064.3610613111,0.339599256333232,92757.29301556174,91384.10642465726,1373.1865909044718,0,92056.0,92143.2,0.0,0.0,0.0,0.0,-0.7041553196751551,-0.23184813455696351,92142.6,92058.1,,,
2024-11-19 11:55:00+00:00,91743.7,91747.6,91712.0,91747.6,16.984,92064.70066056743,0.339599256333232,92757.63261481807,91384.4460239136,1373.1865909044718,0,92056.0,92143.2,0.0,0.0,0.0,0.0,-0.7041553196751551,-0.23184813455696351,92142.6,92058.1,,,
2024-11-19 11:56:00+00:00,91747.6,91755.4,91740.5,91740.5,4.833,92065.04025982377,0.339599256333232,92757.97221407441,91384.78562316994,1373.1865909044718,0,92056.0,92143.2,0.0,0.0,0.0,0.0,-0.7041553196751551,-0.23184813455696351,92142.6,92058.1,,,
2024-11-19 11:57:00+00:00,91740.5,91740.6,91718.4,91729.3,8.065,92065.3798590801,0.339599256333232,92758.31181333074,91385.12522242627,1373.1865909044718,0,92056.0,92143.2,0.0,0.0,0.0,0.0,-0.7041553196751551,-0.23184813455696351,92142.6,92058.1,,,
2024-11-19 11:58:00+00:00,91729.3,91771.8,91729.3,91747.8,28.602,92065.71945833643,0.339599256333232,92758.65141258707,91385.4648216826,1373.1865909044718,0,92056.0,92143.2,0.0,0.0,0.0,0.0,-0.7041553196751551,-0.23184813455696351,92142.6,92058.1,,,
2024-11-19 11:59:00+00:00,91747.8,91756.0,91719.0,91719.0,25.858,92066.05905759276,0.339599256333232,92758.9910118434,91385.80442093893,1373.1865909044718,0,92056.0,92143.2,0.0,0.0,0.0,0.0,-0.7041553196751551,-0.23184813455696351,92142.6,92058.1,,,
2024-11-19 12:00:00+00:00,91719.0,91771.7,91719.0,91771.7,32.536,92066.3986568491,0.339599256333232,92759.33061109974,91386.14402019526,1373.1865909044718,0,92056.0,92143.2,0.0,0.0,0.0,0.0,-0.7041553196751551,-0.23184813455696351,92142.6,92058.1,,,
2024-11-19 12:01:00+00:00,91771.7,91800.0,91755.7,91800.0,84.61,92066.73825610543,0.339599256333232,92759.67021035607,91386.4836194516,1373.1865909044718,0,92056.0,92143.2,0.0,0.0,0.0,0.0,-0.7041553196751551,-0.23184813455696351,92142.6,92058.1,,,
2024-11-19 12:02:00+00:00,91800.0,91940.0,91799.9,91893.8,187.55,92067.07785536177,0.339599256333232,92760.00980961241,91386.82321870794,1373.1865909044718,0,92056.0,92143.2,0.0,0.0,0.0,0.0,-0.7041553196751551,-0.23184813455696351,92142.6,92058.1,,,
2024-11-19 12:03:00+00:00,91893.8,91915.9,91866.9,91892.3,57.191,92067.4174546181,0.339599256333232,92760.34940886874,91387.16281796427,1373.1865909044718,0,92056.0,92143.2,0.0,0.0,0.0,0.0,-0.7041553196751551,-0.23184813455696351,92142.6,92058.1,,,
2024-11-19 12:04:00+00:00,91892.3,92011.8,91870.0,91986.6,206.827,92067.75705387443,0.339599256333232,92760.68900812507,91387.5024172206,1373.1865909044718,0,92056.0,92143.2,0.0,0.0,0.0,0.0,-0.7041553196751551,-0.23184813455696351,92142.6,92058.1,,,
2024-11-19 12:05:00+00:00,91986.6,92046.9,91966.1,92042.9,163.163,92068.09665313076,0.339599256333232,92761.0286073814,91387.84201647693,1373.1865909044718,0,92056.0,92143.2,0.0,0.0,0.0,0.0,-0.7041553196751551,-0.23184813455696351,92142.6,92058.1,,,
2024-11-19 12:06:00+00:00,92042.9,92078.5,91985.4,92025.7,168.749,92068.4362523871,0.339599256333232,92761.36820663774,91388.18161573327,1373.1865909044718,1,92056.0,92143.2,-682.8682066377369,0.0,-0.49728726682945146,0.0,-0.7041553196751551,-0.23184813455696351,92142.6,92058.1,,,
2024-11-19 12:07:00+00:00,92025.7,92076.0,92017.3,92021.6,97.849,92068.77585164343,0.339599256333232,92761.70780589407,91388.5212149896,1373.1865909044718,0,92056.0,92143.2,0.0,0.0,0.0,0.0,-0.7041553196751551,-0.23184813455696351,92142.6,92058.1,,,
2024-11-19 12:08:00+00:00,92021.6,92021.7,91910.9,91991.5,89.566,92069.11545089976,0.339599256333232,92762.0474051504,91388.86081424593,1373.1865909044718,0,92056.0,92143.2,0.0,0.0,0.0,0.0,-0.7041553196751551,-0.23184813455696351,92142.6,92058.1,,,
2024-11-19 12:09:00+00:00,91991.5,91991.5,91910.9,91984.1,94.436,92069.4550501561,0.339599256333232,92762.38700440674,91389.20041350227,1373.1865909044718,0,92056.0,92143.2,0.0,0.0,0.0,0.0,-0.7041553196751551,-0.23184813455696351,92142.6,92058.1,,,
2024-11-19 12:10:00+00:00,91984.1,92008.5,91951.2,91957.9,51.144,92069.79464941243,0.339599256333232,92762.72660366308,91389.5400127586,1373.1865909044718,0,92056.0,92143.2,0.0,0.0,0.0,0.0,-0.7041553196751551,-0.23184813455696351,92142.6,92058.1,,,
2024-11-19 12:11:00+00:00,91957.9,92015.0,91924.0,91983.7,39.586,92070.13424866876,0.339599256333232,92763.0662029194,91389.87961201493,1373.1865909044718,0,92056.0,92143.2,0.0,0.0,0.0,0.0,-0.7041553196751551,-0.23184813455696351,92142.6,92058.1,,,
2024-11-19 12:12:00+00:00,91983.7,92011.1,91935.5,92009.1,70.346,92070.4738479251,0.339599256333232,92763.40580217574,91390.21921127127,1373.1865909044718,0,92056.0,92143.2,0.0,0.0,0.0,0.0,-0.7041553196751551,-0.23184813455696351,92142.6,92058.1,,,
2024-11-19 12:13:00+00:00,92009.1,92019.0,91951.8,91970.3,72.258,92070.81344718143,0.339599256333232,92763.74540143207,91390.5588105276,1373.1865909044718,0,92056.0,92143.2,0.0,0.0,0.0,0.0,-0.7041553196751551,-0.23184813455696351,92142.6,92058.1,,,
2024-11-19 12:14:00+00:00,91970.3,92128.1,91970.3,92124.2,120.357,92071.15304643776,0.339599256333232,92764.0850006884,91390.89840978393,1373.1865909044718,0,92056.0,92143.2,0.0,0.0,0.0,0.0,-0.7041553196751551,-0.23184813455696351,92142.6,92058.1,,1.0,
2024-11-19 12:15:00+00:00,92124.2,92230.3,92116.0,92155.0,402.085,92071.4926456941,0.339599256333232,92764.42459994474,91391.23800904027,1373.1865909044718,0,92056.0,92143.2,0.0,0.0,0.0,0.0,-0.7041553196751551,-0.23184813455696351,92142.6,92058.1,,,
2024-11-19 12:16:00+00:00,92155.0,92155.2,92064.8,92078.2,204.304,92071.83224495043,0.339599256333232,92764.76419920108,91391.5776082966,1373.1865909044718,0,92056.0,92143.2,0.0,0.0,0.0,0.0,-0.7041553196751551,-0.23184813455696351,92142.6,92058.1,,,
2024-11-19 12:17:00+00:00,92078.2,92155.2,92064.4,92155.1,93.285,92072.17184420676,0.339599256333232,92765.1037984574,91391.91720755293,1373.1865909044718,0,92056.0,92143.2,0.0,0.0,0.0,0.0,-0.7041553196751551,-0.23184813455696351,92142.6,92058.1,,,
2024-11-19 12:18:00+00:00,92155.1,92243.9,92151.1,92206.9,172.084,92072.5114434631,0.339599256333232,92765.44339771374,91392.25680680927,1373.1865909044718,0,92056.0,92143.2,0.0,0.0,0.0,0.0,-0.7041553196751551,-0.23184813455696351,92142.6,92058.1,,,
2024-11-19 12:19:00+00:00,92206.9,92332.6,92191.2,92308.1,247.818,92072.85104271943,0.339599256333232,92765.78299697007,91392.5964060656,1373.1865909044718,0,92056.0,92143.2,0.0,0.0,0.0,0.0,-0.7041553196751551,-0.23184813455696351,92142.6,92058.1,,,
2024-11-19 12:20:00+00:00,92308.1,92343.0,92275.6,92343.0,142.592,92073.19064197576,0.339599256333232,92766.1225962264,91392.93600532193,1373.1865909044718,0,92056.0,92143.2,0.0,0.0,0.0,0.0,-0.7041553196751551,-0.23184813455696351,92142.6,92058.1,,,
2024-11-19 12:21:00+00:00,92343.0,92377.6,92180.0,92227.6,189.503,92073.53024123209,0.339599256333232,92766.46219548273,91393.27560457826,1373.1865909044718,0,92056.0,92143.2,0.0,0.0,0.0,0.0,-0.7041553196751551,-0.23184813455696351,92142.6,92058.1,,,
2024-11-19 12:22:00+00:00,92227.6,92300.0,92216.9,92264.5,103.877,92073.86984048843,0.339599256333232,92766.80179473908,91393.6152038346,1373.1865909044718,0,92056.0,92143.2,0.0,0.0,0.0,0.0,-0.7041553196751551,-0.23184813455696351,92142.6,92058.1,,,
2024-11-19 12:23:00+00:00,92264.5,92300.0,92210.0,92281.6,63.666,92074.20943974477,0.339599256333232,92767.1413939954,91393.95480309094,1373.1865909044718,0,92056.0,92143.2,0.0,0.0,0.0,0.0,-0.7041553196751551,-0.23184813455696351,92142.6,92058.1,,,
2024-11-19 12:24:00+00:00,92281.6,92341.5,92236.6,92332.1,132.088,92074.5490390011,0.339599256333232,92767.48099325174,91394.29440234727,1373.1865909044718,0,92056.0,92143.2,0.0,0.0,0.0,0.0,-0.7041553196751551,-0.23184813455696351,92142.6,92058.1,,,
2024-11-19 12:25:00+00:00,92332.1,92419.0,92308.9,92399.9,300.55,92074.88863825743,0.339599256333232,92767.82059250807,91394.6340016036,1373.1865909044718,0,92056.0,92143.2,0.0,0.0,0.0,0.0,-0.7041553196751551,-0.23184813455696351,92142.6,92058.1,,,
2024-11-19 12:26:00+00:00,92399.9,92418.6,92340.4,92377.9,130.39,92075.22823751376,0.339599256333232,92768.1601917644,91394.97360085993,1373.1865909044718,0,92056.0,92143.2,0.0,0.0,0.0,0.0,-0.7041553196751551,-0.23184813455696351,92142.6,92058.1,,,
2024-11-19 12:27:00+00:00,92377.9,92465.2,92377.8,92456.0,214.48,92075.56783677009,0.339599256333232,92768.49979102073,91395.31320011626,1373.1865909044718,0,92056.0,92143.2,0.0,0.0,0.0,0.0,-0.7041553196751551,-0.23184813455696351,92142.6,92058.1,,,
2024-11-19 12:28:00+00:00,92456.0,92500.0,92456.0,92499.9,180.294,92075.90743602643,0.339599256333232,92768.83939027708,91395.6527993726,1373.1865909044718,0,92056.0,92143.2,0.0,0.0,0.0,0.0,-0.7041553196751551,-0.23184813455696351,92142.6,92058.1,,,
2024-11-19 12:29:00+00:00,92499.9,92533.1,92466.0,92466.0,241.457,92076.24703528277,0.339599256333232,92769.17898953341,91395.99239862894,1373.1865909044718,0,92056.0,92143.2,0.0,0.0,0.0,0.0,-0.7041553196751551,-0.23184813455696351,92142.6,92058.1,,,
2024-11-19 12:30:00+00:00,92466.0,92549.9,92439.0,92545.5,125.124,92076.5866345391,0.339599256333232,92769.51858878974,91396.33199788527,1373.1865909044718,0,92056.0,92143.2,0.0,0.0,0.0,0.0,-0.7041553196751551,-0.23184813455696351,92142.6,92058.1,,,
2024-11-19 12:31:00+00:00,92545.5,92550.0,92455.2,92455.2,202.511,92076.92623379543,0.339599256333232,92769.85818804607,91396.6715971416,1373.1865909044718,1,92056.0,92143.2,-219.8581880460697,0.0,-0.16010802137330551,0.0,-0.7041553196751551,-0.23184813455696351,92142.6,92058.1,,,
2024-11-19 12:32:00+00:00,92455.2,92455.2,92266.0,92302.6,338.864,92077.26583305176,0.339599256333232,92770.1977873024,91397.01119639793,1373.1865909044718,0,92056.0,92143.2,0.0,0.0,0.0,0.0,-0.7041553196751551,-0.23184813455696351,92142.6,92058.1,,,
2024-11-19 12:33:00+00:00,92302.6,92364.8,92267.5,92278.3,86.448,92077.60543230809,0.339599256333232,92770.53738655873,91397.35079565426,1373.1865909044718,0,92056.0,92143.2,0.0,0.0,0.0,0.0,-0.7041553196751551,-0.23184813455696351,92142.6,92058.1,,,
2024-11-19 12:34:00+00:00,92278.3,92341.8,92235.0,92324.1,104.693,92077.94503156442,0.339599256333232,92770.87698581506,91397.69039491059,1373.1865909044718,-1,92056.0,92143.2,0.0,-837.3096050894092,0.0,-0.6097566132931006,-0.7041553196751551,-0.23184813455696351,92142.6,92058.1,,,
2024-11-19 12:35:00+00:00,92324.1,92399.0,92308.4,92387.2,105.052,92078.28463082077,0.339599256333232,92771.21658507141,91398.02999416694,1373.1865909044718,0,92056.0,92143.2,0.0,0.0,0.0,0.0,-0.7041553196751551,-0.23184813455696351,92142.6,92058.1,,,
2024-11-19 12:36:00+00:00,92387.2,92399.8,92300.7,92399.8,59.23,92078.6242300771,0.339599256333232,92771.55618432774,91398.36959342327,1373.1865909044718,0,92056.0,92143.2,0.0,0.0,0.0,0.0,-0.7041553196751551,-0.23184813455696351,92142.6,92058.1,,,
2024-11-19 12:37:00+00:00,92399.8,92473.9,92373.0,92402.0,86.794,92078.96382933343,0.339599256333232,92771.89578358407,91398.7091926796,1373.1865909044718,0,92056.0,92143.2,0.0,0.0,0.0,0.0,-0.7041553196751551,-0.23184813455696351,92142.6,92058.1,,,
2024-11-19 12:38:00+00:00,92402.0,92418.6,92313.8,92412.7,41.705,92079.30342858976,0.339599256333232,92772.2353828404,91399.04879193593,1373.1865909044718,0,92056.0,92143.2,0.0,0.0,0.0,0.0,-0.7041553196751551,-0.23184813455696351,92142.6,92058.1,,,
2024-11-19 12:39:00+00:00,92412.7,92455.0,92328.5,92359.9,113.189,92079.64302784609,0.339599256333232,92772.57498209673,91399.38839119226,1373.1865909044718,0,92056.0,92143.2,0.0,0.0,0.0,0.0,-0.7041553196751551,-0.23184813455696351,92142.6,92058.1,,,
2024-11-19 12:40:00+00:00,92359.9,92564.0,92359.9,92563.9,473.782,92079.98262710242,0.339599256333232,92772.91458135306,91399.72799044859,1373.1865909044718,0,92056.0,92143.2,0.0,0.0,0.0,0.0,-0.7041553196751551,-0.23184813455696351,92142.6,92058.1,,,
2024-11-19 12:41:00+00:00,92563.9,92636.0,92506.8,92506.8,300.96,92080.32222635877,0.339599256333232,92773.25418060941,91400.06758970494,1373.1865909044718,1,92056.0,92143.2,-137.25418060940865,0.0,-0.09995304463248796,0.0,-0.7041553196751551,-0.23184813455696351,92142.6,92058.1,,,
2024-11-19 12:42:00+00:00,92506.8,92559.3,92461.4,92487.9,106.163,92080.6618256151,0.339599256333232,92773.59377986574,91400.40718896127,1373.1865909044718,0,92056.0,92143.2,0.0,0.0,0.0,0.0,-0.7041553196751551,-0.23184813455696351,92142.6,92058.1,,,
2024-11-19 12:43:00+00:00,92487.9,92511.0,92417.2,92425.3,60.473,92081.00142487143,0.339599256333232,92773.93337912207,91400.7467882176,1373.1865909044718,0,92056.0,92143.2,0.0,0.0,0.0,0.0,-0.7041553196751551,-0.23184813455696351,92142.6,92058.1,,,
2024-11-19 12:44:00+00:00,92425.3,92434.5,92344.3,92357.0,133.929,92081.34102412776,0.339599256333232,92774.2729783784,91401.08638747393,1373.1865909044718,0,92056.0,92143.2,0.0,0.0,0.0,0.0,-0.7041553196751551,-0.23184813455696351,92142.6,92058.1,,,
2024-11-19 12:45:00+00:00,92357.0,92408.0,92298.8,92320.0,146.048,92081.68062338409,0.339599256333232,92774.61257763473,91401.42598673026,1373.1865909044718,0,92056.0,92143.2,0.0,0.0,0.0,0.0,-0.7041553196751551,-0.23184813455696351,92142.6,92058.1,,,
2024-11-19 12:46:00+00:00,92320.0,92320.1,92235.5,92235.5,201.128,92082.02022264042,0.339599256333232,92774.95217689106,91401.76558598659,1373.1865909044718,0,92056.0,92143.2,0.0,0.0,0.0,0.0,-0.7041553196751551,-0.23184813455696351,92142.6,92058.1,,,
2024-11-19 12:47:00+00:00,92235.5,92359.3,92200.3,92333.3,173.272,92082.35982189675,0.339599256333232,92775.2917761474,91402.10518524292,1373.1865909044718,-1,92056.0,92143.2,0.0,-798.1948147570802,0.0,-0.5812719262218663,-0.7041553196751551,-0.23184813455696351,92142.6,92058.1,,,
2024-11-19 12:48:00+00:00,92333.3,92372.9,92268.6,92329.1,121.939,92082.6994211531,0.339599256333232,92775.63137540374,91402.44478449927,1373.1865909044718,0,92056.0,92143.2,0.0,0.0,0.0,0.0,-0.7041553196751551,-0.23184813455696351,92142.6,92058.1,,,
2024-11-19 12:49:00+00:00,92329.1,92329.1,92277.0,92318.0,44.275,92083.03902040943,0.339599256333232,92775.97097466007,91402.7843837556,1373.1865909044718,0,92056.0,92143.2,0.0,0.0,0.0,0.0,-0.7041553196751551,-0.23184813455696351,92142.6,92058.1,,,
2024-11-19 12:50:00+00:00,92318.0,92384.1,92283.5,92384.1,44.192,92083.37861966576,0.339599256333232,92776.3105739164,91403.12398301193,1373.1865909044718,0,92056.0,92143.2,0.0,0.0,0.0,0.0,-0.7041553196751551,-0.23184813455696351,92142.6,92058.1,,,
2024-11-19 12:51:00+00:00,92384.1,92430.9,92384.0,92400.2,57.324,92083.71821892209,0.339599256333232,92776.65017317273,91403.46358226826,1373.1865909044718,0,92056.0,92143.2,0.0,0.0,0.0,0.0,-0.7041553196751551,-0.23184813455696351,92142.6,92058.1,,,
2024-11-19 12:52:00+00:00,92400.2,92488.0,92400.2,92464.4,63.76,92084.05781817842,0.339599256333232,92776.98977242906,91403.80318152459,1373.1865909044718,0,92056.0,92143.2,0.0,0.0,0.0,0.0,-0.7041553196751551,-0.23184813455696351,92142.6,92058.1,,,
2024-11-19 12:53:00+00:00,92464.4,92492.6,92400.1,92487.7,123.486,92084.39741743475,0.339599256333232,92777.3293716854,91404.14278078092,1373.1865909044718,0,92056.0,92143.2,0.0,0.0,0.0,0.0,-0.7041553196751551,-0.23184813455696351,92142.6,92058.1,,,
2024-11-19 12:54:00+00:00,92487.7,92500.0,92409.3,92409.3,100.023,92084.7370166911,0.339599256333232,92777.66897094174,91404.48238003727,1373.1865909044718,0,92056.0,92143.2,0.0,0.0,0.0,0.0,-0.7041553196751551,-0.23184813455696351,92142.6,92058.1,,,
2024-11-19 12:55:00+00:00,92409.3,92437.0,92390.0,92430.4,64.018,92085.07661594743,0.339599256333232,92778.00857019807,91404.8219792936,1373.1865909044718,0,92056.0,92143.2,0.0,0.0,0.0,0.0,-0.7041553196751551,-0.23184813455696351,92142.6,92058.1,,,
2024-11-19 12:56:00+00:00,92430.4,92472.7,92419.1,92462.9,52.283,92085.41621520376,0.339599256333232,92778.3481694544,91405.16157854993,1373.1865909044718,0,92056.0,92143.2,0.0,0.0,0.0,0.0,-0.7041553196751551,-0.23184813455696351,92142.6,92058.1,,,
2024-11-19 12:57:00+00:00,92462.9,92497.3,92447.3,92491.5,85.737,92085.75581446009,0.339599256333232,92778.68776871073,91405.50117780626,1373.1865909044718,0,92056.0,92143.2,0.0,0.0,0.0,0.0,-0.7041553196751551,-0.23184813455696351,92142.6,92058.1,,,
2024-11-19 12:58:00+00:00,92491.5,92494.4,92426.8,92494.4,58.827,92086.09541371642,0.339599256333232,92779.02736796706,91405.84077706259,1373.1865909044718,0,92056.0,92143.2,0.0,0.0,0.0,0.0,-0.7041553196751551,-0.23184813455696351,92142.6,92058.1,,,
2024-11-19 12:59:00+00:00,92494.4,92563.0,92494.3,92540.3,246.18,92086.43501297275,0.339599256333232,92779.3669672234,91406.18037631892,1373.1865909044718,0,92056.0,92143.2,0.0,0.0,0.0,0.0,-0.7041553196751551,-0.23184813455696351,92142.6,92058.1,,,
2024-11-19 13:00:00+00:00,92540.3,92628.0,92540.3,92568.1,150.366,92086.77461222908,0.339599256333232,92779.70656647973,91406.51997557525,1373.1865909044718,0,92056.0,92143.2,0.0,0.0,0.0,0.0,-0.7041553196751551,-0.23184813455696351,92142.6,92058.1,,,
2024-11-19 13:01:00+00:00,92568.1,92593.5,92504.3,92510.5,129.167,92087.11421148543,0.339599256333232,92780.04616573607,91406.8595748316,1373.1865909044718,0,92056.0,92143.2,0.0,0.0,0.0,0.0,-0.7041553196751551,-0.23184813455696351,92142.6,92058.1,,,
2024-11-19 13:02:00+00:00,92510.5,92666.0,92477.6,92662.8,226.505,92087.45381074176,0.339599256333232,92780.3857649924,91407.19917408793,1373.1865909044718,0,92056.0,92143.2,0.0,0.0,0.0,0.0,-0.7041553196751551,-0.23184813455696351,92142.6,92058.1,,,
2024-11-19 13:03:00+00:00,92662.8,92666.0,92567.6,92616.4,272.463,92087.79340999809,0.339599256333232,92780.72536424873,91407.53877334426,1373.1865909044718,0,92056.0,92143.2,0.0,0.0,0.0,0.0,-0.7041553196751551,-0.23184813455696351,92142.6,92058.1,,,
2024-11-19 13:04:00+00:00,92616.4,92640.8,92506.2,92519.9,85.159,92088.13300925442,0.339599256333232,92781.06496350506,91407.8783726006,1373.1865909044718,0,92056.0,92143.2,0.0,0.0,0.0,0.0,-0.7041553196751551,-0.23184813455696351,92142.6,92058.1,,,
2024-11-19 13:05:00+00:00,92519.9,92594.3,92466.6,92594.2,92.472,92088.47260851075,0.339599256333232,92781.4045627614,91408.21797185692,1373.1865909044718,-1,92056.0,92143.2,0.0,-1058.3820281430817,0.0,-0.770748880853811,-0.7041553196751551,-0.23184813455696351,92142.6,92058.1,,,
2024-11-19 13:06:00+00:00,92594.2,92623.2,92547.0,92571.6,71.607,92088.81220776709,0.339599256333232,92781.74416201773,91408.55757111326,1373.1865909044718,0,92056.0,92143.2,0.0,0.0,0.0,0.0,-0.7041553196751551,-0.23184813455696351,92142.6,92058.1,,,
2024-11-19 13:07:00+00:00,92571.6,92666.0,92571.5,92652.9,97.635,92089.15180702343,0.339599256333232,92782.08376127407,91408.8971703696,1373.1865909044718,0,92056.0,92143.2,0.0,0.0,0.0,0.0,-0.7041553196751551,-0.23184813455696351,92142.6,92058.1,,,
2024-11-19 13:08:00+00:00,92652.9,92700.0,92620.5,92667.0,367.355,92089.49140627976,0.339599256333232,92782.4233605304,91409.23676962593,1373.1865909044718,0,92056.0,92143.2,0.0,0.0,0.0,0.0,-0.7041553196751551,-0.23184813455696351,92142.6,92058.1,,,
2024-11-19 13:09:00+00:00,92667.0,92800.9,92651.8,92770.7,507.942,92089.83100553609,0.339599256333232,92782.76295978673,91409.57636888226,1373.1865909044718,0,92056.0,92143.2,0.0,0.0,0.0,0.0,-0.7041553196751551,-0.23184813455696351,92142.6,92058.1,,,
2024-11-19 13:10:00+00:00,92770.7,92877.0,92741.2,92873.2,262.874,92090.17060479242,0.339599256333232,92783.10255904307,91409.9159681386,1373.1865909044718,1,92056.0,92143.2,93.89744095693459,0.0,0.0683792294353002,0.0,-0.7041553196751551,-0.23184813455696351,92142.6,92058.1,,,
2024-11-19 13:11:00+00:00,92873.2,92877.0,92625.2,92639.2,411.048,92090.51020404875,0.339599256333232,92783.4421582994,91410.25556739492,1373.1865909044718,1,92056.0,92143.2,93.5578417006036,0.0,0.06813192199829173,0.0,-0.7041553196751551,-0.23184813455696351,92142.6,92058.1,,,
2024-11-19 13:12:00+00:00,92639.2,92715.8,92605.6,92713.4,207.18,92090.84980330509,0.339599256333232,92783.78175755573,91410.59516665126,1373.1865909044718,0,92056.0,92143.2,0.0,0.0,0.0,0.0,-0.7041553196751551,-0.23184813455696351,92142.6,92058.1,,,
2024-11-19 13:13:00+00:00,92713.4,92745.6,92671.6,92745.6,66.82,92091.18940256142,0.339599256333232,92784.12135681206,91410.93476590759,1373.1865909044718,0,92056.0,92143.2,0.0,0.0,0.0,0.0,-0.7041553196751551,-0.23184813455696351,92142.6,92058.1,,,
2024-11-19 13:14:00+00:00,92745.6,92788.0,92709.4,92765.0,103.843,92091.52900181776,0.339599256333232,92784.4609560684,91411.27436516393,1373.1865909044718,0,92056.0,92143.2,0.0,0.0,0.0,0.0,-0.7041553196751551,-0.23184813455696351,92142.6,92058.1,,,
2024-11-19 13:15:00+00:00,92765.0,92774.3,92680.0,92683.3,139.612,92091.8686010741,0.339599256333232,92784.80055532473,91411.61396442026,1373.1865909044718,0,92056.0,92143.2,0.0,0.0,0.0,0.0,-0.7041553196751551,-0.23184813455696351,92142.6,92058.1,,,
2024-11-19 13:16:00+00:00,92683.3,92739.9,92576.7,92576.7,82.843,92092.20820033042,0.339599256333232,92785.14015458107,91411.9535636766,1373.1865909044718,0,92056.0,92143.2,0.0,0.0,0.0,0.0,-0.7041553196751551,-0.23184813455696351,92142.6,92058.1,,,
2024-11-19 13:17:00+00:00,92576.7,92585.6,92501.0,92541.0,172.428,92092.54779958675,0.339599256333232,92785.4797538374,91412.29316293293,1373.1865909044718,0,92056.0,92143.2,0.0,0.0,0.0,0.0,-0.7041553196751551,-0.23184813455696351,92142.6,92058.1,,,
2024-11-19 13:18:00+00:00,92541.0,92589.3,92506.8,92532.6,156.174,92092.88739884309,0.339599256333232,92785.81935309373,91412.63276218926,1373.1865909044718,0,92056.0,92143.2,0.0,0.0,0.0,0.0,-0.7041553196751551,-0.23184813455696351,92142.6,92058.1,,,
2024-11-19 13:19:00+00:00,92532.6,92550.0,92424.7,92424.8,203.101,92093.22699809942,0.339599256333232,92786.15895235006,91412.97236144559,1373.1865909044718,0,92056.0,92143.2,0.0,0.0,0.0,0.0,-0.7041553196751551,-0.23184813455696351,92142.6,92058.1,,,
2024-11-19 13:20:00+00:00,92424.8,92479.2,92424.7,92479.1,81.691,92093.56659735576,0.339599256333232,92786.4985516064,91413.31196070193,1373.1865909044718,0,92056.0,92143.2,0.0,0.0,0.0,0.0,-0.7041553196751551,-0.23184813455696351,92142.6,92058.1,,,
2024-11-19 13:21:00+00:00,92479.1,92514.4,92443.5,92503.2,105.25,92093.9061966121,0.339599256333232,92786.83815086274,91413.65155995826,1373.1865909044718,0,92056.0,92143.2,0.0,0.0,0.0,0.0,-0.7041553196751551,-0.23184813455696351,92142.6,92058.1,,,
2024-11-19 13:22:00+00:00,92503.2,92566.0,92423.1,92442.2,93.907,92094.24579586842,0.339599256333232,92787.17775011907,91413.9911592146,1373.1865909044718,0,92056.0,92143.2,0.0,0.0,0.0,0.0,-0.7041553196751551,-0.23184813455696351,92142.6,92058.1,,,
2024-11-19 13:23:00+00:00,92442.2,92446.3,92195.0,92286.9,640.459,92094.58539512476,0.339599256333232,92787.5173493754,91414.33075847093,1373.1865909044718,-1,92056.0,92143.2,0.0,-780.6692415290745,0.0,-0.5685092227814968,-0.7041553196751551,-0.23184813455696351,92142.6,92058.1,,,
2024-11-19 13:24:00+00:00,92286.9,92383.1,92286.9,92365.6,139.775,92094.92499438109,0.339599256333232,92787.85694863173,91414.67035772726,1373.1865909044718,0,92056.0,92143.2,0.0,0.0,0.0,0.0,-0.7041553196751551,-0.23184813455696351,92142.6,92058.1,,,
2024-11-19 13:25:00+00:00,92365.6,92378.6,92279.7,92334.9,95.738,92095.26459363742,0.339599256333232,92788.19654788806,91415.00995698359,1373.1865909044718,0,92056.0,92143.2,0.0,0.0,0.0,0.0,-0.7041553196751551,-0.23184813455696351,92142.6,92058.1,,,
2024-11-19 13:26:00+00:00,92334.9,92420.0,92289.8,92345.3,126.537,92095.60419289375,0.339599256333232,92788.53614714439,91415.34955623992,1373.1865909044718,0,92056.0,92143.2,0.0,0.0,0.0,0.0,-0.7041553196751551,-0.23184813455696351,92142.6,92058.1,,,
2024-11-19 13:27:00+00:00,92345.3,92422.0,92337.1,92422.0,38.29,92095.9437921501,0.339599256333232,92788.87574640074,91415.68915549626,1373.1865909044718,0,92056.0,92143.2,0.0,0.0,0.0,0.0,-0.7041553196751551,-0.23184813455696351,92142.6,92058.1,,,
2024-11-19 13:28:00+00:00,92422.0,92430.0,92342.0,92346.8,89.326,92096.28339140642,0.339599256333232,92789.21534565707,91416.0287547526,1373.1865909044718,0,92056.0,92143.2,0.0,0.0,0.0,0.0,-0.7041553196751551,-0.23184813455696351,92142.6,92058.1,,,
2024-11-19 13:29:00+00:00,92346.8,92346.8,92230.0,92250.8,85.823,92096.62299066276,0.339599256333232,92789.5549449134,91416.36835400893,1373.1865909044718,0,92056.0,92143.2,0.0,0.0,0.0,0.0,-0.7041553196751551,-0.23184813455696351,92142.6,92058.1,,,
2024-11-19 13:30:00+00:00,92250.8,92250.8,92026.6,92075.1,578.432,92096.96258991909,0.339599256333232,92789.89454416973,91416.70795326526,1373.1865909044718,0,92056.0,92143.2,0.0,0.0,0.0,0.0,-0.7041553196751551,-0.23184813455696351,92142.6,92058.1,,,1.0
2024-11-19 13:31:00+00:00,92075.1,92154.2,91923.7,91932.7,361.888,92097.30218917542,0.339599256333232,92790.23414342606,91417.04755252159,1373.1865909044718,0,92056.0,92143.2,0.0,0.0,0.0,0.0,-0.7041553196751551,-0.23184813455696351,92142.6,92058.1,,,
2024-11-19 13:32:00+00:00,91932.7,92101.3,91932.7,92101.3,242.755,92097.64178843175,0.339599256333232,92790.57374268239,91417.38715177792,1373.1865909044718,0,92056.0,92143.2,0.0,0.0,0.0,0.0,-0.7041553196751551,-0.23184813455696351,92142.6,92058.1,,1.0,
2024-11-19 13:33:00+00:00,92101.3,92117.4,91610.0,91700.0,980.828,92097.9813876881,0.339599256333232,92790.91334193874,91417.72675103426,1373.1865909044718,-1,92056.0,92143.2,0.0,-192.27324896573555,0.0,-0.14001975422662088,-0.7041553196751551,-0.23184813455696351,92142.6,92058.1,,,1.0
2024-11-19 13:34:00+00:00,91700.0,91863.2,91699.9,91847.8,330.377,92098.32098694443,0.339599256333232,92791.25294119507,91418.0663502906,1373.1865909044718,0,92056.0,92143.2,0.0,0.0,0.0,0.0,-0.7041553196751551,-0.23184813455696351,92142.6,92058.1,,,
2024-11-19 13:35:00+00:00,91847.8,91847.8,91726.0,91738.0,204.963,92098.66058620076,0.339599256333232,92791.5925404514,91418.40594954693,1373.1865909044718,0,92056.0,92143.2,0.0,0.0,0.0,0.0,-0.7041553196751551,-0.23184813455696351,92142.6,92058.1,,,
2024-11-19 13:36:00+00:00,91738.0,91930.3,91738.0,91773.2,336.458,92099.00018545709,0.339599256333232,92791.93213970773,91418.74554880326,1373.1865909044718,0,92056.0,92143.2,0.0,0.0,0.0,0.0,-0.7041553196751551,-0.23184813455696351,92142.6,92058.1,,,
2024-11-19 13:37:00+00:00,91773.2,91930.0,91769.0,91929.9,167.226,92099.33978471342,0.339599256333232,92792.27173896406,91419.08514805959,1373.1865909044718,0,92056.0,92143.2,0.0,0.0,0.0,0.0,-0.7041553196751551,-0.23184813455696351,92142.6,92058.1,,,
2024-11-19 13:38:00+00:00,91929.9,91941.6,91801.9,91864.9,122.963,92099.67938396975,0.339599256333232,92792.61133822039,91419.42474731592,1373.1865909044718,0,92056.0,92143.2,0.0,0.0,0.0,0.0,-0.7041553196751551,-0.23184813455696351,92142.6,92058.1,,,
2024-11-19 13:39:00+00:00,91864.9,91963.9,91837.0,91952.0,136.776,92100.01898322608,0.339599256333232,92792.95093747672,91419.76434657225,1373.1865909044718,0,92056.0,92143.2,0.0,0.0,0.0,0.0,-0.7041553196751551,-0.23184813455696351,92142.6,92058.1,,,
2024-11-19 13:40:00+00:00,91952.0,91952.0,91851.6,91880.2,94.309,92100.35858248243,0.339599256333232,92793.29053673307,91420.1039458286,1373.1865909044718,0,92056.0,92143.2,0.0,0.0,0.0,0.0,-0.7041553196751551,-0.23184813455696351,92142.6,92058.1,,,
2024-11-19 13:41:00+00:00,91880.2,91985.5,91764.2,91764.3,144.72,92100.69818173876,0.339599256333232,92793.6301359894,91420.44354508493,1373.1865909044718,1,92056.0,92143.2,-808.1301359893987,0.0,-0.5885071565235068,0.0,-0.7041553196751551,-0.23184813455696351,92142.6,92058.1,,,
2024-11-19 13:42:00+00:00,91764.3,91777.7,91650.0,91672.0,256.903,92101.03778099509,0.339599256333232,92793.96973524573,91420.78314434126,1373.1865909044718,0,92056.0,92143.2,0.0,0.0,0.0,0.0,-0.7041553196751551,-0.23184813455696351,92142.6,92058.1,,,
2024-11-19 13:43:00+00:00,91672.0,91700.0,91500.0,91522.5,565.818,92101.37738025142,0.339599256333232,92794.30933450206,91421.12274359759,1373.1865909044718,0,92056.0,92143.2,0.0,0.0,0.0,0.0,-0.7041553196751551,-0.23184813455696351,92142.6,92058.1,,,
2024-11-19 13:44:00+00:00,91522.5,91594.2,91470.1,91492.1,694.566,92101.71697950775,0.339599256333232,92794.64893375839,91421.46234285392,1373.1865909044718,0,92056.0,92143.2,0.0,0.0,0.0,0.0,-0.7041553196751551,-0.23184813455696351,92142.6,92058.1,,,
2024-11-19 13:45:00+00:00,91492.1,91728.8,91490.0,91685.4,429.463,92102.05657876408,0.339599256333232,92794.98853301472,91421.80194211025,1373.1865909044718,0,92056.0,92143.2,0.0,0.0,0.0,0.0,-0.7041553196751551,-0.23184813455696351,92142.6,92058.1,,,
2024-11-19 13:46:00+00:00,91685.4,91694.9,91460.5,91608.4,248.052,92102.39617802043,0.339599256333232,92795.32813227107,91422.1415413666,1373.1865909044718,-1,92056.0,92143.2,0.0,-38.35845863340364,0.0,-0.02793390125382612,-0.7041553196751551,-0.23184813455696351,92142.6,92058.1,,,
2024-11-19 13:47:00+00:00,91608.4,91664.6,91528.9,91618.2,210.684,92102.73577727676,0.339599256333232,92795.6677315274,91422.48114062293,1373.1865909044718,0,92056.0,92143.2,0.0,0.0,0.0,0.0,-0.7041553196751551,-0.23184813455696351,92142.6,92058.1,,,
2024-11-19 13:48:00+00:00,91618.2,91677.1,91600.5,91628.0,96.337,92103.07537653309,0.339599256333232,92796.00733078373,91422.82073987926,1373.1865909044718,0,92056.0,92143.2,0.0,0.0,0.0,0.0,-0.7041553196751551,-0.23184813455696351,92142.6,92058.1,,,
2024-11-19 13:49:00+00:00,91628.0,91650.0,91580.0,91581.2,55.473,92103.41497578942,0.339599256333232,92796.34693004006,91423.16033913559,1373.1865909044718,0,92056.0,92143.2,0.0,0.0,0.0,0.0,-0.7041553196751551,-0.23184813455696351,92142.6,92058.1,,,
2024-11-19 13:50:00+00:00,91581.2,91649.9,91500.0,91643.1,164.611,92103.75457504575,0.339599256333232,92796.68652929639,91423.49993839192,1373.1865909044718,0,92056.0,92143.2,0.0,0.0,0.0,0.0,-0.7041553196751551,-0.23184813455696351,92142.6,92058.1,,,
2024-11-19 13:51:00+00:00,91643.1,91668.8,91541.1,91541.2,128.347,92104.09417430208,0.339599256333232,92797.02612855272,91423.83953764825,1373.1865909044718,0,92056.0,92143.2,0.0,0.0,0.0,0.0,-0.7041553196751551,-0.23184813455696351,92142.6,92058.1,,,
2024-11-19 13:52:00+00:00,91541.2,91617.7,91502.2,91544.5,131.735,92104.43377355841,0.339599256333232,92797.36572780905,91424.17913690458,1373.1865909044718,0,92056.0,92143.2,0.0,0.0,0.0,0.0,-0.7041553196751551,-0.23184813455696351,92142.6,92058.1,,,
2024-11-19 13:53:00+00:00,91544.5,91545.1,91400.7,91411.6,245.109,92104.77337281476,0.339599256333232,92797.7053270654,91424.51873616093,1373.1865909044718,0,92056.0,92143.2,0.0,0.0,0.0,0.0,-0.7041553196751551,-0.23184813455696351,92142.6,92058.1,,,
2024-11-19 13:54:00+00:00,91411.6,91421.7,91132.5,91217.0,790.086,92105.11297207109,0.339599256333232,92798.04492632173,91424.85833541726,1373.1865909044718,0,92056.0,92143.2,0.0,0.0,0.0,0.0,-0.7041553196751551,-0.23184813455696351,92142.6,92058.1,,,
2024-11-19 13:55:00+00:00,91217.0,91291.9,91193.5,91249.2,305.443,92105.45257132742,0.339599256333232,92798.38452557806,91425.19793467359,1373.1865909044718,0,92056.0,92143.2,0.0,0.0,0.0,0.0,-0.7041553196751551,-0.23184813455696351,92142.6,92058.1,,,
2024-11-19 13:56:00+00:00,91249.2,91450.0,91227.4,91383.7,284.384,92105.79217058375,0.339599256333232,92798.72412483439,91425.53753392992,1373.1865909044718,0,92056.0,92143.2,0.0,0.0,0.0,0.0,-0.7041553196751551,-0.23184813455696351,92142.6,92058.1,,,
2024-11-19 13:57:00+00:00,91383.7,91410.3,91266.8,91356.2,114.55,92106.13176984008,0.339599256333232,92799.06372409072,91425.87713318625,1373.1865909044718,0,92056.0,92143.2,0.0,0.0,0.0,0.0,-0.7041553196751551,-0.23184813455696351,92142.6,92058.1,,,
2024-11-19 13:58:00+00:00,91356.2,91404.8,91237.9,91268.2,150.977,92106.47136909641,0.339599256333232,92799.40332334705,91426.21673244258,1373.1865909044718,0,92056.0,92143.2,0.0,0.0,0.0,0.0,-0.7041553196751551,-0.23184813455696351,92142.6,92058.1,,,
2024-11-19 13:59:00+00:00,91268.2,91309.9,91074.9,91178.4,345.247,92106.81096835276,0.339599256333232,92799.7429226034,91426.55633169893,1373.1865909044718,0,92056.0,92143.2,0.0,0.0,0.0,0.0,-0.7041553196751551,-0.23184813455696351,92142.6,92058.1,,,
2024-11-19 14:00:00+00:00,91178.4,91267.8,91126.0,91135.0,192.761,92107.15056760909,0.339599256333232,92800.08252185973,91426.89593095526,1373.1865909044718,0,92056.0,92143.2,0.0,0.0,0.0,0.0,-0.7041553196751551,-0.23184813455696351,92142.6,92058.1,,,
2024-11-19 14:01:00+00:00,91135.0,91209.1,91029.4,91194.9,275.166,92107.49016686542,0.339599256333232,92800.42212111606,91427.23553021159,1373.1865909044718,0,92056.0,92143.2,0.0,0.0,0.0,0.0,-0.7041553196751551,-0.23184813455696351,92142.6,92058.1,,,
2024-11-19 14:02:00+00:00,91194.9,91354.6,91194.7,91302.1,181.573,92107.82976612175,0.339599256333232,92800.7617203724,91427.57512946792,1373.1865909044718,0,92056.0,92143.2,0.0,0.0,0.0,0.0,-0.7041553196751551,-0.23184813455696351,92142.6,92058.1,,,
2024-11-19 14:03:00+00:00,91302.1,91420.2,91302.0,91330.3,219.051,92108.16936537808,0.339599256333232,92801.10131962872,91427.91472872425,1373.1865909044718,0,92056.0,92143.2,0.0,0.0,0.0,0.0,-0.7041553196751551,-0.23184813455696351,92142.6,92058.1,,,
2024-11-19 14:04:00+00:00,91330.3,91367.1,91243.0,91265.1,95.245,92108.50896463441,0.339599256333232,92801.44091888505,91428.25432798058,1373.1865909044718,0,92056.0,92143.2,0.0,0.0,0.0,0.0,-0.7041553196751551,-0.23184813455696351,92142.6,92058.1,,,
2024-11-19 14:05:00+00:00,91265.1,91283.7,91020.0,91128.0,467.021,92108.84856389076,0.339599256333232,92801.7805181414,91428.59392723693,1373.1865909044718,-1,92056.0,92143.2,0.0,408.5939272369287,0.0,0.2975516437047362,-0.7041553196751551,-0.23184813455696351,92142.6,92058.1,,,
2024-11-19 14:06:00+00:00,91128.0,91237.3,91050.0,91231.8,426.001,92109.18816314709,0.339599256333232,92802.12011739773,91428.93352649326,1373.1865909044718,0,92056.0,92143.2,0.0,0.0,0.0,0.0,-0.7041553196751551,-0.23184813455696351,92142.6,92058.1,,,
2024-11-19 14:07:00+00:00,91231.8,91426.4,91208.9,91415.5,354.209,92109.52776240342,0.339599256333232,92802.45971665406,91429.27312574959,1373.1865909044718,0,92056.0,92143.2,0.0,0.0,0.0,0.0,-0.7041553196751551,-0.23184813455696351,92142.6,92058.1,,,
2024-11-19 14:08:00+00:00,91415.5,91545.8,91406.1,91533.9,325.71,92109.86736165975,0.339599256333232,92802.7993159104,91429.61272500592,1373.1865909044718,0,92056.0,92143.2,0.0,0.0,0.0,0.0,-0.7041553196751551,-0.23184813455696351,92142.6,92058.1,,,
2024-11-19 14:09:00+00:00,91533.9,91691.8,91503.4,91607.7,1060.983,92110.20696091608,0.339599256333232,92803.13891516672,91429.95232426225,1373.1865909044718,0,92056.0,92143.2,0.0,0.0,0.0,0.0,-0.7041553196751551,-0.23184813455696351,92142.6,92058.1,,,
2024-11-19 14:10:00+00:00,91607.7,91618.8,91488.0,91505.5,141.386,92110.54656017241,0.339599256333232,92803.47851442306,91430.29192351858,1373.1865909044718,0,92056.0,92143.2,0.0,0.0,0.0,0.0,-0.7041553196751551,-0.23184813455696351,92142.6,92058.1,,,
2024-11-19 14:11:00+00:00,91505.5,91683.4,91505.5,91594.5,154.217,92110.88615942874,0.339599256333232,92803.81811367939,91430.63152277491,1373.1865909044718,0,92056.0,92143.2,0.0,0.0,0.0,0.0,-0.7041553196751551,-0.23184813455696351,92142.6,92058.1,,,
2024-11-19 14:12:00+00:00,91594.5,91776.3,91585.0,91645.1,560.411,92111.22575868509,0.339599256333232,92804.15771293573,91430.97112203126,1373.1865909044718,0,92056.0,92143.2,0.0,0.0,0.0,0.0,-0.7041553196751551,-0.23184813455696351,92142.6,92058.1,,,
2024-11-19 14:13:00+00:00,91645.1,91675.0,91569.4,91624.4,265.746,92111.56535794142,0.339599256333232,92804.49731219206,91431.31072128759,1373.1865909044718,0,92056.0,92143.2,0.0,0.0,0.0,0.0,-0.7041553196751551,-0.23184813455696351,92142.6,92058.1,,,
2024-11-19 14:14:00+00:00,91624.4,91852.8,91624.4,91790.8,415.348,92111.90495719775,0.339599256333232,92804.8369114484,91431.65032054392,1373.1865909044718,0,92056.0,92143.2,0.0,0.0,0.0,0.0,-0.7041553196751551,-0.23184813455696351,92142.6,92058.1,,,
2024-11-19 14:15:00+00:00,91790.8,91852.0,91619.6,91679.6,351.821,92112.24455645408,0.339599256333232,92805.17651070472,91431.98991980025,1373.1865909044718,0,92056.0,92143.2,0.0,0.0,0.0,0.0,-0.7041553196751551,-0.23184813455696351,92142.6,92058.1,,,
2024-11-19 14:16:00+00:00,91679.6,91816.3,91676.0,91799.9,129.529,92112.58415571041,0.339599256333232,92805.51610996106,91432.32951905658,1373.1865909044718,0,92056.0,92143.2,0.0,0.0,0.0,0.0,-0.7041553196751551,-0.23184813455696351,92142.6,92058.1,,,
2024-11-19 14:17:00+00:00,91799.9,91900.0,91799.9,91843.4,138.936,92112.92375496675,0.339599256333232,92805.85570921739,91432.66911831292,1373.1865909044718,1,92056.0,92143.2,-905.8557092173869,0.0,-0.6596741587905619,0.0,-0.7041553196751551,-0.23184813455696351,92142.6,92058.1,,,
2024-11-19 14:18:00+00:00,91843.4,91860.9,91782.4,91800.0,76.927,92113.26335422309,0.339599256333232,92806.19530847373,91433.00871756926,1373.1865909044718,0,92056.0,92143.2,0.0,0.0,0.0,0.0,-0.7041553196751551,-0.23184813455696351,92142.6,92058.1,,,
2024-11-19 14:19:00+00:00,91800.0,91800.1,91553.2,91567.3,258.861,92113.60295347942,0.339599256333232,92806.53490773006,91433.34831682559,1373.1865909044718,0,92056.0,92143.2,0.0,0.0,0.0,0.0,-0.7041553196751551,-0.23184813455696351,92142.6,92058.1,,,
2024-11-19 14:20:00+00:00,91567.3,91594.5,91476.1,91565.5,163.329,92113.94255273575,0.339599256333232,92806.8745069864,91433.68791608192,1373.1865909044718,0,92056.0,92143.2,0.0,0.0,0.0,0.0,-0.7041553196751551,-0.23184813455696351,92142.6,92058.1,,,
2024-11-19 14:21:00+00:00,91565.5,91650.0,91551.4,91586.0,108.693,92114.28215199208,0.339599256333232,92807.21410624273,91434.02751533825,1373.1865909044718,0,92056.0,92143.2,0.0,0.0,0.0,0.0,-0.7041553196751551,-0.23184813455696351,92142.6,92058.1,,,
2024-11-19 14:22:00+00:00,91586.0,91586.0,91423.3,91448.8,115.418,92114.62175124841,0.339599256333232,92807.55370549906,91434.36711459458,1373.1865909044718,0,92056.0,92143.2,0.0,0.0,0.0,0.0,-0.7041553196751551,-0.23184813455696351,92142.6,92058.1,,,
2024-11-19 14:23:00+00:00,91448.8,91497.9,91333.3,91393.5,280.522,92114.96135050475,0.339599256333232,92807.89330475539,91434.70671385092,1373.1865909044718,-1,92056.0,92143.2,0.0,101.40671385091264,0.0,0.07384773090750868,-0.7041553196751551,-0.23184813455696351,92142.6,92058.1,,,
2024-11-19 14:24:00+00:00,91393.5,91500.0,91380.0,91420.8,153.98,92115.30094976108,0.339599256333232,92808.23290401172,91435.04631310725,1373.1865909044718,0,92056.0,92143.2,0.0,0.0,0.0,0.0,-0.7041553196751551,-0.23184813455696351,92142.6,92058.1,,,
2024-11-19 14:25:00+00:00,91420.8,91488.1,91420.0,91420.1,88.231,92115.64054901742,0.339599256333232,92808.57250326806,91435.38591236359,1373.1865909044718,0,92056.0,92143.2,0.0,0.0,0.0,0.0,-0.7041553196751551,-0.23184813455696351,92142.6,92058.1,,,
2024-11-19 14:26:00+00:00,91420.1,91451.7,91392.5,91431.5,93.519,92115.98014827375,0.339599256333232,92808.9121025244,91435.72551161992,1373.1865909044718,0,92056.0,92143.2,0.0,0.0,0.0,0.0,-0.7041553196751551,-0.23184813455696351,92142.6,92058.1,,,
2024-11-19 14:27:00+00:00,91431.5,91532.9,91431.4,91453.3,99.994,92116.31974753008,0.339599256333232,92809.25170178073,91436.06511087625,1373.1865909044718,0,92056.0,92143.2,0.0,0.0,0.0,0.0,-0.7041553196751551,-0.23184813455696351,92142.6,92058.1,,,
2024-11-19 14:28:00+00:00,91453.3,91608.5,91453.3,91527.6,196.222,92116.65934678641,0.339599256333232,92809.59130103706,91436.40471013259,1373.1865909044718,0,92056.0,92143.2,0.0,0.0,0.0,0.0,-0.7041553196751551,-0.23184813455696351,92142.6,92058.1,,,
2024-11-19 14:29:00+00:00,91527.6,91635.8,91500.5,91592.2,102.753,92116.99894604275,0.339599256333232,92809.93090029339,91436.74430938892,1373.1865909044718,0,92056.0,92143.2,0.0,0.0,0.0,0.0,-0.7041553196751551,-0.23184813455696351,92142.6,92058.1,,,
2024-11-19 14:30:00+00:00,91592.2,91597.0,91411.1,91553.0,163.695,92117.33854529908,0.339599256333232,92810.27049954972,91437.08390864525,1373.1865909044718,0,92056.0,92143.2,0.0,0.0,0.0,0.0,-0.7041553196751551,-0.23184813455696351,92142.6,92058.1,,,
2024-11-19 14:31:00+00:00,91553.0,91799.6,91537.5,91664.4,402.275,92117.67814455542,0.339599256333232,92810.61009880606,91437.42350790159,1373.1865909044718,1,92056.0,92143.2,-1011.0100988060585,0.0,-0.7362510714149489,0.0,-0.7041553196751551,-0.23184813455696351,92142.6,92058.1,,,
2024-11-19 14:32:00+00:00,91664.4,91664.4,91350.0,91361.0,359.865,92118.01774381175,0.339599256333232,92810.9496980624,91437.76310715792,1373.1865909044718,0,92056.0,92143.2,0.0,0.0,0.0,0.0,-0.7041553196751551,-0.23184813455696351,92142.6,92058.1,,,
2024-11-19 14:33:00+00:00,91361.0,91403.1,91214.6,91232.2,310.091,92118.35734306808,0.339599256333232,92811.28929731873,91438.10270641425,1373.1865909044718,0,92056.0,92143.2,0.0,0.0,0.0,0.0,-0.7041553196751551,-0.23184813455696351,92142.6,92058.1,,,
2024-11-19 14:34:00+00:00,91232.2,91330.4,91202.7,91312.5,168.136,92118.69694232442,0.339599256333232,92811.62889657506,91438.44230567059,1373.1865909044718,0,92056.0,92143.2,0.0,0.0,0.0,0.0,-0.7041553196751551,-0.23184813455696351,92142.6,92058.1,,,
2024-11-19 14:35:00+00:00,91312.5,91416.3,91200.0,91357.9,199.407,92119.03654158075,0.339599256333232,92811.96849583139,91438.78190492692,1373.1865909044718,-1,92056.0,92143.2,0.0,238.78190492691647,0.0,0.173888899373565,-0.7041553196751551,-0.23184813455696351,92142.6,92058.1,,,
2024-11-19 14:36:00+00:00,91357.9,91480.4,91266.2,91450.0,257.88,92119.37614083708,0.339599256333232,92812.30809508772,91439.12150418325,1373.1865909044718,0,92056.0,92143.2,0.0,0.0,0.0,0.0,-0.7041553196751551,-0.23184813455696351,92142.6,92058.1,,,
2024-11-19 14:37:00+00:00,91450.0,91454.8,91361.1,91377.3,145.586,92119.71574009341,0.339599256333232,92812.64769434405,91439.46110343958,1373.1865909044718,0,92056.0,92143.2,0.0,0.0,0.0,0.0,-0.7041553196751551,-0.23184813455696351,92142.6,92058.1,,,
2024-11-19 14:38:00+00:00,91377.3,91657.4,91317.8,91657.4,364.891,92120.05533934975,0.339599256333232,92812.9872936004,91439.80070269592,1373.1865909044718,0,92056.0,92143.2,0.0,0.0,0.0,0.0,-0.7041553196751551,-0.23184813455696351,92142.6,92058.1,,,
2024-11-19 14:39:00+00:00,91657.4,91684.6,91556.8,91618.2,350.78,92120.39493860608,0.339599256333232,92813.32689285673,91440.14030195225,1373.1865909044718,0,92056.0,92143.2,0.0,0.0,0.0,0.0,-0.7041553196751551,-0.23184813455696351,92142.6,92058.1,,,
2024-11-19 14:40:00+00:00,91618.2,91700.0,91498.3,91700.0,203.831,92120.73453786242,0.339599256333232,92813.66649211306,91440.47990120859,1373.1865909044718,0,92056.0,92143.2,0.0,0.0,0.0,0.0,-0.7041553196751551,-0.23184813455696351,92142.6,92058.1,,,
2024-11-19 14:41:00+00:00,91700.0,91800.0,91653.7,91789.4,233.986,92121.07413711875,0.339599256333232,92814.00609136939,91440.81950046492,1373.1865909044718,0,92056.0,92143.2,0.0,0.0,0.0,0.0,-0.7041553196751551,-0.23184813455696351,92142.6,92058.1,,,
2024-11-19 14:42:00+00:00,91789.4,91825.0,91682.7,91700.1,182.763,92121.41373637508,0.339599256333232,92814.34569062572,91441.15909972125,1373.1865909044718,0,92056.0,92143.2,0.0,0.0,0.0,0.0,-0.7041553196751551,-0.23184813455696351,92142.6,92058.1,,,
2024-11-19 14:43:00+00:00,91700.1,91874.6,91690.0,91815.9,153.106,92121.75333563141,0.339599256333232,92814.68528988205,91441.49869897758,1373.1865909044718,0,92056.0,92143.2,0.0,0.0,0.0,0.0,-0.7041553196751551,-0.23184813455696351,92142.6,92058.1,,,
2024-11-19 14:44:00+00:00,91815.9,92033.9,91810.0,92016.6,488.911,92122.09293488775,0.339599256333232,92815.0248891384,91441.83829823392,1373.1865909044718,0,92056.0,92143.2,0.0,0.0,0.0,0.0,-0.7041553196751551,-0.23184813455696351,92142.6,92058.1,,,
2024-11-19 14:45:00+00:00,92016.6,92385.4,91986.2,92288.0,1151.236,92122.43253414409,0.339599256333232,92815.36448839473,91442.17789749026,1373.1865909044718,1,92056.0,92143.2,-429.96448839473305,0.0,-0.3131143948263651,0.0,-0.7041553196751551,-0.23184813455696351,92142.6,92058.1,,1.0,
2024-11-19 14:46:00+00:00,92288.0,92300.1,92083.0,92109.5,408.113,92122.77213340042,0.339599256333232,92815.70408765106,91442.51749674659,1373.1865909044718,0,92056.0,92143.2,0.0,0.0,0.0,0.0,-0.7041553196751551,-0.23184813455696351,92142.6,92058.1,,,1.0
2024-11-19 14:47:00+00:00,92109.5,92280.0,91868.8,91962.9,594.047,92123.11173265675,0.339599256333232,92816.04368690739,91442.85709600292,1373.1865909044718,0,92056.0,92143.2,0.0,0.0,0.0,0.0,-0.7041553196751551,-0.23184813455696351,92142.6,92058.1,,,
2024-11-19 14:48:00+00:00,91962.9,92269.4,91944.1,92261.9,439.2,92123.45133191308,0.339599256333232,92816.38328616372,91443.19669525925,1373.1865909044718,0,92056.0,92143.2,0.0,0.0,0.0,0.0,-0.7041553196751551,-0.23184813455696351,92142.6,92058.1,,1.0,
2024-11-19 14:49:00+00:00,92261.9,92345.6,92141.4,92198.1,321.546,92123.79093116941,0.339599256333232,92816.72288542005,91443.53629451558,1373.1865909044718,0,92056.0,92143.2,0.0,0.0,0.0,0.0,-0.7041553196751551,-0.23184813455696351,92142.6,92058.1,,,
2024-11-19 14:50:00+00:00,92198.1,92226.1,91976.3,92005.4,261.912,92124.13053042574,0.339599256333232,92817.06248467638,91443.87589377191,1373.1865909044718,0,92056.0,92143.2,0.0,0.0,0.0,0.0,-0.7041553196751551,-0.23184813455696351,92142.6,92058.1,,,1.0
2024-11-19 14:51:00+00:00,92005.4,92067.6,91931.1,92056.8,251.484,92124.47012968209,0.339599256333232,92817.40208393273,91444.21549302826,1373.1865909044718,0,92056.0,92143.2,0.0,0.0,0.0,0.0,-0.7041553196751551,-0.23184813455696351,92142.6,92058.1,,,
2024-11-19 14:52:00+00:00,92056.8,92279.3,92018.2,92231.2,318.159,92124.80972893842,0.339599256333232,92817.74168318906,91444.55509228459,1373.1865909044718,0,92056.0,92143.2,0.0,0.0,0.0,0.0,-0.7041553196751551,-0.23184813455696351,92142.6,92058.1,,1.0,
2024-11-19 14:53:00+00:00,92231.2,92236.5,92128.7,92140.5,87.696,92125.14932819475,0.339599256333232,92818.08128244539,91444.89469154092,1373.1865909044718,0,92056.0,92143.2,0.0,0.0,0.0,0.0,-0.7041553196751551,-0.23184813455696351,92142.6,92058.1,,,
2024-11-19 14:54:00+00:00,92140.5,92150.0,92004.2,92007.9,153.166,92125.48892745108,0.339599256333232,92818.42088170172,91445.23429079725,1373.1865909044718,0,92056.0,92143.2,0.0,0.0,0.0,0.0,-0.7041553196751551,-0.23184813455696351,92142.6,92058.1,,,1.0
2024-11-19 14:55:00+00:00,92007.9,92073.1,91886.8,91924.2,148.566,92125.82852670741,0.339599256333232,92818.76048095805,91445.57389005358,1373.1865909044718,0,92056.0,92143.2,0.0,0.0,0.0,0.0,-0.7041553196751551,-0.23184813455696351,92142.6,92058.1,,,
2024-11-19 14:56:00+00:00,91924.2,91931.7,91813.6,91821.9,162.042,92126.16812596374,0.339599256333232,92819.10008021438,91445.91348930991,1373.1865909044718,0,92056.0,92143.2,0.0,0.0,0.0,0.0,-0.7041553196751551,-0.23184813455696351,92142.6,92058.1,,,
2024-11-19 14:57:00+00:00,91821.9,91927.8,91806.3,91918.6,229.888,92126.50772522009,0.339599256333232,92819.43967947073,91446.25308856626,1373.1865909044718,0,92056.0,92143.2,0.0,0.0,0.0,0.0,-0.7041553196751551,-0.23184813455696351,92142.6,92058.1,,,
2024-11-19 14:58:00+00:00,91918.6,92080.0,91909.5,91962.0,158.008,92126.84732447642,0.339599256333232,92819.77927872706,91446.59268782259,1373.1865909044718,0,92056.0,92143.2,0.0,0.0,0.0,0.0,-0.7041553196751551,-0.23184813455696351,92142.6,92058.1,,,
2024-11-19 14:59:00+00:00,91962.0,91981.6,91857.7,91884.5,95.165,92127.18692373275,0.339599256333232,92820.11887798339,91446.93228707892,1373.1865909044718,0,92056.0,92143.2,0.0,0.0,0.0,0.0,-0.7041553196751551,-0.23184813455696351,92142.6,92058.1,,,
2024-11-19 15:00:00+00:00,91884.5,91936.0,91806.4,91806.4,146.929,92127.52652298908,0.339599256333232,92820.45847723972,91447.27188633525,1373.1865909044718,0,92056.0,92143.2,0.0,0.0,0.0,0.0,-0.7041553196751551,-0.23184813455696351,92142.6,92058.1,,,
2024-11-19 15:01:00+00:00,91806.4,92057.8,91733.5,92047.2,203.526,92127.86612224541,0.339599256333232,92820.79807649605,91447.61148559158,1373.1865909044718,-1,92056.0,92143.2,0.0,-285.8885144084197,0.0,-0.20819349409763357,-0.7041553196751551,-0.23184813455696351,92142.6,92058.1,,,
2024-11-19 15:02:00+00:00,92047.2,92111.7,91895.3,91941.6,135.031,92128.20572150174,0.339599256333232,92821.13767575238,91447.95108484791,1373.1865909044718,0,92056.0,92143.2,0.0,0.0,0.0,0.0,-0.7041553196751551,-0.23184813455696351,92142.6,92058.1,,,
2024-11-19 15:03:00+00:00,91941.6,92111.6,91941.6,92111.6,68.239,92128.54532075807,0.339599256333232,92821.47727500871,91448.29068410424,1373.1865909044718,0,92056.0,92143.2,0.0,0.0,0.0,0.0,-0.7041553196751551,-0.23184813455696351,92142.6,92058.1,,,
2024-11-19 15:04:00+00:00,92111.6,92125.0,92021.0,92070.7,46.226,92128.88492001442,0.339599256333232,92821.81687426506,91448.63028336059,1373.1865909044718,0,92056.0,92143.2,0.0,0.0,0.0,0.0,-0.7041553196751551,-0.23184813455696351,92142.6,92058.1,,,
2024-11-19 15:05:00+00:00,92070.7,92150.0,92023.8,92035.9,224.956,92129.22451927075,0.339599256333232,92822.15647352139,91448.96988261692,1373.1865909044718,0,92056.0,92143.2,0.0,0.0,0.0,0.0,-0.7041553196751551,-0.23184813455696351,92142.6,92058.1,,,
2024-11-19 15:06:00+00:00,92035.9,92198.9,91940.3,92195.8,113.012,92129.56411852708,0.339599256333232,92822.49607277772,91449.30948187325,1373.1865909044718,0,92056.0,92143.2,0.0,0.0,0.0,0.0,-0.7041553196751551,-0.23184813455696351,92142.6,92058.1,,1.0,
2024-11-19 15:07:00+00:00,92195.8,92299.9,92148.8,92193.3,289.422,92129.90371778341,0.339599256333232,92822.83567203405,91449.64908112958,1373.1865909044718,1,92056.0,92143.2,-522.9356720340584,0.0,-0.3808190929752804,0.0,-0.7041553196751551,-0.23184813455696351,92142.6,92058.1,,,
2024-11-19 15:08:00+00:00,92193.3,92232.0,92138.3,92226.4,74.301,92130.24331703974,0.339599256333232,92823.17527129038,91449.98868038591,1373.1865909044718,0,92056.0,92143.2,0.0,0.0,0.0,0.0,-0.7041553196751551,-0.23184813455696351,92142.6,92058.1,,,
2024-11-19 15:09:00+00:00,92226.4,92234.8,92144.2,92223.3,93.392,92130.58291629607,0.339599256333232,92823.51487054671,91450.32827964224,1373.1865909044718,0,92056.0,92143.2,0.0,0.0,0.0,0.0,-0.7041553196751551,-0.23184813455696351,92142.6,92058.1,,,
2024-11-19 15:10:00+00:00,92223.3,92258.6,92152.4,92169.7,96.348,92130.92251555242,0.339599256333232,92823.85446980306,91450.66787889859,1373.1865909044718,0,92056.0,92143.2,0.0,0.0,0.0,0.0,-0.7041553196751551,-0.23184813455696351,92142.6,92058.1,,,
2024-11-19 15:11:00+00:00,92169.7,92246.8,92131.6,92231.9,61.988,92131.26211480875,0.339599256333232,92824.19406905939,91451.00747815492,1373.1865909044718,0,92056.0,92143.2,0.0,0.0,0.0,0.0,-0.7041553196751551,-0.23184813455696351,92142.6,92058.1,,,
2024-11-19 15:12:00+00:00,92231.9,92250.0,92151.9,92192.4,178.921,92131.60171406508,0.339599256333232,92824.53366831572,91451.34707741125,1373.1865909044718,0,92056.0,92143.2,0.0,0.0,0.0,0.0,-0.7041553196751551,-0.23184813455696351,92142.6,92058.1,,,
2024-11-19 15:13:00+00:00,92192.4,92192.4,91941.7,92104.8,220.501,92131.94131332141,0.339599256333232,92824.87326757205,91451.68667666758,1373.1865909044718,0,92056.0,92143.2,0.0,0.0,0.0,0.0,-0.7041553196751551,-0.23184813455696351,92142.6,92058.1,,,1.0
2024-11-19 15:14:00+00:00,92104.8,92175.8,92075.6,92083.9,82.873,92132.28091257774,0.339599256333232,92825.21286682838,91452.02627592391,1373.1865909044718,0,92056.0,92143.2,0.0,0.0,0.0,0.0,-0.7041553196751551,-0.23184813455696351,92142.6,92058.1,,,
2024-11-19 15:15:00+00:00,92083.9,92093.3,91760.2,91820.0,376.544,92132.62051183407,0.339599256333232,92825.55246608471,91452.36587518024,1373.1865909044718,0,92056.0,92143.2,0.0,0.0,0.0,0.0,-0.7041553196751551,-0.23184813455696351,92142.6,92058.1,,,
2024-11-19 15:16:00+00:00,91820.0,91950.0,91815.6,91937.3,111.961,92132.9601110904,0.339599256333232,92825.89206534105,91452.70547443657,1373.1865909044718,0,92056.0,92143.2,0.0,0.0,0.0,0.0,-0.7041553196751551,-0.23184813455696351,92142.6,92058.1,,,
2024-11-19 15:17:00+00:00,91937.3,92012.8,91864.0,92012.7,102.286,92133.29971034675,0.339599256333232,92826.23166459739,91453.04507369292,1373.1865909044718,0,92056.0,92143.2,0.0,0.0,0.0,0.0,-0.7041553196751551,-0.23184813455696351,92142.6,92058.1,,,
2024-11-19 15:18:00+00:00,92012.7,92027.8,91895.4,91918.3,69.714,92133.63930960308,0.339599256333232,92826.57126385372,91453.38467294925,1373.1865909044718,0,92056.0,92143.2,0.0,0.0,0.0,0.0,-0.7041553196751551,-0.23184813455696351,92142.6,92058.1,,,
2024-11-19 15:19:00+00:00,91918.3,91973.1,91900.1,91903.0,74.215,92133.97890885941,0.339599256333232,92826.91086311005,91453.72427220558,1373.1865909044718,0,92056.0,92143.2,0.0,0.0,0.0,0.0,-0.7041553196751551,-0.23184813455696351,92142.6,92058.1,,,
2024-11-19 15:20:00+00:00,91903.0,91903.0,91599.6,91608.9,325.397,92134.31850811574,0.339599256333232,92827.25046236638,91454.06387146191,1373.1865909044718,-1,92056.0,92143.2,0.0,-145.53612853809318,0.0,-0.10598423368104216,-0.7041553196751551,-0.23184813455696351,92142.6,92058.1,,,
2024-11-19 15:21:00+00:00,91608.9,91741.6,91608.8,91741.6,263.367,92134.65810737207,0.339599256333232,92827.59006162272,91454.40347071824,1373.1865909044718,0,92056.0,92143.2,0.0,0.0,0.0,0.0,-0.7041553196751551,-0.23184813455696351,92142.6,92058.1,,,
2024-11-19 15:22:00+00:00,91741.6,91815.8,91670.8,91765.1,105.081,92134.9977066284,0.339599256333232,92827.92966087905,91454.74306997457,1373.1865909044718,0,92056.0,92143.2,0.0,0.0,0.0,0.0,-0.7041553196751551,-0.23184813455696351,92142.6,92058.1,,,
2024-11-19 15:23:00+00:00,91765.1,91806.1,91716.0,91761.8,79.306,92135.33730588475,0.339599256333232,92828.26926013539,91455.08266923092,1373.1865909044718,0,92056.0,92143.2,0.0,0.0,0.0,0.0,-0.7041553196751551,-0.23184813455696351,92142.6,92058.1,,,
2024-11-19 15:24:00+00:00,91761.8,91864.1,91761.8,91825.3,54.751,92135.67690514108,0.339599256333232,92828.60885939172,91455.42226848725,1373.1865909044718,0,92056.0,92143.2,0.0,0.0,0.0,0.0,-0.7041553196751551,-0.23184813455696351,92142.6,92058.1,,,
2024-11-19 15:25:00+00:00,91825.3,91849.5,91705.3,91843.7,26.737,92136.01650439741,0.339599256333232,92828.94845864805,91455.76186774358,1373.1865909044718,0,92056.0,92143.2,0.0,0.0,0.0,0.0,-0.7041553196751551,-0.23184813455696351,92142.6,92058.1,,,
2024-11-19 15:26:00+00:00,91843.7,91859.5,91774.6,91856.8,79.352,92136.35610365374,0.339599256333232,92829.28805790438,91456.10146699991,1373.1865909044718,0,92056.0,92143.2,0.0,0.0,0.0,0.0,-0.7041553196751551,-0.23184813455696351,92142.6,92058.1,,,
2024-11-19 15:27:00+00:00,91856.8,91875.0,91750.6,91800.0,82.785,92136.69570291007,0.339599256333232,92829.62765716072,91456.44106625624,1373.1865909044718,0,92056.0,92143.2,0.0,0.0,0.0,0.0,-0.7041553196751551,-0.23184813455696351,92142.6,92058.1,,,
2024-11-19 15:28:00+00:00,91800.0,91900.0,91566.7,91569.6,283.736,92137.0353021664,0.339599256333232,92829.96725641705,91456.78066551258,1373.1865909044718,0,92056.0,92143.2,0.0,0.0,0.0,0.0,-0.7041553196751551,-0.23184813455696351,92142.6,92058.1,,,
2024-11-19 15:29:00+00:00,91569.6,91730.3,91544.4,91716.6,229.747,92137.37490142274,0.339599256333232,92830.30685567338,91457.1202647689,1373.1865909044718,-1,92056.0,92143.2,0.0,-87.27973523108813,0.0,-0.06355999673256342,-0.7041553196751551,-0.23184813455696351,92142.6,92058.1,,,
2024-11-19 15:30:00+00:00,91716.6,91750.0,91551.1,91573.2,141.305,92137.71450067908,0.339599256333232,92830.64645492972,91457.45986402525,1373.1865909044718,0,92056.0,92143.2,0.0,0.0,0.0,0.0,-0.7041553196751551,-0.23184813455696351,92142.6,92058.1,,,
2024-11-19 15:31:00+00:00,91573.2,91986.4,91573.2,91984.0,292.982,92138.05409993541,0.339599256333232,92830.98605418605,91457.79946328158,1373.1865909044718,0,92056.0,92143.2,0.0,0.0,0.0,0.0,-0.7041553196751551,-0.23184813455696351,92142.6,92058.1,,,
2024-11-19 15:32:00+00:00,91984.0,92118.2,91974.0,92056.8,381.151,92138.39369919174,0.339599256333232,92831.32565344239,91458.13906253791,1373.1865909044718,0,92056.0,92143.2,0.0,0.0,0.0,0.0,-0.7041553196751551,-0.23184813455696351,92142.6,92058.1,,,
2024-11-19 15:33:00+00:00,92056.8,92200.0,92041.8,92185.2,182.316,92138.73329844807,0.339599256333232,92831.66525269872,91458.47866179424,1373.1865909044718,0,92056.0,92143.2,0.0,0.0,0.0,0.0,-0.7041553196751551,-0.23184813455696351,92142.6,92058.1,,1.0,
2024-11-19 15:34:00+00:00,92185.2,92299.9,92134.4,92134.6,267.839,92139.0728977044,0.339599256333232,92832.00485195505,91458.81826105058,1373.1865909044718,0,92056.0,92143.2,0.0,0.0,0.0,0.0,-0.7041553196751551,-0.23184813455696351,92142.6,92058.1,,,1.0
2024-11-19 15:35:00+00:00,92134.6,92179.7,92065.2,92130.1,84.536,92139.41249696074,0.339599256333232,92832.34445121138,91459.1578603069,1373.1865909044718,0,92056.0,92143.2,0.0,0.0,0.0,0.0,-0.7041553196751551,-0.23184813455696351,92142.6,92058.1,,,
2024-11-19 15:36:00+00:00,92130.1,92240.0,92113.4,92185.0,75.487,92139.75209621708,0.339599256333232,92832.68405046772,91459.49745956325,1373.1865909044718,0,92056.0,92143.2,0.0,0.0,0.0,0.0,-0.7041553196751551,-0.23184813455696351,92142.6,92058.1,,1.0,
2024-11-19 15:37:00+00:00,92185.0,92300.0,92182.8,92261.0,100.374,92140.09169547341,0.339599256333232,92833.02364972405,91459.83705881958,1373.1865909044718,1,92056.0,92143.2,-533.0236497240548,0.0,-0.388165492770338,0.0,-0.7041553196751551,-0.23184813455696351,92142.6,92058.1,,,
2024-11-19 15:38:00+00:00,92261.0,92274.3,92208.1,92239.7,100.634,92140.43129472974,0.339599256333232,92833.36324898039,91460.17665807591,1373.1865909044718,0,92056.0,92143.2,0.0,0.0,0.0,0.0,-0.7041553196751551,-0.23184813455696351,92142.6,92058.1,,,
2024-11-19 15:39:00+00:00,92239.7,92250.0,92140.4,92163.8,97.377,92140.77089398607,0.339599256333232,92833.70284823672,91460.51625733225,1373.1865909044718,0,92056.0,92143.2,0.0,0.0,0.0,0.0,-0.7041553196751551,-0.23184813455696351,92142.6,92058.1,,,
2024-11-19 15:40:00+00:00,92163.8,92218.5,92067.0,92072.1,86.537,92141.1104932424,0.339599256333232,92834.04244749305,91460.85585658858,1373.1865909044718,0,92056.0,92143.2,0.0,0.0,0.0,0.0,-0.7041553196751551,-0.23184813455696351,92142.6,92058.1,,,1.0
2024-11-19 15:41:00+00:00,92072.1,92179.4,92072.1,92094.3,73.466,92141.45009249874,0.339599256333232,92834.38204674938,91461.1954558449,1373.1865909044718,0,92056.0,92143.2,0.0,0.0,0.0,0.0,-0.7041553196751551,-0.23184813455696351,92142.6,92058.1,,,
2024-11-19 15:42:00+00:00,92094.3,92191.4,92078.3,92128.1,65.343,92141.78969175507,0.339599256333232,92834.72164600571,91461.53505510124,1373.1865909044718,0,92056.0,92143.2,0.0,0.0,0.0,0.0,-0.7041553196751551,-0.23184813455696351,92142.6,92058.1,,,
2024-11-19 15:43:00+00:00,92128.1,92241.2,92116.9,92225.9,56.462,92142.12929101141,0.339599256333232,92835.06124526206,91461.87465435758,1373.1865909044718,0,92056.0,92143.2,0.0,0.0,0.0,0.0,-0.7041553196751551,-0.23184813455696351,92142.6,92058.1,,1.0,
2024-11-19 15:44:00+00:00,92225.9,92250.0,92155.4,92202.6,75.661,92142.46889026774,0.339599256333232,92835.40084451839,91462.21425361391,1373.1865909044718,0,92056.0,92143.2,0.0,0.0,0.0,0.0,-0.7041553196751551,-0.23184813455696351,92142.6,92058.1,,,
2024-11-19 15:45:00+00:00,92202.6,92431.9,92195.0,92384.1,334.086,92142.80848952408,0.339599256333232,92835.74044377472,91462.55385287025,1373.1865909044718,0,92056.0,92143.2,0.0,0.0,0.0,0.0,-0.7041553196751551,-0.23184813455696351,92142.6,92058.1,,,
2024-11-19 15:46:00+00:00,92384.1,92405.7,92266.3,92285.7,111.0,92143.1480887804,0.339599256333232,92836.08004303105,91462.89345212658,1373.1865909044718,0,92056.0,92143.2,0.0,0.0,0.0,0.0,-0.7041553196751551,-0.23184813455696351,92142.6,92058.1,,,
2024-11-19 15:47:00+00:00,92285.7,92405.6,92273.3,92373.2,88.803,92143.48768803674,0.339599256333232,92836.41964228738,91463.23305138291,1373.1865909044718,0,92056.0,92143.2,0.0,0.0,0.0,0.0,-0.7041553196751551,-0.23184813455696351,92142.6,92058.1,,,
2024-11-19 15:48:00+00:00,92373.2,92399.9,92297.2,92360.3,84.543,92143.82728729307,0.339599256333232,92836.75924154371,91463.57265063924,1373.1865909044718,0,92056.0,92143.2,0.0,0.0,0.0,0.0,-0.7041553196751551,-0.23184813455696351,92142.6,92058.1,,,
2024-11-19 15:49:00+00:00,92360.3,92462.0,92360.0,92461.9,125.144,92144.16688654941,0.339599256333232,92837.09884080006,91463.91224989558,1373.1865909044718,0,92056.0,92143.2,0.0,0.0,0.0,0.0,-0.7041553196751551,-0.23184813455696351,92142.6,92058.1,,,
2024-11-19 15:50:00+00:00,92461.9,92470.0,92411.3,92440.9,122.323,92144.50648580574,0.339599256333232,92837.43844005639,91464.25184915191,1373.1865909044718,0,92056.0,92143.2,0.0,0.0,0.0,0.0,-0.7041553196751551,-0.23184813455696351,92142.6,92058.1,,,
2024-11-19 15:51:00+00:00,92440.9,92484.6,92414.6,92436.7,100.36,92144.84608506208,0.339599256333232,92837.77803931272,91464.59144840825,1373.1865909044718,0,92056.0,92143.2,0.0,0.0,0.0,0.0,-0.7041553196751551,-0.23184813455696351,92142.6,92058.1,,,
2024-11-19 15:52:00+00:00,92436.7,92499.0,92376.6,92378.4,112.66,92145.1856843184,0.339599256333232,92838.11763856905,91464.93104766458,1373.1865909044718,0,92056.0,92143.2,0.0,0.0,0.0,0.0,-0.7041553196751551,-0.23184813455696351,92142.6,92058.1,,,
2024-11-19 15:53:00+00:00,92378.4,92488.6,92355.9,92374.6,210.089,92145.52528357474,0.339599256333232,92838.45723782538,91465.27064692091,1373.1865909044718,0,92056.0,92143.2,0.0,0.0,0.0,0.0,-0.7041553196751551,-0.23184813455696351,92142.6,92058.1,,,
2024-11-19 15:54:00+00:00,92374.6,92384.0,92187.6,92207.0,409.047,92145.86488283107,0.339599256333232,92838.79683708171,91465.61024617724,1373.1865909044718,-1,92056.0,92143.2,0.0,-721.9897538227669,0.0,-0.525776874464829,-0.7041553196751551,-0.23184813455696351,92142.6,92058.1,,,
2024-11-19 15:55:00+00:00,92207.0,92355.0,92207.0,92354.9,215.415,92146.2044820874,0.339599256333232,92839.13643633804,91465.94984543357,1373.1865909044718,0,92056.0,92143.2,0.0,0.0,0.0,0.0,-0.7041553196751551,-0.23184813455696351,92142.6,92058.1,,,
2024-11-19 15:56:00+00:00,92354.9,92377.9,92300.0,92367.5,119.143,92146.54408134375,0.339599256333232,92839.47603559439,91466.28944468992,1373.1865909044718,0,92056.0,92143.2,0.0,0.0,0.0,0.0,-0.7041553196751551,-0.23184813455696351,92142.6,92058.1,,,
2024-11-19 15:57:00+00:00,92367.5,92474.0,92367.5,92456.9,253.882,92146.88368060008,0.339599256333232,92839.81563485072,91466.62904394625,1373.1865909044718,0,92056.0,92143.2,0.0,0.0,0.0,0.0,-0.7041553196751551,-0.23184813455696351,92142.6,92058.1,,,
2024-11-19 15:58:00+00:00,92456.9,92500.0,92456.9,92481.6,98.517,92147.22327985641,0.339599256333232,92840.15523410705,91466.96864320258,1373.1865909044718,0,92056.0,92143.2,0.0,0.0,0.0,0.0,-0.7041553196751551,-0.23184813455696351,92142.6,92058.1,,,
2024-11-19 15:59:00+00:00,92481.6,92487.9,92425.8,92453.3,158.734,92147.56287911274,0.339599256333232,92840.49483336338,91467.30824245891,1373.1865909044718,0,92056.0,92143.2,0.0,0.0,0.0,0.0,-0.7041553196751551,-0.23184813455696351,92142.6,92058.1,,,
2024-11-19 16:00:00+00:00,92453.3,92500.0,92446.5,92499.9,110.818,92147.90247836907,0.339599256333232,92840.83443261971,91467.64784171524,1373.1865909044718,0,92056.0,92143.2,0.0,0.0,0.0,0.0,-0.7041553196751551,-0.23184813455696351,92142.6,92058.1,,,
2024-11-19 16:01:00+00:00,92499.9,92550.0,92481.3,92499.2,156.579,92148.2420776254,0.339599256333232,92841.17403187604,91467.98744097157,1373.1865909044718,1,92056.0,92143.2,-291.17403187604214,0.0,-0.2120425831454235,0.0,-0.7041553196751551,-0.23184813455696351,92142.6,92058.1,,,
2024-11-19 16:02:00+00:00,92499.2,92499.2,92330.6,92373.7,174.144,92148.58167688175,0.339599256333232,92841.51363113239,91468.32704022792,1373.1865909044718,0,92056.0,92143.2,0.0,0.0,0.0,0.0,-0.7041553196751551,-0.23184813455696351,92142.6,92058.1,,,
2024-11-19 16:03:00+00:00,92373.7,92462.3,92325.0,92339.1,52.282,92148.92127613808,0.339599256333232,92841.85323038872,91468.66663948425,1373.1865909044718,0,92056.0,92143.2,0.0,0.0,0.0,0.0,-0.7041553196751551,-0.23184813455696351,92142.6,92058.1,,,
2024-11-19 16:04:00+00:00,92339.1,92448.9,92339.1,92432.7,45.137,92149.26087539441,0.339599256333232,92842.19282964505,91469.00623874058,1373.1865909044718,0,92056.0,92143.2,0.0,0.0,0.0,0.0,-0.7041553196751551,-0.23184813455696351,92142.6,92058.1,,,
2024-11-19 16:05:00+00:00,92432.7,92474.1,92422.3,92465.7,141.907,92149.60047465074,0.339599256333232,92842.53242890138,91469.34583799691,1373.1865909044718,0,92056.0,92143.2,0.0,0.0,0.0,0.0,-0.7041553196751551,-0.23184813455696351,92142.6,92058.1,,,
2024-11-19 16:06:00+00:00,92465.7,92470.5,92333.0,92333.0,40.511,92149.94007390707,0.339599256333232,92842.87202815771,91469.68543725324,1373.1865909044718,0,92056.0,92143.2,0.0,0.0,0.0,0.0,-0.7041553196751551,-0.23184813455696351,92142.6,92058.1,,,
2024-11-19 16:07:00+00:00,92333.0,92413.3,92243.5,92413.2,101.974,92150.2796731634,0.339599256333232,92843.21162741404,91470.02503650957,1373.1865909044718,-1,92056.0,92143.2,0.0,-773.4749634904292,0.0,-0.5632701110057937,-0.7041553196751551,-0.23184813455696351,92142.6,92058.1,,,
2024-11-19 16:08:00+00:00,92413.2,92460.0,92368.2,92375.0,105.907,92150.61927241973,0.339599256333232,92843.55122667037,91470.3646357659,1373.1865909044718,0,92056.0,92143.2,0.0,0.0,0.0,0.0,-0.7041553196751551,-0.23184813455696351,92142.6,92058.1,,,
2024-11-19 16:09:00+00:00,92375.0,92388.8,92325.6,92364.0,103.565,92150.95887167608,0.339599256333232,92843.89082592672,91470.70423502225,1373.1865909044718,0,92056.0,92143.2,0.0,0.0,0.0,0.0,-0.7041553196751551,-0.23184813455696351,92142.6,92058.1,,,
2024-11-19 16:10:00+00:00,92364.0,92470.0,92363.8,92427.9,41.469,92151.29847093241,0.339599256333232,92844.23042518305,91471.04383427858,1373.1865909044718,0,92056.0,92143.2,0.0,0.0,0.0,0.0,-0.7041553196751551,-0.23184813455696351,92142.6,92058.1,,,
2024-11-19 16:11:00+00:00,92427.9,92428.0,92367.3,92379.4,32.804,92151.63807018874,0.339599256333232,92844.57002443938,91471.38343353491,1373.1865909044718,0,92056.0,92143.2,0.0,0.0,0.0,0.0,-0.7041553196751551,-0.23184813455696351,92142.6,92058.1,,,
2024-11-19 16:12:00+00:00,92379.4,92386.7,92339.6,92352.3,38.627,92151.97766944507,0.339599256333232,92844.90962369571,91471.72303279124,1373.1865909044718,0,92056.0,92143.2,0.0,0.0,0.0,0.0,-0.7041553196751551,-0.23184813455696351,92142.6,92058.1,,,
2024-11-19 16:13:00+00:00,92352.3,92460.0,92352.2,92460.0,51.421,92152.3172687014,0.339599256333232,92845.24922295204,91472.06263204757,1373.1865909044718,0,92056.0,92143.2,0.0,0.0,0.0,0.0,-0.7041553196751551,-0.23184813455696351,92142.6,92058.1,,,
2024-11-19 16:14:00+00:00,92460.0,92469.1,92270.2,92300.0,135.28,92152.65686795773,0.339599256333232,92845.58882220837,91472.4022313039,1373.1865909044718,0,92056.0,92143.2,0.0,0.0,0.0,0.0,-0.7041553196751551,-0.23184813455696351,92142.6,92058.1,,,
2024-11-19 16:15:00+00:00,92300.0,92340.7,92262.0,92314.6,69.165,92152.99646721408,0.339599256333232,92845.92842146472,91472.74183056025,1373.1865909044718,-1,92056.0,92143.2,0.0,-789.2581694397522,0.0,-0.5747639648300777,-0.7041553196751551,-0.23184813455696351,92142.6,92058.1,,,
2024-11-19 16:16:00+00:00,92314.6,92423.4,92314.6,92396.4,35.964,92153.33606647041,0.339599256333232,92846.26802072105,91473.08142981658,1373.1865909044718,0,92056.0,92143.2,0.0,0.0,0.0,0.0,-0.7041553196751551,-0.23184813455696351,92142.6,92058.1,,,
2024-11-19 16:17:00+00:00,92396.4,92423.4,92356.5,92407.9,49.475,92153.67566572674,0.339599256333232,92846.60761997738,91473.42102907291,1373.1865909044718,0,92056.0,92143.2,0.0,0.0,0.0,0.0,-0.7041553196751551,-0.23184813455696351,92142.6,92058.1,,,
2024-11-19 16:18:00+00:00,92407.9,92451.4,92345.6,92388.4,53.136,92154.01526498307,0.339599256333232,92846.94721923371,91473.76062832924,1373.1865909044718,0,92056.0,92143.2,0.0,0.0,0.0,0.0,-0.7041553196751551,-0.23184813455696351,92142.6,92058.1,,,
2024-11-19 16:19:00+00:00,92388.4,92422.0,92332.1,92354.1,38.746,92154.3548642394,0.339599256333232,92847.28681849004,91474.10022758557,1373.1865909044718,0,92056.0,92143.2,0.0,0.0,0.0,0.0,-0.7041553196751551,-0.23184813455696351,92142.6,92058.1,,,
2024-11-19 16:20:00+00:00,92354.1,92400.0,92303.8,92323.8,40.48,92154.69446349573,0.339599256333232,92847.62641774637,91474.4398268419,1373.1865909044718,0,92056.0,92143.2,0.0,0.0,0.0,0.0,-0.7041553196751551,-0.23184813455696351,92142.6,92058.1,,,
2024-11-19 16:21:00+00:00,92323.8,92400.0,92323.8,92382.2,17.757,92155.03406275208,0.339599256333232,92847.96601700272,91474.77942609825,1373.1865909044718,0,92056.0,92143.2,0.0,0.0,0.0,0.0,-0.7041553196751551,-0.23184813455696351,92142.6,92058.1,,,
2024-11-19 16:22:00+00:00,92382.2,92399.9,92356.9,92388.7,13.065,92155.37366200841,0.339599256333232,92848.30561625905,91475.11902535458,1373.1865909044718,0,92056.0,92143.2,0.0,0.0,0.0,0.0,-0.7041553196751551,-0.23184813455696351,92142.6,92058.1,,,
2024-11-19 16:23:00+00:00,92388.7,92448.4,92363.2,92396.9,32.174,92155.71326126474,0.339599256333232,92848.64521551538,91475.45862461091,1373.1865909044718,0,92056.0,92143.2,0.0,0.0,0.0,0.0,-0.7041553196751551,-0.23184813455696351,92142.6,92058.1,,,
2024-11-19 16:24:00+00:00,92396.9,92499.9,92383.0,92498.9,47.319,92156.05286052107,0.339599256333232,92848.98481477171,91475.79822386724,1373.1865909044718,0,92056.0,92143.2,0.0,0.0,0.0,0.0,-0.7041553196751551,-0.23184813455696351,92142.6,92058.1,,,
2024-11-19 16:25:00+00:00,92498.9,92500.0,92482.1,92498.5,50.454,92156.3924597774,0.339599256333232,92849.32441402804,91476.13782312357,1373.1865909044718,0,92056.0,92143.2,0.0,0.0,0.0,0.0,-0.7041553196751551,-0.23184813455696351,92142.6,92058.1,,,
2024-11-19 16:26:00+00:00,92498.5,92565.8,92498.5,92549.9,179.818,92156.73205903373,0.339599256333232,92849.66401328437,91476.4774223799,1373.1865909044718,0,92056.0,92143.2,0.0,0.0,0.0,0.0,-0.7041553196751551,-0.23184813455696351,92142.6,92058.1,,,
2024-11-19 16:27:00+00:00,92549.9,92600.0,92549.9,92599.9,116.008,92157.07165829006,0.339599256333232,92850.0036125407,91476.81702163623,1373.1865909044718,0,92056.0,92143.2,0.0,0.0,0.0,0.0,-0.7041553196751551,-0.23184813455696351,92142.6,92058.1,,,
2024-11-19 16:28:00+00:00,92599.9,92699.9,92577.8,92688.1,260.972,92157.41125754641,0.339599256333232,92850.34321179705,91477.15662089258,1373.1865909044718,1,92056.0,92143.2,-150.4432117970573,0.0,-0.10955773439206497,0.0,-0.7041553196751551,-0.23184813455696351,92142.6,92058.1,,,
2024-11-19 16:29:00+00:00,92688.1,92699.9,92609.4,92618.7,124.745,92157.75085680274,0.339599256333232,92850.68281105338,91477.49622014891,1373.1865909044718,1,92056.0,92143.2,-150.7828110533883,0.0,-0.10980504182907344,0.0,-0.7041553196751551,-0.23184813455696351,92142.6,92058.1,,,
2024-11-19 16:30:00+00:00,92618.7,92666.4,92612.0,92651.3,68.137,92158.09045605907,0.339599256333232,92851.02241030971,91477.83581940524,1373.1865909044718,0,92056.0,92143.2,0.0,0.0,0.0,0.0,-0.7041553196751551,-0.23184813455696351,92142.6,92058.1,,,
2024-11-19 16:31:00+00:00,92651.3,92699.9,92612.1,92632.2,103.858,92158.4300553154,0.339599256333232,92851.36200956604,91478.17541866157,1373.1865909044718,1,92056.0,92143.2,-151.46200956605026,0.0,-0.11029965670309039,0.0,-0.7041553196751551,-0.23184813455696351,92142.6,92058.1,,,
2024-11-19 16:32:00+00:00,92632.2,92637.8,92539.5,92561.9,145.111,92158.76965457173,0.339599256333232,92851.70160882238,91478.5150179179,1373.1865909044718,0,92056.0,92143.2,0.0,0.0,0.0,0.0,-0.7041553196751551,-0.23184813455696351,92142.6,92058.1,,,
2024-11-19 16:33:00+00:00,92561.9,92566.5,92389.8,92419.2,123.939,92159.10925382806,0.339599256333232,92852.0412080787,91478.85461717423,1373.1865909044718,0,92056.0,92143.2,0.0,0.0,0.0,0.0,-0.7041553196751551,-0.23184813455696351,92142.6,92058.1,,,
2024-11-19 16:34:00+00:00,92419.2,92428.1,92308.1,92353.9,105.204,92159.44885308441,0.339599256333232,92852.38080733505,91479.19421643058,1373.1865909044718,0,92056.0,92143.2,0.0,0.0,0.0,0.0,-0.7041553196751551,-0.23184813455696351,92142.6,92058.1,,,
2024-11-19 16:35:00+00:00,92353.9,92423.0,92329.0,92355.1,48.59,92159.78845234074,0.339599256333232,92852.72040659138,91479.53381568691,1373.1865909044718,0,92056.0,92143.2,0.0,0.0,0.0,0.0,-0.7041553196751551,-0.23184813455696351,92142.6,92058.1,,,
2024-11-19 16:36:00+00:00,92355.1,92401.7,92321.7,92387.9,86.772,92160.12805159707,0.339599256333232,92853.06000584771,91479.87341494324,1373.1865909044718,0,92056.0,92143.2,0.0,0.0,0.0,0.0,-0.7041553196751551,-0.23184813455696351,92142.6,92058.1,,,
2024-11-19 16:37:00+00:00,92387.9,92462.9,92387.8,92418.2,131.567,92160.4676508534,0.339599256333232,92853.39960510404,91480.21301419957,1373.1865909044718,0,92056.0,92143.2,0.0,0.0,0.0,0.0,-0.7041553196751551,-0.23184813455696351,92142.6,92058.1,,,
2024-11-19 16:38:00+00:00,92418.2,92418.3,92147.0,92275.0,306.733,92160.80725010973,0.339599256333232,92853.73920436038,91480.5526134559,1373.1865909044718,-1,92056.0,92143.2,0.0,-666.4473865440959,0.0,-0.48532908124680235,-0.7041553196751551,-0.23184813455696351,92142.6,92058.1,,,
2024-11-19 16:39:00+00:00,92275.0,92327.0,92225.3,92285.3,65.958,92161.14684936606,0.339599256333232,92854.0788036167,91480.89221271224,1373.1865909044718,0,92056.0,92143.2,0.0,0.0,0.0,0.0,-0.7041553196751551,-0.23184813455696351,92142.6,92058.1,,,
2024-11-19 16:40:00+00:00,92285.3,92372.7,92285.3,92372.7,47.7,92161.4864486224,0.339599256333232,92854.41840287304,91481.23181196857,1373.1865909044718,0,92056.0,92143.2,0.0,0.0,0.0,0.0,-0.7041553196751551,-0.23184813455696351,92142.6,92058.1,,,
2024-11-19 16:41:00+00:00,92372.7,92459.9,92372.7,92406.9,59.647,92161.82604787874,0.339599256333232,92854.75800212938,91481.57141122491,1373.1865909044718,0,92056.0,92143.2,0.0,0.0,0.0,0.0,-0.7041553196751551,-0.23184813455696351,92142.6,92058.1,,,
2024-11-19 16:42:00+00:00,92406.9,92442.4,92374.8,92396.9,41.42,92162.16564713507,0.339599256333232,92855.09760138571,91481.91101048124,1373.1865909044718,0,92056.0,92143.2,0.0,0.0,0.0,0.0,-0.7041553196751551,-0.23184813455696351,92142.6,92058.1,,,
2024-11-19 16:43:00+00:00,92396.9,92398.8,92286.8,92298.1,43.14,92162.5052463914,0.339599256333232,92855.43720064205,91482.25060973757,1373.1865909044718,0,92056.0,92143.2,0.0,0.0,0.0,0.0,-0.7041553196751551,-0.23184813455696351,92142.6,92058.1,,,
2024-11-19 16:44:00+00:00,92298.1,92391.7,92291.3,92375.1,34.489,92162.84484564773,0.339599256333232,92855.77679989838,91482.5902089939,1373.1865909044718,0,92056.0,92143.2,0.0,0.0,0.0,0.0,-0.7041553196751551,-0.23184813455696351,92142.6,92058.1,,,
2024-11-19 16:45:00+00:00,92375.1,92413.0,92358.2,92384.3,26.969,92163.18444490407,0.339599256333232,92856.11639915471,91482.92980825024,1373.1865909044718,0,92056.0,92143.2,0.0,0.0,0.0,0.0,-0.7041553196751551,-0.23184813455696351,92142.6,92058.1,,,
2024-11-19 16:46:00+00:00,92384.3,92390.0,92300.0,92377.8,37.256,92163.5240441604,0.339599256333232,92856.45599841104,91483.26940750657,1373.1865909044718,0,92056.0,92143.2,0.0,0.0,0.0,0.0,-0.7041553196751551,-0.23184813455696351,92142.6,92058.1,,,
2024-11-19 16:47:00+00:00,92377.8,92405.3,92316.8,92327.8,28.832,92163.86364341674,0.339599256333232,92856.79559766738,91483.60900676291,1373.1865909044718,0,92056.0,92143.2,0.0,0.0,0.0,0.0,-0.7041553196751551,-0.23184813455696351,92142.6,92058.1,,,
2024-11-19 16:48:00+00:00,92327.8,92341.3,92260.8,92328.2,49.899,92164.20324267307,0.339599256333232,92857.13519692371,91483.94860601924,1373.1865909044718,-1,92056.0,92143.2,0.0,-776.8513939807599,0.0,-0.5657289396258043,-0.7041553196751551,-0.23184813455696351,92142.6,92058.1,,,
2024-11-19 16:49:00+00:00,92328.2,92428.3,92328.1,92428.2,37.484,92164.5428419294,0.339599256333232,92857.47479618005,91484.28820527557,1373.1865909044718,0,92056.0,92143.2,0.0,0.0,0.0,0.0,-0.7041553196751551,-0.23184813455696351,92142.6,92058.1,,,
2024-11-19 16:50:00+00:00,92428.2,92460.0,92367.6,92452.5,62.579,92164.88244118573,0.339599256333232,92857.81439543638,91484.6278045319,1373.1865909044718,0,92056.0,92143.2,0.0,0.0,0.0,0.0,-0.7041553196751551,-0.23184813455696351,92142.6,92058.1,,,
2024-11-19 16:51:00+00:00,92452.5,92608.3,92448.2,92537.4,182.578,92165.22204044207,0.339599256333232,92858.15399469271,91484.96740378824,1373.1865909044718,0,92056.0,92143.2,0.0,0.0,0.0,0.0,-0.7041553196751551,-0.23184813455696351,92142.6,92058.1,,,
2024-11-19 16:52:00+00:00,92537.4,92644.9,92509.7,92635.6,196.995,92165.5616396984,0.339599256333232,92858.49359394904,91485.30700304457,1373.1865909044718,0,92056.0,92143.2,0.0,0.0,0.0,0.0,-0.7041553196751551,-0.23184813455696351,92142.6,92058.1,,,
2024-11-19 16:53:00+00:00,92635.6,92653.9,92611.8,92615.6,69.162,92165.90123895473,0.339599256333232,92858.83319320537,91485.6466023009,1373.1865909044718,0,92056.0,92143.2,0.0,0.0,0.0,0.0,-0.7041553196751551,-0.23184813455696351,92142.6,92058.1,,,
2024-11-19 16:54:00+00:00,92615.6,92616.2,92487.7,92505.3,148.671,92166.24083821107,0.339599256333232,92859.17279246172,91485.98620155724,1373.1865909044718,0,92056.0,92143.2,0.0,0.0,0.0,0.0,-0.7041553196751551,-0.23184813455696351,92142.6,92058.1,,,
2024-11-19 16:55:00+00:00,92505.3,92575.9,92480.0,92570.0,40.39,92166.5804374674,0.339599256333232,92859.51239171805,91486.32580081357,1373.1865909044718,0,92056.0,92143.2,0.0,0.0,0.0,0.0,-0.7041553196751551,-0.23184813455696351,92142.6,92058.1,,,
2024-11-19 16:56:00+00:00,92570.0,92644.2,92569.9,92639.7,78.291,92166.92003672374,0.339599256333232,92859.85199097438,91486.6654000699,1373.1865909044718,0,92056.0,92143.2,0.0,0.0,0.0,0.0,-0.7041553196751551,-0.23184813455696351,92142.6,92058.1,,,
2024-11-19 16:57:00+00:00,92639.7,92658.1,92588.1,92634.9,105.444,92167.25963598007,0.339599256333232,92860.19159023071,91487.00499932624,1373.1865909044718,1,92056.0,92143.2,-202.09159023070242,0.0,-0.14716979583786316,0.0,-0.7041553196751551,-0.23184813455696351,92142.6,92058.1,,,
2024-11-19 16:58:00+00:00,92634.9,92652.8,92605.4,92621.2,52.076,92167.5992352364,0.339599256333232,92860.53118948704,91487.34459858257,1373.1865909044718,0,92056.0,92143.2,0.0,0.0,0.0,0.0,-0.7041553196751551,-0.23184813455696351,92142.6,92058.1,,,
2024-11-19 16:59:00+00:00,92621.2,92635.0,92566.1,92614.2,43.792,92167.93883449273,0.339599256333232,92860.87078874337,91487.6841978389,1373.1865909044718,0,92056.0,92143.2,0.0,0.0,0.0,0.0,-0.7041553196751551,-0.23184813455696351,92142.6,92058.1,,,
2024-11-19 17:00:00+00:00,92614.2,92618.4,92554.0,92569.0,56.521,92168.27843374907,0.339599256333232,92861.21038799972,91488.02379709524,1373.1865909044718,0,92056.0,92143.2,0.0,0.0,0.0,0.0,-0.7041553196751551,-0.23184813455696351,92142.6,92058.1,,,
2024-11-19 17:01:00+00:00,92569.0,92600.0,92536.8,92549.9,51.574,92168.6180330054,0.339599256333232,92861.54998725605,91488.36339635157,1373.1865909044718,0,92056.0,92143.2,0.0,0.0,0.0,0.0,-0.7041553196751551,-0.23184813455696351,92142.6,92058.1,,,
2024-11-19 17:02:00+00:00,92549.9,92600.0,92512.3,92560.0,143.57,92168.95763226174,0.339599256333232,92861.88958651238,91488.7029956079,1373.1865909044718,0,92056.0,92143.2,0.0,0.0,0.0,0.0,-0.7041553196751551,-0.23184813455696351,92142.6,92058.1,,,
2024-11-19 17:03:00+00:00,92560.0,92612.7,92493.6,92592.4,67.319,92169.29723151807,0.339599256333232,92862.22918576871,91489.04259486424,1373.1865909044718,-1,92056.0,92143.2,0.0,-1004.5574051357689,0.0,-0.731552005961623,-0.7041553196751551,-0.23184813455696351,92142.6,92058.1,,,
2024-11-19 17:04:00+00:00,92592.4,92608.3,92560.6,92578.9,55.322,92169.6368307744,0.339599256333232,92862.56878502504,91489.38219412057,1373.1865909044718,0,92056.0,92143.2,0.0,0.0,0.0,0.0,-0.7041553196751551,-0.23184813455696351,92142.6,92058.1,,,
2024-11-19 17:05:00+00:00,92578.9,92663.8,92578.8,92647.3,104.923,92169.97643003073,0.339599256333232,92862.90838428137,91489.7217933769,1373.1865909044718,0,92056.0,92143.2,0.0,0.0,0.0,0.0,-0.7041553196751551,-0.23184813455696351,92142.6,92058.1,,,
2024-11-19 17:06:00+00:00,92647.3,92666.0,92645.9,92665.9,101.274,92170.31602928706,0.339599256333232,92863.2479835377,91490.06139263323,1373.1865909044718,0,92056.0,92143.2,0.0,0.0,0.0,0.0,-0.7041553196751551,-0.23184813455696351,92142.6,92058.1,,,
2024-11-19 17:07:00+00:00,92665.9,92750.0,92665.9,92747.8,326.225,92170.6556285434,0.339599256333232,92863.58758279405,91490.40099188958,1373.1865909044718,0,92056.0,92143.2,0.0,0.0,0.0,0.0,-0.7041553196751551,-0.23184813455696351,92142.6,92058.1,,,
2024-11-19 17:08:00+00:00,92747.8,92888.0,92745.8,92806.4,506.252,92170.99522779974,0.339599256333232,92863.92718205038,91490.7405911459,1373.1865909044718,0,92056.0,92143.2,0.0,0.0,0.0,0.0,-0.7041553196751551,-0.23184813455696351,92142.6,92058.1,,,
2024-11-19 17:09:00+00:00,92806.4,92960.0,92802.0,92947.1,279.04,92171.33482705607,0.339599256333232,92864.26678130671,91491.08019040224,1373.1865909044718,0,92056.0,92143.2,0.0,0.0,0.0,0.0,-0.7041553196751551,-0.23184813455696351,92142.6,92058.1,,,
2024-11-19 17:10:00+00:00,92947.1,92986.0,92850.0,92938.1,327.614,92171.6744263124,0.339599256333232,92864.60638056304,91491.41978965857,1373.1865909044718,1,92056.0,92143.2,121.39361943695985,0.0,0.08840285817020829,0.0,-0.7041553196751551,-0.23184813455696351,92142.6,92058.1,,,
2024-11-19 17:11:00+00:00,92938.1,92978.6,92871.6,92891.7,191.217,92172.01402556873,0.339599256333232,92864.94597981937,91491.7593889149,1373.1865909044718,0,92056.0,92143.2,0.0,0.0,0.0,0.0,-0.7041553196751551,-0.23184813455696351,92142.6,92058.1,,,
2024-11-19 17:12:00+00:00,92891.7,92909.2,92809.6,92826.2,120.718,92172.35362482506,0.339599256333232,92865.2855790757,91492.09898817123,1373.1865909044718,0,92056.0,92143.2,0.0,0.0,0.0,0.0,-0.7041553196751551,-0.23184813455696351,92142.6,92058.1,,,
2024-11-19 17:13:00+00:00,92826.2,92826.2,92711.3,92719.4,202.884,92172.6932240814,0.339599256333232,92865.62517833205,91492.43858742758,1373.1865909044718,0,92056.0,92143.2,0.0,0.0,0.0,0.0,-0.7041553196751551,-0.23184813455696351,92142.6,92058.1,,,
2024-11-19 17:14:00+00:00,92719.4,92818.8,92615.7,92805.0,268.815,92173.03282333774,0.339599256333232,92865.96477758838,91492.7781866839,1373.1865909044718,0,92056.0,92143.2,0.0,0.0,0.0,0.0,-0.7041553196751551,-0.23184813455696351,92142.6,92058.1,,,
2024-11-19 17:15:00+00:00,92805.0,92888.0,92805.0,92829.4,118.047,92173.37242259407,0.339599256333232,92866.30437684471,91493.11778594024,1373.1865909044718,0,92056.0,92143.2,0.0,0.0,0.0,0.0,-0.7041553196751551,-0.23184813455696351,92142.6,92058.1,,,
2024-11-19 17:16:00+00:00,92829.4,92829.4,92675.4,92675.7,162.321,92173.7120218504,0.339599256333232,92866.64397610104,91493.45738519657,1373.1865909044718,0,92056.0,92143.2,0.0,0.0,0.0,0.0,-0.7041553196751551,-0.23184813455696351,92142.6,92058.1,,,
2024-11-19 17:17:00+00:00,92675.7,92688.5,92627.0,92677.1,69.817,92174.05162110673,0.339599256333232,92866.98357535737,91493.7969844529,1373.1865909044718,0,92056.0,92143.2,0.0,0.0,0.0,0.0,-0.7041553196751551,-0.23184813455696351,92142.6,92058.1,,,
2024-11-19 17:18:00+00:00,92677.1,92697.9,92631.5,92667.3,68.693,92174.39122036306,0.339599256333232,92867.3231746137,91494.13658370923,1373.1865909044718,0,92056.0,92143.2,0.0,0.0,0.0,0.0,-0.7041553196751551,-0.23184813455696351,92142.6,92058.1,,,
2024-11-19 17:19:00+00:00,92667.3,92704.7,92634.6,92643.7,64.999,92174.73081961939,0.339599256333232,92867.66277387003,91494.47618296556,1373.1865909044718,0,92056.0,92143.2,0.0,0.0,0.0,0.0,-0.7041553196751551,-0.23184813455696351,92142.6,92058.1,,,
2024-11-19 17:20:00+00:00,92643.7,92702.9,92572.9,92580.3,103.609,92175.07041887574,0.339599256333232,92868.00237312638,91494.81578222191,1373.1865909044718,0,92056.0,92143.2,0.0,0.0,0.0,0.0,-0.7041553196751551,-0.23184813455696351,92142.6,92058.1,,,
2024-11-19 17:21:00+00:00,92580.3,92588.2,92541.1,92582.4,91.983,92175.41001813207,0.339599256333232,92868.34197238271,91495.15538147824,1373.1865909044718,0,92056.0,92143.2,0.0,0.0,0.0,0.0,-0.7041553196751551,-0.23184813455696351,92142.6,92058.1,,,
2024-11-19 17:22:00+00:00,92582.4,92582.4,92358.2,92463.3,325.475,92175.7496173884,0.339599256333232,92868.68157163904,91495.49498073457,1373.1865909044718,-1,92056.0,92143.2,0.0,-862.7050192654278,0.0,-0.6282503958163421,-0.7041553196751551,-0.23184813455696351,92142.6,92058.1,,,
2024-11-19 17:23:00+00:00,92463.3,92567.1,92463.3,92560.2,66.927,92176.08921664473,0.339599256333232,92869.02117089537,91495.8345799909,1373.1865909044718,0,92056.0,92143.2,0.0,0.0,0.0,0.0,-0.7041553196751551,-0.23184813455696351,92142.6,92058.1,,,
2024-11-19 17:24:00+00:00,92560.2,92681.5,92560.2,92676.2,71.848,92176.42881590106,0.339599256333232,92869.3607701517,91496.17417924723,1373.1865909044718,0,92056.0,92143.2,0.0,0.0,0.0,0.0,-0.7041553196751551,-0.23184813455696351,92142.6,92058.1,,,
2024-11-19 17:25:00+00:00,92676.2,92810.9,92666.0,92810.8,124.742,92176.76841515739,0.339599256333232,92869.70036940803,91496.51377850356,1373.1865909044718,0,92056.0,92143.2,0.0,0.0,0.0,0.0,-0.7041553196751551,-0.23184813455696351,92142.6,92058.1,,,
2024-11-19 17:26:00+00:00,92810.8,92878.1,92779.7,92838.8,96.354,92177.10801441374,0.339599256333232,92870.03996866438,91496.85337775991,1373.1865909044718,0,92056.0,92143.2,0.0,0.0,0.0,0.0,-0.7041553196751551,-0.23184813455696351,92142.6,92058.1,,,
2024-11-19 17:27:00+00:00,92838.8,92914.9,92821.0,92913.4,111.085,92177.44761367007,0.339599256333232,92870.37956792071,91497.19297701624,1373.1865909044718,0,92056.0,92143.2,0.0,0.0,0.0,0.0,-0.7041553196751551,-0.23184813455696351,92142.6,92058.1,,,
2024-11-19 17:28:00+00:00,92913.4,92997.3,92879.9,92952.4,184.644,92177.7872129264,0.339599256333232,92870.71916717704,91497.53257627257,1373.1865909044718,0,92056.0,92143.2,0.0,0.0,0.0,0.0,-0.7041553196751551,-0.23184813455696351,92142.6,92058.1,,,
2024-11-19 17:29:00+00:00,92952.4,92970.3,92809.6,92908.3,155.13,92178.12681218273,0.339599256333232,92871.05876643337,91497.8721755289,1373.1865909044718,0,92056.0,92143.2,0.0,0.0,0.0,0.0,-0.7041553196751551,-0.23184813455696351,92142.6,92058.1,,,
2024-11-19 17:30:00+00:00,92908.3,92913.8,92846.3,92873.5,78.821,92178.46641143906,0.339599256333232,92871.3983656897,91498.21177478523,1373.1865909044718,0,92056.0,92143.2,0.0,0.0,0.0,0.0,-0.7041553196751551,-0.23184813455696351,92142.6,92058.1,,,
2024-11-19 17:31:00+00:00,92873.5,92910.3,92769.0,92875.6,117.43,92178.80601069539,0.339599256333232,92871.73796494603,91498.55137404156,1373.1865909044718,0,92056.0,92143.2,0.0,0.0,0.0,0.0,-0.7041553196751551,-0.23184813455696351,92142.6,92058.1,,,
2024-11-19 17:32:00+00:00,92875.6,92928.5,92816.1,92923.5,63.823,92179.14560995172,0.339599256333232,92872.07756420237,91498.8909732979,1373.1865909044718,0,92056.0,92143.2,0.0,0.0,0.0,0.0,-0.7041553196751551,-0.23184813455696351,92142.6,92058.1,,,
2024-11-19 17:33:00+00:00,92923.5,92989.0,92882.1,92978.1,102.155,92179.48520920807,0.339599256333232,92872.41716345871,91499.23057255424,1373.1865909044718,0,92056.0,92143.2,0.0,0.0,0.0,0.0,-0.7041553196751551,-0.23184813455696351,92142.6,92058.1,,,
2024-11-19 17:34:00+00:00,92978.1,93259.7,92978.1,93165.8,1125.349,92179.8248084644,0.339599256333232,92872.75676271504,91499.57017181057,1373.1865909044718,0,92056.0,92143.2,0.0,0.0,0.0,0.0,-0.7041553196751551,-0.23184813455696351,92142.6,92058.1,,,
2024-11-19 17:35:00+00:00,93165.8,93243.5,93065.2,93130.1,293.825,92180.16440772073,0.339599256333232,92873.09636197137,91499.9097710669,1373.1865909044718,0,92056.0,92143.2,0.0,0.0,0.0,0.0,-0.7041553196751551,-0.23184813455696351,92142.6,92058.1,,,
2024-11-19 17:36:00+00:00,93130.1,93282.7,93125.8,93274.6,210.648,92180.50400697706,0.339599256333232,92873.4359612277,91500.24937032323,1373.1865909044718,0,92056.0,92143.2,0.0,0.0,0.0,0.0,-0.7041553196751551,-0.23184813455696351,92142.6,92058.1,,,
2024-11-19 17:37:00+00:00,93274.6,93345.9,93232.0,93232.1,364.024,92180.8436062334,0.339599256333232,92873.77556048403,91500.58896957956,1373.1865909044718,0,92056.0,92143.2,0.0,0.0,0.0,0.0,-0.7041553196751551,-0.23184813455696351,92142.6,92058.1,,,
2024-11-19 17:38:00+00:00,93232.1,93373.1,93150.2,93348.1,432.279,92181.18320548972,0.339599256333232,92874.11515974037,91500.9285688359,1373.1865909044718,1,92056.0,92143.2,498.9848402596399,0.0,0.3633773032483338,0.0,-0.7041553196751551,-0.23184813455696351,92142.6,92058.1,,,
2024-11-19 17:39:00+00:00,93348.1,93348.2,93232.0,93239.9,224.957,92181.52280474607,0.339599256333232,92874.45475899671,91501.26816809224,1373.1865909044718,0,92056.0,92143.2,0.0,0.0,0.0,0.0,-0.7041553196751551,-0.23184813455696351,92142.6,92058.1,,,
2024-11-19 17:40:00+00:00,93239.9,93268.5,93033.6,93141.1,323.278,92181.8624040024,0.339599256333232,92874.79435825304,91501.60776734857,1373.1865909044718,0,92056.0,92143.2,0.0,0.0,0.0,0.0,-0.7041553196751551,-0.23184813455696351,92142.6,92058.1,,,
2024-11-19 17:41:00+00:00,93141.1,93168.1,93036.5,93048.1,142.413,92182.20200325873,0.339599256333232,92875.13395750937,91501.9473666049,1373.1865909044718,0,92056.0,92143.2,0.0,0.0,0.0,0.0,-0.7041553196751551,-0.23184813455696351,92142.6,92058.1,,,
2024-11-19 17:42:00+00:00,93048.1,93065.6,92896.4,92942.1,237.883,92182.54160251506,0.339599256333232,92875.4735567657,91502.28696586123,1373.1865909044718,0,92056.0,92143.2,0.0,0.0,0.0,0.0,-0.7041553196751551,-0.23184813455696351,92142.6,92058.1,,,
2024-11-19 17:43:00+00:00,92942.1,92942.1,92822.7,92915.6,204.888,92182.8812017714,0.339599256333232,92875.81315602204,91502.62656511756,1373.1865909044718,0,92056.0,92143.2,0.0,0.0,0.0,0.0,-0.7041553196751551,-0.23184813455696351,92142.6,92058.1,,,
2024-11-19 17:44:00+00:00,92915.6,92930.7,92793.3,92817.4,254.024,92183.22080102772,0.339599256333232,92876.15275527837,91502.9661643739,1373.1865909044718,0,92056.0,92143.2,0.0,0.0,0.0,0.0,-0.7041553196751551,-0.23184813455696351,92142.6,92058.1,,,
2024-11-19 17:45:00+00:00,92817.4,92894.4,92729.0,92753.3,303.719,92183.56040028406,0.339599256333232,92876.4923545347,91503.30576363023,1373.1865909044718,0,92056.0,92143.2,0.0,0.0,0.0,0.0,-0.7041553196751551,-0.23184813455696351,92142.6,92058.1,,,
2024-11-19 17:46:00+00:00,92753.3,92759.2,92548.7,92691.1,451.797,92183.8999995404,0.339599256333232,92876.83195379104,91503.64536288657,1373.1865909044718,-1,92056.0,92143.2,0.0,-1045.054637113426,0.0,-0.7610434328703164,-0.7041553196751551,-0.23184813455696351,92142.6,92058.1,,,
2024-11-19 17:47:00+00:00,92691.1,92864.4,92635.2,92838.5,175.039,92184.23959879673,0.339599256333232,92877.17155304737,91503.9849621429,1373.1865909044718,0,92056.0,92143.2,0.0,0.0,0.0,0.0,-0.7041553196751551,-0.23184813455696351,92142.6,92058.1,,,
2024-11-19 17:48:00+00:00,92838.5,92850.0,92690.0,92760.1,59.887,92184.57919805306,0.339599256333232,92877.5111523037,91504.32456139923,1373.1865909044718,0,92056.0,92143.2,0.0,0.0,0.0,0.0,-0.7041553196751551,-0.23184813455696351,92142.6,92058.1,,,
2024-11-19 17:49:00+00:00,92760.1,92769.1,92670.1,92755.9,108.726,92184.9187973094,0.339599256333232,92877.85075156004,91504.66416065556,1373.1865909044718,0,92056.0,92143.2,0.0,0.0,0.0,0.0,-0.7041553196751551,-0.23184813455696351,92142.6,92058.1,,,
2024-11-19 17:50:00+00:00,92755.9,92809.9,92755.9,92799.1,82.672,92185.25839656572,0.339599256333232,92878.19035081637,91505.0037599119,1373.1865909044718,0,92056.0,92143.2,0.0,0.0,0.0,0.0,-0.7041553196751551,-0.23184813455696351,92142.6,92058.1,,,
2024-11-19 17:51:00+00:00,92799.1,92850.0,92744.0,92850.0,93.563,92185.59799582206,0.339599256333232,92878.5299500727,91505.34335916823,1373.1865909044718,0,92056.0,92143.2,0.0,0.0,0.0,0.0,-0.7041553196751551,-0.23184813455696351,92142.6,92058.1,,,
2024-11-19 17:52:00+00:00,92850.0,92853.5,92752.5,92763.9,145.232,92185.9375950784,0.339599256333232,92878.86954932904,91505.68295842457,1373.1865909044718,0,92056.0,92143.2,0.0,0.0,0.0,0.0,-0.7041553196751551,-0.23184813455696351,92142.6,92058.1,,,
2024-11-19 17:53:00+00:00,92763.9,92800.8,92710.0,92728.6,78.585,92186.27719433473,0.339599256333232,92879.20914858537,91506.0225576809,1373.1865909044718,0,92056.0,92143.2,0.0,0.0,0.0,0.0,-0.7041553196751551,-0.23184813455696351,92142.6,92058.1,,,
2024-11-19 17:54:00+00:00,92728.6,92739.2,92564.0,92595.9,145.582,92186.61679359106,0.339599256333232,92879.5487478417,91506.36215693723,1373.1865909044718,-1,92056.0,92143.2,0.0,-1057.6378430627665,0.0,-0.7702069406067649,-0.7041553196751551,-0.23184813455696351,92142.6,92058.1,,,
2024-11-19 17:55:00+00:00,92595.9,92717.1,92592.0,92717.1,52.275,92186.9563928474,0.339599256333232,92879.88834709804,91506.70175619356,1373.1865909044718,0,92056.0,92143.2,0.0,0.0,0.0,0.0,-0.7041553196751551,-0.23184813455696351,92142.6,92058.1,,,
2024-11-19 17:56:00+00:00,92717.1,92803.6,92656.0,92803.6,47.09,92187.29599210373,0.339599256333232,92880.22794635437,91507.0413554499,1373.1865909044718,0,92056.0,92143.2,0.0,0.0,0.0,0.0,-0.7041553196751551,-0.23184813455696351,92142.6,92058.1,,,
2024-11-19 17:57:00+00:00,92803.6,92864.8,92783.2,92863.1,194.588,92187.63559136006,0.339599256333232,92880.5675456107,91507.38095470623,1373.1865909044718,0,92056.0,92143.2,0.0,0.0,0.0,0.0,-0.7041553196751551,-0.23184813455696351,92142.6,92058.1,,,
2024-11-19 17:58:00+00:00,92863.1,92888.0,92752.1,92800.1,55.179,92187.97519061639,0.339599256333232,92880.90714486703,91507.72055396256,1373.1865909044718,0,92056.0,92143.2,0.0,0.0,0.0,0.0,-0.7041553196751551,-0.23184813455696351,92142.6,92058.1,,,
2024-11-19 17:59:00+00:00,92800.1,92947.8,92791.2,92925.2,92.803,92188.31478987273,0.339599256333232,92881.24674412337,91508.0601532189,1373.1865909044718,0,92056.0,92143.2,0.0,0.0,0.0,0.0,-0.7041553196751551,-0.23184813455696351,92142.6,92058.1,,,
2024-11-19 18:00:00+00:00,92925.2,92925.3,92807.4,92860.6,102.2,92188.65438912906,0.339599256333232,92881.5863433797,91508.39975247523,1373.1865909044718,0,92056.0,92143.2,0.0,0.0,0.0,0.0,-0.7041553196751551,-0.23184813455696351,92142.6,92058.1,,,
2024-11-19 18:01:00+00:00,92860.6,92897.9,92827.6,92849.0,61.604,92188.9939883854,0.339599256333232,92881.92594263604,91508.73935173156,1373.1865909044718,0,92056.0,92143.2,0.0,0.0,0.0,0.0,-0.7041553196751551,-0.23184813455696351,92142.6,92058.1,,,
2024-11-19 18:02:00+00:00,92849.0,92957.2,92833.0,92957.1,88.568,92189.33358764173,0.339599256333232,92882.26554189237,91509.0789509879,1373.1865909044718,0,92056.0,92143.2,0.0,0.0,0.0,0.0,-0.7041553196751551,-0.23184813455696351,92142.6,92058.1,,,
2024-11-19 18:03:00+00:00,92957.1,92957.2,92826.2,92840.2,92.998,92189.67318689806,0.339599256333232,92882.6051411487,91509.41855024423,1373.1865909044718,0,92056.0,92143.2,0.0,0.0,0.0,0.0,-0.7041553196751551,-0.23184813455696351,92142.6,92058.1,,,
2024-11-19 18:04:00+00:00,92840.2,92870.0,92781.0,92856.2,89.57,92190.01278615439,0.339599256333232,92882.94474040503,91509.75814950056,1373.1865909044718,0,92056.0,92143.2,0.0,0.0,0.0,0.0,-0.7041553196751551,-0.23184813455696351,92142.6,92058.1,,,
2024-11-19 18:05:00+00:00,92856.2,92958.2,92842.7,92895.5,138.885,92190.35238541073,0.339599256333232,92883.28433966138,91510.0977487569,1373.1865909044718,0,92056.0,92143.2,0.0,0.0,0.0,0.0,-0.7041553196751551,-0.23184813455696351,92142.6,92058.1,,,
2024-11-19 18:06:00+00:00,92895.5,92953.2,92872.5,92931.6,30.412,92190.69198466706,0.339599256333232,92883.6239389177,91510.43734801323,1373.1865909044718,0,92056.0,92143.2,0.0,0.0,0.0,0.0,-0.7041553196751551,-0.23184813455696351,92142.6,92058.1,,,
2024-11-19 18:07:00+00:00,92931.6,93026.0,92931.5,93015.4,96.241,92191.0315839234,0.339599256333232,92883.96353817404,91510.77694726957,1373.1865909044718,0,92056.0,92143.2,0.0,0.0,0.0,0.0,-0.7041553196751551,-0.23184813455696351,92142.6,92058.1,,,
2024-11-19 18:08:00+00:00,93015.4,93041.9,92958.2,92982.8,110.202,92191.37118317973,0.339599256333232,92884.30313743037,91511.1165465259,1373.1865909044718,0,92056.0,92143.2,0.0,0.0,0.0,0.0,-0.7041553196751551,-0.23184813455696351,92142.6,92058.1,,,
2024-11-19 18:09:00+00:00,92982.8,93146.4,92982.8,93128.4,175.395,92191.71078243606,0.339599256333232,92884.6427366867,91511.45614578223,1373.1865909044718,0,92056.0,92143.2,0.0,0.0,0.0,0.0,-0.7041553196751551,-0.23184813455696351,92142.6,92058.1,,,
2024-11-19 18:10:00+00:00,93128.4,93268.5,93128.4,93239.9,255.008,92192.05038169239,0.339599256333232,92884.98233594303,91511.79574503856,1373.1865909044718,0,92056.0,92143.2,0.0,0.0,0.0,0.0,-0.7041553196751551,-0.23184813455696351,92142.6,92058.1,,,
2024-11-19 18:11:00+00:00,93239.9,93298.0,93220.0,93272.7,93.786,92192.38998094872,0.339599256333232,92885.32193519936,91512.13534429489,1373.1865909044718,0,92056.0,92143.2,0.0,0.0,0.0,0.0,-0.7041553196751551,-0.23184813455696351,92142.6,92058.1,,,
2024-11-19 18:12:00+00:00,93272.7,93288.0,93172.8,93229.2,251.196,92192.72958020506,0.339599256333232,92885.6615344557,91512.47494355123,1373.1865909044718,0,92056.0,92143.2,0.0,0.0,0.0,0.0,-0.7041553196751551,-0.23184813455696351,92142.6,92058.1,,,
2024-11-19 18:13:00+00:00,93229.2,93279.7,93224.1,93245.2,98.518,92193.0691794614,0.339599256333232,92886.00113371204,91512.81454280757,1373.1865909044718,0,92056.0,92143.2,0.0,0.0,0.0,0.0,-0.7041553196751551,-0.23184813455696351,92142.6,92058.1,,,
2024-11-19 18:14:00+00:00,93245.2,93400.0,93239.4,93375.9,241.696,92193.40877871773,0.339599256333232,92886.34073296837,91513.1541420639,1373.1865909044718,0,92056.0,92143.2,0.0,0.0,0.0,0.0,-0.7041553196751551,-0.23184813455696351,92142.6,92058.1,,,
2024-11-19 18:15:00+00:00,93375.9,93375.9,93153.0,93237.1,428.416,92193.74837797406,0.339599256333232,92886.6803322247,91513.49374132023,1373.1865909044718,0,92056.0,92143.2,0.0,0.0,0.0,0.0,-0.7041553196751551,-0.23184813455696351,92142.6,92058.1,,,
2024-11-19 18:16:00+00:00,93237.1,93599.0,93225.0,93543.0,1243.219,92194.08797723039,0.339599256333232,92887.01993148103,91513.83334057656,1373.1865909044718,0,92056.0,92143.2,0.0,0.0,0.0,0.0,-0.7041553196751551,-0.23184813455696351,92142.6,92058.1,,,
2024-11-19 18:17:00+00:00,93543.0,93661.8,93159.6,93272.2,1332.331,92194.42757648672,0.339599256333232,92887.35953073736,91514.17293983289,1373.1865909044718,1,92056.0,92143.2,774.4404692626413,0.0,0.5639732243180028,0.0,-0.7041553196751551,-0.23184813455696351,92142.6,92058.1,,,
2024-11-19 18:18:00+00:00,93272.2,93338.6,92958.6,92999.7,715.081,92194.76717574307,0.339599256333232,92887.6991299937,91514.51253908924,1373.1865909044718,0,92056.0,92143.2,0.0,0.0,0.0,0.0,-0.7041553196751551,-0.23184813455696351,92142.6,92058.1,,,
2024-11-19 18:19:00+00:00,92999.7,93188.8,92933.3,93172.1,367.201,92195.1067749994,0.339599256333232,92888.03872925004,91514.85213834557,1373.1865909044718,-1,92056.0,92143.2,0.0,-1418.4478616544366,0.0,-1.0329607578822575,-0.7041553196751551,-0.23184813455696351,92142.6,92058.1,,,
2024-11-19 18:20:00+00:00,93172.1,93332.2,93050.4,93187.1,283.042,92195.44637425573,0.339599256333232,92888.37832850637,91515.1917376019,1373.1865909044718,0,92056.0,92143.2,0.0,0.0,0.0,0.0,-0.7041553196751551,-0.23184813455696351,92142.6,92058.1,,,
2024-11-19 18:21:00+00:00,93187.1,93250.0,93071.3,93173.0,140.708,92195.78597351206,0.339599256333232,92888.7179277627,91515.53133685823,1373.1865909044718,0,92056.0,92143.2,0.0,0.0,0.0,0.0,-0.7041553196751551,-0.23184813455696351,92142.6,92058.1,,,
2024-11-19 18:22:00+00:00,93173.0,93273.5,93130.3,93226.9,276.583,92196.12557276839,0.339599256333232,92889.05752701903,91515.87093611456,1373.1865909044718,0,92056.0,92143.2,0.0,0.0,0.0,0.0,-0.7041553196751551,-0.23184813455696351,92142.6,92058.1,,,
2024-11-19 18:23:00+00:00,93226.9,93243.4,93150.0,93169.0,88.39,92196.46517202472,0.339599256333232,92889.39712627536,91516.21053537089,1373.1865909044718,0,92056.0,92143.2,0.0,0.0,0.0,0.0,-0.7041553196751551,-0.23184813455696351,92142.6,92058.1,,,
2024-11-19 18:24:00+00:00,93169.0,93233.5,92961.6,93124.3,359.426,92196.80477128105,0.339599256333232,92889.7367255317,91516.55013462722,1373.1865909044718,0,92056.0,92143.2,0.0,0.0,0.0,0.0,-0.7041553196751551,-0.23184813455696351,92142.6,92058.1,,,
2024-11-19 18:25:00+00:00,93124.3,93249.0,93116.3,93249.0,78.968,92197.1443705374,0.339599256333232,92890.07632478804,91516.88973388357,1373.1865909044718,0,92056.0,92143.2,0.0,0.0,0.0,0.0,-0.7041553196751551,-0.23184813455696351,92142.6,92058.1,,,
2024-11-19 18:26:00+00:00,93249.0,93342.0,93172.8,93180.0,145.971,92197.48396979373,0.339599256333232,92890.41592404437,91517.2293331399,1373.1865909044718,0,92056.0,92143.2,0.0,0.0,0.0,0.0,-0.7041553196751551,-0.23184813455696351,92142.6,92058.1,,,
2024-11-19 18:27:00+00:00,93180.0,93281.7,93110.0,93271.1,132.029,92197.82356905006,0.339599256333232,92890.7555233007,91517.56893239623,1373.1865909044718,0,92056.0,92143.2,0.0,0.0,0.0,0.0,-0.7041553196751551,-0.23184813455696351,92142.6,92058.1,,,
2024-11-19 18:28:00+00:00,93271.1,93871.3,93271.1,93760.0,1407.013,92198.16316830639,0.339599256333232,92891.09512255703,91517.90853165256,1373.1865909044718,1,92056.0,92143.2,980.2048774429713,0.0,0.7138176879497078,0.0,-0.7041553196751551,-0.23184813455696351,92142.6,92058.1,,,
2024-11-19 18:29:00+00:00,93760.0,93821.6,93656.0,93743.0,502.895,92198.50276756272,0.339599256333232,92891.43472181336,91518.24813090889,1373.1865909044718,0,92056.0,92143.2,0.0,0.0,0.0,0.0,-0.7041553196751551,-0.23184813455696351,92142.6,92058.1,,,
2024-11-19 18:30:00+00:00,93743.0,93770.3,93618.8,93651.7,313.698,92198.84236681905,0.339599256333232,92891.7743210697,91518.58773016522,1373.1865909044718,0,92056.0,92143.2,0.0,0.0,0.0,0.0,-0.7041553196751551,-0.23184813455696351,92142.6,92058.1,,,
2024-11-19 18:31:00+00:00,93651.7,93761.4,93556.8,93761.4,333.621,92199.1819660754,0.339599256333232,92892.11392032604,91518.92732942157,1373.1865909044718,0,92056.0,92143.2,0.0,0.0,0.0,0.0,-0.7041553196751551,-0.23184813455696351,92142.6,92058.1,,,
2024-11-19 18:32:00+00:00,93761.4,93777.0,93674.6,93756.7,470.179,92199.52156533173,0.339599256333232,92892.45351958237,91519.2669286779,1373.1865909044718,0,92056.0,92143.2,0.0,0.0,0.0,0.0,-0.7041553196751551,-0.23184813455696351,92142.6,92058.1,,,
2024-11-19 18:33:00+00:00,93756.7,93763.5,93600.0,93601.3,328.336,92199.86116458806,0.339599256333232,92892.7931188387,91519.60652793423,1373.1865909044718,0,92056.0,92143.2,0.0,0.0,0.0,0.0,-0.7041553196751551,-0.23184813455696351,92142.6,92058.1,,,
2024-11-19 18:34:00+00:00,93601.3,93720.8,93527.6,93685.0,411.593,92200.20076384439,0.339599256333232,92893.13271809503,91519.94612719056,1373.1865909044718,0,92056.0,92143.2,0.0,0.0,0.0,0.0,-0.7041553196751551,-0.23184813455696351,92142.6,92058.1,,,
2024-11-19 18:35:00+00:00,93685.0,93765.3,93654.5,93708.1,223.847,92200.54036310072,0.339599256333232,92893.47231735136,91520.28572644689,1373.1865909044718,0,92056.0,92143.2,0.0,0.0,0.0,0.0,-0.7041553196751551,-0.23184813455696351,92142.6,92058.1,,,
2024-11-19 18:36:00+00:00,93708.1,93777.0,93708.1,93775.9,190.88,92200.87996235705,0.339599256333232,92893.8119166077,91520.62532570322,1373.1865909044718,0,92056.0,92143.2,0.0,0.0,0.0,0.0,-0.7041553196751551,-0.23184813455696351,92142.6,92058.1,,,
2024-11-19 18:37:00+00:00,93775.9,93854.9,93722.7,93728.2,292.609,92201.2195616134,0.339599256333232,92894.15151586404,91520.96492495957,1373.1865909044718,1,92056.0,92143.2,960.7484841359546,0.0,0.6996488973163814,0.0,-0.7041553196751551,-0.23184813455696351,92142.6,92058.1,,,
2024-11-19 18:38:00+00:00,93728.2,93769.9,93576.5,93673.7,205.58,92201.55916086973,0.339599256333232,92894.49111512037,91521.3045242159,1373.1865909044718,0,92056.0,92143.2,0.0,0.0,0.0,0.0,-0.7041553196751551,-0.23184813455696351,92142.6,92058.1,,,
2024-11-19 18:39:00+00:00,93673.7,93812.0,93667.0,93771.9,180.73,92201.89876012606,0.339599256333232,92894.8307143767,91521.64412347223,1373.1865909044718,0,92056.0,92143.2,0.0,0.0,0.0,0.0,-0.7041553196751551,-0.23184813455696351,92142.6,92058.1,,,
2024-11-19 18:40:00+00:00,93771.9,93800.0,93637.6,93703.9,148.848,92202.23835938239,0.339599256333232,92895.17031363303,91521.98372272856,1373.1865909044718,0,92056.0,92143.2,0.0,0.0,0.0,0.0,-0.7041553196751551,-0.23184813455696351,92142.6,92058.1,,,
2024-11-19 18:41:00+00:00,93703.9,93741.9,93618.2,93639.9,85.265,92202.57795863872,0.339599256333232,92895.50991288936,91522.32332198489,1373.1865909044718,0,92056.0,92143.2,0.0,0.0,0.0,0.0,-0.7041553196751551,-0.23184813455696351,92142.6,92058.1,,,
2024-11-19 18:42:00+00:00,93639.9,93660.8,93383.1,93469.7,499.575,92202.91755789505,0.339599256333232,92895.8495121457,91522.66292124122,1373.1865909044718,-1,92056.0,92143.2,0.0,-1860.4370787587832,0.0,-1.3548319588042117,-0.7041553196751551,-0.23184813455696351,92142.6,92058.1,,,
2024-11-19 18:43:00+00:00,93469.7,93596.0,93464.2,93594.2,149.527,92203.25715715138,0.339599256333232,92896.18911140203,91523.00252049755,1373.1865909044718,0,92056.0,92143.2,0.0,0.0,0.0,0.0,-0.7041553196751551,-0.23184813455696351,92142.6,92058.1,,,
2024-11-19 18:44:00+00:00,93594.2,93722.6,93550.0,93708.1,162.558,92203.59675640773,0.339599256333232,92896.52871065837,91523.3421197539,1373.1865909044718,0,92056.0,92143.2,0.0,0.0,0.0,0.0,-0.7041553196751551,-0.23184813455696351,92142.6,92058.1,,,
2024-11-19 18:45:00+00:00,93708.1,93746.5,93692.2,93723.2,95.462,92203.93635566406,0.339599256333232,92896.8683099147,91523.68171901023,1373.1865909044718,0,92056.0,92143.2,0.0,0.0,0.0,0.0,-0.7041553196751551,-0.23184813455696351,92142.6,92058.1,,,
2024-11-19 18:46:00+00:00,93723.2,93933.5,93705.5,93868.0,673.916,92204.27595492039,0.339599256333232,92897.20790917103,91524.02131826656,1373.1865909044718,1,92056.0,92143.2,1036.292090828967,0.0,0.7546622561660731,0.0,-0.7041553196751551,-0.23184813455696351,92142.6,92058.1,,,
2024-11-19 18:47:00+00:00,93868.0,93868.0,93713.3,93797.9,228.073,92204.61555417672,0.339599256333232,92897.54750842736,91524.36091752289,1373.1865909044718,0,92056.0,92143.2,0.0,0.0,0.0,0.0,-0.7041553196751551,-0.23184813455696351,92142.6,92058.1,,,
2024-11-19 18:48:00+00:00,93797.9,93821.4,93743.2,93777.1,172.078,92204.95515343305,0.339599256333232,92897.8871076837,91524.70051677922,1373.1865909044718,0,92056.0,92143.2,0.0,0.0,0.0,0.0,-0.7041553196751551,-0.23184813455696351,92142.6,92058.1,,,
2024-11-19 18:49:00+00:00,93777.1,93785.2,93524.1,93580.1,472.139,92205.29475268938,0.339599256333232,92898.22670694003,91525.04011603555,1373.1865909044718,0,92056.0,92143.2,0.0,0.0,0.0,0.0,-0.7041553196751551,-0.23184813455696351,92142.6,92058.1,,,
2024-11-19 18:50:00+00:00,93580.1,93695.0,93530.1,93595.5,102.711,92205.63435194573,0.339599256333232,92898.56630619637,91525.3797152919,1373.1865909044718,0,92056.0,92143.2,0.0,0.0,0.0,0.0,-0.7041553196751551,-0.23184813455696351,92142.6,92058.1,,,
2024-11-19 18:51:00+00:00,93595.5,93771.9,93595.5,93766.5,77.91,92205.97395120206,0.339599256333232,92898.9059054527,91525.71931454823,1373.1865909044718,0,92056.0,92143.2,0.0,0.0,0.0,0.0,-0.7041553196751551,-0.23184813455696351,92142.6,92058.1,,,
2024-11-19 18:52:00+00:00,93766.5,93809.5,93699.1,93742.9,123.291,92206.31355045839,0.339599256333232,92899.24550470903,91526.05891380456,1373.1865909044718,0,92056.0,92143.2,0.0,0.0,0.0,0.0,-0.7041553196751551,-0.23184813455696351,92142.6,92058.1,,,
2024-11-19 18:53:00+00:00,93742.9,93865.9,93671.3,93715.3,244.943,92206.65314971472,0.339599256333232,92899.58510396536,91526.39851306089,1373.1865909044718,0,92056.0,92143.2,0.0,0.0,0.0,0.0,-0.7041553196751551,-0.23184813455696351,92142.6,92058.1,,,
2024-11-19 18:54:00+00:00,93715.3,93809.9,93628.4,93777.2,306.085,92206.99274897105,0.339599256333232,92899.9247032217,91526.73811231722,1373.1865909044718,0,92056.0,92143.2,0.0,0.0,0.0,0.0,-0.7041553196751551,-0.23184813455696351,92142.6,92058.1,,,
2024-11-19 18:55:00+00:00,93777.2,93857.0,93720.0,93760.5,220.187,92207.33234822738,0.339599256333232,92900.26430247803,91527.07771157355,1373.1865909044718,0,92056.0,92143.2,0.0,0.0,0.0,0.0,-0.7041553196751551,-0.23184813455696351,92142.6,92058.1,,,
2024-11-19 18:56:00+00:00,93760.5,93845.2,93713.9,93727.4,95.198,92207.67194748372,0.339599256333232,92900.60390173436,91527.41731082989,1373.1865909044718,0,92056.0,92143.2,0.0,0.0,0.0,0.0,-0.7041553196751551,-0.23184813455696351,92142.6,92058.1,,,
2024-11-19 18:57:00+00:00,93727.4,93799.0,93708.4,93746.5,132.43,92208.01154674006,0.339599256333232,92900.9435009907,91527.75691008623,1373.1865909044718,0,92056.0,92143.2,0.0,0.0,0.0,0.0,-0.7041553196751551,-0.23184813455696351,92142.6,92058.1,,,
2024-11-19 18:58:00+00:00,93746.5,93770.0,93720.0,93739.0,58.677,92208.35114599639,0.339599256333232,92901.28310024703,91528.09650934256,1373.1865909044718,0,92056.0,92143.2,0.0,0.0,0.0,0.0,-0.7041553196751551,-0.23184813455696351,92142.6,92058.1,,,
2024-11-19 18:59:00+00:00,93739.0,93739.1,93615.9,93698.4,166.434,92208.69074525272,0.339599256333232,92901.62269950336,91528.4361085989,1373.1865909044718,0,92056.0,92143.2,0.0,0.0,0.0,0.0,-0.7041553196751551,-0.23184813455696351,92142.6,92058.1,,,
2024-11-19 19:00:00+00:00,93698.4,93767.7,93693.5,93727.8,87.346,92209.03034450905,0.339599256333232,92901.9622987597,91528.77570785522,1373.1865909044718,0,92056.0,92143.2,0.0,0.0,0.0,0.0,-0.7041553196751551,-0.23184813455696351,92142.6,92058.1,,,
2024-11-19 19:01:00+00:00,93727.8,93727.8,93327.4,93377.3,1194.769,92209.36994376538,0.339599256333232,92902.30189801603,91529.11530711156,1373.1865909044718,0,92056.0,92143.2,0.0,0.0,0.0,0.0,-0.7041553196751551,-0.23184813455696351,92142.6,92058.1,,,
2024-11-19 19:02:00+00:00,93377.3,93416.6,93204.6,93323.2,557.801,92209.70954302172,0.339599256333232,92902.64149727236,91529.45490636789,1373.1865909044718,0,92056.0,92143.2,0.0,0.0,0.0,0.0,-0.7041553196751551,-0.23184813455696351,92142.6,92058.1,,,
2024-11-19 19:03:00+00:00,93323.2,93380.7,93153.3,93236.0,360.369,92210.04914227806,0.339599256333232,92902.9810965287,91529.79450562423,1373.1865909044718,-1,92056.0,92143.2,0.0,-1623.5054943757714,0.0,-1.182290524193382,-0.7041553196751551,-0.23184813455696351,92142.6,92058.1,,,
2024-11-19 19:04:00+00:00,93236.0,93376.0,93235.4,93300.3,168.83,92210.38874153439,0.339599256333232,92903.32069578503,91530.13410488056,1373.1865909044718,0,92056.0,92143.2,0.0,0.0,0.0,0.0,-0.7041553196751551,-0.23184813455696351,92142.6,92058.1,,,
2024-11-19 19:05:00+00:00,93300.3,93359.4,93157.3,93285.6,224.151,92210.72834079072,0.339599256333232,92903.66029504137,91530.4737041369,1373.1865909044718,0,92056.0,92143.2,0.0,0.0,0.0,0.0,-0.7041553196751551,-0.23184813455696351,92142.6,92058.1,,,
2024-11-19 19:06:00+00:00,93285.6,93378.1,93250.0,93319.9,85.434,92211.06794004705,0.339599256333232,92903.9998942977,91530.81330339322,1373.1865909044718,0,92056.0,92143.2,0.0,0.0,0.0,0.0,-0.7041553196751551,-0.23184813455696351,92142.6,92058.1,,,
2024-11-19 19:07:00+00:00,93319.9,93513.4,93305.4,93437.7,146.804,92211.40753930339,0.339599256333232,92904.33949355403,91531.15290264956,1373.1865909044718,0,92056.0,92143.2,0.0,0.0,0.0,0.0,-0.7041553196751551,-0.23184813455696351,92142.6,92058.1,,,
2024-11-19 19:08:00+00:00,93437.7,93549.8,93437.6,93511.6,150.532,92211.74713855972,0.339599256333232,92904.67909281036,91531.49250190589,1373.1865909044718,0,92056.0,92143.2,0.0,0.0,0.0,0.0,-0.7041553196751551,-0.23184813455696351,92142.6,92058.1,,,
2024-11-19 19:09:00+00:00,93511.6,93567.8,93468.4,93489.1,183.889,92212.08673781605,0.339599256333232,92905.01869206669,91531.83210116222,1373.1865909044718,0,92056.0,92143.2,0.0,0.0,0.0,0.0,-0.7041553196751551,-0.23184813455696351,92142.6,92058.1,,,
2024-11-19 19:10:00+00:00,93489.1,93762.0,93486.6,93733.6,676.954,92212.4263370724,0.339599256333232,92905.35829132303,91532.17170041856,1373.1865909044718,0,92056.0,92143.2,0.0,0.0,0.0,0.0,-0.7041553196751551,-0.23184813455696351,92142.6,92058.1,,,
2024-11-19 19:11:00+00:00,93733.6,93925.0,93733.6,93893.6,598.202,92212.76593632872,0.339599256333232,92905.69789057937,91532.5112996749,1373.1865909044718,0,92056.0,92143.2,0.0,0.0,0.0,0.0,-0.7041553196751551,-0.23184813455696351,92142.6,92058.1,,,
2024-11-19 19:12:00+00:00,93893.6,93971.3,93788.8,93853.5,795.447,92213.10553558505,0.339599256333232,92906.0374898357,91532.85089893122,1373.1865909044718,0,92056.0,92143.2,0.0,0.0,0.0,0.0,-0.7041553196751551,-0.23184813455696351,92142.6,92058.1,,,
2024-11-19 19:13:00+00:00,93853.5,93950.0,93835.4,93933.2,342.556,92213.44513484139,0.339599256333232,92906.37708909203,91533.19049818756,1373.1865909044718,0,92056.0,92143.2,0.0,0.0,0.0,0.0,-0.7041553196751551,-0.23184813455696351,92142.6,92058.1,,,
2024-11-19 19:14:00+00:00,93933.2,93980.0,93892.8,93935.5,130.795,92213.78473409772,0.339599256333232,92906.71668834836,91533.53009744389,1373.1865909044718,1,92056.0,92143.2,1073.2833116516413,0.0,0.7816004895188393,0.0,-0.7041553196751551,-0.23184813455696351,92142.6,92058.1,,,
2024-11-19 19:15:00+00:00,93935.5,93944.0,93807.3,93908.2,149.264,92214.12433335405,0.339599256333232,92907.05628760469,91533.86969670022,1373.1865909044718,0,92056.0,92143.2,0.0,0.0,0.0,0.0,-0.7041553196751551,-0.23184813455696351,92142.6,92058.1,,,
2024-11-19 19:16:00+00:00,93908.2,93942.9,93756.8,93787.1,212.288,92214.4639326104,0.339599256333232,92907.39588686104,91534.20929595656,1373.1865909044718,0,92056.0,92143.2,0.0,0.0,0.0,0.0,-0.7041553196751551,-0.23184813455696351,92142.6,92058.1,,,
2024-11-19 19:17:00+00:00,93787.1,93837.9,93688.7,93788.4,239.286,92214.80353186672,0.339599256333232,92907.73548611737,91534.5488952129,1373.1865909044718,0,92056.0,92143.2,0.0,0.0,0.0,0.0,-0.7041553196751551,-0.23184813455696351,92142.6,92058.1,,,
2024-11-19 19:18:00+00:00,93788.4,93811.5,93712.6,93763.8,78.191,92215.14313112306,0.339599256333232,92908.0750853737,91534.88849446923,1373.1865909044718,0,92056.0,92143.2,0.0,0.0,0.0,0.0,-0.7041553196751551,-0.23184813455696351,92142.6,92058.1,,,
2024-11-19 19:19:00+00:00,93763.8,93836.7,93673.7,93816.2,135.939,92215.48273037939,0.339599256333232,92908.41468463003,91535.22809372556,1373.1865909044718,0,92056.0,92143.2,0.0,0.0,0.0,0.0,-0.7041553196751551,-0.23184813455696351,92142.6,92058.1,,,
2024-11-19 19:20:00+00:00,93816.2,93851.0,93722.3,93843.7,105.324,92215.82232963572,0.339599256333232,92908.75428388636,91535.56769298189,1373.1865909044718,0,92056.0,92143.2,0.0,0.0,0.0,0.0,-0.7041553196751551,-0.23184813455696351,92142.6,92058.1,,,
2024-11-19 19:21:00+00:00,93843.7,93862.4,93745.1,93765.7,88.84,92216.16192889205,0.339599256333232,92909.09388314269,91535.90729223822,1373.1865909044718,0,92056.0,92143.2,0.0,0.0,0.0,0.0,-0.7041553196751551,-0.23184813455696351,92142.6,92058.1,,,
2024-11-19 19:22:00+00:00,93765.7,93821.3,93687.6,93729.7,78.287,92216.50152814838,0.339599256333232,92909.43348239902,91536.24689149455,1373.1865909044718,0,92056.0,92143.2,0.0,0.0,0.0,0.0,-0.7041553196751551,-0.23184813455696351,92142.6,92058.1,,,
2024-11-19 19:23:00+00:00,93729.7,93814.8,93609.4,93614.6,152.582,92216.84112740472,0.339599256333232,92909.77308165537,91536.5864907509,1373.1865909044718,0,92056.0,92143.2,0.0,0.0,0.0,0.0,-0.7041553196751551,-0.23184813455696351,92142.6,92058.1,,,
2024-11-19 19:24:00+00:00,93614.6,93659.7,93551.7,93649.9,148.268,92217.18072666106,0.339599256333232,92910.1126809117,91536.92609000723,1373.1865909044718,0,92056.0,92143.2,0.0,0.0,0.0,0.0,-0.7041553196751551,-0.23184813455696351,92142.6,92058.1,,,
2024-11-19 19:25:00+00:00,93649.9,93650.0,93547.3,93547.4,39.776,92217.52032591739,0.339599256333232,92910.45228016803,91537.26568926356,1373.1865909044718,-1,92056.0,92143.2,0.0,-2010.034310736446,0.0,-1.4637736226454878,-0.7041553196751551,-0.23184813455696351,92142.6,92058.1,,,
2024-11-19 19:26:00+00:00,93547.4,93681.6,93547.3,93650.4,54.058,92217.85992517372,0.339599256333232,92910.79187942436,91537.60528851989,1373.1865909044718,0,92056.0,92143.2,0.0,0.0,0.0,0.0,-0.7041553196751551,-0.23184813455696351,92142.6,92058.1,,,
2024-11-19 19:27:00+00:00,93650.4,93724.0,93628.1,93680.0,84.346,92218.19952443005,0.339599256333232,92911.13147868069,91537.94488777622,1373.1865909044718,0,92056.0,92143.2,0.0,0.0,0.0,0.0,-0.7041553196751551,-0.23184813455696351,92142.6,92058.1,,,
2024-11-19 19:28:00+00:00,93680.0,93787.0,93680.0,93712.7,67.872,92218.53912368638,0.339599256333232,92911.47107793702,91538.28448703255,1373.1865909044718,0,92056.0,92143.2,0.0,0.0,0.0,0.0,-0.7041553196751551,-0.23184813455696351,92142.6,92058.1,,,
2024-11-19 19:29:00+00:00,93712.7,93780.0,93650.0,93652.3,96.276,92218.87872294273,0.339599256333232,92911.81067719337,91538.6240862889,1373.1865909044718,0,92056.0,92143.2,0.0,0.0,0.0,0.0,-0.7041553196751551,-0.23184813455696351,92142.6,92058.1,,,
2024-11-19 19:30:00+00:00,93652.3,93740.0,93652.2,93740.0,43.282,92219.21832219906,0.339599256333232,92912.1502764497,91538.96368554523,1373.1865909044718,0,92056.0,92143.2,0.0,0.0,0.0,0.0,-0.7041553196751551,-0.23184813455696351,92142.6,92058.1,,,
2024-11-19 19:31:00+00:00,93740.0,93746.4,93554.1,93554.1,109.576,92219.55792145539,0.339599256333232,92912.48987570603,91539.30328480156,1373.1865909044718,0,92056.0,92143.2,0.0,0.0,0.0,0.0,-0.7041553196751551,-0.23184813455696351,92142.6,92058.1,,,
2024-11-19 19:32:00+00:00,93554.1,93579.9,93468.7,93472.1,206.686,92219.89752071172,0.339599256333232,92912.82947496236,91539.64288405789,1373.1865909044718,0,92056.0,92143.2,0.0,0.0,0.0,0.0,-0.7041553196751551,-0.23184813455696351,92142.6,92058.1,,,
2024-11-19 19:33:00+00:00,93472.1,93583.0,93444.0,93534.0,166.806,92220.23711996805,0.339599256333232,92913.16907421869,91539.98248331422,1373.1865909044718,0,92056.0,92143.2,0.0,0.0,0.0,0.0,-0.7041553196751551,-0.23184813455696351,92142.6,92058.1,,,
2024-11-19 19:34:00+00:00,93534.0,93546.8,93453.4,93461.1,53.072,92220.57671922438,0.339599256333232,92913.50867347502,91540.32208257055,1373.1865909044718,0,92056.0,92143.2,0.0,0.0,0.0,0.0,-0.7041553196751551,-0.23184813455696351,92142.6,92058.1,,,
2024-11-19 19:35:00+00:00,93461.1,93514.6,93360.4,93441.7,250.683,92220.91631848071,0.339599256333232,92913.84827273135,91540.66168182688,1373.1865909044718,-1,92056.0,92143.2,0.0,-1819.738318173113,0.0,-1.3251937720819955,-0.7041553196751551,-0.23184813455696351,92142.6,92058.1,,,
2024-11-19 19:36:00+00:00,93441.7,93615.0,93420.6,93528.5,142.114,92221.25591773706,0.339599256333232,92914.1878719877,91541.00128108323,1373.1865909044718,0,92056.0,92143.2,0.0,0.0,0.0,0.0,-0.7041553196751551,-0.23184813455696351,92142.6,92058.1,,,
2024-11-19 19:37:00+00:00,93528.5,93600.0,93528.5,93564.0,50.028,92221.59551699339,0.339599256333232,92914.52747124403,91541.34088033956,1373.1865909044718,0,92056.0,92143.2,0.0,0.0,0.0,0.0,-0.7041553196751551,-0.23184813455696351,92142.6,92058.1,,,
2024-11-19 19:38:00+00:00,93564.0,93573.6,93506.6,93523.6,49.625,92221.93511624972,0.339599256333232,92914.86707050036,91541.68047959589,1373.1865909044718,0,92056.0,92143.2,0.0,0.0,0.0,0.0,-0.7041553196751551,-0.23184813455696351,92142.6,92058.1,,,
2024-11-19 19:39:00+00:00,93523.6,93638.2,93523.6,93638.2,48.561,92222.27471550605,0.339599256333232,92915.20666975669,91542.02007885222,1373.1865909044718,0,92056.0,92143.2,0.0,0.0,0.0,0.0,-0.7041553196751551,-0.23184813455696351,92142.6,92058.1,,,
2024-11-19 19:40:00+00:00,93638.2,93716.1,93630.6,93679.3,115.66,92222.61431476238,0.339599256333232,92915.54626901302,91542.35967810855,1373.1865909044718,0,92056.0,92143.2,0.0,0.0,0.0,0.0,-0.7041553196751551,-0.23184813455696351,92142.6,92058.1,,,
2024-11-19 19:41:00+00:00,93679.3,93772.7,93675.2,93764.1,136.3,92222.95391401871,0.339599256333232,92915.88586826935,91542.69927736488,1373.1865909044718,1,92056.0,92143.2,856.8141317306436,0.0,0.6239604562161424,0.0,-0.7041553196751551,-0.23184813455696351,92142.6,92058.1,,,
2024-11-19 19:42:00+00:00,93764.1,93768.6,93650.0,93650.0,53.448,92223.29351327506,0.339599256333232,92916.2254675257,91543.03887662123,1373.1865909044718,0,92056.0,92143.2,0.0,0.0,0.0,0.0,-0.7041553196751551,-0.23184813455696351,92142.6,92058.1,,,
2024-11-19 19:43:00+00:00,93650.0,93692.5,93584.0,93605.2,55.61,92223.63311253139,0.339599256333232,92916.56506678203,91543.37847587756,1373.1865909044718,0,92056.0,92143.2,0.0,0.0,0.0,0.0,-0.7041553196751551,-0.23184813455696351,92142.6,92058.1,,,
2024-11-19 19:44:00+00:00,93605.2,93644.8,93600.0,93608.3,44.733,92223.97271178772,0.339599256333232,92916.90466603836,91543.71807513389,1373.1865909044718,0,92056.0,92143.2,0.0,0.0,0.0,0.0,-0.7041553196751551,-0.23184813455696351,92142.6,92058.1,,,
2024-11-19 19:45:00+00:00,93608.3,93642.1,93594.0,93614.9,59.723,92224.31231104405,0.339599256333232,92917.24426529469,91544.05767439022,1373.1865909044718,0,92056.0,92143.2,0.0,0.0,0.0,0.0,-0.7041553196751551,-0.23184813455696351,92142.6,92058.1,,,
2024-11-19 19:46:00+00:00,93614.9,93615.8,93493.6,93545.2,107.331,92224.65191030038,0.339599256333232,92917.58386455102,91544.39727364655,1373.1865909044718,0,92056.0,92143.2,0.0,0.0,0.0,0.0,-0.7041553196751551,-0.23184813455696351,92142.6,92058.1,,,
2024-11-19 19:47:00+00:00,93545.2,93545.3,93400.0,93481.8,237.47,92224.99150955671,0.339599256333232,92917.92346380735,91544.73687290288,1373.1865909044718,0,92056.0,92143.2,0.0,0.0,0.0,0.0,-0.7041553196751551,-0.23184813455696351,92142.6,92058.1,,,
2024-11-19 19:48:00+00:00,93481.8,93481.8,93370.9,93370.9,116.172,92225.33110881304,0.339599256333232,92918.26306306368,91545.07647215921,1373.1865909044718,0,92056.0,92143.2,0.0,0.0,0.0,0.0,-0.7041553196751551,-0.23184813455696351,92142.6,92058.1,,,
2024-11-19 19:49:00+00:00,93370.9,93398.4,93321.5,93368.0,101.977,92225.67070806939,0.339599256333232,92918.60266232003,91545.41607141556,1373.1865909044718,0,92056.0,92143.2,0.0,0.0,0.0,0.0,-0.7041553196751551,-0.23184813455696351,92142.6,92058.1,,,
2024-11-19 19:50:00+00:00,93368.0,93475.1,93360.0,93436.0,177.428,92226.01030732572,0.339599256333232,92918.94226157636,91545.75567067189,1373.1865909044718,0,92056.0,92143.2,0.0,0.0,0.0,0.0,-0.7041553196751551,-0.23184813455696351,92142.6,92058.1,,,
2024-11-19 19:51:00+00:00,93436.0,93507.1,93385.9,93507.1,75.658,92226.34990658205,0.339599256333232,92919.28186083269,91546.09526992822,1373.1865909044718,0,92056.0,92143.2,0.0,0.0,0.0,0.0,-0.7041553196751551,-0.23184813455696351,92142.6,92058.1,,,
2024-11-19 19:52:00+00:00,93507.1,93530.6,93450.1,93466.0,43.286,92226.68950583838,0.339599256333232,92919.62146008902,91546.43486918455,1373.1865909044718,0,92056.0,92143.2,0.0,0.0,0.0,0.0,-0.7041553196751551,-0.23184813455696351,92142.6,92058.1,,,
2024-11-19 19:53:00+00:00,93466.0,93520.0,93440.0,93440.0,25.962,92227.02910509471,0.339599256333232,92919.96105934535,91546.77446844088,1373.1865909044718,0,92056.0,92143.2,0.0,0.0,0.0,0.0,-0.7041553196751551,-0.23184813455696351,92142.6,92058.1,,,
2024-11-19 19:54:00+00:00,93440.0,93440.1,93327.0,93338.8,49.684,92227.36870435104,0.339599256333232,92920.30065860169,91547.11406769721,1373.1865909044718,0,92056.0,92143.2,0.0,0.0,0.0,0.0,-0.7041553196751551,-0.23184813455696351,92142.6,92058.1,,,
2024-11-19 19:55:00+00:00,93338.8,93346.6,93310.3,93343.7,55.227,92227.70830360739,0.339599256333232,92920.64025785803,91547.45366695356,1373.1865909044718,0,92056.0,92143.2,0.0,0.0,0.0,0.0,-0.7041553196751551,-0.23184813455696351,92142.6,92058.1,,,
2024-11-19 19:56:00+00:00,93343.7,93399.8,93324.0,93331.9,48.058,92228.04790286372,0.339599256333232,92920.97985711436,91547.79326620989,1373.1865909044718,0,92056.0,92143.2,0.0,0.0,0.0,0.0,-0.7041553196751551,-0.23184813455696351,92142.6,92058.1,,,
2024-11-19 19:57:00+00:00,93331.9,93332.0,93202.8,93216.4,224.35,92228.38750212005,0.339599256333232,92921.3194563707,91548.13286546622,1373.1865909044718,0,92056.0,92143.2,0.0,0.0,0.0,0.0,-0.7041553196751551,-0.23184813455696351,92142.6,92058.1,,,
2024-11-19 19:58:00+00:00,93216.4,93219.9,93064.1,93209.8,347.093,92228.72710137638,0.339599256333232,92921.65905562702,91548.47246472255,1373.1865909044718,-1,92056.0,92143.2,0.0,-1515.6275352774537,0.0,-1.1037302179590618,-0.7041553196751551,-0.23184813455696351,92142.6,92058.1,,,
2024-11-19 19:59:00+00:00,93209.8,93287.5,93180.2,93280.5,191.452,92229.06670063271,0.339599256333232,92921.99865488335,91548.81206397888,1373.1865909044718,0,92056.0,92143.2,0.0,0.0,0.0,0.0,-0.7041553196751551,-0.23184813455696351,92142.6,92058.1,,,
2024-11-19 20:00:00+00:00,93280.5,93317.4,93196.1,93196.2,130.249,92229.40629988904,0.339599256333232,92922.33825413969,91549.15166323521,1373.1865909044718,0,92056.0,92143.2,0.0,0.0,0.0,0.0,-0.7041553196751551,-0.23184813455696351,92142.6,92058.1,,,
2024-11-19 20:01:00+00:00,93196.2,93262.4,93120.1,93227.6,204.035,92229.74589914538,0.339599256333232,92922.67785339602,91549.49126249155,1373.1865909044718,0,92056.0,92143.2,0.0,0.0,0.0,0.0,-0.7041553196751551,-0.23184813455696351,92142.6,92058.1,,,
2024-11-19 20:02:00+00:00,93227.6,93279.9,93112.0,93242.6,162.042,92230.08549840172,0.339599256333232,92923.01745265236,91549.83086174789,1373.1865909044718,0,92056.0,92143.2,0.0,0.0,0.0,0.0,-0.7041553196751551,-0.23184813455696351,92142.6,92058.1,,,
2024-11-19 20:03:00+00:00,93242.6,93273.4,93212.0,93247.4,96.654,92230.42509765805,0.339599256333232,92923.3570519087,91550.17046100422,1373.1865909044718,0,92056.0,92143.2,0.0,0.0,0.0,0.0,-0.7041553196751551,-0.23184813455696351,92142.6,92058.1,,,
2024-11-19 20:04:00+00:00,93247.4,93356.2,93247.4,93346.0,136.672,92230.76469691438,0.339599256333232,92923.69665116502,91550.51006026055,1373.1865909044718,0,92056.0,92143.2,0.0,0.0,0.0,0.0,-0.7041553196751551,-0.23184813455696351,92142.6,92058.1,,,
2024-11-19 20:05:00+00:00,93346.0,93441.0,93308.4,93407.9,166.877,92231.10429617071,0.339599256333232,92924.03625042136,91550.84965951688,1373.1865909044718,0,92056.0,92143.2,0.0,0.0,0.0,0.0,-0.7041553196751551,-0.23184813455696351,92142.6,92058.1,,,
2024-11-19 20:06:00+00:00,93407.9,93407.9,93308.9,93367.8,36.375,92231.44389542704,0.339599256333232,92924.37584967769,91551.18925877321,1373.1865909044718,0,92056.0,92143.2,0.0,0.0,0.0,0.0,-0.7041553196751551,-0.23184813455696351,92142.6,92058.1,,,
2024-11-19 20:07:00+00:00,93367.8,93469.0,93358.9,93431.7,163.885,92231.78349468338,0.339599256333232,92924.71544893402,91551.52885802955,1373.1865909044718,0,92056.0,92143.2,0.0,0.0,0.0,0.0,-0.7041553196751551,-0.23184813455696351,92142.6,92058.1,,,
2024-11-19 20:08:00+00:00,93431.7,93448.2,93398.6,93398.6,65.288,92232.12309393972,0.339599256333232,92925.05504819036,91551.86845728589,1373.1865909044718,0,92056.0,92143.2,0.0,0.0,0.0,0.0,-0.7041553196751551,-0.23184813455696351,92142.6,92058.1,,,
2024-11-19 20:09:00+00:00,93398.6,93470.0,93398.5,93470.0,61.436,92232.46269319605,0.339599256333232,92925.3946474467,91552.20805654222,1373.1865909044718,0,92056.0,92143.2,0.0,0.0,0.0,0.0,-0.7041553196751551,-0.23184813455696351,92142.6,92058.1,,,
2024-11-19 20:10:00+00:00,93470.0,93541.6,93469.9,93501.9,204.158,92232.80229245238,0.339599256333232,92925.73424670302,91552.54765579855,1373.1865909044718,0,92056.0,92143.2,0.0,0.0,0.0,0.0,-0.7041553196751551,-0.23184813455696351,92142.6,92058.1,,,
2024-11-19 20:11:00+00:00,93501.9,93591.0,93501.8,93591.0,184.927,92233.14189170871,0.339599256333232,92926.07384595936,91552.88725505488,1373.1865909044718,0,92056.0,92143.2,0.0,0.0,0.0,0.0,-0.7041553196751551,-0.23184813455696351,92142.6,92058.1,,,
2024-11-19 20:12:00+00:00,93591.0,93634.9,93558.2,93571.1,146.241,92233.48149096504,0.339599256333232,92926.41344521569,91553.22685431121,1373.1865909044718,0,92056.0,92143.2,0.0,0.0,0.0,0.0,-0.7041553196751551,-0.23184813455696351,92142.6,92058.1,,,
2024-11-19 20:13:00+00:00,93571.1,93643.0,93552.9,93615.1,108.74,92233.82109022138,0.339599256333232,92926.75304447202,91553.56645356755,1373.1865909044718,1,92056.0,92143.2,716.2469555279822,0.0,0.5215947783587185,0.0,-0.7041553196751551,-0.23184813455696351,92142.6,92058.1,,,
2024-11-19 20:14:00+00:00,93615.1,93633.6,93583.5,93583.5,48.297,92234.1606894777,0.339599256333232,92927.09264372835,91553.90605282388,1373.1865909044718,0,92056.0,92143.2,0.0,0.0,0.0,0.0,-0.7041553196751551,-0.23184813455696351,92142.6,92058.1,,,
2024-11-19 20:15:00+00:00,93583.5,93583.6,93473.1,93493.9,137.602,92234.50028873405,0.339599256333232,92927.4322429847,91554.24565208022,1373.1865909044718,0,92056.0,92143.2,0.0,0.0,0.0,0.0,-0.7041553196751551,-0.23184813455696351,92142.6,92058.1,,,
2024-11-19 20:16:00+00:00,93493.9,93575.1,93472.6,93490.1,97.897,92234.83988799038,0.339599256333232,92927.77184224103,91554.58525133655,1373.1865909044718,0,92056.0,92143.2,0.0,0.0,0.0,0.0,-0.7041553196751551,-0.23184813455696351,92142.6,92058.1,,,
2024-11-19 20:17:00+00:00,93490.1,93553.2,93451.4,93553.1,37.228,92235.17948724671,0.339599256333232,92928.11144149736,91554.92485059288,1373.1865909044718,0,92056.0,92143.2,0.0,0.0,0.0,0.0,-0.7041553196751551,-0.23184813455696351,92142.6,92058.1,,,
2024-11-19 20:18:00+00:00,93553.1,93615.0,93539.3,93605.7,57.985,92235.51908650305,0.339599256333232,92928.45104075369,91555.26444984922,1373.1865909044718,0,92056.0,92143.2,0.0,0.0,0.0,0.0,-0.7041553196751551,-0.23184813455696351,92142.6,92058.1,,,
2024-11-19 20:19:00+00:00,93605.7,93605.7,93505.4,93516.2,28.849,92235.85868575938,0.339599256333232,92928.79064001002,91555.60404910555,1373.1865909044718,0,92056.0,92143.2,0.0,0.0,0.0,0.0,-0.7041553196751551,-0.23184813455696351,92142.6,92058.1,,,
2024-11-19 20:20:00+00:00,93516.2,93550.0,93436.2,93458.4,77.368,92236.19828501571,0.339599256333232,92929.13023926635,91555.94364836188,1373.1865909044718,0,92056.0,92143.2,0.0,0.0,0.0,0.0,-0.7041553196751551,-0.23184813455696351,92142.6,92058.1,,,
2024-11-19 20:21:00+00:00,93458.4,93475.1,93281.7,93329.0,112.404,92236.53788427205,0.339599256333232,92929.4698385227,91556.28324761822,1373.1865909044718,0,92056.0,92143.2,0.0,0.0,0.0,0.0,-0.7041553196751551,-0.23184813455696351,92142.6,92058.1,,,
2024-11-19 20:22:00+00:00,93329.0,93400.0,93141.2,93208.9,204.128,92236.87748352838,0.339599256333232,92929.80943777903,91556.62284687455,1373.1865909044718,0,92056.0,92143.2,0.0,0.0,0.0,0.0,-0.7041553196751551,-0.23184813455696351,92142.6,92058.1,,,
2024-11-19 20:23:00+00:00,93208.9,93241.1,93116.1,93159.5,294.338,92237.21708278471,0.339599256333232,92930.14903703536,91556.96244613088,1373.1865909044718,0,92056.0,92143.2,0.0,0.0,0.0,0.0,-0.7041553196751551,-0.23184813455696351,92142.6,92058.1,,,
2024-11-19 20:24:00+00:00,93159.5,93159.6,93004.0,93063.0,347.221,92237.55668204105,0.339599256333232,92930.48863629169,91557.30204538722,1373.1865909044718,0,92056.0,92143.2,0.0,0.0,0.0,0.0,-0.7041553196751551,-0.23184813455696351,92142.6,92058.1,,,
2024-11-19 20:25:00+00:00,93063.0,93135.7,92900.0,92931.8,499.167,92237.89628129738,0.339599256333232,92930.82823554802,91557.64164464355,1373.1865909044718,-1,92056.0,92143.2,0.0,-1342.358355356453,0.0,-0.9775498568423151,-0.7041553196751551,-0.23184813455696351,92142.6,92058.1,,,
2024-11-19 20:26:00+00:00,92931.8,93031.8,92926.7,93006.2,184.4,92238.23588055371,0.339599256333232,92931.16783480435,91557.98124389988,1373.1865909044718,0,92056.0,92143.2,0.0,0.0,0.0,0.0,-0.7041553196751551,-0.23184813455696351,92142.6,92058.1,,,
2024-11-19 20:27:00+00:00,93006.2,93008.2,92939.5,92978.7,169.92,92238.57547981004,0.339599256333232,92931.50743406068,91558.32084315621,1373.1865909044718,0,92056.0,92143.2,0.0,0.0,0.0,0.0,-0.7041553196751551,-0.23184813455696351,92142.6,92058.1,,,
2024-11-19 20:28:00+00:00,92978.7,93117.0,92978.6,93069.7,112.681,92238.91507906638,0.339599256333232,92931.84703331703,91558.66044241255,1373.1865909044718,0,92056.0,92143.2,0.0,0.0,0.0,0.0,-0.7041553196751551,-0.23184813455696351,92142.6,92058.1,,,
2024-11-19 20:29:00+00:00,93069.7,93173.8,93039.3,93169.0,237.036,92239.25467832272,0.339599256333232,92932.18663257336,91559.00004166889,1373.1865909044718,0,92056.0,92143.2,0.0,0.0,0.0,0.0,-0.7041553196751551,-0.23184813455696351,92142.6,92058.1,,,
2024-11-19 20:30:00+00:00,93169.0,93329.1,93164.4,93177.3,274.967,92239.59427757905,0.339599256333232,92932.52623182969,91559.33964092522,1373.1865909044718,1,92056.0,92143.2,396.57376817031763,0.0,0.2887981653746763,0.0,-0.7041553196751551,-0.23184813455696351,92142.6,92058.1,,,
2024-11-19 20:31:00+00:00,93177.3,93186.7,92955.0,92972.7,233.105,92239.93387683538,0.339599256333232,92932.86583108602,91559.67924018155,1373.1865909044718,0,92056.0,92143.2,0.0,0.0,0.0,0.0,-0.7041553196751551,-0.23184813455696351,92142.6,92058.1,,,
2024-11-19 20:32:00+00:00,92972.7,93140.3,92951.3,93140.3,169.081,92240.27347609171,0.339599256333232,92933.20543034235,91560.01883943788,1373.1865909044718,0,92056.0,92143.2,0.0,0.0,0.0,0.0,-0.7041553196751551,-0.23184813455696351,92142.6,92058.1,,,
2024-11-19 20:33:00+00:00,93140.3,93145.3,93024.3,93081.9,46.373,92240.61307534804,0.339599256333232,92933.54502959868,91560.35843869421,1373.1865909044718,0,92056.0,92143.2,0.0,0.0,0.0,0.0,-0.7041553196751551,-0.23184813455696351,92142.6,92058.1,,,
2024-11-19 20:34:00+00:00,93081.9,93132.0,93068.1,93082.8,90.19,92240.95267460438,0.339599256333232,92933.88462885503,91560.69803795055,1373.1865909044718,0,92056.0,92143.2,0.0,0.0,0.0,0.0,-0.7041553196751551,-0.23184813455696351,92142.6,92058.1,,,
2024-11-19 20:35:00+00:00,93082.8,93176.4,93051.5,93065.2,148.737,92241.29227386072,0.339599256333232,92934.22422811136,91561.03763720689,1373.1865909044718,0,92056.0,92143.2,0.0,0.0,0.0,0.0,-0.7041553196751551,-0.23184813455696351,92142.6,92058.1,,,
2024-11-19 20:36:00+00:00,93065.2,93070.0,92909.0,92928.5,115.802,92241.63187311705,0.339599256333232,92934.56382736769,91561.37723646322,1373.1865909044718,0,92056.0,92143.2,0.0,0.0,0.0,0.0,-0.7041553196751551,-0.23184813455696351,92142.6,92058.1,,,
2024-11-19 20:37:00+00:00,92928.5,92976.0,92900.1,92958.9,96.87,92241.97147237338,0.339599256333232,92934.90342662402,91561.71683571955,1373.1865909044718,0,92056.0,92143.2,0.0,0.0,0.0,0.0,-0.7041553196751551,-0.23184813455696351,92142.6,92058.1,,,
2024-11-19 20:38:00+00:00,92958.9,92987.1,92932.1,92965.0,129.5,92242.31107162971,0.339599256333232,92935.24302588035,91562.05643497588,1373.1865909044718,0,92056.0,92143.2,0.0,0.0,0.0,0.0,-0.7041553196751551,-0.23184813455696351,92142.6,92058.1,,,
2024-11-19 20:39:00+00:00,92965.0,92984.4,92921.2,92924.2,44.236,92242.65067088604,0.339599256333232,92935.58262513668,91562.39603423221,1373.1865909044718,0,92056.0,92143.2,0.0,0.0,0.0,0.0,-0.7041553196751551,-0.23184813455696351,92142.6,92058.1,,,
2024-11-19 20:40:00+00:00,92924.2,93002.6,92900.0,92905.7,159.587,92242.99027014239,0.339599256333232,92935.92222439303,91562.73563348856,1373.1865909044718,0,92056.0,92143.2,0.0,0.0,0.0,0.0,-0.7041553196751551,-0.23184813455696351,92142.6,92058.1,,,
2024-11-19 20:41:00+00:00,92905.7,92940.0,92813.8,92861.3,327.286,92243.32986939872,0.339599256333232,92936.26182364936,91563.07523274489,1373.1865909044718,0,92056.0,92143.2,0.0,0.0,0.0,0.0,-0.7041553196751551,-0.23184813455696351,92142.6,92058.1,,,
2024-11-19 20:42:00+00:00,92861.3,92910.0,92778.3,92866.0,177.478,92243.66946865505,0.339599256333232,92936.60142290569,91563.41483200122,1373.1865909044718,0,92056.0,92143.2,0.0,0.0,0.0,0.0,-0.7041553196751551,-0.23184813455696351,92142.6,92058.1,,,
2024-11-19 20:43:00+00:00,92866.0,92953.7,92847.1,92953.5,88.276,92244.00906791138,0.339599256333232,92936.94102216202,91563.75443125755,1373.1865909044718,0,92056.0,92143.2,0.0,0.0,0.0,0.0,-0.7041553196751551,-0.23184813455696351,92142.6,92058.1,,,
2024-11-19 20:44:00+00:00,92953.5,93026.8,92937.5,93013.4,69.924,92244.34866716771,0.339599256333232,92937.28062141835,91564.09403051388,1373.1865909044718,0,92056.0,92143.2,0.0,0.0,0.0,0.0,-0.7041553196751551,-0.23184813455696351,92142.6,92058.1,,,
2024-11-19 20:45:00+00:00,93013.4,93062.8,92850.3,92856.3,74.207,92244.68826642404,0.339599256333232,92937.62022067468,91564.43362977021,1373.1865909044718,1,92056.0,92143.2,125.17977932532085,0.0,0.09116006532139899,0.0,-0.7041553196751551,-0.23184813455696351,92142.6,92058.1,,,
2024-11-19 20:46:00+00:00,92856.3,92871.9,92772.1,92805.5,136.596,92245.02786568037,0.339599256333232,92937.95981993101,91564.77322902654,1373.1865909044718,0,92056.0,92143.2,0.0,0.0,0.0,0.0,-0.7041553196751551,-0.23184813455696351,92142.6,92058.1,,,
2024-11-19 20:47:00+00:00,92805.5,92871.4,92678.2,92854.9,381.456,92245.36746493672,0.339599256333232,92938.29941918736,91565.11282828289,1373.1865909044718,0,92056.0,92143.2,0.0,0.0,0.0,0.0,-0.7041553196751551,-0.23184813455696351,92142.6,92058.1,,,
2024-11-19 20:48:00+00:00,92854.9,92887.8,92771.8,92794.1,78.839,92245.70706419305,0.339599256333232,92938.63901844369,91565.45242753922,1373.1865909044718,0,92056.0,92143.2,0.0,0.0,0.0,0.0,-0.7041553196751551,-0.23184813455696351,92142.6,92058.1,,,
2024-11-19 20:49:00+00:00,92794.1,92810.0,92704.9,92732.7,105.548,92246.04666344938,0.339599256333232,92938.97861770002,91565.79202679555,1373.1865909044718,0,92056.0,92143.2,0.0,0.0,0.0,0.0,-0.7041553196751551,-0.23184813455696351,92142.6,92058.1,,,
2024-11-19 20:50:00+00:00,92732.7,92752.6,92511.5,92617.6,560.15,92246.38626270571,0.339599256333232,92939.31821695635,91566.13162605188,1373.1865909044718,0,92056.0,92143.2,0.0,0.0,0.0,0.0,-0.7041553196751551,-0.23184813455696351,92142.6,92058.1,,,
2024-11-19 20:51:00+00:00,92617.6,92745.8,92599.3,92689.8,199.176,92246.72586196204,0.339599256333232,92939.65781621268,91566.47122530821,1373.1865909044718,0,92056.0,92143.2,0.0,0.0,0.0,0.0,-0.7041553196751551,-0.23184813455696351,92142.6,92058.1,,,
2024-11-19 20:52:00+00:00,92689.8,92695.4,92590.4,92624.0,125.748,92247.06546121837,0.339599256333232,92939.99741546901,91566.81082456454,1373.1865909044718,0,92056.0,92143.2,0.0,0.0,0.0,0.0,-0.7041553196751551,-0.23184813455696351,92142.6,92058.1,,,
2024-11-19 20:53:00+00:00,92624.0,92624.1,92463.2,92484.0,410.005,92247.40506047472,0.339599256333232,92940.33701472536,91567.15042382089,1373.1865909044718,0,92056.0,92143.2,0.0,0.0,0.0,0.0,-0.7041553196751551,-0.23184813455696351,92142.6,92058.1,,,
2024-11-19 20:54:00+00:00,92484.0,92484.0,92226.9,92291.8,694.69,92247.74465973105,0.339599256333232,92940.67661398169,91567.49002307722,1373.1865909044718,0,92056.0,92143.2,0.0,0.0,0.0,0.0,-0.7041553196751551,-0.23184813455696351,92142.6,92058.1,,,
2024-11-19 20:55:00+00:00,92291.8,92400.0,92230.0,92230.1,446.835,92248.08425898738,0.339599256333232,92941.01621323802,91567.82962233355,1373.1865909044718,0,92056.0,92143.2,0.0,0.0,0.0,0.0,-0.7041553196751551,-0.23184813455696351,92142.6,92058.1,,,
2024-11-19 20:56:00+00:00,92230.1,92550.0,92133.3,92499.5,852.177,92248.42385824371,0.339599256333232,92941.35581249435,91568.16922158988,1373.1865909044718,-1,92056.0,92143.2,0.0,-565.1307784101227,0.0,-0.4115469683095945,-0.7041553196751551,-0.23184813455696351,92142.6,92058.1,,1.0,
2024-11-19 20:57:00+00:00,92499.5,92624.7,92484.1,92610.3,337.107,92248.76345750004,0.339599256333232,92941.69541175068,91568.50882084621,1373.1865909044718,0,92056.0,92143.2,0.0,0.0,0.0,0.0,-0.7041553196751551,-0.23184813455696351,92142.6,92058.1,,,
2024-11-19 20:58:00+00:00,92610.3,92624.7,92481.6,92481.6,198.117,92249.10305675637,0.339599256333232,92942.03501100701,91568.84842010254,1373.1865909044718,0,92056.0,92143.2,0.0,0.0,0.0,0.0,-0.7041553196751551,-0.23184813455696351,92142.6,92058.1,,,
2024-11-19 20:59:00+00:00,92481.6,92594.1,92401.1,92466.6,413.893,92249.4426560127,0.339599256333232,92942.37461026334,91569.18801935887,1373.1865909044718,0,92056.0,92143.2,0.0,0.0,0.0,0.0,-0.7041553196751551,-0.23184813455696351,92142.6,92058.1,,,
2024-11-19 21:00:00+00:00,92466.6,92582.0,92457.5,92571.4,155.72,92249.78225526905,0.339599256333232,92942.71420951969,91569.52761861522,1373.1865909044718,0,92056.0,92143.2,0.0,0.0,0.0,0.0,-0.7041553196751551,-0.23184813455696351,92142.6,92058.1,,,
2024-11-19 21:01:00+00:00,92571.4,92628.0,92556.5,92564.6,304.606,92250.12185452538,0.339599256333232,92943.05380877602,91569.86721787155,1373.1865909044718,0,92056.0,92143.2,0.0,0.0,0.0,0.0,-0.7041553196751551,-0.23184813455696351,92142.6,92058.1,,,
2024-11-19 21:02:00+00:00,92564.6,92597.7,92519.7,92571.6,46.217,92250.46145378171,0.339599256333232,92943.39340803235,91570.20681712788,1373.1865909044718,0,92056.0,92143.2,0.0,0.0,0.0,0.0,-0.7041553196751551,-0.23184813455696351,92142.6,92058.1,,,
2024-11-19 21:03:00+00:00,92571.6,92675.0,92571.6,92673.4,132.517,92250.80105303804,0.339599256333232,92943.73300728868,91570.54641638421,1373.1865909044718,0,92056.0,92143.2,0.0,0.0,0.0,0.0,-0.7041553196751551,-0.23184813455696351,92142.6,92058.1,,,
2024-11-19 21:04:00+00:00,92673.4,92730.0,92633.3,92715.8,183.639,92251.14065229437,0.339599256333232,92944.07260654501,91570.88601564054,1373.1865909044718,0,92056.0,92143.2,0.0,0.0,0.0,0.0,-0.7041553196751551,-0.23184813455696351,92142.6,92058.1,,,
2024-11-19 21:05:00+00:00,92715.8,92793.8,92704.1,92759.9,155.425,92251.4802515507,0.339599256333232,92944.41220580135,91571.22561489687,1373.1865909044718,1,92056.0,92143.2,-150.6122058013425,0.0,-0.10968080142855116,0.0,-0.7041553196751551,-0.23184813455696351,92142.6,92058.1,,,
2024-11-19 21:06:00+00:00,92759.9,92759.9,92350.6,92399.8,659.68,92251.81985080705,0.339599256333232,92944.75180505769,91571.56521415322,1373.1865909044718,0,92056.0,92143.2,0.0,0.0,0.0,0.0,-0.7041553196751551,-0.23184813455696351,92142.6,92058.1,,,
2024-11-19 21:07:00+00:00,92399.8,92399.9,92201.6,92260.2,336.007,92252.15945006338,0.339599256333232,92945.09140431402,91571.90481340955,1373.1865909044718,0,92056.0,92143.2,0.0,0.0,0.0,0.0,-0.7041553196751551,-0.23184813455696351,92142.6,92058.1,,,
2024-11-19 21:08:00+00:00,92260.2,92338.6,92211.1,92247.5,178.49,92252.49904931971,0.339599256333232,92945.43100357035,91572.24441266588,1373.1865909044718,0,92056.0,92143.2,0.0,0.0,0.0,0.0,-0.7041553196751551,-0.23184813455696351,92142.6,92058.1,,,
2024-11-19 21:09:00+00:00,92247.5,92382.8,92247.4,92266.1,166.953,92252.83864857604,0.339599256333232,92945.77060282668,91572.58401192221,1373.1865909044718,0,92056.0,92143.2,0.0,0.0,0.0,0.0,-0.7041553196751551,-0.23184813455696351,92142.6,92058.1,,1.0,
2024-11-19 21:10:00+00:00,92266.1,92299.8,92200.8,92223.7,218.872,92253.17824783237,0.339599256333232,92946.11020208301,91572.92361117854,1373.1865909044718,0,92056.0,92143.2,0.0,0.0,0.0,0.0,-0.7041553196751551,-0.23184813455696351,92142.6,92058.1,,,
2024-11-19 21:11:00+00:00,92223.7,92270.8,92190.0,92190.0,131.776,92253.5178470887,0.339599256333232,92946.44980133935,91573.26321043487,1373.1865909044718,0,92056.0,92143.2,0.0,0.0,0.0,0.0,-0.7041553196751551,-0.23184813455696351,92142.6,92058.1,,,
2024-11-19 21:12:00+00:00,92190.0,92219.2,92114.4,92119.4,272.274,92253.85744634503,0.339599256333232,92946.78940059568,91573.6028096912,1373.1865909044718,0,92056.0,92143.2,0.0,0.0,0.0,0.0,-0.7041553196751551,-0.23184813455696351,92142.6,92058.1,,,
2024-11-19 21:13:00+00:00,92119.4,92318.0,92107.0,92318.0,197.156,92254.19704560138,0.339599256333232,92947.12899985202,91573.94240894755,1373.1865909044718,0,92056.0,92143.2,0.0,0.0,0.0,0.0,-0.7041553196751551,-0.23184813455696351,92142.6,92058.1,,1.0,
2024-11-19 21:14:00+00:00,92318.0,92318.0,92179.4,92220.0,145.181,92254.53664485771,0.339599256333232,92947.46859910835,91574.28200820388,1373.1865909044718,0,92056.0,92143.2,0.0,0.0,0.0,0.0,-0.7041553196751551,-0.23184813455696351,92142.6,92058.1,,,
2024-11-19 21:15:00+00:00,92220.0,92360.0,92219.9,92266.9,196.355,92254.87624411404,0.339599256333232,92947.80819836468,91574.62160746021,1373.1865909044718,0,92056.0,92143.2,0.0,0.0,0.0,0.0,-0.7041553196751551,-0.23184813455696351,92142.6,92058.1,,1.0,
2024-11-19 21:16:00+00:00,92266.9,92335.9,92213.0,92335.8,126.89,92255.21584337037,0.339599256333232,92948.14779762102,91574.96120671654,1373.1865909044718,0,92056.0,92143.2,0.0,0.0,0.0,0.0,-0.7041553196751551,-0.23184813455696351,92142.6,92058.1,,,
2024-11-19 21:17:00+00:00,92335.8,92335.9,92124.5,92128.3,169.003,92255.5554426267,0.339599256333232,92948.48739687735,91575.30080597287,1373.1865909044718,0,92056.0,92143.2,0.0,0.0,0.0,0.0,-0.7041553196751551,-0.23184813455696351,92142.6,92058.1,,,1.0
2024-11-19 21:18:00+00:00,92128.3,92217.6,92028.7,92066.8,393.485,92255.89504188304,0.339599256333232,92948.82699613368,91575.6404052292,1373.1865909044718,0,92056.0,92143.2,0.0,0.0,0.0,0.0,-0.7041553196751551,-0.23184813455696351,92142.6,92058.1,,,
2024-11-19 21:19:00+00:00,92066.8,92127.9,91860.6,92127.9,566.111,92256.23464113938,0.339599256333232,92949.16659539002,91575.98000448555,1373.1865909044718,0,92056.0,92143.2,0.0,0.0,0.0,0.0,-0.7041553196751551,-0.23184813455696351,92142.6,92058.1,,,
2024-11-19 21:20:00+00:00,92127.9,92127.9,91947.7,91999.7,246.328,92256.57424039571,0.339599256333232,92949.50619464635,91576.31960374188,1373.1865909044718,0,92056.0,92143.2,0.0,0.0,0.0,0.0,-0.7041553196751551,-0.23184813455696351,92142.6,92058.1,,,
2024-11-19 21:21:00+00:00,91999.7,92033.1,91894.4,91928.0,285.302,92256.91383965204,0.339599256333232,92949.84579390268,91576.65920299821,1373.1865909044718,0,92056.0,92143.2,0.0,0.0,0.0,0.0,-0.7041553196751551,-0.23184813455696351,92142.6,92058.1,,,
2024-11-19 21:22:00+00:00,91928.0,92019.7,91883.5,91921.6,245.9,92257.25343890837,0.339599256333232,92950.18539315902,91576.99880225454,1373.1865909044718,0,92056.0,92143.2,0.0,0.0,0.0,0.0,-0.7041553196751551,-0.23184813455696351,92142.6,92058.1,,,
2024-11-19 21:23:00+00:00,91921.6,91992.0,91820.2,91837.1,284.764,92257.5930381647,0.339599256333232,92950.52499241535,91577.33840151087,1373.1865909044718,0,92056.0,92143.2,0.0,0.0,0.0,0.0,-0.7041553196751551,-0.23184813455696351,92142.6,92058.1,,,
2024-11-19 21:24:00+00:00,91837.1,91931.2,91800.0,91921.8,361.549,92257.93263742104,0.339599256333232,92950.86459167168,91577.6780007672,1373.1865909044718,-1,92056.0,92143.2,0.0,-222.32199923279404,0.0,-0.16190225036086175,-0.7041553196751551,-0.23184813455696351,92142.6,92058.1,,,
2024-11-19 21:25:00+00:00,91921.8,92099.1,91903.7,92058.0,320.762,92258.27223667737,0.339599256333232,92951.20419092801,91578.01760002354,1373.1865909044718,0,92056.0,92143.2,0.0,0.0,0.0,0.0,-0.7041553196751551,-0.23184813455696351,92142.6,92058.1,,,
2024-11-19 21:26:00+00:00,92058.0,92096.9,91975.8,92082.9,160.316,92258.61183593371,0.339599256333232,92951.54379018435,91578.35719927988,1373.1865909044718,0,92056.0,92143.2,0.0,0.0,0.0,0.0,-0.7041553196751551,-0.23184813455696351,92142.6,92058.1,,,
2024-11-19 21:27:00+00:00,92082.9,92200.0,92074.1,92172.6,323.106,92258.95143519004,0.339599256333232,92951.88338944069,91578.69679853621,1373.1865909044718,0,92056.0,92143.2,0.0,0.0,0.0,0.0,-0.7041553196751551,-0.23184813455696351,92142.6,92058.1,,,
2024-11-19 21:28:00+00:00,92172.6,92280.6,92101.2,92253.6,347.836,92259.29103444637,0.339599256333232,92952.22298869702,91579.03639779254,1373.1865909044718,0,92056.0,92143.2,0.0,0.0,0.0,0.0,-0.7041553196751551,-0.23184813455696351,92142.6,92058.1,,,
2024-11-19 21:29:00+00:00,92253.6,92322.0,92228.4,92228.5,210.478,92259.6306337027,0.339599256333232,92952.56258795335,91579.37599704888,1373.1865909044718,0,92056.0,92143.2,0.0,0.0,0.0,0.0,-0.7041553196751551,-0.23184813455696351,92142.6,92058.1,,,
2024-11-19 21:30:00+00:00,92228.5,92419.0,92228.4,92380.0,260.685,92259.97023295904,0.339599256333232,92952.90218720968,91579.7155963052,1373.1865909044718,0,92056.0,92143.2,0.0,0.0,0.0,0.0,-0.7041553196751551,-0.23184813455696351,92142.6,92058.1,,1.0,
2024-11-19 21:31:00+00:00,92380.0,92524.8,92370.7,92370.8,673.199,92260.30983221537,0.339599256333232,92953.24178646601,91580.05519556154,1373.1865909044718,1,92056.0,92143.2,-428.4417864660063,0.0,-0.31200551280056277,0.0,-0.7041553196751551,-0.23184813455696351,92142.6,92058.1,,,
2024-11-19 21:32:00+00:00,92370.8,92475.1,92357.0,92397.9,143.719,92260.64943147171,0.339599256333232,92953.58138572235,91580.39479481788,1373.1865909044718,0,92056.0,92143.2,0.0,0.0,0.0,0.0,-0.7041553196751551,-0.23184813455696351,92142.6,92058.1,,,
2024-11-19 21:33:00+00:00,92397.9,92434.9,92300.4,92325.7,179.564,92260.98903072804,0.339599256333232,92953.92098497869,91580.73439407421,1373.1865909044718,0,92056.0,92143.2,0.0,0.0,0.0,0.0,-0.7041553196751551,-0.23184813455696351,92142.6,92058.1,,,
2024-11-19 21:34:00+00:00,92325.7,92325.8,92120.2,92183.9,250.436,92261.32862998437,0.339599256333232,92954.26058423502,91581.07399333054,1373.1865909044718,0,92056.0,92143.2,0.0,0.0,0.0,0.0,-0.7041553196751551,-0.23184813455696351,92142.6,92058.1,,,
2024-11-19 21:35:00+00:00,92183.9,92384.6,92183.9,92377.6,134.766,92261.6682292407,0.339599256333232,92954.60018349135,91581.41359258688,1373.1865909044718,0,92056.0,92143.2,0.0,0.0,0.0,0.0,-0.7041553196751551,-0.23184813455696351,92142.6,92058.1,,1.0,
2024-11-19 21:36:00+00:00,92377.6,92389.0,92300.9,92324.7,94.625,92262.00782849704,0.339599256333232,92954.93978274768,91581.7531918432,1373.1865909044718,0,92056.0,92143.2,0.0,0.0,0.0,0.0,-0.7041553196751551,-0.23184813455696351,92142.6,92058.1,,,
2024-11-19 21:37:00+00:00,92324.7,92349.7,92242.9,92288.6,72.181,92262.34742775337,0.339599256333232,92955.27938200401,91582.09279109954,1373.1865909044718,0,92056.0,92143.2,0.0,0.0,0.0,0.0,-0.7041553196751551,-0.23184813455696351,92142.6,92058.1,,,
2024-11-19 21:38:00+00:00,92288.6,92318.2,92095.5,92115.9,236.514,92262.6870270097,0.339599256333232,92955.61898126034,91582.43239035587,1373.1865909044718,0,92056.0,92143.2,0.0,0.0,0.0,0.0,-0.7041553196751551,-0.23184813455696351,92142.6,92058.1,,,1.0
2024-11-19 21:39:00+00:00,92115.9,92148.5,91926.0,91972.0,491.987,92263.02662626604,0.339599256333232,92955.95858051669,91582.77198961221,1373.1865909044718,-1,92056.0,92143.2,0.0,-343.2280103877856,0.0,-0.2499500160147303,-0.7041553196751551,-0.23184813455696351,92142.6,92058.1,,,
2024-11-19 21:40:00+00:00,91972.0,92106.1,91926.3,91992.7,203.443,92263.36622552238,0.339599256333232,92956.29817977302,91583.11158886855,1373.1865909044718,0,92056.0,92143.2,0.0,0.0,0.0,0.0,-0.7041553196751551,-0.23184813455696351,92142.6,92058.1,,,
2024-11-19 21:41:00+00:00,91992.7,92100.4,91964.0,92070.4,66.704,92263.7058247787,0.339599256333232,92956.63777902935,91583.45118812488,1373.1865909044718,0,92056.0,92143.2,0.0,0.0,0.0,0.0,-0.7041553196751551,-0.23184813455696351,92142.6,92058.1,,,
2024-11-19 21:42:00+00:00,92070.4,92158.9,92060.0,92156.1,64.58,92264.04542403504,0.339599256333232,92956.97737828568,91583.79078738121,1373.1865909044718,0,92056.0,92143.2,0.0,0.0,0.0,0.0,-0.7041553196751551,-0.23184813455696351,92142.6,92058.1,,,
2024-11-19 21:43:00+00:00,92156.1,92156.1,92033.7,92059.9,98.95,92264.38502329137,0.339599256333232,92957.31697754201,91584.13038663754,1373.1865909044718,0,92056.0,92143.2,0.0,0.0,0.0,0.0,-0.7041553196751551,-0.23184813455696351,92142.6,92058.1,,,
2024-11-19 21:44:00+00:00,92059.9,92130.7,92048.0,92127.2,26.398,92264.7246225477,0.339599256333232,92957.65657679834,91584.46998589387,1373.1865909044718,0,92056.0,92143.2,0.0,0.0,0.0,0.0,-0.7041553196751551,-0.23184813455696351,92142.6,92058.1,,,
2024-11-19 21:45:00+00:00,92127.2,92192.6,92054.2,92192.5,98.138,92265.06422180404,0.339599256333232,92957.99617605469,91584.80958515021,1373.1865909044718,0,92056.0,92143.2,0.0,0.0,0.0,0.0,-0.7041553196751551,-0.23184813455696351,92142.6,92058.1,,,
2024-11-19 21:46:00+00:00,92192.5,92298.9,92117.0,92129.8,141.874,92265.40382106038,0.339599256333232,92958.33577531102,91585.14918440655,1373.1865909044718,0,92056.0,92143.2,0.0,0.0,0.0,0.0,-0.7041553196751551,-0.23184813455696351,92142.6,92058.1,,,
2024-11-19 21:47:00+00:00,92129.8,92148.0,92063.9,92101.5,136.033,92265.7434203167,0.339599256333232,92958.67537456735,91585.48878366288,1373.1865909044718,0,92056.0,92143.2,0.0,0.0,0.0,0.0,-0.7041553196751551,-0.23184813455696351,92142.6,92058.1,,,
2024-11-19 21:48:00+00:00,92101.5,92299.0,92092.3,92294.5,98.798,92266.08301957304,0.339599256333232,92959.01497382368,91585.82838291921,1373.1865909044718,0,92056.0,92143.2,0.0,0.0,0.0,0.0,-0.7041553196751551,-0.23184813455696351,92142.6,92058.1,,1.0,
2024-11-19 21:49:00+00:00,92294.5,92334.7,92276.0,92288.1,71.434,92266.42261882937,0.339599256333232,92959.35457308001,91586.16798217554,1373.1865909044718,0,92056.0,92143.2,0.0,0.0,0.0,0.0,-0.7041553196751551,-0.23184813455696351,92142.6,92058.1,,,
2024-11-19 21:50:00+00:00,92288.1,92359.0,92286.2,92312.9,95.655,92266.7622180857,0.339599256333232,92959.69417233634,91586.50758143187,1373.1865909044718,0,92056.0,92143.2,0.0,0.0,0.0,0.0,-0.7041553196751551,-0.23184813455696351,92142.6,92058.1,,,
2024-11-19 21:51:00+00:00,92312.9,92442.4,92312.8,92403.9,97.947,92267.10181734203,0.339599256333232,92960.03377159267,91586.8471806882,1373.1865909044718,0,92056.0,92143.2,0.0,0.0,0.0,0.0,-0.7041553196751551,-0.23184813455696351,92142.6,92058.1,,,
2024-11-19 21:52:00+00:00,92403.9,92429.2,92352.3,92371.7,107.835,92267.44141659838,0.339599256333232,92960.37337084902,91587.18677994455,1373.1865909044718,0,92056.0,92143.2,0.0,0.0,0.0,0.0,-0.7041553196751551,-0.23184813455696351,92142.6,92058.1,,,
2024-11-19 21:53:00+00:00,92371.7,92384.3,92353.2,92384.3,23.762,92267.7810158547,0.339599256333232,92960.71297010535,91587.52637920088,1373.1865909044718,0,92056.0,92143.2,0.0,0.0,0.0,0.0,-0.7041553196751551,-0.23184813455696351,92142.6,92058.1,,,
2024-11-19 21:54:00+00:00,92384.3,92415.4,92362.7,92386.9,81.294,92268.12061511104,0.339599256333232,92961.05256936168,91587.86597845721,1373.1865909044718,0,92056.0,92143.2,0.0,0.0,0.0,0.0,-0.7041553196751551,-0.23184813455696351,92142.6,92058.1,,,
2024-11-19 21:55:00+00:00,92386.9,92455.0,92380.5,92450.0,44.73,92268.46021436737,0.339599256333232,92961.39216861801,91588.20557771354,1373.1865909044718,0,92056.0,92143.2,0.0,0.0,0.0,0.0,-0.7041553196751551,-0.23184813455696351,92142.6,92058.1,,,
2024-11-19 21:56:00+00:00,92450.0,92464.4,92399.5,92464.3,58.211,92268.7998136237,0.339599256333232,92961.73176787434,91588.54517696987,1373.1865909044718,1,92056.0,92143.2,-497.33176787434786,0.0,-0.3621734811339602,0.0,-0.7041553196751551,-0.23184813455696351,92142.6,92058.1,,,
2024-11-19 21:57:00+00:00,92464.3,92464.4,92367.7,92379.8,65.002,92269.13941288003,0.339599256333232,92962.07136713067,91588.8847762262,1373.1865909044718,1,92056.0,92143.2,-497.67136713067885,0.0,-0.36242078857096865,0.0,-0.7041553196751551,-0.23184813455696351,92142.6,92058.1,,,
2024-11-19 21:58:00+00:00,92379.8,92389.3,92289.3,92333.3,106.758,92269.47901213638,0.339599256333232,92962.41096638702,91589.22437548255,1373.1865909044718,0,92056.0,92143.2,0.0,0.0,0.0,0.0,-0.7041553196751551,-0.23184813455696351,92142.6,92058.1,,,
2024-11-19 21:59:00+00:00,92333.3,92373.2,92226.4,92239.2,70.856,92269.81861139271,0.339599256333232,92962.75056564335,91589.56397473888,1373.1865909044718,-1,92056.0,92143.2,0.0,-636.8360252611164,0.0,-0.46376510627128537,-0.7041553196751551,-0.23184813455696351,92142.6,92058.1,,,
2024-11-19 22:00:00+00:00,92239.2,92372.3,92228.2,92366.5,48.586,92270.15821064904,0.339599256333232,92963.09016489968,91589.90357399521,1373.1865909044718,0,92056.0,92143.2,0.0,0.0,0.0,0.0,-0.7041553196751551,-0.23184813455696351,92142.6,92058.1,,1.0,
2024-11-19 22:01:00+00:00,92366.5,92390.4,92312.1,92378.1,52.006,92270.49780990537,0.339599256333232,92963.42976415601,91590.24317325154,1373.1865909044718,0,92056.0,92143.2,0.0,0.0,0.0,0.0,-0.7041553196751551,-0.23184813455696351,92142.6,92058.1,,,
2024-11-19 22:02:00+00:00,92378.1,92438.2,92363.0,92363.1,50.883,92270.8374091617,0.339599256333232,92963.76936341234,91590.58277250787,1373.1865909044718,0,92056.0,92143.2,0.0,0.0,0.0,0.0,-0.7041553196751551,-0.23184813455696351,92142.6,92058.1,,,
2024-11-19 22:03:00+00:00,92363.1,92363.1,92282.1,92299.2,67.965,92271.17700841803,0.339599256333232,92964.10896266867,91590.9223717642,1373.1865909044718,0,92056.0,92143.2,0.0,0.0,0.0,0.0,-0.7041553196751551,-0.23184813455696351,92142.6,92058.1,,,
2024-11-19 22:04:00+00:00,92299.2,92307.1,92248.3,92285.8,32.015,92271.51660767436,0.339599256333232,92964.448561925,91591.26197102053,1373.1865909044718,0,92056.0,92143.2,0.0,0.0,0.0,0.0,-0.7041553196751551,-0.23184813455696351,92142.6,92058.1,,,
2024-11-19 22:05:00+00:00,92285.8,92335.8,92260.1,92312.7,156.223,92271.85620693071,0.339599256333232,92964.78816118135,91591.60157027688,1373.1865909044718,0,92056.0,92143.2,0.0,0.0,0.0,0.0,-0.7041553196751551,-0.23184813455696351,92142.6,92058.1,,,
2024-11-19 22:06:00+00:00,92312.7,92312.7,92250.0,92269.9,33.62,92272.19580618704,0.339599256333232,92965.12776043768,91591.94116953321,1373.1865909044718,0,92056.0,92143.2,0.0,0.0,0.0,0.0,-0.7041553196751551,-0.23184813455696351,92142.6,92058.1,,,
2024-11-19 22:07:00+00:00,92269.9,92339.6,92269.9,92297.3,22.295,92272.53540544337,0.339599256333232,92965.46735969401,91592.28076878954,1373.1865909044718,0,92056.0,92143.2,0.0,0.0,0.0,0.0,-0.7041553196751551,-0.23184813455696351,92142.6,92058.1,,1.0,
2024-11-19 22:08:00+00:00,92297.3,92297.3,92257.5,92274.9,11.684,92272.8750046997,0.339599256333232,92965.80695895034,91592.62036804587,1373.1865909044718,0,92056.0,92143.2,0.0,0.0,0.0,0.0,-0.7041553196751551,-0.23184813455696351,92142.6,92058.1,,,
2024-11-19 22:09:00+00:00,92274.9,92294.3,92260.0,92283.9,50.263,92273.21460395603,0.339599256333232,92966.14655820667,91592.9599673022,1373.1865909044718,0,92056.0,92143.2,0.0,0.0,0.0,0.0,-0.7041553196751551,-0.23184813455696351,92142.6,92058.1,,,
2024-11-19 22:10:00+00:00,92283.9,92290.0,92270.0,92289.9,25.671,92273.55420321236,0.339599256333232,92966.486157463,91593.29956655853,1373.1865909044718,0,92056.0,92143.2,0.0,0.0,0.0,0.0,-0.7041553196751551,-0.23184813455696351,92142.6,92058.1,,,
2024-11-19 22:11:00+00:00,92289.9,92420.9,92289.9,92390.9,88.48,92273.89380246871,0.339599256333232,92966.82575671935,91593.63916581488,1373.1865909044718,0,92056.0,92143.2,0.0,0.0,0.0,0.0,-0.7041553196751551,-0.23184813455696351,92142.6,92058.1,,,
2024-11-19 22:12:00+00:00,92390.9,92480.0,92371.4,92412.2,127.693,92274.23340172504,0.339599256333232,92967.16535597568,91593.97876507121,1373.1865909044718,1,92056.0,92143.2,-487.16535597568145,0.0,-0.3547699629478628,0.0,-0.7041553196751551,-0.23184813455696351,92142.6,92058.1,,,
2024-11-19 22:13:00+00:00,92412.2,92430.5,92356.8,92383.6,40.647,92274.57300098137,0.339599256333232,92967.50495523201,91594.31836432754,1373.1865909044718,0,92056.0,92143.2,0.0,0.0,0.0,0.0,-0.7041553196751551,-0.23184813455696351,92142.6,92058.1,,,
2024-11-19 22:14:00+00:00,92383.6,92442.3,92373.4,92403.0,44.752,92274.9126002377,0.339599256333232,92967.84455448834,91594.65796358387,1373.1865909044718,0,92056.0,92143.2,0.0,0.0,0.0,0.0,-0.7041553196751551,-0.23184813455696351,92142.6,92058.1,,,
2024-11-19 22:15:00+00:00,92403.0,92403.1,92281.9,92282.0,147.359,92275.25219949403,0.339599256333232,92968.18415374467,91594.9975628402,1373.1865909044718,0,92056.0,92143.2,0.0,0.0,0.0,0.0,-0.7041553196751551,-0.23184813455696351,92142.6,92058.1,,,
2024-11-19 22:16:00+00:00,92282.0,92361.3,92262.8,92361.2,77.666,92275.59179875036,0.339599256333232,92968.523753001,91595.33716209653,1373.1865909044718,0,92056.0,92143.2,0.0,0.0,0.0,0.0,-0.7041553196751551,-0.23184813455696351,92142.6,92058.1,,,
2024-11-19 22:17:00+00:00,92361.2,92462.4,92333.6,92385.3,118.788,92275.9313980067,0.339599256333232,92968.86335225734,91595.67676135286,1373.1865909044718,0,92056.0,92143.2,0.0,0.0,0.0,0.0,-0.7041553196751551,-0.23184813455696351,92142.6,92058.1,,,
2024-11-19 22:18:00+00:00,92385.3,92385.3,92281.0,92293.6,51.284,92276.27099726304,0.339599256333232,92969.20295151368,91596.01636060921,1373.1865909044718,0,92056.0,92143.2,0.0,0.0,0.0,0.0,-0.7041553196751551,-0.23184813455696351,92142.6,92058.1,,,
2024-11-19 22:19:00+00:00,92293.6,92313.8,92172.7,92184.0,133.686,92276.61059651937,0.339599256333232,92969.54255077001,91596.35595986554,1373.1865909044718,0,92056.0,92143.2,0.0,0.0,0.0,0.0,-0.7041553196751551,-0.23184813455696351,92142.6,92058.1,,,
2024-11-19 22:20:00+00:00,92184.0,92214.1,92141.7,92213.5,122.934,92276.9501957757,0.339599256333232,92969.88215002634,91596.69555912187,1373.1865909044718,0,92056.0,92143.2,0.0,0.0,0.0,0.0,-0.7041553196751551,-0.23184813455696351,92142.6,92058.1,,,
2024-11-19 22:21:00+00:00,92213.5,92226.2,92141.6,92149.9,41.672,92277.28979503203,0.339599256333232,92970.22174928267,91597.0351583782,1373.1865909044718,0,92056.0,92143.2,0.0,0.0,0.0,0.0,-0.7041553196751551,-0.23184813455696351,92142.6,92058.1,,,
2024-11-19 22:22:00+00:00,92149.9,92150.0,92105.4,92112.0,131.353,92277.62939428836,0.339599256333232,92970.561348539,91597.37475763453,1373.1865909044718,0,92056.0,92143.2,0.0,0.0,0.0,0.0,-0.7041553196751551,-0.23184813455696351,92142.6,92058.1,,,
2024-11-19 22:23:00+00:00,92112.0,92112.0,91844.3,91947.1,430.36,92277.9689935447,0.339599256333232,92970.90094779534,91597.71435689087,1373.1865909044718,-1,92056.0,92143.2,0.0,-246.5856431091379,0.0,-0.17957184023091882,-0.7041553196751551,-0.23184813455696351,92142.6,92058.1,,,
2024-11-19 22:24:00+00:00,91947.1,92005.5,91934.1,92000.1,79.931,92278.30859280104,0.339599256333232,92971.24054705168,91598.05395614721,1373.1865909044718,0,92056.0,92143.2,0.0,0.0,0.0,0.0,-0.7041553196751551,-0.23184813455696351,92142.6,92058.1,,,
2024-11-19 22:25:00+00:00,92000.1,92105.9,91995.4,92031.8,98.818,92278.64819205737,0.339599256333232,92971.58014630801,91598.39355540354,1373.1865909044718,0,92056.0,92143.2,0.0,0.0,0.0,0.0,-0.7041553196751551,-0.23184813455696351,92142.6,92058.1,,,
2024-11-19 22:26:00+00:00,92031.8,92031.8,91912.7,91916.6,103.152,92278.9877913137,0.339599256333232,92971.91974556434,91598.73315465987,1373.1865909044718,0,92056.0,92143.2,0.0,0.0,0.0,0.0,-0.7041553196751551,-0.23184813455696351,92142.6,92058.1,,,
2024-11-19 22:27:00+00:00,91916.6,92033.4,91916.5,92033.3,57.444,92279.32739057003,0.339599256333232,92972.25934482068,91599.0727539162,1373.1865909044718,0,92056.0,92143.2,0.0,0.0,0.0,0.0,-0.7041553196751551,-0.23184813455696351,92142.6,92058.1,,,
2024-11-19 22:28:00+00:00,92033.3,92046.9,91986.2,92002.5,82.78,92279.66698982636,0.339599256333232,92972.598944077,91599.41235317253,1373.1865909044718,0,92056.0,92143.2,0.0,0.0,0.0,0.0,-0.7041553196751551,-0.23184813455696351,92142.6,92058.1,,,
2024-11-19 22:29:00+00:00,92002.5,92002.6,91918.4,91956.0,58.238,92280.0065890827,0.339599256333232,92972.93854333334,91599.75195242887,1373.1865909044718,0,92056.0,92143.2,0.0,0.0,0.0,0.0,-0.7041553196751551,-0.23184813455696351,92142.6,92058.1,,,
2024-11-19 22:30:00+00:00,91956.0,91956.1,91874.1,91874.2,71.73,92280.34618833903,0.339599256333232,92973.27814258967,91600.0915516852,1373.1865909044718,0,92056.0,92143.2,0.0,0.0,0.0,0.0,-0.7041553196751551,-0.23184813455696351,92142.6,92058.1,,,
2024-11-19 22:31:00+00:00,91874.2,91881.5,91640.0,91698.0,519.477,92280.68578759537,0.339599256333232,92973.61774184601,91600.43115094154,1373.1865909044718,0,92056.0,92143.2,0.0,0.0,0.0,0.0,-0.7041553196751551,-0.23184813455696351,92142.6,92058.1,,,
2024-11-19 22:32:00+00:00,91698.0,91730.4,91505.0,91530.8,370.983,92281.0253868517,0.339599256333232,92973.95734110234,91600.77075019787,1373.1865909044718,0,92056.0,92143.2,0.0,0.0,0.0,0.0,-0.7041553196751551,-0.23184813455696351,92142.6,92058.1,,,
2024-11-19 22:33:00+00:00,91530.8,91588.9,91500.0,91575.1,203.413,92281.36498610803,0.339599256333232,92974.29694035868,91601.1103494542,1373.1865909044718,0,92056.0,92143.2,0.0,0.0,0.0,0.0,-0.7041553196751551,-0.23184813455696351,92142.6,92058.1,,,
2024-11-19 22:34:00+00:00,91575.1,91763.1,91575.0,91727.8,151.727,92281.70458536436,0.339599256333232,92974.636539615,91601.44994871053,1373.1865909044718,0,92056.0,92143.2,0.0,0.0,0.0,0.0,-0.7041553196751551,-0.23184813455696351,92142.6,92058.1,,,
2024-11-19 22:35:00+00:00,91727.8,91760.9,91581.7,91622.7,133.631,92282.0441846207,0.339599256333232,92974.97613887134,91601.78954796687,1373.1865909044718,0,92056.0,92143.2,0.0,0.0,0.0,0.0,-0.7041553196751551,-0.23184813455696351,92142.6,92058.1,,,
2024-11-19 22:36:00+00:00,91622.7,91661.4,91554.7,91600.2,81.801,92282.38378387703,0.339599256333232,92975.31573812767,91602.1291472232,1373.1865909044718,0,92056.0,92143.2,0.0,0.0,0.0,0.0,-0.7041553196751551,-0.23184813455696351,92142.6,92058.1,,,
2024-11-19 22:37:00+00:00,91600.2,91600.2,91228.0,91513.0,883.254,92282.72338313337,0.339599256333232,92975.65533738401,91602.46874647954,1373.1865909044718,-1,92056.0,92143.2,0.0,374.46874647954246,0.0,0.27270055574377006,-0.7041553196751551,-0.23184813455696351,92142.6,92058.1,,,
2024-11-19 22:38:00+00:00,91513.0,91513.0,91331.2,91435.5,371.118,92283.0629823897,0.339599256333232,92975.99493664035,91602.80834573587,1373.1865909044718,0,92056.0,92143.2,0.0,0.0,0.0,0.0,-0.7041553196751551,-0.23184813455696351,92142.6,92058.1,,,
2024-11-19 22:39:00+00:00,91435.5,91673.3,91435.5,91603.3,199.266,92283.40258164603,0.339599256333232,92976.33453589668,91603.1479449922,1373.1865909044718,0,92056.0,92143.2,0.0,0.0,0.0,0.0,-0.7041553196751551,-0.23184813455696351,92142.6,92058.1,,,
2024-11-19 22:40:00+00:00,91603.3,91603.3,91486.1,91497.4,57.452,92283.74218090237,0.339599256333232,92976.674135153,91603.48754424854,1373.1865909044718,0,92056.0,92143.2,0.0,0.0,0.0,0.0,-0.7041553196751551,-0.23184813455696351,92142.6,92058.1,,,
2024-11-19 22:41:00+00:00,91497.4,91650.0,91452.1,91646.0,76.062,92284.0817801587,0.339599256333232,92977.01373440934,91603.82714350487,1373.1865909044718,0,92056.0,92143.2,0.0,0.0,0.0,0.0,-0.7041553196751551,-0.23184813455696351,92142.6,92058.1,,,
2024-11-19 22:42:00+00:00,91646.0,91646.0,91602.7,91643.7,61.797,92284.42137941503,0.339599256333232,92977.35333366567,91604.1667427612,1373.1865909044718,0,92056.0,92143.2,0.0,0.0,0.0,0.0,-0.7041553196751551,-0.23184813455696351,92142.6,92058.1,,,
2024-11-19 22:43:00+00:00,91643.7,91761.6,91643.7,91703.0,144.375,92284.76097867137,0.339599256333232,92977.69293292201,91604.50634201754,1373.1865909044718,0,92056.0,92143.2,0.0,0.0,0.0,0.0,-0.7041553196751551,-0.23184813455696351,92142.6,92058.1,,,
2024-11-19 22:44:00+00:00,91703.0,91763.1,91703.0,91734.1,69.257,92285.1005779277,0.339599256333232,92978.03253217835,91604.84594127387,1373.1865909044718,0,92056.0,92143.2,0.0,0.0,0.0,0.0,-0.7041553196751551,-0.23184813455696351,92142.6,92058.1,,,
2024-11-19 22:45:00+00:00,91734.1,91752.4,91685.0,91689.4,77.124,92285.44017718403,0.339599256333232,92978.37213143468,91605.1855405302,1373.1865909044718,0,92056.0,92143.2,0.0,0.0,0.0,0.0,-0.7041553196751551,-0.23184813455696351,92142.6,92058.1,,,
2024-11-19 22:46:00+00:00,91689.4,91722.7,91653.2,91709.3,38.288,92285.77977644037,0.339599256333232,92978.71173069101,91605.52513978654,1373.1865909044718,0,92056.0,92143.2,0.0,0.0,0.0,0.0,-0.7041553196751551,-0.23184813455696351,92142.6,92058.1,,,
2024-11-19 22:47:00+00:00,91709.3,91819.9,91709.2,91819.9,73.199,92286.1193756967,0.339599256333232,92979.05132994734,91605.86473904287,1373.1865909044718,0,92056.0,92143.2,0.0,0.0,0.0,0.0,-0.7041553196751551,-0.23184813455696351,92142.6,92058.1,,,
2024-11-19 22:48:00+00:00,91819.9,91833.3,91794.5,91833.3,45.111,92286.45897495303,0.339599256333232,92979.39092920367,91606.2043382992,1373.1865909044718,0,92056.0,92143.2,0.0,0.0,0.0,0.0,-0.7041553196751551,-0.23184813455696351,92142.6,92058.1,,,
2024-11-19 22:49:00+00:00,91833.3,91836.8,91800.9,91801.0,26.42,92286.79857420936,0.339599256333232,92979.73052846,91606.54393755553,1373.1865909044718,1,92056.0,92143.2,-1142.9305284599977,0.0,-0.8323199017747384,0.0,-0.7041553196751551,-0.23184813455696351,92142.6,92058.1,,,
2024-11-19 22:50:00+00:00,91801.0,91820.7,91797.2,91804.1,22.237,92287.1381734657,0.339599256333232,92980.07012771635,91606.88353681187,1373.1865909044718,0,92056.0,92143.2,0.0,0.0,0.0,0.0,-0.7041553196751551,-0.23184813455696351,92142.6,92058.1,,,
2024-11-19 22:51:00+00:00,91804.1,91804.1,91756.3,91756.3,22.575,92287.47777272204,0.339599256333232,92980.40972697268,91607.2231360682,1373.1865909044718,0,92056.0,92143.2,0.0,0.0,0.0,0.0,-0.7041553196751551,-0.23184813455696351,92142.6,92058.1,,,
2024-11-19 22:52:00+00:00,91756.3,91756.3,91685.6,91695.4,52.478,92287.81737197837,0.339599256333232,92980.74932622901,91607.56273532454,1373.1865909044718,0,92056.0,92143.2,0.0,0.0,0.0,0.0,-0.7041553196751551,-0.23184813455696351,92142.6,92058.1,,,
2024-11-19 22:53:00+00:00,91695.4,91695.5,91593.8,91595.8,92.544,92288.1569712347,0.339599256333232,92981.08892548534,91607.90233458087,1373.1865909044718,0,92056.0,92143.2,0.0,0.0,0.0,0.0,-0.7041553196751551,-0.23184813455696351,92142.6,92058.1,,,
2024-11-19 22:54:00+00:00,91595.8,91727.9,91592.8,91727.8,32.836,92288.49657049103,0.339599256333232,92981.42852474167,91608.2419338372,1373.1865909044718,-1,92056.0,92143.2,0.0,15.441933837195393,0.0,0.01124532815822525,-0.7041553196751551,-0.23184813455696351,92142.6,92058.1,,,
2024-11-19 22:55:00+00:00,91727.8,91781.1,91717.0,91781.1,31.51,92288.83616974736,0.339599256333232,92981.768123998,91608.58153309353,1373.1865909044718,0,92056.0,92143.2,0.0,0.0,0.0,0.0,-0.7041553196751551,-0.23184813455696351,92142.6,92058.1,,,
2024-11-19 22:56:00+00:00,91781.1,91805.0,91730.0,91805.0,72.761,92289.1757690037,0.339599256333232,92982.10772325435,91608.92113234987,1373.1865909044718,0,92056.0,92143.2,0.0,0.0,0.0,0.0,-0.7041553196751551,-0.23184813455696351,92142.6,92058.1,,,
2024-11-19 22:57:00+00:00,91805.0,91866.6,91804.9,91826.5,59.902,92289.51536826004,0.339599256333232,92982.44732251068,91609.2607316062,1373.1865909044718,1,92056.0,92143.2,-1115.8473225106718,0.0,-0.8125970133277377,0.0,-0.7041553196751551,-0.23184813455696351,92142.6,92058.1,,,
2024-11-19 22:58:00+00:00,91826.5,91848.0,91768.0,91768.1,78.832,92289.85496751637,0.339599256333232,92982.78692176701,91609.60033086254,1373.1865909044718,0,92056.0,92143.2,0.0,0.0,0.0,0.0,-0.7041553196751551,-0.23184813455696351,92142.6,92058.1,,,
2024-11-19 22:59:00+00:00,91768.1,91853.8,91760.3,91853.7,36.83,92290.1945667727,0.339599256333232,92983.12652102334,91609.93993011887,1373.1865909044718,0,92056.0,92143.2,0.0,0.0,0.0,0.0,-0.7041553196751551,-0.23184813455696351,92142.6,92058.1,,,
2024-11-19 23:00:00+00:00,91853.7,91853.7,91620.0,91736.2,74.507,92290.53416602903,0.339599256333232,92983.46612027967,91610.2795293752,1373.1865909044718,0,92056.0,92143.2,0.0,0.0,0.0,0.0,-0.7041553196751551,-0.23184813455696351,92142.6,92058.1,,,
2024-11-19 23:01:00+00:00,91736.2,91762.2,91614.0,91628.3,100.948,92290.87376528536,0.339599256333232,92983.805719536,91610.61912863153,1373.1865909044718,-1,92056.0,92143.2,0.0,-3.3808713684702525,0.0,-0.0024620626146978223,-0.7041553196751551,-0.23184813455696351,92142.6,92058.1,,,
2024-11-19 23:02:00+00:00,91628.3,91779.2,91628.3,91706.4,71.351,92291.21336454169,0.339599256333232,92984.14531879233,91610.95872788786,1373.1865909044718,0,92056.0,92143.2,0.0,0.0,0.0,0.0,-0.7041553196751551,-0.23184813455696351,92142.6,92058.1,,,
2024-11-19 23:03:00+00:00,91706.4,91799.8,91687.2,91793.2,67.516,92291.55296379804,0.339599256333232,92984.48491804868,91611.2983271442,1373.1865909044718,0,92056.0,92143.2,0.0,0.0,0.0,0.0,-0.7041553196751551,-0.23184813455696351,92142.6,92058.1,,,
2024-11-19 23:04:00+00:00,91793.2,91796.0,91684.1,91756.4,37.081,92291.89256305437,0.339599256333232,92984.82451730501,91611.63792640054,1373.1865909044718,0,92056.0,92143.2,0.0,0.0,0.0,0.0,-0.7041553196751551,-0.23184813455696351,92142.6,92058.1,,,
2024-11-19 23:05:00+00:00,91756.4,91778.9,91677.2,91735.3,53.899,92292.2321623107,0.339599256333232,92985.16411656134,91611.97752565687,1373.1865909044718,0,92056.0,92143.2,0.0,0.0,0.0,0.0,-0.7041553196751551,-0.23184813455696351,92142.6,92058.1,,,
2024-11-19 23:06:00+00:00,91735.3,91796.0,91692.1,91733.8,27.305,92292.57176156703,0.339599256333232,92985.50371581767,91612.3171249132,1373.1865909044718,0,92056.0,92143.2,0.0,0.0,0.0,0.0,-0.7041553196751551,-0.23184813455696351,92142.6,92058.1,,,
2024-11-19 23:07:00+00:00,91733.8,91753.8,91686.2,91706.4,37.034,92292.91136082336,0.339599256333232,92985.843315074,91612.65672416953,1373.1865909044718,0,92056.0,92143.2,0.0,0.0,0.0,0.0,-0.7041553196751551,-0.23184813455696351,92142.6,92058.1,,,
2024-11-19 23:08:00+00:00,91706.4,91733.9,91666.5,91682.5,74.276,92293.25096007969,0.339599256333232,92986.18291433033,91612.99632342586,1373.1865909044718,0,92056.0,92143.2,0.0,0.0,0.0,0.0,-0.7041553196751551,-0.23184813455696351,92142.6,92058.1,,,
2024-11-19 23:09:00+00:00,91682.5,91822.3,91680.8,91805.2,57.696,92293.59055933604,0.339599256333232,92986.52251358668,91613.3359226822,1373.1865909044718,1,92056.0,92143.2,-1164.2225135866756,0.0,-0.8478254312255128,0.0,-0.7041553196751551,-0.23184813455696351,92142.6,92058.1,,,
2024-11-19 23:10:00+00:00,91805.2,91805.2,91663.5,91663.5,80.174,92293.93015859237,0.339599256333232,92986.86211284301,91613.67552193854,1373.1865909044718,0,92056.0,92143.2,0.0,0.0,0.0,0.0,-0.7041553196751551,-0.23184813455696351,92142.6,92058.1,,,
2024-11-19 23:11:00+00:00,91663.5,91717.1,91663.5,91703.3,48.24,92294.2697578487,0.339599256333232,92987.20171209934,91614.01512119487,1373.1865909044718,0,92056.0,92143.2,0.0,0.0,0.0,0.0,-0.7041553196751551,-0.23184813455696351,92142.6,92058.1,,,
2024-11-19 23:12:00+00:00,91703.3,91749.9,91641.1,91749.8,68.697,92294.60935710503,0.339599256333232,92987.54131135567,91614.3547204512,1373.1865909044718,-1,92056.0,92143.2,0.0,-26.74527954880614,0.0,-0.0194767992390531,-0.7041553196751551,-0.23184813455696351,92142.6,92058.1,,,
2024-11-19 23:13:00+00:00,91749.8,91768.1,91703.8,91709.6,29.627,92294.94895636136,0.339599256333232,92987.880910612,91614.69431970753,1373.1865909044718,0,92056.0,92143.2,0.0,0.0,0.0,0.0,-0.7041553196751551,-0.23184813455696351,92142.6,92058.1,,,
2024-11-19 23:14:00+00:00,91709.6,91769.4,91703.9,91769.4,32.427,92295.28855561769,0.339599256333232,92988.22050986833,91615.03391896386,1373.1865909044718,0,92056.0,92143.2,0.0,0.0,0.0,0.0,-0.7041553196751551,-0.23184813455696351,92142.6,92058.1,,,
2024-11-19 23:15:00+00:00,91769.4,91812.5,91703.8,91812.5,55.43,92295.62815487402,0.339599256333232,92988.56010912466,91615.37351822019,1373.1865909044718,0,92056.0,92143.2,0.0,0.0,0.0,0.0,-0.7041553196751551,-0.23184813455696351,92142.6,92058.1,,,
2024-11-19 23:16:00+00:00,91812.5,91859.1,91785.9,91810.6,77.221,92295.96775413037,0.339599256333232,92988.89970838101,91615.71311747654,1373.1865909044718,0,92056.0,92143.2,0.0,0.0,0.0,0.0,-0.7041553196751551,-0.23184813455696351,92142.6,92058.1,,,
2024-11-19 23:17:00+00:00,91810.6,92177.8,91791.0,92044.1,582.883,92296.3073533867,0.339599256333232,92989.23930763734,91616.05271673287,1373.1865909044718,1,92056.0,92143.2,-811.4393076373381,0.0,-0.5909170050246925,0.0,-0.7041553196751551,-0.23184813455696351,92142.6,92058.1,,,
2024-11-19 23:18:00+00:00,92044.1,92044.1,91942.5,92004.0,170.239,92296.64695264303,0.339599256333232,92989.57890689367,91616.3923159892,1373.1865909044718,0,92056.0,92143.2,0.0,0.0,0.0,0.0,-0.7041553196751551,-0.23184813455696351,92142.6,92058.1,,,
2024-11-19 23:19:00+00:00,92004.0,92091.8,91980.0,92081.5,58.841,92296.98655189936,0.339599256333232,92989.91850615,91616.73191524553,1373.1865909044718,0,92056.0,92143.2,0.0,0.0,0.0,0.0,-0.7041553196751551,-0.23184813455696351,92142.6,92058.1,,,
2024-11-19 23:20:00+00:00,92081.5,92135.1,92075.9,92107.1,96.274,92297.32615115569,0.339599256333232,92990.25810540633,91617.07151450186,1373.1865909044718,0,92056.0,92143.2,0.0,0.0,0.0,0.0,-0.7041553196751551,-0.23184813455696351,92142.6,92058.1,,,
2024-11-19 23:21:00+00:00,92107.1,92135.9,92034.4,92034.4,55.954,92297.66575041202,0.339599256333232,92990.59770466266,91617.4111137582,1373.1865909044718,0,92056.0,92143.2,0.0,0.0,0.0,0.0,-0.7041553196751551,-0.23184813455696351,92142.6,92058.1,,,
2024-11-19 23:22:00+00:00,92034.4,92152.4,92022.9,92125.0,135.546,92298.00534966837,0.339599256333232,92990.93730391901,91617.75071301454,1373.1865909044718,0,92056.0,92143.2,0.0,0.0,0.0,0.0,-0.7041553196751551,-0.23184813455696351,92142.6,92058.1,,,
2024-11-19 23:23:00+00:00,92125.0,92125.0,92063.8,92104.0,32.946,92298.3449489247,0.339599256333232,92991.27690317534,91618.09031227087,1373.1865909044718,0,92056.0,92143.2,0.0,0.0,0.0,0.0,-0.7041553196751551,-0.23184813455696351,92142.6,92058.1,,,
2024-11-19 23:24:00+00:00,92104.0,92120.1,92065.0,92065.1,28.277,92298.68454818103,0.339599256333232,92991.61650243167,91618.4299115272,1373.1865909044718,0,92056.0,92143.2,0.0,0.0,0.0,0.0,-0.7041553196751551,-0.23184813455696351,92142.6,92058.1,,,
2024-11-19 23:25:00+00:00,92065.1,92065.1,91933.6,91941.8,145.578,92299.02414743736,0.339599256333232,92991.956101688,91618.76951078353,1373.1865909044718,-1,92056.0,92143.2,0.0,-314.83048921647423,0.0,-0.22926999965030678,-0.7041553196751551,-0.23184813455696351,92142.6,92058.1,,,
2024-11-19 23:26:00+00:00,91941.8,92001.5,91941.7,91988.4,23.271,92299.36374669369,0.339599256333232,92992.29570094433,91619.10911003986,1373.1865909044718,0,92056.0,92143.2,0.0,0.0,0.0,0.0,-0.7041553196751551,-0.23184813455696351,92142.6,92058.1,,,
2024-11-19 23:27:00+00:00,91988.4,92044.9,91973.7,92043.7,17.087,92299.70334595002,0.339599256333232,92992.63530020067,91619.4487092962,1373.1865909044718,0,92056.0,92143.2,0.0,0.0,0.0,0.0,-0.7041553196751551,-0.23184813455696351,92142.6,92058.1,,,
2024-11-19 23:28:00+00:00,92043.7,92088.0,92030.0,92081.3,33.964,92300.04294520635,0.339599256333232,92992.974899457,91619.78830855252,1373.1865909044718,0,92056.0,92143.2,0.0,0.0,0.0,0.0,-0.7041553196751551,-0.23184813455696351,92142.6,92058.1,,,
2024-11-19 23:29:00+00:00,92081.3,92153.4,92051.5,92081.1,193.315,92300.3825444627,0.339599256333232,92993.31449871334,91620.12790780887,1373.1865909044718,0,92056.0,92143.2,0.0,0.0,0.0,0.0,-0.7041553196751551,-0.23184813455696351,92142.6,92058.1,,,
2024-11-19 23:30:00+00:00,92081.1,92099.2,92022.0,92058.9,49.861,92300.72214371903,0.339599256333232,92993.65409796967,91620.4675070652,1373.1865909044718,0,92056.0,92143.2,0.0,0.0,0.0,0.0,-0.7041553196751551,-0.23184813455696351,92142.6,92058.1,,,
2024-11-19 23:31:00+00:00,92058.9,92069.9,92028.0,92067.3,30.72,92301.06174297536,0.339599256333232,92993.993697226,91620.80710632153,1373.1865909044718,0,92056.0,92143.2,0.0,0.0,0.0,0.0,-0.7041553196751551,-0.23184813455696351,92142.6,92058.1,,,
2024-11-19 23:32:00+00:00,92067.3,92138.7,92043.8,92068.1,83.675,92301.4013422317,0.339599256333232,92994.33329648233,91621.14670557786,1373.1865909044718,0,92056.0,92143.2,0.0,0.0,0.0,0.0,-0.7041553196751551,-0.23184813455696351,92142.6,92058.1,,,
2024-11-19 23:33:00+00:00,92068.1,92147.3,92068.1,92144.5,33.961,92301.74094148802,0.339599256333232,92994.67289573867,91621.4863048342,1373.1865909044718,0,92056.0,92143.2,0.0,0.0,0.0,0.0,-0.7041553196751551,-0.23184813455696351,92142.6,92058.1,,,
2024-11-19 23:34:00+00:00,92144.5,92163.9,92140.0,92162.0,36.453,92302.08054074435,0.339599256333232,92995.012494995,91621.82590409053,1373.1865909044718,0,92056.0,92143.2,0.0,0.0,0.0,0.0,-0.7041553196751551,-0.23184813455696351,92142.6,92058.1,,,
2024-11-19 23:35:00+00:00,92162.0,92186.6,92140.0,92159.7,49.99,92302.4201400007,0.339599256333232,92995.35209425134,91622.16550334687,1373.1865909044718,0,92056.0,92143.2,0.0,0.0,0.0,0.0,-0.7041553196751551,-0.23184813455696351,92142.6,92058.1,,,
2024-11-19 23:36:00+00:00,92159.7,92200.0,92156.2,92190.4,61.056,92302.75973925703,0.339599256333232,92995.69169350767,91622.5051026032,1373.1865909044718,0,92056.0,92143.2,0.0,0.0,0.0,0.0,-0.7041553196751551,-0.23184813455696351,92142.6,92058.1,,,
2024-11-19 23:37:00+00:00,92190.4,92217.3,92160.4,92180.1,75.723,92303.09933851336,0.339599256333232,92996.031292764,91622.84470185953,1373.1865909044718,0,92056.0,92143.2,0.0,0.0,0.0,0.0,-0.7041553196751551,-0.23184813455696351,92142.6,92058.1,,,
2024-11-19 23:38:00+00:00,92180.1,92239.1,92177.0,92236.1,30.103,92303.4389377697,0.339599256333232,92996.37089202034,91623.18430111586,1373.1865909044718,0,92056.0,92143.2,0.0,0.0,0.0,0.0,-0.7041553196751551,-0.23184813455696351,92142.6,92058.1,,,
2024-11-19 23:39:00+00:00,92236.1,92291.3,92223.3,92264.2,123.431,92303.77853702602,0.339599256333232,92996.71049127667,91623.5239003722,1373.1865909044718,0,92056.0,92143.2,0.0,0.0,0.0,0.0,-0.7041553196751551,-0.23184813455696351,92142.6,92058.1,,,
2024-11-19 23:40:00+00:00,92264.2,92264.2,92162.0,92179.3,55.245,92304.11813628236,0.339599256333232,92997.050090533,91623.86349962853,1373.1865909044718,0,92056.0,92143.2,0.0,0.0,0.0,0.0,-0.7041553196751551,-0.23184813455696351,92142.6,92058.1,,,
2024-11-19 23:41:00+00:00,92179.3,92267.7,92179.2,92241.6,72.668,92304.45773553869,0.339599256333232,92997.38968978933,91624.20309888486,1373.1865909044718,0,92056.0,92143.2,0.0,0.0,0.0,0.0,-0.7041553196751551,-0.23184813455696351,92142.6,92058.1,,,
2024-11-19 23:42:00+00:00,92241.6,92299.9,92221.3,92267.6,63.623,92304.79733479503,0.339599256333232,92997.72928904567,91624.5426981412,1373.1865909044718,0,92056.0,92143.2,0.0,0.0,0.0,0.0,-0.7041553196751551,-0.23184813455696351,92142.6,92058.1,,,
2024-11-19 23:43:00+00:00,92267.6,92300.0,92267.5,92300.0,34.601,92305.13693405136,0.339599256333232,92998.068888302,91624.88229739753,1373.1865909044718,1,92056.0,92143.2,-698.0688883020048,0.0,-0.5083569071572497,0.0,-0.7041553196751551,-0.23184813455696351,92142.6,92058.1,,,
2024-11-19 23:44:00+00:00,92300.0,92300.0,92260.0,92268.6,26.755,92305.4765333077,0.339599256333232,92998.40848755834,91625.22189665386,1373.1865909044718,1,92056.0,92143.2,-698.4084875583358,0.0,-0.5086042145942582,0.0,-0.7041553196751551,-0.23184813455696351,92142.6,92058.1,,,
2024-11-19 23:45:00+00:00,92268.6,92268.6,92198.6,92206.0,49.011,92305.81613256402,0.339599256333232,92998.74808681467,91625.5614959102,1373.1865909044718,0,92056.0,92143.2,0.0,0.0,0.0,0.0,-0.7041553196751551,-0.23184813455696351,92142.6,92058.1,,,
2024-11-19 23:46:00+00:00,92206.0,92240.2,92195.0,92210.3,28.222,92306.15573182036,0.339599256333232,92999.087686071,91625.90109516653,1373.1865909044718,0,92056.0,92143.2,0.0,0.0,0.0,0.0,-0.7041553196751551,-0.23184813455696351,92142.6,92058.1,,,
2024-11-19 23:47:00+00:00,92210.3,92210.3,92189.0,92191.4,23.936,92306.49533107669,0.339599256333232,92999.42728532733,91626.24069442286,1373.1865909044718,0,92056.0,92143.2,0.0,0.0,0.0,0.0,-0.7041553196751551,-0.23184813455696351,92142.6,92058.1,,,
2024-11-19 23:48:00+00:00,92191.4,92200.0,92169.8,92184.1,28.323,92306.83493033303,0.339599256333232,92999.76688458367,91626.5802936792,1373.1865909044718,0,92056.0,92143.2,0.0,0.0,0.0,0.0,-0.7041553196751551,-0.23184813455696351,92142.6,92058.1,,,
2024-11-19 23:49:00+00:00,92184.1,92201.8,92179.7,92201.8,37.147,92307.17452958936,0.339599256333232,93000.10648384,91626.91989293553,1373.1865909044718,0,92056.0,92143.2,0.0,0.0,0.0,0.0,-0.7041553196751551,-0.23184813455696351,92142.6,92058.1,,,
2024-11-19 23:50:00+00:00,92201.8,92201.8,92167.4,92184.7,27.399,92307.5141288457,0.339599256333232,93000.44608309634,91627.25949219186,1373.1865909044718,0,92056.0,92143.2,0.0,0.0,0.0,0.0,-0.7041553196751551,-0.23184813455696351,92142.6,92058.1,,,
2024-11-19 23:51:00+00:00,92184.7,92216.8,92184.6,92216.8,10.43,92307.85372810203,0.339599256333232,93000.78568235267,91627.5990914482,1373.1865909044718,0,92056.0,92143.2,0.0,0.0,0.0,0.0,-0.7041553196751551,-0.23184813455696351,92142.6,92058.1,,,
2024-11-19 23:52:00+00:00,92216.8,92216.8,92136.6,92189.0,29.629,92308.19332735836,0.339599256333232,93001.125281609,91627.93869070453,1373.1865909044718,0,92056.0,92143.2,0.0,0.0,0.0,0.0,-0.7041553196751551,-0.23184813455696351,92142.6,92058.1,,,
2024-11-19 23:53:00+00:00,92189.0,92189.1,92136.7,92136.7,17.685,92308.53292661469,0.339599256333232,93001.46488086533,91628.27828996086,1373.1865909044718,0,92056.0,92143.2,0.0,0.0,0.0,0.0,-0.7041553196751551,-0.23184813455696351,92142.6,92058.1,,,
2024-11-19 23:54:00+00:00,92136.7,92165.7,92136.2,92144.3,17.768,92308.87252587102,0.339599256333232,93001.80448012166,91628.61788921719,1373.1865909044718,0,92056.0,92143.2,0.0,0.0,0.0,0.0,-0.7041553196751551,-0.23184813455696351,92142.6,92058.1,,,
2024-11-19 23:55:00+00:00,92144.3,92148.9,92123.9,92136.9,25.412,92309.21212512736,0.339599256333232,93002.144079378,91628.95748847353,1373.1865909044718,-1,92056.0,92143.2,0.0,-494.9425115264603,0.0,-0.3604335454517207,-0.7041553196751551,-0.23184813455696351,92142.6,92058.1,,,
2024-11-19 23:56:00+00:00,92136.9,92254.9,92136.8,92248.9,46.263,92309.5517243837,0.339599256333232,93002.48367863434,91629.29708772986,1373.1865909044718,0,92056.0,92143.2,0.0,0.0,0.0,0.0,-0.7041553196751551,-0.23184813455696351,92142.6,92058.1,,,
2024-11-19 23:57:00+00:00,92248.9,92300.0,92232.7,92289.6,114.373,92309.89132364003,0.339599256333232,93002.82327789067,91629.6366869862,1373.1865909044718,0,92056.0,92143.2,0.0,0.0,0.0,0.0,-0.7041553196751551,-0.23184813455696351,92142.6,92058.1,,,
2024-11-19 23:58:00+00:00,92289.6,92289.6,92238.0,92238.0,11.353,92310.23092289636,0.339599256333232,93003.162877147,91629.97628624253,1373.1865909044718,0,92056.0,92143.2,0.0,0.0,0.0,0.0,-0.7041553196751551,-0.23184813455696351,92142.6,92058.1,,,
2024-11-19 23:59:00+00:00,92238.0,92341.4,92231.1,92341.4,119.514,92310.57052215269,0.339599256333232,93003.50247640333,91630.31588549886,1373.1865909044718,0,92056.0,92143.2,0.0,0.0,0.0,0.0,-0.7041553196751551,-0.23184813455696351,92142.6,92058.1,,1.0,
2024-11-20 00:00:00+00:00,92341.4,92378.1,92294.7,92350.0,120.044,92310.91012140902,0.339599256333232,93003.84207565966,91630.65548475519,1373.1865909044718,1,92056.0,92143.2,-625.7420756596548,0.0,-0.4556861243798627,0.0,-0.7041553196751551,-0.23184813455696351,92142.6,92058.1,,,
2024-11-20 00:01:00+00:00,92350.0,92366.3,92267.5,92267.5,67.988,92311.24972066536,0.339599256333232,93004.181674916,91630.99508401153,1373.1865909044718,0,92056.0,92143.2,0.0,0.0,0.0,0.0,-0.7041553196751551,-0.23184813455696351,92142.6,92058.1,,,
2024-11-20 00:02:00+00:00,92267.5,92320.0,92253.2,92279.0,61.835,92311.5893199217,0.339599256333232,93004.52127417234,91631.33468326787,1373.1865909044718,0,92056.0,92143.2,0.0,0.0,0.0,0.0,-0.7041553196751551,-0.23184813455696351,92142.6,92058.1,,,
2024-11-20 00:03:00+00:00,92279.0,92308.0,92182.6,92185.3,86.356,92311.92891917803,0.339599256333232,93004.86087342867,91631.6742825242,1373.1865909044718,-1,92056.0,92143.2,0.0,-550.9257174758095,0.0,-0.4012023720046183,-0.7041553196751551,-0.23184813455696351,92142.6,92058.1,,,
2024-11-20 00:04:00+00:00,92185.3,92278.3,92185.2,92239.4,113.67,92312.26851843436,0.339599256333232,93005.200472685,91632.01388178053,1373.1865909044718,0,92056.0,92143.2,0.0,0.0,0.0,0.0,-0.7041553196751551,-0.23184813455696351,92142.6,92058.1,,,
2024-11-20 00:05:00+00:00,92239.4,92266.7,92202.1,92222.5,65.982,92312.60811769069,0.339599256333232,93005.54007194133,91632.35348103686,1373.1865909044718,0,92056.0,92143.2,0.0,0.0,0.0,0.0,-0.7041553196751551,-0.23184813455696351,92142.6,92058.1,,,
2024-11-20 00:06:00+00:00,92222.5,92250.7,92203.5,92230.5,24.587,92312.94771694702,0.339599256333232,93005.87967119766,91632.69308029319,1373.1865909044718,0,92056.0,92143.2,0.0,0.0,0.0,0.0,-0.7041553196751551,-0.23184813455696351,92142.6,92058.1,,,
2024-11-20 00:07:00+00:00,92230.5,92289.5,92228.2,92267.6,19.45,92313.28731620335,0.339599256333232,93006.21927045399,91633.03267954952,1373.1865909044718,0,92056.0,92143.2,0.0,0.0,0.0,0.0,-0.7041553196751551,-0.23184813455696351,92142.6,92058.1,,,
2024-11-20 00:08:00+00:00,92267.6,92346.4,92267.6,92323.4,72.116,92313.6269154597,0.339599256333232,93006.55886971034,91633.37227880587,1373.1865909044718,0,92056.0,92143.2,0.0,0.0,0.0,0.0,-0.7041553196751551,-0.23184813455696351,92142.6,92058.1,,1.0,
2024-11-20 00:09:00+00:00,92323.4,92411.0,92306.6,92410.9,87.489,92313.96651471603,0.339599256333232,93006.89846896667,91633.7118780622,1373.1865909044718,0,92056.0,92143.2,0.0,0.0,0.0,0.0,-0.7041553196751551,-0.23184813455696351,92142.6,92058.1,,,
2024-11-20 00:10:00+00:00,92410.9,92460.7,92380.8,92392.5,136.16,92314.30611397236,0.339599256333232,93007.238068223,91634.05147731853,1373.1865909044718,1,92056.0,92143.2,-546.5380682230025,0.0,-0.3980071403573904,0.0,-0.7041553196751551,-0.23184813455696351,92142.6,92058.1,,,
2024-11-20 00:11:00+00:00,92392.5,92400.1,92300.0,92300.0,106.724,92314.64571322869,0.339599256333232,93007.57766747933,91634.39107657486,1373.1865909044718,0,92056.0,92143.2,0.0,0.0,0.0,0.0,-0.7041553196751551,-0.23184813455696351,92142.6,92058.1,,,
2024-11-20 00:12:00+00:00,92300.0,92340.5,92274.5,92283.9,73.172,92314.98531248502,0.339599256333232,93007.91726673566,91634.73067583119,1373.1865909044718,0,92056.0,92143.2,0.0,0.0,0.0,0.0,-0.7041553196751551,-0.23184813455696351,92142.6,92058.1,,,
2024-11-20 00:13:00+00:00,92283.9,92283.9,92228.5,92228.6,45.034,92315.32491174135,0.339599256333232,93008.25686599199,91635.07027508752,1373.1865909044718,0,92056.0,92143.2,0.0,0.0,0.0,0.0,-0.7041553196751551,-0.23184813455696351,92142.6,92058.1,,,
2024-11-20 00:14:00+00:00,92228.6,92244.0,92201.8,92205.8,28.919,92315.6645109977,0.339599256333232,93008.59646524834,91635.40987434387,1373.1865909044718,0,92056.0,92143.2,0.0,0.0,0.0,0.0,-0.7041553196751551,-0.23184813455696351,92142.6,92058.1,,,
2024-11-20 00:15:00+00:00,92205.8,92243.9,92200.0,92220.9,30.914,92316.00411025403,0.339599256333232,93008.93606450467,91635.7494736002,1373.1865909044718,0,92056.0,92143.2,0.0,0.0,0.0,0.0,-0.7041553196751551,-0.23184813455696351,92142.6,92058.1,,,
2024-11-20 00:16:00+00:00,92220.9,92293.0,92220.9,92293.0,46.841,92316.34370951036,0.339599256333232,93009.275663761,91636.08907285653,1373.1865909044718,0,92056.0,92143.2,0.0,0.0,0.0,0.0,-0.7041553196751551,-0.23184813455696351,92142.6,92058.1,,,
2024-11-20 00:17:00+00:00,92293.0,92293.0,92221.4,92233.2,70.287,92316.68330876669,0.339599256333232,93009.61526301733,91636.42867211286,1373.1865909044718,0,92056.0,92143.2,0.0,0.0,0.0,0.0,-0.7041553196751551,-0.23184813455696351,92142.6,92058.1,,,
2024-11-20 00:18:00+00:00,92233.2,92234.0,92216.6,92229.9,35.352,92317.02290802302,0.339599256333232,93009.95486227366,91636.76827136919,1373.1865909044718,0,92056.0,92143.2,0.0,0.0,0.0,0.0,-0.7041553196751551,-0.23184813455696351,92142.6,92058.1,,,
2024-11-20 00:19:00+00:00,92229.9,92229.9,92123.9,92145.9,73.392,92317.36250727935,0.339599256333232,93010.29446153,91637.10787062552,1373.1865909044718,0,92056.0,92143.2,0.0,0.0,0.0,0.0,-0.7041553196751551,-0.23184813455696351,92142.6,92058.1,,,
2024-11-20 00:20:00+00:00,92145.9,92161.6,92123.5,92133.9,60.228,92317.70210653568,0.339599256333232,93010.63406078632,91637.44746988185,1373.1865909044718,0,92056.0,92143.2,0.0,0.0,0.0,0.0,-0.7041553196751551,-0.23184813455696351,92142.6,92058.1,,,
2024-11-20 00:21:00+00:00,92133.9,92148.8,92100.0,92100.1,43.051,92318.04170579203,0.339599256333232,93010.97366004267,91637.7870691382,1373.1865909044718,0,92056.0,92143.2,0.0,0.0,0.0,0.0,-0.7041553196751551,-0.23184813455696351,92142.6,92058.1,,,
2024-11-20 00:22:00+00:00,92100.1,92159.0,92100.1,92133.4,34.155,92318.38130504836,0.339599256333232,93011.313259299,91638.12666839453,1373.1865909044718,0,92056.0,92143.2,0.0,0.0,0.0,0.0,-0.7041553196751551,-0.23184813455696351,92142.6,92058.1,,,
2024-11-20 00:23:00+00:00,92133.4,92200.0,92115.3,92199.9,31.514,92318.72090430469,0.339599256333232,93011.65285855533,91638.46626765086,1373.1865909044718,0,92056.0,92143.2,0.0,0.0,0.0,0.0,-0.7041553196751551,-0.23184813455696351,92142.6,92058.1,,,
2024-11-20 00:24:00+00:00,92199.9,92230.4,92180.1,92200.1,19.918,92319.06050356102,0.339599256333232,93011.99245781166,91638.80586690719,1373.1865909044718,0,92056.0,92143.2,0.0,0.0,0.0,0.0,-0.7041553196751551,-0.23184813455696351,92142.6,92058.1,,,
2024-11-20 00:25:00+00:00,92200.1,92223.0,92200.0,92208.1,14.508,92319.40010281735,0.339599256333232,93012.332057068,91639.14546616352,1373.1865909044718,0,92056.0,92143.2,0.0,0.0,0.0,0.0,-0.7041553196751551,-0.23184813455696351,92142.6,92058.1,,,
2024-11-20 00:26:00+00:00,92208.1,92209.9,92130.1,92130.1,59.135,92319.73970207368,0.339599256333232,93012.67165632432,91639.48506541985,1373.1865909044718,0,92056.0,92143.2,0.0,0.0,0.0,0.0,-0.7041553196751551,-0.23184813455696351,92142.6,92058.1,,,
2024-11-20 00:27:00+00:00,92130.1,92149.2,92067.3,92067.3,68.078,92320.07930133003,0.339599256333232,93013.01125558067,91639.8246646762,1373.1865909044718,0,92056.0,92143.2,0.0,0.0,0.0,0.0,-0.7041553196751551,-0.23184813455696351,92142.6,92058.1,,,
2024-11-20 00:28:00+00:00,92067.3,92158.5,92045.9,92098.7,52.745,92320.41890058636,0.339599256333232,93013.350854837,91640.16426393253,1373.1865909044718,0,92056.0,92143.2,0.0,0.0,0.0,0.0,-0.7041553196751551,-0.23184813455696351,92142.6,92058.1,,,
2024-11-20 00:29:00+00:00,92098.7,92126.3,92045.8,92064.4,70.9,92320.75849984269,0.339599256333232,93013.69045409333,91640.50386318886,1373.1865909044718,0,92056.0,92143.2,0.0,0.0,0.0,0.0,-0.7041553196751551,-0.23184813455696351,92142.6,92058.1,,,
2024-11-20 00:30:00+00:00,92064.4,92079.3,92012.8,92058.3,142.728,92321.09809909902,0.339599256333232,93014.03005334966,91640.84346244519,1373.1865909044718,-1,92056.0,92143.2,0.0,-371.9565375548118,0.0,-0.27087108191889386,-0.7041553196751551,-0.23184813455696351,92142.6,92058.1,,,
2024-11-20 00:31:00+00:00,92058.3,92221.7,92046.7,92221.7,146.117,92321.43769835535,0.339599256333232,93014.369652606,91641.18306170152,1373.1865909044718,0,92056.0,92143.2,0.0,0.0,0.0,0.0,-0.7041553196751551,-0.23184813455696351,92142.6,92058.1,,,
2024-11-20 00:32:00+00:00,92221.7,92221.7,92087.4,92090.8,74.142,92321.77729761168,0.339599256333232,93014.70925186232,91641.52266095785,1373.1865909044718,0,92056.0,92143.2,0.0,0.0,0.0,0.0,-0.7041553196751551,-0.23184813455696351,92142.6,92058.1,,,
2024-11-20 00:33:00+00:00,92090.8,92180.6,92090.8,92168.1,22.315,92322.11689686801,0.339599256333232,93015.04885111866,91641.86226021418,1373.1865909044718,0,92056.0,92143.2,0.0,0.0,0.0,0.0,-0.7041553196751551,-0.23184813455696351,92142.6,92058.1,,,
2024-11-20 00:34:00+00:00,92168.1,92168.1,92100.0,92109.1,18.599,92322.45649612436,0.339599256333232,93015.388450375,91642.20185947053,1373.1865909044718,0,92056.0,92143.2,0.0,0.0,0.0,0.0,-0.7041553196751551,-0.23184813455696351,92142.6,92058.1,,,
2024-11-20 00:35:00+00:00,92109.1,92137.1,92076.8,92137.1,36.496,92322.79609538069,0.339599256333232,93015.72804963133,91642.54145872686,1373.1865909044718,0,92056.0,92143.2,0.0,0.0,0.0,0.0,-0.7041553196751551,-0.23184813455696351,92142.6,92058.1,,,
2024-11-20 00:36:00+00:00,92137.1,92278.7,92130.4,92175.5,64.402,92323.13569463702,0.339599256333232,93016.06764888766,91642.88105798319,1373.1865909044718,0,92056.0,92143.2,0.0,0.0,0.0,0.0,-0.7041553196751551,-0.23184813455696351,92142.6,92058.1,,,
2024-11-20 00:37:00+00:00,92175.5,92243.5,92168.6,92239.7,32.639,92323.47529389335,0.339599256333232,93016.407248144,91643.22065723952,1373.1865909044718,0,92056.0,92143.2,0.0,0.0,0.0,0.0,-0.7041553196751551,-0.23184813455696351,92142.6,92058.1,,,
2024-11-20 00:38:00+00:00,92239.7,92296.2,92239.7,92274.0,57.656,92323.81489314968,0.339599256333232,93016.74684740033,91643.56025649585,1373.1865909044718,0,92056.0,92143.2,0.0,0.0,0.0,0.0,-0.7041553196751551,-0.23184813455696351,92142.6,92058.1,,,
2024-11-20 00:39:00+00:00,92274.0,92295.0,92257.1,92295.0,11.747,92324.15449240601,0.339599256333232,93017.08644665666,91643.89985575218,1373.1865909044718,0,92056.0,92143.2,0.0,0.0,0.0,0.0,-0.7041553196751551,-0.23184813455696351,92142.6,92058.1,,,
2024-11-20 00:40:00+00:00,92295.0,92320.0,92285.5,92294.0,47.628,92324.49409166236,0.339599256333232,93017.426045913,91644.23945500853,1373.1865909044718,0,92056.0,92143.2,0.0,0.0,0.0,0.0,-0.7041553196751551,-0.23184813455696351,92142.6,92058.1,,,
2024-11-20 00:41:00+00:00,92294.0,92367.2,92293.9,92337.5,50.062,92324.83369091869,0.339599256333232,93017.76564516933,91644.57905426486,1373.1865909044718,1,92056.0,92143.2,-650.5656451693358,0.0,-0.4737634706590239,0.0,-0.7041553196751551,-0.23184813455696351,92142.6,92058.1,,1.0,
2024-11-20 00:42:00+00:00,92337.5,92349.8,92306.4,92339.9,19.365,92325.17329017502,0.339599256333232,93018.10524442566,91644.91865352119,1373.1865909044718,0,92056.0,92143.2,0.0,0.0,0.0,0.0,-0.7041553196751551,-0.23184813455696351,92142.6,92058.1,,,
2024-11-20 00:43:00+00:00,92339.9,92339.9,92286.5,92312.0,37.224,92325.51288943135,0.339599256333232,93018.444843682,91645.25825277752,1373.1865909044718,0,92056.0,92143.2,0.0,0.0,0.0,0.0,-0.7041553196751551,-0.23184813455696351,92142.6,92058.1,,,
2024-11-20 00:44:00+00:00,92312.0,92318.9,92256.1,92256.1,17.605,92325.85248868768,0.339599256333232,93018.78444293833,91645.59785203385,1373.1865909044718,0,92056.0,92143.2,0.0,0.0,0.0,0.0,-0.7041553196751551,-0.23184813455696351,92142.6,92058.1,,,
2024-11-20 00:45:00+00:00,92256.1,92270.0,92189.6,92254.4,63.704,92326.19208794401,0.339599256333232,93019.12404219466,91645.93745129018,1373.1865909044718,0,92056.0,92143.2,0.0,0.0,0.0,0.0,-0.7041553196751551,-0.23184813455696351,92142.6,92058.1,,,
2024-11-20 00:46:00+00:00,92254.4,92308.1,92219.8,92219.9,26.783,92326.53168720035,0.339599256333232,93019.46364145099,91646.27705054652,1373.1865909044718,0,92056.0,92143.2,0.0,0.0,0.0,0.0,-0.7041553196751551,-0.23184813455696351,92142.6,92058.1,,,
2024-11-20 00:47:00+00:00,92219.9,92246.3,92160.4,92190.0,33.306,92326.87128645669,0.339599256333232,93019.80324070733,91646.61664980286,1373.1865909044718,0,92056.0,92143.2,0.0,0.0,0.0,0.0,-0.7041553196751551,-0.23184813455696351,92142.6,92058.1,,,
2024-11-20 00:48:00+00:00,92190.0,92214.0,92150.0,92213.9,10.11,92327.21088571302,0.339599256333232,93020.14283996366,91646.95624905919,1373.1865909044718,0,92056.0,92143.2,0.0,0.0,0.0,0.0,-0.7041553196751551,-0.23184813455696351,92142.6,92058.1,,,
2024-11-20 00:49:00+00:00,92213.9,92214.0,92150.5,92170.0,22.556,92327.55048496935,0.339599256333232,93020.48243922,91647.29584831552,1373.1865909044718,0,92056.0,92143.2,0.0,0.0,0.0,0.0,-0.7041553196751551,-0.23184813455696351,92142.6,92058.1,,,
2024-11-20 00:50:00+00:00,92170.0,92180.3,92149.4,92180.3,33.104,92327.89008422568,0.339599256333232,93020.82203847633,91647.63544757185,1373.1865909044718,-1,92056.0,92143.2,0.0,-501.7645524281397,0.0,-0.36540158180371124,-0.7041553196751551,-0.23184813455696351,92142.6,92058.1,,,
2024-11-20 00:51:00+00:00,92180.3,92203.7,92172.5,92193.2,11.249,92328.22968348202,0.339599256333232,93021.16163773266,91647.97504682819,1373.1865909044718,0,92056.0,92143.2,0.0,0.0,0.0,0.0,-0.7041553196751551,-0.23184813455696351,92142.6,92058.1,,,
2024-11-20 00:52:00+00:00,92193.2,92200.0,92168.2,92193.5,8.904,92328.56928273835,0.339599256333232,93021.50123698899,91648.31464608452,1373.1865909044718,0,92056.0,92143.2,0.0,0.0,0.0,0.0,-0.7041553196751551,-0.23184813455696351,92142.6,92058.1,,,
2024-11-20 00:53:00+00:00,92193.5,92236.2,92193.5,92217.7,23.636,92328.90888199469,0.339599256333232,93021.84083624533,91648.65424534086,1373.1865909044718,0,92056.0,92143.2,0.0,0.0,0.0,0.0,-0.7041553196751551,-0.23184813455696351,92142.6,92058.1,,,
2024-11-20 00:54:00+00:00,92217.7,92217.7,92178.0,92178.0,7.746,92329.24848125102,0.339599256333232,93022.18043550166,91648.9938445972,1373.1865909044718,0,92056.0,92143.2,0.0,0.0,0.0,0.0,-0.7041553196751551,-0.23184813455696351,92142.6,92058.1,,,
2024-11-20 00:55:00+00:00,92178.0,92198.6,92165.7,92165.7,13.622,92329.58808050735,0.339599256333232,93022.520034758,91649.33344385352,1373.1865909044718,0,92056.0,92143.2,0.0,0.0,0.0,0.0,-0.7041553196751551,-0.23184813455696351,92142.6,92058.1,,,
2024-11-20 00:56:00+00:00,92165.7,92196.1,92163.9,92181.0,16.871,92329.92767976368,0.339599256333232,93022.85963401433,91649.67304310985,1373.1865909044718,0,92056.0,92143.2,0.0,0.0,0.0,0.0,-0.7041553196751551,-0.23184813455696351,92142.6,92058.1,,,
2024-11-20 00:57:00+00:00,92181.0,92181.0,92137.0,92147.1,21.12,92330.26727902002,0.339599256333232,93023.19923327066,91650.01264236619,1373.1865909044718,0,92056.0,92143.2,0.0,0.0,0.0,0.0,-0.7041553196751551,-0.23184813455696351,92142.6,92058.1,,,
2024-11-20 00:58:00+00:00,92147.1,92147.1,92089.6,92089.6,30.593,92330.60687827635,0.339599256333232,93023.53883252699,91650.35224162252,1373.1865909044718,0,92056.0,92143.2,0.0,0.0,0.0,0.0,-0.7041553196751551,-0.23184813455696351,92142.6,92058.1,,,
2024-11-20 00:59:00+00:00,92089.6,92104.9,92066.9,92066.9,12.815,92330.94647753268,0.339599256333232,93023.87843178332,91650.69184087885,1373.1865909044718,0,92056.0,92143.2,0.0,0.0,0.0,0.0,-0.7041553196751551,-0.23184813455696351,92142.6,92058.1,,,
2024-11-20 01:00:00+00:00,92066.9,92120.4,92046.5,92120.4,24.179,92331.28607678902,0.339599256333232,93024.21803103967,91651.0314401352,1373.1865909044718,-1,92056.0,92143.2,0.0,-395.4685598648066,0.0,-0.28799331604623724,-0.7041553196751551,-0.23184813455696351,92142.6,92058.1,,,
2024-11-20 01:01:00+00:00,92120.4,92139.9,92100.0,92101.2,59.517,92331.62567604535,0.339599256333232,93024.557630296,91651.37103939152,1373.1865909044718,0,92056.0,92143.2,0.0,0.0,0.0,0.0,-0.7041553196751551,-0.23184813455696351,92142.6,92058.1,,,
2024-11-20 01:02:00+00:00,92101.2,92101.3,92057.9,92088.3,50.582,92331.96527530169,0.339599256333232,93024.89722955233,91651.71063864786,1373.1865909044718,0,92056.0,92143.2,0.0,0.0,0.0,0.0,-0.7041553196751551,-0.23184813455696351,92142.6,92058.1,,,
2024-11-20 01:03:00+00:00,92088.3,92160.9,92088.3,92159.0,21.921,92332.30487455802,0.339599256333232,93025.23682880866,91652.05023790419,1373.1865909044718,0,92056.0,92143.2,0.0,0.0,0.0,0.0,-0.7041553196751551,-0.23184813455696351,92142.6,92058.1,,,
2024-11-20 01:04:00+00:00,92159.0,92294.1,92157.4,92284.8,58.715,92332.64447381435,0.339599256333232,93025.57642806499,91652.38983716052,1373.1865909044718,1,92056.0,92143.2,-731.4764280649833,0.0,-0.5326853851545291,0.0,-0.7041553196751551,-0.23184813455696351,92142.6,92058.1,,,
2024-11-20 01:05:00+00:00,92284.8,92284.8,92180.8,92180.8,33.771,92332.98407307068,0.339599256333232,93025.91602732132,91652.72943641685,1373.1865909044718,0,92056.0,92143.2,0.0,0.0,0.0,0.0,-0.7041553196751551,-0.23184813455696351,92142.6,92058.1,,,
2024-11-20 01:06:00+00:00,92180.8,92260.0,92166.4,92252.8,32.439,92333.32367232702,0.339599256333232,93026.25562657767,91653.0690356732,1373.1865909044718,0,92056.0,92143.2,0.0,0.0,0.0,0.0,-0.7041553196751551,-0.23184813455696351,92142.6,92058.1,,,
2024-11-20 01:07:00+00:00,92252.8,92252.8,92183.4,92199.4,27.752,92333.66327158335,0.339599256333232,93026.595225834,91653.40863492952,1373.1865909044718,0,92056.0,92143.2,0.0,0.0,0.0,0.0,-0.7041553196751551,-0.23184813455696351,92142.6,92058.1,,,
2024-11-20 01:08:00+00:00,92199.4,92212.9,92163.1,92210.9,13.715,92334.00287083969,0.339599256333232,93026.93482509033,91653.74823418586,1373.1865909044718,0,92056.0,92143.2,0.0,0.0,0.0,0.0,-0.7041553196751551,-0.23184813455696351,92142.6,92058.1,,,
2024-11-20 01:09:00+00:00,92210.9,92224.2,92193.4,92194.1,13.243,92334.34247009602,0.339599256333232,93027.27442434666,91654.08783344219,1373.1865909044718,0,92056.0,92143.2,0.0,0.0,0.0,0.0,-0.7041553196751551,-0.23184813455696351,92142.6,92058.1,,,
2024-11-20 01:10:00+00:00,92194.1,92194.1,92161.9,92162.0,5.853,92334.68206935235,0.339599256333232,93027.61402360299,91654.42743269852,1373.1865909044718,0,92056.0,92143.2,0.0,0.0,0.0,0.0,-0.7041553196751551,-0.23184813455696351,92142.6,92058.1,,,
2024-11-20 01:11:00+00:00,92162.0,92162.0,92080.0,92091.9,31.77,92335.02166860868,0.339599256333232,93027.95362285932,91654.76703195485,1373.1865909044718,0,92056.0,92143.2,0.0,0.0,0.0,0.0,-0.7041553196751551,-0.23184813455696351,92142.6,92058.1,,,
2024-11-20 01:12:00+00:00,92091.9,92155.6,92089.0,92140.2,32.219,92335.36126786502,0.339599256333232,93028.29322211567,91655.1066312112,1373.1865909044718,0,92056.0,92143.2,0.0,0.0,0.0,0.0,-0.7041553196751551,-0.23184813455696351,92142.6,92058.1,,,
2024-11-20 01:13:00+00:00,92140.2,92140.3,92094.4,92114.2,7.65,92335.70086712136,0.339599256333232,93028.632821372,91655.44623046753,1373.1865909044718,0,92056.0,92143.2,0.0,0.0,0.0,0.0,-0.7041553196751551,-0.23184813455696351,92142.6,92058.1,,,
2024-11-20 01:14:00+00:00,92114.2,92118.9,92105.1,92109.5,7.197,92336.04046637769,0.339599256333232,93028.97242062833,91655.78582972386,1373.1865909044718,0,92056.0,92143.2,0.0,0.0,0.0,0.0,-0.7041553196751551,-0.23184813455696351,92142.6,92058.1,,,
2024-11-20 01:15:00+00:00,92109.5,92115.8,92058.8,92058.8,15.079,92336.38006563402,0.339599256333232,93029.31201988466,91656.12542898019,1373.1865909044718,0,92056.0,92143.2,0.0,0.0,0.0,0.0,-0.7041553196751551,-0.23184813455696351,92142.6,92058.1,,,
2024-11-20 01:16:00+00:00,92058.8,92073.0,92013.6,92060.8,37.483,92336.71966489035,0.339599256333232,93029.65161914099,91656.46502823652,1373.1865909044718,0,92056.0,92143.2,0.0,0.0,0.0,0.0,-0.7041553196751551,-0.23184813455696351,92142.6,92058.1,,,
2024-11-20 01:17:00+00:00,92060.8,92060.8,92036.8,92048.3,23.927,92337.05926414668,0.339599256333232,93029.99121839732,91656.80462749285,1373.1865909044718,0,92056.0,92143.2,0.0,0.0,0.0,0.0,-0.7041553196751551,-0.23184813455696351,92142.6,92058.1,,,
2024-11-20 01:18:00+00:00,92048.3,92048.3,91944.9,91944.9,130.322,92337.39886340301,0.339599256333232,93030.33081765365,91657.14422674918,1373.1865909044718,0,92056.0,92143.2,0.0,0.0,0.0,0.0,-0.7041553196751551,-0.23184813455696351,92142.6,92058.1,,,
2024-11-20 01:19:00+00:00,91944.9,91978.7,91920.0,91974.3,59.262,92337.73846265936,0.339599256333232,93030.67041691,91657.48382600553,1373.1865909044718,0,92056.0,92143.2,0.0,0.0,0.0,0.0,-0.7041553196751551,-0.23184813455696351,92142.6,92058.1,,,
2024-11-20 01:20:00+00:00,91974.3,92025.8,91974.2,92024.9,31.213,92338.07806191569,0.339599256333232,93031.01001616633,91657.82342526186,1373.1865909044718,0,92056.0,92143.2,0.0,0.0,0.0,0.0,-0.7041553196751551,-0.23184813455696351,92142.6,92058.1,,,
2024-11-20 01:21:00+00:00,92024.9,92030.0,91988.7,92000.8,40.16,92338.41766117202,0.339599256333232,93031.34961542266,91658.16302451819,1373.1865909044718,0,92056.0,92143.2,0.0,0.0,0.0,0.0,-0.7041553196751551,-0.23184813455696351,92142.6,92058.1,,,
2024-11-20 01:22:00+00:00,92000.8,92013.1,91932.7,91932.7,22.439,92338.75726042835,0.339599256333232,93031.68921467899,91658.50262377452,1373.1865909044718,0,92056.0,92143.2,0.0,0.0,0.0,0.0,-0.7041553196751551,-0.23184813455696351,92142.6,92058.1,,,
2024-11-20 01:23:00+00:00,91932.7,91932.8,91828.7,91833.7,129.452,92339.09685968468,0.339599256333232,93032.02881393532,91658.84222303085,1373.1865909044718,0,92056.0,92143.2,0.0,0.0,0.0,0.0,-0.7041553196751551,-0.23184813455696351,92142.6,92058.1,,,
2024-11-20 01:24:00+00:00,91833.7,91857.8,91823.8,91854.1,80.261,92339.43645894101,0.339599256333232,93032.36841319165,91659.18182228718,1373.1865909044718,0,92056.0,92143.2,0.0,0.0,0.0,0.0,-0.7041553196751551,-0.23184813455696351,92142.6,92058.1,,,
2024-11-20 01:25:00+00:00,91854.1,91895.1,91780.8,91781.7,116.88,92339.77605819736,0.339599256333232,93032.708012448,91659.52142154353,1373.1865909044718,0,92056.0,92143.2,0.0,0.0,0.0,0.0,-0.7041553196751551,-0.23184813455696351,92142.6,92058.1,,,
2024-11-20 01:26:00+00:00,91781.7,92012.8,91767.8,91991.7,85.344,92340.11565745369,0.339599256333232,93033.04761170433,91659.86102079986,1373.1865909044718,-1,92056.0,92143.2,0.0,-107.9389792001457,0.0,-0.07860474309543754,-0.7041553196751551,-0.23184813455696351,92142.6,92058.1,,,
2024-11-20 01:27:00+00:00,91991.7,92012.8,91851.1,91891.7,143.56,92340.45525671002,0.339599256333232,93033.38721096066,91660.20062005619,1373.1865909044718,0,92056.0,92143.2,0.0,0.0,0.0,0.0,-0.7041553196751551,-0.23184813455696351,92142.6,92058.1,,,
2024-11-20 01:28:00+00:00,91891.7,91905.2,91852.8,91891.9,39.139,92340.79485596635,0.339599256333232,93033.72681021699,91660.54021931252,1373.1865909044718,0,92056.0,92143.2,0.0,0.0,0.0,0.0,-0.7041553196751551,-0.23184813455696351,92142.6,92058.1,,,
2024-11-20 01:29:00+00:00,91891.9,91927.9,91891.8,91918.4,15.497,92341.13445522268,0.339599256333232,93034.06640947332,91660.87981856885,1373.1865909044718,0,92056.0,92143.2,0.0,0.0,0.0,0.0,-0.7041553196751551,-0.23184813455696351,92142.6,92058.1,,,
2024-11-20 01:30:00+00:00,91918.4,91927.6,91866.3,91867.2,20.705,92341.47405447901,0.339599256333232,93034.40600872965,91661.21941782518,1373.1865909044718,0,92056.0,92143.2,0.0,0.0,0.0,0.0,-0.7041553196751551,-0.23184813455696351,92142.6,92058.1,,,
2024-11-20 01:31:00+00:00,91867.2,91900.0,91820.5,91888.9,38.62,92341.81365373534,0.339599256333232,93034.74560798598,91661.55901708151,1373.1865909044718,0,92056.0,92143.2,0.0,0.0,0.0,0.0,-0.7041553196751551,-0.23184813455696351,92142.6,92058.1,,,
2024-11-20 01:32:00+00:00,91888.9,91983.4,91888.9,91983.4,78.012,92342.15325299169,0.339599256333232,93035.08520724233,91661.89861633786,1373.1865909044718,0,92056.0,92143.2,0.0,0.0,0.0,0.0,-0.7041553196751551,-0.23184813455696351,92142.6,92058.1,,,
2024-11-20 01:33:00+00:00,91983.4,92008.8,91970.9,91971.0,23.581,92342.49285224802,0.339599256333232,93035.42480649866,91662.23821559419,1373.1865909044718,0,92056.0,92143.2,0.0,0.0,0.0,0.0,-0.7041553196751551,-0.23184813455696351,92142.6,92058.1,,,
2024-11-20 01:34:00+00:00,91971.0,92045.1,91970.9,92045.1,40.657,92342.83245150435,0.339599256333232,93035.76440575499,91662.57781485052,1373.1865909044718,0,92056.0,92143.2,0.0,0.0,0.0,0.0,-0.7041553196751551,-0.23184813455696351,92142.6,92058.1,,,
2024-11-20 01:35:00+00:00,92045.1,92086.3,91981.8,92086.2,57.619,92343.17205076068,0.339599256333232,93036.10400501132,91662.91741410685,1373.1865909044718,0,92056.0,92143.2,0.0,0.0,0.0,0.0,-0.7041553196751551,-0.23184813455696351,92142.6,92058.1,,,
2024-11-20 01:36:00+00:00,92086.2,92147.6,92078.0,92123.8,49.699,92343.51165001701,0.339599256333232,93036.44360426765,91663.25701336318,1373.1865909044718,0,92056.0,92143.2,0.0,0.0,0.0,0.0,-0.7041553196751551,-0.23184813455696351,92142.6,92058.1,,,
2024-11-20 01:37:00+00:00,92123.8,92147.5,92068.3,92133.9,60.32,92343.85124927334,0.339599256333232,93036.78320352398,91663.59661261951,1373.1865909044718,0,92056.0,92143.2,0.0,0.0,0.0,0.0,-0.7041553196751551,-0.23184813455696351,92142.6,92058.1,,,
2024-11-20 01:38:00+00:00,92133.9,92170.6,92120.0,92162.0,31.908,92344.19084852969,0.339599256333232,93037.12280278033,91663.93621187586,1373.1865909044718,0,92056.0,92143.2,0.0,0.0,0.0,0.0,-0.7041553196751551,-0.23184813455696351,92142.6,92058.1,,,
2024-11-20 01:39:00+00:00,92162.0,92171.7,92128.0,92137.6,22.267,92344.53044778602,0.339599256333232,93037.46240203666,91664.27581113219,1373.1865909044718,1,92056.0,92143.2,-865.7624020366638,0.0,-0.6304768833100935,0.0,-0.7041553196751551,-0.23184813455696351,92142.6,92058.1,,,
2024-11-20 01:40:00+00:00,92137.6,92137.6,92053.6,92073.5,39.293,92344.87004704235,0.339599256333232,93037.80200129299,91664.61541038852,1373.1865909044718,0,92056.0,92143.2,0.0,0.0,0.0,0.0,-0.7041553196751551,-0.23184813455696351,92142.6,92058.1,,,
2024-11-20 01:41:00+00:00,92073.5,92073.5,92041.8,92041.9,8.422,92345.20964629868,0.339599256333232,93038.14160054932,91664.95500964485,1373.1865909044718,0,92056.0,92143.2,0.0,0.0,0.0,0.0,-0.7041553196751551,-0.23184813455696351,92142.6,92058.1,,,
2024-11-20 01:42:00+00:00,92041.9,92057.2,91985.5,91985.5,14.845,92345.54924555501,0.339599256333232,93038.48119980565,91665.29460890118,1373.1865909044718,0,92056.0,92143.2,0.0,0.0,0.0,0.0,-0.7041553196751551,-0.23184813455696351,92142.6,92058.1,,,
2024-11-20 01:43:00+00:00,91985.5,92023.0,91950.0,91950.1,32.737,92345.88884481134,0.339599256333232,93038.82079906198,91665.63420815751,1373.1865909044718,0,92056.0,92143.2,0.0,0.0,0.0,0.0,-0.7041553196751551,-0.23184813455696351,92142.6,92058.1,,,
2024-11-20 01:44:00+00:00,91950.1,91950.1,91828.7,91862.2,65.577,92346.22844406767,0.339599256333232,93039.16039831832,91665.97380741384,1373.1865909044718,0,92056.0,92143.2,0.0,0.0,0.0,0.0,-0.7041553196751551,-0.23184813455696351,92142.6,92058.1,,,
2024-11-20 01:45:00+00:00,91862.2,91966.3,91859.5,91953.5,45.107,92346.56804332402,0.339599256333232,93039.49999757466,91666.31340667019,1373.1865909044718,0,92056.0,92143.2,0.0,0.0,0.0,0.0,-0.7041553196751551,-0.23184813455696351,92142.6,92058.1,,,
2024-11-20 01:46:00+00:00,91953.5,91962.8,91899.8,91930.4,22.58,92346.90764258035,0.339599256333232,93039.83959683099,91666.65300592652,1373.1865909044718,0,92056.0,92143.2,0.0,0.0,0.0,0.0,-0.7041553196751551,-0.23184813455696351,92142.6,92058.1,,,
2024-11-20 01:47:00+00:00,91930.4,91939.3,91868.2,91871.6,29.867,92347.24724183668,0.339599256333232,93040.17919608732,91666.99260518285,1373.1865909044718,0,92056.0,92143.2,0.0,0.0,0.0,0.0,-0.7041553196751551,-0.23184813455696351,92142.6,92058.1,,,
2024-11-20 01:48:00+00:00,91871.6,91880.4,91750.0,91799.9,138.769,92347.58684109301,0.339599256333232,93040.51879534365,91667.33220443918,1373.1865909044718,-1,92056.0,92143.2,0.0,-82.66779556081747,0.0,-0.06020142936756102,-0.7041553196751551,-0.23184813455696351,92142.6,92058.1,,,
2024-11-20 01:49:00+00:00,91799.9,91864.0,91775.3,91851.6,70.174,92347.92644034934,0.339599256333232,93040.85839459999,91667.67180369551,1373.1865909044718,0,92056.0,92143.2,0.0,0.0,0.0,0.0,-0.7041553196751551,-0.23184813455696351,92142.6,92058.1,,,
2024-11-20 01:50:00+00:00,91851.6,91925.6,91842.9,91925.6,23.598,92348.26603960567,0.339599256333232,93041.19799385632,91668.01140295184,1373.1865909044718,0,92056.0,92143.2,0.0,0.0,0.0,0.0,-0.7041553196751551,-0.23184813455696351,92142.6,92058.1,,,
2024-11-20 01:51:00+00:00,91925.6,91985.5,91871.4,91985.4,41.154,92348.60563886202,0.339599256333232,93041.53759311266,91668.35100220819,1373.1865909044718,0,92056.0,92143.2,0.0,0.0,0.0,0.0,-0.7041553196751551,-0.23184813455696351,92142.6,92058.1,,,
2024-11-20 01:52:00+00:00,91985.4,92049.9,91985.4,92022.1,63.935,92348.94523811835,0.339599256333232,93041.877192369,91668.69060146452,1373.1865909044718,1,92056.0,92143.2,-991.9771923689987,0.0,-0.7223906779599535,0.0,-0.7041553196751551,-0.23184813455696351,92142.6,92058.1,,,
2024-11-20 01:53:00+00:00,92022.1,92025.5,91900.0,91900.0,56.137,92349.28483737468,0.339599256333232,93042.21679162532,91669.03020072085,1373.1865909044718,0,92056.0,92143.2,0.0,0.0,0.0,0.0,-0.7041553196751551,-0.23184813455696351,92142.6,92058.1,,,
2024-11-20 01:54:00+00:00,91900.0,91931.1,91870.1,91875.3,21.691,92349.62443663101,0.339599256333232,93042.55639088165,91669.36979997718,1373.1865909044718,0,92056.0,92143.2,0.0,0.0,0.0,0.0,-0.7041553196751551,-0.23184813455696351,92142.6,92058.1,,,
2024-11-20 01:55:00+00:00,91875.3,91984.5,91875.3,91919.4,82.879,92349.96403588734,0.339599256333232,93042.89599013799,91669.70939923351,1373.1865909044718,0,92056.0,92143.2,0.0,0.0,0.0,0.0,-0.7041553196751551,-0.23184813455696351,92142.6,92058.1,,,
2024-11-20 01:56:00+00:00,91919.4,91947.3,91903.3,91947.3,44.995,92350.30363514367,0.339599256333232,93043.23558939432,91670.04899848984,1373.1865909044718,0,92056.0,92143.2,0.0,0.0,0.0,0.0,-0.7041553196751551,-0.23184813455696351,92142.6,92058.1,,,
2024-11-20 01:57:00+00:00,91947.3,91957.4,91906.7,91908.0,11.609,92350.6432344,0.339599256333232,93043.57518865065,91670.38859774618,1373.1865909044718,0,92056.0,92143.2,0.0,0.0,0.0,0.0,-0.7041553196751551,-0.23184813455696351,92142.6,92058.1,,,
2024-11-20 01:58:00+00:00,91908.0,91979.9,91907.9,91976.1,29.029,92350.98283365635,0.339599256333232,93043.914787907,91670.72819700252,1373.1865909044718,0,92056.0,92143.2,0.0,0.0,0.0,0.0,-0.7041553196751551,-0.23184813455696351,92142.6,92058.1,,,
2024-11-20 01:59:00+00:00,91976.1,92021.8,91946.2,92015.1,162.476,92351.32243291268,0.339599256333232,93044.25438716332,91671.06779625885,1373.1865909044718,0,92056.0,92143.2,0.0,0.0,0.0,0.0,-0.7041553196751551,-0.23184813455696351,92142.6,92058.1,,,
2024-11-20 02:00:00+00:00,92015.1,92015.1,91939.0,91997.9,26.61,92351.66203216901,0.339599256333232,93044.59398641966,91671.40739551518,1373.1865909044718,0,92056.0,92143.2,0.0,0.0,0.0,0.0,-0.7041553196751551,-0.23184813455696351,92142.6,92058.1,,,
2024-11-20 02:01:00+00:00,91997.9,91997.9,91912.0,91912.0,24.787,92352.00163142534,0.339599256333232,93044.93358567599,91671.74699477151,1373.1865909044718,0,92056.0,92143.2,0.0,0.0,0.0,0.0,-0.7041553196751551,-0.23184813455696351,92142.6,92058.1,,,
2024-11-20 02:02:00+00:00,91912.0,91967.1,91903.0,91960.6,16.561,92352.34123068168,0.339599256333232,93045.27318493232,91672.08659402785,1373.1865909044718,0,92056.0,92143.2,0.0,0.0,0.0,0.0,-0.7041553196751551,-0.23184813455696351,92142.6,92058.1,,,
2024-11-20 02:03:00+00:00,91960.6,91972.1,91867.6,91867.6,46.981,92352.680829938,0.339599256333232,93045.61278418865,91672.42619328418,1373.1865909044718,0,92056.0,92143.2,0.0,0.0,0.0,0.0,-0.7041553196751551,-0.23184813455696351,92142.6,92058.1,,,
2024-11-20 02:04:00+00:00,91867.6,91918.4,91834.0,91903.3,49.349,92353.02042919435,0.339599256333232,93045.952383445,91672.76579254052,1373.1865909044718,0,92056.0,92143.2,0.0,0.0,0.0,0.0,-0.7041553196751551,-0.23184813455696351,92142.6,92058.1,,,
2024-11-20 02:05:00+00:00,91903.3,91904.5,91847.7,91865.8,17.763,92353.36002845068,0.339599256333232,93046.29198270132,91673.10539179685,1373.1865909044718,0,92056.0,92143.2,0.0,0.0,0.0,0.0,-0.7041553196751551,-0.23184813455696351,92142.6,92058.1,,,
2024-11-20 02:06:00+00:00,91865.8,91867.9,91795.1,91798.1,24.355,92353.69962770701,0.339599256333232,93046.63158195766,91673.44499105318,1373.1865909044718,0,92056.0,92143.2,0.0,0.0,0.0,0.0,-0.7041553196751551,-0.23184813455696351,92142.6,92058.1,,,
2024-11-20 02:07:00+00:00,91798.1,91858.0,91773.9,91807.6,78.773,92354.03922696334,0.339599256333232,93046.97118121399,91673.78459030951,1373.1865909044718,0,92056.0,92143.2,0.0,0.0,0.0,0.0,-0.7041553196751551,-0.23184813455696351,92142.6,92058.1,,,
2024-11-20 02:08:00+00:00,91807.6,91807.6,91638.9,91690.0,196.665,92354.37882621968,0.339599256333232,93047.31078047032,91674.12418956585,1373.1865909044718,0,92056.0,92143.2,0.0,0.0,0.0,0.0,-0.7041553196751551,-0.23184813455696351,92142.6,92058.1,,,
2024-11-20 02:09:00+00:00,91690.0,91757.3,91668.0,91757.3,98.367,92354.718425476,0.339599256333232,93047.65037972665,91674.46378882218,1373.1865909044718,0,92056.0,92143.2,0.0,0.0,0.0,0.0,-0.7041553196751551,-0.23184813455696351,92142.6,92058.1,,,
2024-11-20 02:10:00+00:00,91757.3,91781.1,91709.7,91733.7,82.171,92355.05802473234,0.339599256333232,93047.98997898298,91674.80338807851,1373.1865909044718,0,92056.0,92143.2,0.0,0.0,0.0,0.0,-0.7041553196751551,-0.23184813455696351,92142.6,92058.1,,,
2024-11-20 02:11:00+00:00,91733.7,91758.5,91677.1,91698.2,50.677,92355.39762398868,0.339599256333232,93048.32957823933,91675.14298733485,1373.1865909044718,0,92056.0,92143.2,0.0,0.0,0.0,0.0,-0.7041553196751551,-0.23184813455696351,92142.6,92058.1,,,
2024-11-20 02:12:00+00:00,91698.2,91698.4,91629.0,91640.3,63.861,92355.73722324501,0.339599256333232,93048.66917749566,91675.48258659118,1373.1865909044718,0,92056.0,92143.2,0.0,0.0,0.0,0.0,-0.7041553196751551,-0.23184813455696351,92142.6,92058.1,,,
2024-11-20 02:13:00+00:00,91640.3,91647.1,91618.8,91635.7,61.718,92356.07682250135,0.339599256333232,93049.00877675199,91675.82218584752,1373.1865909044718,-1,92056.0,92143.2,0.0,57.022185847512446,0.0,0.04152544615947193,-0.7041553196751551,-0.23184813455696351,92142.6,92058.1,,,
2024-11-20 02:14:00+00:00,91635.7,91785.1,91635.7,91761.8,169.33,92356.41642175768,0.339599256333232,93049.34837600832,91676.16178510385,1373.1865909044718,0,92056.0,92143.2,0.0,0.0,0.0,0.0,-0.7041553196751551,-0.23184813455696351,92142.6,92058.1,,,
2024-11-20 02:15:00+00:00,91761.8,91791.8,91711.5,91711.6,48.282,92356.756021014,0.339599256333232,93049.68797526465,91676.50138436018,1373.1865909044718,0,92056.0,92143.2,0.0,0.0,0.0,0.0,-0.7041553196751551,-0.23184813455696351,92142.6,92058.1,,,
2024-11-20 02:16:00+00:00,91711.6,91711.6,91641.5,91701.5,46.885,92357.09562027034,0.339599256333232,93050.02757452098,91676.84098361651,1373.1865909044718,0,92056.0,92143.2,0.0,0.0,0.0,0.0,-0.7041553196751551,-0.23184813455696351,92142.6,92058.1,,,
2024-11-20 02:17:00+00:00,91701.5,91867.0,91701.5,91866.2,57.122,92357.43521952668,0.339599256333232,93050.36717377733,91677.18058287285,1373.1865909044718,0,92056.0,92143.2,0.0,0.0,0.0,0.0,-0.7041553196751551,-0.23184813455696351,92142.6,92058.1,,,
2024-11-20 02:18:00+00:00,91866.2,91866.2,91776.0,91810.2,39.288,92357.77481878301,0.339599256333232,93050.70677303366,91677.52018212918,1373.1865909044718,0,92056.0,92143.2,0.0,0.0,0.0,0.0,-0.7041553196751551,-0.23184813455696351,92142.6,92058.1,,,
2024-11-20 02:19:00+00:00,91810.2,91904.4,91791.0,91889.1,69.144,92358.11441803935,0.339599256333232,93051.04637228999,91677.85978138552,1373.1865909044718,0,92056.0,92143.2,0.0,0.0,0.0,0.0,-0.7041553196751551,-0.23184813455696351,92142.6,92058.1,,,
2024-11-20 02:20:00+00:00,91889.1,91889.1,91819.8,91840.0,47.811,92358.45401729568,0.339599256333232,93051.38597154632,91678.19938064185,1373.1865909044718,0,92056.0,92143.2,0.0,0.0,0.0,0.0,-0.7041553196751551,-0.23184813455696351,92142.6,92058.1,,,
2024-11-20 02:21:00+00:00,91840.0,91946.1,91839.9,91913.4,85.194,92358.79361655201,0.339599256333232,93051.72557080265,91678.53897989818,1373.1865909044718,0,92056.0,92143.2,0.0,0.0,0.0,0.0,-0.7041553196751551,-0.23184813455696351,92142.6,92058.1,,,
2024-11-20 02:22:00+00:00,91913.4,91916.6,91882.9,91890.1,21.016,92359.13321580834,0.339599256333232,93052.06517005898,91678.87857915451,1373.1865909044718,0,92056.0,92143.2,0.0,0.0,0.0,0.0,-0.7041553196751551,-0.23184813455696351,92142.6,92058.1,,,
2024-11-20 02:23:00+00:00,91890.1,91950.0,91890.0,91940.4,17.18,92359.47281506467,0.339599256333232,93052.40476931531,91679.21817841084,1373.1865909044718,0,92056.0,92143.2,0.0,0.0,0.0,0.0,-0.7041553196751551,-0.23184813455696351,92142.6,92058.1,,,
2024-11-20 02:24:00+00:00,91940.4,91974.8,91940.0,91956.1,28.781,92359.81241432102,0.339599256333232,93052.74436857166,91679.55777766719,1373.1865909044718,0,92056.0,92143.2,0.0,0.0,0.0,0.0,-0.7041553196751551,-0.23184813455696351,92142.6,92058.1,,,
2024-11-20 02:25:00+00:00,91956.1,91983.2,91922.3,91951.2,30.681,92360.15201357735,0.339599256333232,93053.08396782799,91679.89737692352,1373.1865909044718,0,92056.0,92143.2,0.0,0.0,0.0,0.0,-0.7041553196751551,-0.23184813455696351,92142.6,92058.1,,,
2024-11-20 02:26:00+00:00,91951.2,92056.8,91951.1,92019.5,63.809,92360.49161283368,0.339599256333232,93053.42356708432,91680.23697617985,1373.1865909044718,0,92056.0,92143.2,0.0,0.0,0.0,0.0,-0.7041553196751551,-0.23184813455696351,92142.6,92058.1,,,
2024-11-20 02:27:00+00:00,92019.5,92039.7,91976.7,91987.6,19.64,92360.83121209001,0.339599256333232,93053.76316634065,91680.57657543618,1373.1865909044718,0,92056.0,92143.2,0.0,0.0,0.0,0.0,-0.7041553196751551,-0.23184813455696351,92142.6,92058.1,,,
2024-11-20 02:28:00+00:00,91987.6,92057.0,91987.5,92039.9,45.356,92361.17081134634,0.339599256333232,93054.10276559698,91680.91617469251,1373.1865909044718,0,92056.0,92143.2,0.0,0.0,0.0,0.0,-0.7041553196751551,-0.23184813455696351,92142.6,92058.1,,,
2024-11-20 02:29:00+00:00,92039.9,92082.9,92004.5,92009.1,46.893,92361.51041060267,0.339599256333232,93054.44236485331,91681.25577394884,1373.1865909044718,1,92056.0,92143.2,-971.5423648533178,0.0,-0.7075093590983841,0.0,-0.7041553196751551,-0.23184813455696351,92142.6,92058.1,,,
2024-11-20 02:30:00+00:00,92009.1,92015.1,91881.6,91888.6,36.642,92361.85000985902,0.339599256333232,93054.78196410966,91681.59537320519,1373.1865909044718,0,92056.0,92143.2,0.0,0.0,0.0,0.0,-0.7041553196751551,-0.23184813455696351,92142.6,92058.1,,,
2024-11-20 02:31:00+00:00,91888.6,91888.6,91812.0,91818.8,47.215,92362.18960911535,0.339599256333232,93055.12156336599,91681.93497246152,1373.1865909044718,0,92056.0,92143.2,0.0,0.0,0.0,0.0,-0.7041553196751551,-0.23184813455696351,92142.6,92058.1,,,
2024-11-20 02:32:00+00:00,91818.8,91818.9,91725.9,91760.0,84.41,92362.52920837168,0.339599256333232,93055.46116262232,91682.27457171785,1373.1865909044718,0,92056.0,92143.2,0.0,0.0,0.0,0.0,-0.7041553196751551,-0.23184813455696351,92142.6,92058.1,,,
2024-11-20 02:33:00+00:00,91760.0,91815.9,91732.8,91732.8,46.368,92362.86880762801,0.339599256333232,93055.80076187865,91682.61417097418,1373.1865909044718,0,92056.0,92143.2,0.0,0.0,0.0,0.0,-0.7041553196751551,-0.23184813455696351,92142.6,92058.1,,,
2024-11-20 02:34:00+00:00,91732.8,91831.3,91727.0,91816.1,59.842,92363.20840688434,0.339599256333232,93056.14036113498,91682.95377023051,1373.1865909044718,0,92056.0,92143.2,0.0,0.0,0.0,0.0,-0.7041553196751551,-0.23184813455696351,92142.6,92058.1,,,
2024-11-20 02:35:00+00:00,91816.1,91911.5,91816.1,91884.9,51.764,92363.54800614067,0.339599256333232,93056.47996039131,91683.29336948684,1373.1865909044718,0,92056.0,92143.2,0.0,0.0,0.0,0.0,-0.7041553196751551,-0.23184813455696351,92142.6,92058.1,,,
2024-11-20 02:36:00+00:00,91884.9,91969.3,91863.5,91875.3,70.528,92363.887605397,0.339599256333232,93056.81955964764,91683.63296874317,1373.1865909044718,0,92056.0,92143.2,0.0,0.0,0.0,0.0,-0.7041553196751551,-0.23184813455696351,92142.6,92058.1,,,
2024-11-20 02:37:00+00:00,91875.3,91882.4,91713.6,91723.0,59.767,92364.22720465335,0.339599256333232,93057.15915890399,91683.97256799952,1373.1865909044718,-1,92056.0,92143.2,0.0,-29.627432000488625,0.0,-0.021575678204790824,-0.7041553196751551,-0.23184813455696351,92142.6,92058.1,,,
2024-11-20 02:38:00+00:00,91723.0,91804.8,91723.0,91804.7,49.697,92364.56680390968,0.339599256333232,93057.49875816032,91684.31216725585,1373.1865909044718,0,92056.0,92143.2,0.0,0.0,0.0,0.0,-0.7041553196751551,-0.23184813455696351,92142.6,92058.1,,,
2024-11-20 02:39:00+00:00,91804.7,91859.0,91790.1,91825.3,53.592,92364.90640316601,0.339599256333232,93057.83835741665,91684.65176651218,1373.1865909044718,0,92056.0,92143.2,0.0,0.0,0.0,0.0,-0.7041553196751551,-0.23184813455696351,92142.6,92058.1,,,
2024-11-20 02:40:00+00:00,91825.3,91885.0,91807.4,91848.2,23.05,92365.24600242234,0.339599256333232,93058.17795667298,91684.99136576851,1373.1865909044718,0,92056.0,92143.2,0.0,0.0,0.0,0.0,-0.7041553196751551,-0.23184813455696351,92142.6,92058.1,,,
2024-11-20 02:41:00+00:00,91848.2,91881.2,91838.6,91860.2,50.414,92365.58560167867,0.339599256333232,93058.51755592931,91685.33096502484,1373.1865909044718,0,92056.0,92143.2,0.0,0.0,0.0,0.0,-0.7041553196751551,-0.23184813455696351,92142.6,92058.1,,,
2024-11-20 02:42:00+00:00,91860.2,91976.6,91860.2,91976.6,65.59,92365.925200935,0.339599256333232,93058.85715518564,91685.67056428117,1373.1865909044718,0,92056.0,92143.2,0.0,0.0,0.0,0.0,-0.7041553196751551,-0.23184813455696351,92142.6,92058.1,,,
2024-11-20 02:43:00+00:00,91976.6,91991.1,91865.5,91865.6,47.353,92366.26480019135,0.339599256333232,93059.19675444199,91686.01016353752,1373.1865909044718,0,92056.0,92143.2,0.0,0.0,0.0,0.0,-0.7041553196751551,-0.23184813455696351,92142.6,92058.1,,,
2024-11-20 02:44:00+00:00,91865.6,91959.6,91865.5,91955.9,12.673,92366.60439944768,0.339599256333232,93059.53635369832,91686.34976279385,1373.1865909044718,0,92056.0,92143.2,0.0,0.0,0.0,0.0,-0.7041553196751551,-0.23184813455696351,92142.6,92058.1,,,
2024-11-20 02:45:00+00:00,91955.9,92012.8,91940.4,91993.5,28.025,92366.94399870401,0.339599256333232,93059.87595295465,91686.68936205018,1373.1865909044718,0,92056.0,92143.2,0.0,0.0,0.0,0.0,-0.7041553196751551,-0.23184813455696351,92142.6,92058.1,,,
2024-11-20 02:46:00+00:00,91993.5,92018.8,91970.9,91970.9,32.646,92367.28359796034,0.339599256333232,93060.21555221098,91687.02896130651,1373.1865909044718,0,92056.0,92143.2,0.0,0.0,0.0,0.0,-0.7041553196751551,-0.23184813455696351,92142.6,92058.1,,,
2024-11-20 02:47:00+00:00,91970.9,92020.1,91970.9,92000.0,19.262,92367.62319721667,0.339599256333232,93060.55515146731,91687.36856056284,1373.1865909044718,1,92056.0,92143.2,-1040.4551514673076,0.0,-0.7576939349385831,0.0,-0.7041553196751551,-0.23184813455696351,92142.6,92058.1,,,
2024-11-20 02:48:00+00:00,92000.0,92000.1,91921.3,91924.2,24.843,92367.962796473,0.339599256333232,93060.89475072364,91687.70815981917,1373.1865909044718,0,92056.0,92143.2,0.0,0.0,0.0,0.0,-0.7041553196751551,-0.23184813455696351,92142.6,92058.1,,,
2024-11-20 02:49:00+00:00,91924.2,92006.6,91924.2,91993.2,14.736,92368.30239572933,0.339599256333232,93061.23434997998,91688.0477590755,1373.1865909044718,0,92056.0,92143.2,0.0,0.0,0.0,0.0,-0.7041553196751551,-0.23184813455696351,92142.6,92058.1,,,
2024-11-20 02:50:00+00:00,91993.2,91993.2,91921.5,91924.1,14.122,92368.64199498568,0.339599256333232,93061.57394923632,91688.38735833185,1373.1865909044718,0,92056.0,92143.2,0.0,0.0,0.0,0.0,-0.7041553196751551,-0.23184813455696351,92142.6,92058.1,,,
2024-11-20 02:51:00+00:00,91924.1,91924.7,91881.7,91881.7,35.507,92368.98159424201,0.339599256333232,93061.91354849265,91688.72695758818,1373.1865909044718,0,92056.0,92143.2,0.0,0.0,0.0,0.0,-0.7041553196751551,-0.23184813455696351,92142.6,92058.1,,,
2024-11-20 02:52:00+00:00,91881.7,91899.1,91870.6,91899.1,8.12,92369.32119349834,0.339599256333232,93062.25314774898,91689.06655684451,1373.1865909044718,0,92056.0,92143.2,0.0,0.0,0.0,0.0,-0.7041553196751551,-0.23184813455696351,92142.6,92058.1,,,
2024-11-20 02:53:00+00:00,91899.1,91899.1,91854.7,91858.2,13.81,92369.66079275467,0.339599256333232,93062.59274700531,91689.40615610084,1373.1865909044718,0,92056.0,92143.2,0.0,0.0,0.0,0.0,-0.7041553196751551,-0.23184813455696351,92142.6,92058.1,,,
2024-11-20 02:54:00+00:00,91858.2,91867.8,91800.1,91802.7,24.341,92370.000392011,0.339599256333232,93062.93234626164,91689.74575535717,1373.1865909044718,0,92056.0,92143.2,0.0,0.0,0.0,0.0,-0.7041553196751551,-0.23184813455696351,92142.6,92058.1,,,
2024-11-20 02:55:00+00:00,91802.7,91868.6,91802.7,91858.9,24.481,92370.33999126733,0.339599256333232,93063.27194551798,91690.0853546135,1373.1865909044718,0,92056.0,92143.2,0.0,0.0,0.0,0.0,-0.7041553196751551,-0.23184813455696351,92142.6,92058.1,,,
2024-11-20 02:56:00+00:00,91858.9,91859.0,91800.0,91817.3,12.113,92370.67959052368,0.339599256333232,93063.61154477432,91690.42495386985,1373.1865909044718,0,92056.0,92143.2,0.0,0.0,0.0,0.0,-0.7041553196751551,-0.23184813455696351,92142.6,92058.1,,,
2024-11-20 02:57:00+00:00,91817.3,91832.7,91817.0,91828.5,25.986,92371.01918978001,0.339599256333232,93063.95114403065,91690.76455312618,1373.1865909044718,0,92056.0,92143.2,0.0,0.0,0.0,0.0,-0.7041553196751551,-0.23184813455696351,92142.6,92058.1,,,
2024-11-20 02:58:00+00:00,91828.5,91828.5,91795.7,91795.8,20.696,92371.35878903634,0.339599256333232,93064.29074328698,91691.10415238251,1373.1865909044718,0,92056.0,92143.2,0.0,0.0,0.0,0.0,-0.7041553196751551,-0.23184813455696351,92142.6,92058.1,,,
2024-11-20 02:59:00+00:00,91795.8,91800.0,91767.4,91798.7,40.757,92371.69838829267,0.339599256333232,93064.63034254331,91691.44375163884,1373.1865909044718,0,92056.0,92143.2,0.0,0.0,0.0,0.0,-0.7041553196751551,-0.23184813455696351,92142.6,92058.1,,,
2024-11-20 03:00:00+00:00,91798.7,91850.8,91752.8,91768.7,50.215,92372.037987549,0.339599256333232,93064.96994179965,91691.78335089517,1373.1865909044718,0,92056.0,92143.2,0.0,0.0,0.0,0.0,-0.7041553196751551,-0.23184813455696351,92142.6,92058.1,,,
2024-11-20 03:01:00+00:00,91768.7,91799.1,91739.2,91739.2,28.094,92372.37758680533,0.339599256333232,93065.30954105598,91692.1229501515,1373.1865909044718,0,92056.0,92143.2,0.0,0.0,0.0,0.0,-0.7041553196751551,-0.23184813455696351,92142.6,92058.1,,,
2024-11-20 03:02:00+00:00,91739.2,91790.3,91551.4,91570.0,480.257,92372.71718606167,0.339599256333232,93065.64914031231,91692.46254940784,1373.1865909044718,0,92056.0,92143.2,0.0,0.0,0.0,0.0,-0.7041553196751551,-0.23184813455696351,92142.6,92058.1,,,
2024-11-20 03:03:00+00:00,91570.0,91650.6,91542.0,91543.1,149.354,92373.05678531801,0.339599256333232,93065.98873956865,91692.80214866418,1373.1865909044718,0,92056.0,92143.2,0.0,0.0,0.0,0.0,-0.7041553196751551,-0.23184813455696351,92142.6,92058.1,,,
2024-11-20 03:04:00+00:00,91543.1,91609.7,91511.0,91511.6,158.403,92373.39638457434,0.339599256333232,93066.32833882498,91693.14174792051,1373.1865909044718,-1,92056.0,92143.2,0.0,182.141747920512,0.0,0.13264165928138094,-0.7041553196751551,-0.23184813455696351,92142.6,92058.1,,,
2024-11-20 03:05:00+00:00,91511.6,91568.4,91511.1,91547.1,107.205,92373.73598383067,0.339599256333232,93066.66793808131,91693.48134717684,1373.1865909044718,0,92056.0,92143.2,0.0,0.0,0.0,0.0,-0.7041553196751551,-0.23184813455696351,92142.6,92058.1,,,
2024-11-20 03:06:00+00:00,91547.1,91665.0,91525.4,91646.2,129.858,92374.075583087,0.339599256333232,93067.00753733765,91693.82094643317,1373.1865909044718,0,92056.0,92143.2,0.0,0.0,0.0,0.0,-0.7041553196751551,-0.23184813455696351,92142.6,92058.1,,,
2024-11-20 03:07:00+00:00,91646.2,91663.0,91558.0,91617.9,50.56,92374.41518234333,0.339599256333232,93067.34713659398,91694.1605456895,1373.1865909044718,0,92056.0,92143.2,0.0,0.0,0.0,0.0,-0.7041553196751551,-0.23184813455696351,92142.6,92058.1,,,
2024-11-20 03:08:00+00:00,91617.9,91675.4,91611.3,91633.7,31.443,92374.75478159967,0.339599256333232,93067.68673585031,91694.50014494584,1373.1865909044718,0,92056.0,92143.2,0.0,0.0,0.0,0.0,-0.7041553196751551,-0.23184813455696351,92142.6,92058.1,,,
2024-11-20 03:09:00+00:00,91633.7,91672.9,91633.7,91672.9,38.073,92375.09438085601,0.339599256333232,93068.02633510665,91694.83974420218,1373.1865909044718,0,92056.0,92143.2,0.0,0.0,0.0,0.0,-0.7041553196751551,-0.23184813455696351,92142.6,92058.1,,,
2024-11-20 03:10:00+00:00,91672.9,91709.4,91585.4,91597.1,41.035,92375.43398011234,0.339599256333232,93068.36593436298,91695.17934345851,1373.1865909044718,0,92056.0,92143.2,0.0,0.0,0.0,0.0,-0.7041553196751551,-0.23184813455696351,92142.6,92058.1,,,
2024-11-20 03:11:00+00:00,91597.1,91680.0,91591.7,91680.0,19.29,92375.77357936867,0.339599256333232,93068.70553361932,91695.51894271484,1373.1865909044718,0,92056.0,92143.2,0.0,0.0,0.0,0.0,-0.7041553196751551,-0.23184813455696351,92142.6,92058.1,,,
2024-11-20 03:12:00+00:00,91680.0,91731.7,91671.6,91711.9,25.077,92376.113178625,0.339599256333232,93069.04513287565,91695.85854197117,1373.1865909044718,0,92056.0,92143.2,0.0,0.0,0.0,0.0,-0.7041553196751551,-0.23184813455696351,92142.6,92058.1,,,
2024-11-20 03:13:00+00:00,91711.9,91829.2,91711.8,91796.7,105.015,92376.45277788134,0.339599256333232,93069.38473213198,91696.1981412275,1373.1865909044718,1,92056.0,92143.2,-1240.1847321319801,0.0,-0.9031436371040531,0.0,-0.7041553196751551,-0.23184813455696351,92142.6,92058.1,,,
2024-11-20 03:14:00+00:00,91796.7,91805.0,91713.7,91713.7,53.5,92376.79237713767,0.339599256333232,93069.72433138831,91696.53774048384,1373.1865909044718,0,92056.0,92143.2,0.0,0.0,0.0,0.0,-0.7041553196751551,-0.23184813455696351,92142.6,92058.1,,,
2024-11-20 03:15:00+00:00,91713.7,91713.8,91640.4,91656.1,43.053,92377.13197639401,0.339599256333232,93070.06393064465,91696.87733974018,1373.1865909044718,0,92056.0,92143.2,0.0,0.0,0.0,0.0,-0.7041553196751551,-0.23184813455696351,92142.6,92058.1,,,
2024-11-20 03:16:00+00:00,91656.1,91741.1,91622.0,91741.1,30.533,92377.47157565034,0.339599256333232,93070.40352990098,91697.21693899651,1373.1865909044718,0,92056.0,92143.2,0.0,0.0,0.0,0.0,-0.7041553196751551,-0.23184813455696351,92142.6,92058.1,,,
2024-11-20 03:17:00+00:00,91741.1,91787.2,91690.9,91708.9,65.36,92377.81117490667,0.339599256333232,93070.74312915732,91697.55653825284,1373.1865909044718,0,92056.0,92143.2,0.0,0.0,0.0,0.0,-0.7041553196751551,-0.23184813455696351,92142.6,92058.1,,,
2024-11-20 03:18:00+00:00,91708.9,91728.6,91690.4,91690.8,41.383,92378.150774163,0.339599256333232,93071.08272841365,91697.89613750917,1373.1865909044718,0,92056.0,92143.2,0.0,0.0,0.0,0.0,-0.7041553196751551,-0.23184813455696351,92142.6,92058.1,,,
2024-11-20 03:19:00+00:00,91690.8,91690.9,91617.2,91619.7,22.485,92378.49037341934,0.339599256333232,93071.42232766998,91698.2357367655,1373.1865909044718,0,92056.0,92143.2,0.0,0.0,0.0,0.0,-0.7041553196751551,-0.23184813455696351,92142.6,92058.1,,,
2024-11-20 03:20:00+00:00,91619.7,91672.8,91618.1,91618.1,38.259,92378.82997267567,0.339599256333232,93071.76192692631,91698.57533602184,1373.1865909044718,0,92056.0,92143.2,0.0,0.0,0.0,0.0,-0.7041553196751551,-0.23184813455696351,92142.6,92058.1,,,
2024-11-20 03:21:00+00:00,91618.1,91675.6,91602.7,91602.7,51.723,92379.169571932,0.339599256333232,93072.10152618264,91698.91493527817,1373.1865909044718,-1,92056.0,92143.2,0.0,96.21493527817074,0.0,0.070066905630645,-0.7041553196751551,-0.23184813455696351,92142.6,92058.1,,,
2024-11-20 03:22:00+00:00,91602.7,91720.0,91602.7,91695.0,83.439,92379.50917118834,0.339599256333232,93072.44112543899,91699.25453453451,1373.1865909044718,-1,92056.0,92143.2,0.0,96.55453453451628,0.0,0.07031421306766407,-0.7041553196751551,-0.23184813455696351,92142.6,92058.1,,,
2024-11-20 03:23:00+00:00,91695.0,91717.1,91642.1,91656.6,29.448,92379.84877044467,0.339599256333232,93072.78072469532,91699.59413379084,1373.1865909044718,0,92056.0,92143.2,0.0,0.0,0.0,0.0,-0.7041553196751551,-0.23184813455696351,92142.6,92058.1,,,
2024-11-20 03:24:00+00:00,91656.6,91684.5,91636.8,91669.9,11.811,92380.188369701,0.339599256333232,93073.12032395165,91699.93373304718,1373.1865909044718,0,92056.0,92143.2,0.0,0.0,0.0,0.0,-0.7041553196751551,-0.23184813455696351,92142.6,92058.1,,,
2024-11-20 03:25:00+00:00,91669.9,91715.4,91640.1,91710.0,17.161,92380.52796895734,0.339599256333232,93073.45992320798,91700.2733323035,1373.1865909044718,0,92056.0,92143.2,0.0,0.0,0.0,0.0,-0.7041553196751551,-0.23184813455696351,92142.6,92058.1,,,
2024-11-20 03:26:00+00:00,91710.0,91745.0,91709.9,91745.0,17.361,92380.86756821367,0.339599256333232,93073.79952246431,91700.61293155984,1373.1865909044718,0,92056.0,92143.2,0.0,0.0,0.0,0.0,-0.7041553196751551,-0.23184813455696351,92142.6,92058.1,,,
2024-11-20 03:27:00+00:00,91745.0,91771.5,91741.0,91758.1,19.855,92381.20716747,0.339599256333232,93074.13912172064,91700.95253081617,1373.1865909044718,0,92056.0,92143.2,0.0,0.0,0.0,0.0,-0.7041553196751551,-0.23184813455696351,92142.6,92058.1,,,
2024-11-20 03:28:00+00:00,91758.1,91758.1,91741.5,91741.6,7.358,92381.54676672634,0.339599256333232,93074.47872097699,91701.29213007251,1373.1865909044718,0,92056.0,92143.2,0.0,0.0,0.0,0.0,-0.7041553196751551,-0.23184813455696351,92142.6,92058.1,,,
2024-11-20 03:29:00+00:00,91741.6,91790.0,91741.5,91789.9,26.065,92381.88636598267,0.339599256333232,93074.81832023332,91701.63172932884,1373.1865909044718,0,92056.0,92143.2,0.0,0.0,0.0,0.0,-0.7041553196751551,-0.23184813455696351,92142.6,92058.1,,,
2024-11-20 03:30:00+00:00,91789.9,91870.0,91738.8,91771.8,86.898,92382.225965239,0.339599256333232,93075.15791948965,91701.97132858518,1373.1865909044718,0,92056.0,92143.2,0.0,0.0,0.0,0.0,-0.7041553196751551,-0.23184813455696351,92142.6,92058.1,,,
2024-11-20 03:31:00+00:00,91771.8,91902.2,91766.7,91902.2,33.535,92382.56556449534,0.339599256333232,93075.49751874598,91702.3109278415,1373.1865909044718,0,92056.0,92143.2,0.0,0.0,0.0,0.0,-0.7041553196751551,-0.23184813455696351,92142.6,92058.1,,,
2024-11-20 03:32:00+00:00,91902.2,91934.2,91876.0,91876.0,50.596,92382.90516375167,0.339599256333232,93075.83711800231,91702.65052709784,1373.1865909044718,1,92056.0,92143.2,-1141.6371180023125,0.0,-0.8313779973997231,0.0,-0.7041553196751551,-0.23184813455696351,92142.6,92058.1,,,
2024-11-20 03:33:00+00:00,91876.0,91876.1,91822.6,91841.0,26.951,92383.244763008,0.339599256333232,93076.17671725864,91702.99012635417,1373.1865909044718,0,92056.0,92143.2,0.0,0.0,0.0,0.0,-0.7041553196751551,-0.23184813455696351,92142.6,92058.1,,,
2024-11-20 03:34:00+00:00,91841.0,91841.1,91750.1,91756.3,45.909,92383.58436226433,0.339599256333232,93076.51631651497,91703.3297256105,1373.1865909044718,0,92056.0,92143.2,0.0,0.0,0.0,0.0,-0.7041553196751551,-0.23184813455696351,92142.6,92058.1,,,
2024-11-20 03:35:00+00:00,91756.3,91832.6,91756.3,91832.6,19.085,92383.92396152068,0.339599256333232,93076.85591577132,91703.66932486685,1373.1865909044718,0,92056.0,92143.2,0.0,0.0,0.0,0.0,-0.7041553196751551,-0.23184813455696351,92142.6,92058.1,,,
2024-11-20 03:36:00+00:00,91832.6,91832.6,91754.7,91759.9,27.857,92384.263560777,0.339599256333232,93077.19551502765,91704.00892412318,1373.1865909044718,0,92056.0,92143.2,0.0,0.0,0.0,0.0,-0.7041553196751551,-0.23184813455696351,92142.6,92058.1,,,
2024-11-20 03:37:00+00:00,91759.9,91824.6,91757.0,91819.3,19.618,92384.60316003334,0.339599256333232,93077.53511428398,91704.3485233795,1373.1865909044718,0,92056.0,92143.2,0.0,0.0,0.0,0.0,-0.7041553196751551,-0.23184813455696351,92142.6,92058.1,,,
2024-11-20 03:38:00+00:00,91819.3,91847.7,91785.0,91847.7,103.731,92384.94275928967,0.339599256333232,93077.87471354031,91704.68812263584,1373.1865909044718,0,92056.0,92143.2,0.0,0.0,0.0,0.0,-0.7041553196751551,-0.23184813455696351,92142.6,92058.1,,,
2024-11-20 03:39:00+00:00,91847.7,91867.1,91834.8,91845.0,13.375,92385.282358546,0.339599256333232,93078.21431279664,91705.02772189217,1373.1865909044718,0,92056.0,92143.2,0.0,0.0,0.0,0.0,-0.7041553196751551,-0.23184813455696351,92142.6,92058.1,,,
2024-11-20 03:40:00+00:00,91845.0,91866.1,91804.4,91855.9,25.772,92385.62195780233,0.339599256333232,93078.55391205297,91705.3673211485,1373.1865909044718,0,92056.0,92143.2,0.0,0.0,0.0,0.0,-0.7041553196751551,-0.23184813455696351,92142.6,92058.1,,,
2024-11-20 03:41:00+00:00,91855.9,91950.0,91855.9,91948.7,54.214,92385.96155705868,0.339599256333232,93078.89351130932,91705.70692040485,1373.1865909044718,0,92056.0,92143.2,0.0,0.0,0.0,0.0,-0.7041553196751551,-0.23184813455696351,92142.6,92058.1,,,
2024-11-20 03:42:00+00:00,91948.7,92050.0,91948.7,92043.4,130.072,92386.301156315,0.339599256333232,93079.23311056565,91706.04651966118,1373.1865909044718,0,92056.0,92143.2,0.0,0.0,0.0,0.0,-0.7041553196751551,-0.23184813455696351,92142.6,92058.1,,,
2024-11-20 03:43:00+00:00,92043.4,92070.3,92014.0,92058.9,49.481,92386.64075557134,0.339599256333232,93079.57270982198,91706.38611891751,1373.1865909044718,0,92056.0,92143.2,0.0,0.0,0.0,0.0,-0.7041553196751551,-0.23184813455696351,92142.6,92058.1,,,
2024-11-20 03:44:00+00:00,92058.9,92075.1,92028.0,92030.5,54.986,92386.98035482767,0.339599256333232,93079.91230907831,91706.72571817384,1373.1865909044718,0,92056.0,92143.2,0.0,0.0,0.0,0.0,-0.7041553196751551,-0.23184813455696351,92142.6,92058.1,,,
2024-11-20 03:45:00+00:00,92030.5,92109.7,92024.0,92109.7,75.062,92387.319954084,0.339599256333232,93080.25190833464,91707.06531743017,1373.1865909044718,0,92056.0,92143.2,0.0,0.0,0.0,0.0,-0.7041553196751551,-0.23184813455696351,92142.6,92058.1,,,
2024-11-20 03:46:00+00:00,92109.7,92109.7,92047.7,92059.0,125.262,92387.65955334033,0.339599256333232,93080.59150759097,91707.4049166865,1373.1865909044718,0,92056.0,92143.2,0.0,0.0,0.0,0.0,-0.7041553196751551,-0.23184813455696351,92142.6,92058.1,,,
2024-11-20 03:47:00+00:00,92059.0,92059.0,91975.3,92023.1,80.404,92387.99915259666,0.339599256333232,93080.9311068473,91707.74451594283,1373.1865909044718,0,92056.0,92143.2,0.0,0.0,0.0,0.0,-0.7041553196751551,-0.23184813455696351,92142.6,92058.1,,,
2024-11-20 03:48:00+00:00,92023.1,92087.6,92012.8,92070.5,48.455,92388.338751853,0.339599256333232,93081.27070610365,91708.08411519918,1373.1865909044718,0,92056.0,92143.2,0.0,0.0,0.0,0.0,-0.7041553196751551,-0.23184813455696351,92142.6,92058.1,,,
2024-11-20 03:49:00+00:00,92070.5,92124.9,92070.5,92124.9,52.577,92388.67835110934,0.339599256333232,93081.61030535998,91708.42371445551,1373.1865909044718,1,92056.0,92143.2,-956.7103053599858,0.0,-0.6967081616561904,0.0,-0.7041553196751551,-0.23184813455696351,92142.6,92058.1,,,
2024-11-20 03:50:00+00:00,92124.9,92124.9,92031.2,92039.7,47.234,92389.01795036567,0.339599256333232,93081.94990461631,91708.76331371184,1373.1865909044718,1,92056.0,92143.2,-957.0499046163168,0.0,-0.6969554690931989,0.0,-0.7041553196751551,-0.23184813455696351,92142.6,92058.1,,,
2024-11-20 03:51:00+00:00,92039.7,92110.8,92022.7,92110.7,47.174,92389.357549622,0.339599256333232,93082.28950387264,91709.10291296817,1373.1865909044718,0,92056.0,92143.2,0.0,0.0,0.0,0.0,-0.7041553196751551,-0.23184813455696351,92142.6,92058.1,,,
2024-11-20 03:52:00+00:00,92110.7,92113.5,92059.8,92113.4,46.19,92389.69714887833,0.339599256333232,93082.62910312897,91709.4425122245,1373.1865909044718,0,92056.0,92143.2,0.0,0.0,0.0,0.0,-0.7041553196751551,-0.23184813455696351,92142.6,92058.1,,,
2024-11-20 03:53:00+00:00,92113.4,92124.8,92070.0,92096.0,71.839,92390.03674813466,0.339599256333232,93082.9687023853,91709.78211148083,1373.1865909044718,0,92056.0,92143.2,0.0,0.0,0.0,0.0,-0.7041553196751551,-0.23184813455696351,92142.6,92058.1,,,
2024-11-20 03:54:00+00:00,92096.0,92096.1,92035.2,92042.4,29.992,92390.37634739101,0.339599256333232,93083.30830164165,91710.12171073718,1373.1865909044718,0,92056.0,92143.2,0.0,0.0,0.0,0.0,-0.7041553196751551,-0.23184813455696351,92142.6,92058.1,,,
2024-11-20 03:55:00+00:00,92042.4,92066.1,92012.8,92066.1,22.707,92390.71594664734,0.339599256333232,93083.64790089798,91710.46130999351,1373.1865909044718,0,92056.0,92143.2,0.0,0.0,0.0,0.0,-0.7041553196751551,-0.23184813455696351,92142.6,92058.1,,,
2024-11-20 03:56:00+00:00,92066.1,92070.0,92013.4,92064.0,54.518,92391.05554590367,0.339599256333232,93083.98750015431,91710.80090924984,1373.1865909044718,0,92056.0,92143.2,0.0,0.0,0.0,0.0,-0.7041553196751551,-0.23184813455696351,92142.6,92058.1,,,
2024-11-20 03:57:00+00:00,92064.0,92070.0,92049.9,92069.9,11.768,92391.39514516,0.339599256333232,93084.32709941064,91711.14050850617,1373.1865909044718,0,92056.0,92143.2,0.0,0.0,0.0,0.0,-0.7041553196751551,-0.23184813455696351,92142.6,92058.1,,,
2024-11-20 03:58:00+00:00,92069.9,92123.8,92064.1,92123.8,44.646,92391.73474441633,0.339599256333232,93084.66669866697,91711.4801077625,1373.1865909044718,0,92056.0,92143.2,0.0,0.0,0.0,0.0,-0.7041553196751551,-0.23184813455696351,92142.6,92058.1,,,
2024-11-20 03:59:00+00:00,92123.8,92123.8,92074.2,92092.2,13.182,92392.07434367266,0.339599256333232,93085.0062979233,91711.81970701883,1373.1865909044718,0,92056.0,92143.2,0.0,0.0,0.0,0.0,-0.7041553196751551,-0.23184813455696351,92142.6,92058.1,,,
2024-11-20 04:00:00+00:00,92092.2,92092.2,92034.1,92034.2,29.632,92392.413942929,0.339599256333232,93085.34589717964,91712.15930627516,1373.1865909044718,0,92056.0,92143.2,0.0,0.0,0.0,0.0,-0.7041553196751551,-0.23184813455696351,92142.6,92058.1,,,
2024-11-20 04:01:00+00:00,92034.2,92034.2,92000.0,92000.0,20.275,92392.75354218534,0.339599256333232,93085.68549643598,91712.49890553151,1373.1865909044718,0,92056.0,92143.2,0.0,0.0,0.0,0.0,-0.7041553196751551,-0.23184813455696351,92142.6,92058.1,,,
2024-11-20 04:02:00+00:00,92000.0,92033.1,91990.4,92020.2,26.305,92393.09314144167,0.339599256333232,93086.02509569231,91712.83850478784,1373.1865909044718,0,92056.0,92143.2,0.0,0.0,0.0,0.0,-0.7041553196751551,-0.23184813455696351,92142.6,92058.1,,,
2024-11-20 04:03:00+00:00,92020.2,92033.1,91971.8,92033.0,34.046,92393.432740698,0.339599256333232,93086.36469494864,91713.17810404417,1373.1865909044718,0,92056.0,92143.2,0.0,0.0,0.0,0.0,-0.7041553196751551,-0.23184813455696351,92142.6,92058.1,,,
2024-11-20 04:04:00+00:00,92033.0,92050.0,91989.5,91990.6,15.121,92393.77233995433,0.339599256333232,93086.70429420497,91713.5177033005,1373.1865909044718,0,92056.0,92143.2,0.0,0.0,0.0,0.0,-0.7041553196751551,-0.23184813455696351,92142.6,92058.1,,,
2024-11-20 04:05:00+00:00,91990.6,91990.7,91921.3,91921.3,34.395,92394.11193921066,0.339599256333232,93087.0438934613,91713.85730255683,1373.1865909044718,0,92056.0,92143.2,0.0,0.0,0.0,0.0,-0.7041553196751551,-0.23184813455696351,92142.6,92058.1,,,
2024-11-20 04:06:00+00:00,91921.3,91974.7,91921.3,91951.9,20.736,92394.451538467,0.339599256333232,93087.38349271764,91714.19690181316,1373.1865909044718,0,92056.0,92143.2,0.0,0.0,0.0,0.0,-0.7041553196751551,-0.23184813455696351,92142.6,92058.1,,,
2024-11-20 04:07:00+00:00,91951.9,91951.9,91931.7,91931.9,8.893,92394.79113772334,0.339599256333232,93087.72309197398,91714.53650106951,1373.1865909044718,0,92056.0,92143.2,0.0,0.0,0.0,0.0,-0.7041553196751551,-0.23184813455696351,92142.6,92058.1,,,
2024-11-20 04:08:00+00:00,91931.9,92019.6,91931.8,92001.1,19.583,92395.13073697967,0.339599256333232,93088.06269123031,91714.87610032584,1373.1865909044718,0,92056.0,92143.2,0.0,0.0,0.0,0.0,-0.7041553196751551,-0.23184813455696351,92142.6,92058.1,,,
2024-11-20 04:09:00+00:00,92001.1,92041.4,91968.0,91968.0,16.724,92395.470336236,0.339599256333232,93088.40229048664,91715.21569958217,1373.1865909044718,0,92056.0,92143.2,0.0,0.0,0.0,0.0,-0.7041553196751551,-0.23184813455696351,92142.6,92058.1,,,
2024-11-20 04:10:00+00:00,91968.0,91986.5,91950.0,91954.3,16.438,92395.80993549233,0.339599256333232,93088.74188974297,91715.5552988385,1373.1865909044718,0,92056.0,92143.2,0.0,0.0,0.0,0.0,-0.7041553196751551,-0.23184813455696351,92142.6,92058.1,,,
2024-11-20 04:11:00+00:00,91954.3,92000.0,91901.1,91996.0,22.47,92396.14953474866,0.339599256333232,93089.0814889993,91715.89489809483,1373.1865909044718,-1,92056.0,92143.2,0.0,-185.20510190517234,0.0,-0.13487249521070838,-0.7041553196751551,-0.23184813455696351,92142.6,92058.1,,,
2024-11-20 04:12:00+00:00,91996.0,92036.8,91980.8,92023.2,11.832,92396.489134005,0.339599256333232,93089.42108825564,91716.23449735116,1373.1865909044718,0,92056.0,92143.2,0.0,0.0,0.0,0.0,-0.7041553196751551,-0.23184813455696351,92142.6,92058.1,,,
2024-11-20 04:13:00+00:00,92023.2,92112.3,92004.2,92102.7,46.637,92396.82873326133,0.339599256333232,93089.76068751197,91716.5740966075,1373.1865909044718,0,92056.0,92143.2,0.0,0.0,0.0,0.0,-0.7041553196751551,-0.23184813455696351,92142.6,92058.1,,,
2024-11-20 04:14:00+00:00,92102.7,92141.3,92099.8,92133.0,81.616,92397.16833251767,0.339599256333232,93090.10028676831,91716.91369586384,1373.1865909044718,0,92056.0,92143.2,0.0,0.0,0.0,0.0,-0.7041553196751551,-0.23184813455696351,92142.6,92058.1,,,
2024-11-20 04:15:00+00:00,92133.0,92133.0,92060.1,92080.2,39.826,92397.507931774,0.339599256333232,93090.43988602464,91717.25329512017,1373.1865909044718,0,92056.0,92143.2,0.0,0.0,0.0,0.0,-0.7041553196751551,-0.23184813455696351,92142.6,92058.1,,,
2024-11-20 04:16:00+00:00,92080.2,92080.2,92041.4,92043.0,11.611,92397.84753103033,0.339599256333232,93090.77948528097,91717.5928943765,1373.1865909044718,0,92056.0,92143.2,0.0,0.0,0.0,0.0,-0.7041553196751551,-0.23184813455696351,92142.6,92058.1,,,
2024-11-20 04:17:00+00:00,92043.0,92091.0,92008.0,92078.2,24.707,92398.18713028666,0.339599256333232,93091.1190845373,91717.93249363283,1373.1865909044718,0,92056.0,92143.2,0.0,0.0,0.0,0.0,-0.7041553196751551,-0.23184813455696351,92142.6,92058.1,,,
2024-11-20 04:18:00+00:00,92078.2,92120.0,92065.2,92119.9,48.211,92398.526729543,0.339599256333232,93091.45868379364,91718.27209288916,1373.1865909044718,0,92056.0,92143.2,0.0,0.0,0.0,0.0,-0.7041553196751551,-0.23184813455696351,92142.6,92058.1,,,
2024-11-20 04:19:00+00:00,92119.9,92184.3,92112.8,92170.9,37.1,92398.86632879933,0.339599256333232,93091.79828304997,91718.6116921455,1373.1865909044718,0,92056.0,92143.2,0.0,0.0,0.0,0.0,-0.7041553196751551,-0.23184813455696351,92142.6,92058.1,,,
2024-11-20 04:20:00+00:00,92170.9,92216.6,92169.1,92210.2,58.619,92399.20592805567,0.339599256333232,93092.13788230631,91718.95129140184,1373.1865909044718,0,92056.0,92143.2,0.0,0.0,0.0,0.0,-0.7041553196751551,-0.23184813455696351,92142.6,92058.1,,,
2024-11-20 04:21:00+00:00,92210.2,92276.0,92210.2,92259.0,56.164,92399.545527312,0.339599256333232,93092.47748156264,91719.29089065817,1373.1865909044718,0,92056.0,92143.2,0.0,0.0,0.0,0.0,-0.7041553196751551,-0.23184813455696351,92142.6,92058.1,,,
2024-11-20 04:22:00+00:00,92259.0,92273.0,92246.0,92273.0,41.801,92399.88512656833,0.339599256333232,93092.81708081898,91719.6304899145,1373.1865909044718,0,92056.0,92143.2,0.0,0.0,0.0,0.0,-0.7041553196751551,-0.23184813455696351,92142.6,92058.1,,,
2024-11-20 04:23:00+00:00,92273.0,92280.0,92242.2,92250.0,21.85,92400.22472582466,0.339599256333232,93093.1566800753,91719.97008917083,1373.1865909044718,1,92056.0,92143.2,-813.1566800753062,0.0,-0.5921676525691292,0.0,-0.7041553196751551,-0.23184813455696351,92142.6,92058.1,,,
2024-11-20 04:24:00+00:00,92250.0,92254.8,92240.0,92244.0,10.033,92400.564325081,0.339599256333232,93093.49627933164,91720.30968842717,1373.1865909044718,0,92056.0,92143.2,0.0,0.0,0.0,0.0,-0.7041553196751551,-0.23184813455696351,92142.6,92058.1,,,
2024-11-20 04:25:00+00:00,92244.0,92244.0,92200.3,92200.3,15.285,92400.90392433733,0.339599256333232,93093.83587858797,91720.6492876835,1373.1865909044718,0,92056.0,92143.2,0.0,0.0,0.0,0.0,-0.7041553196751551,-0.23184813455696351,92142.6,92058.1,,,
2024-11-20 04:26:00+00:00,92200.3,92240.9,92186.6,92234.4,15.698,92401.24352359366,0.339599256333232,93094.1754778443,91720.98888693983,1373.1865909044718,0,92056.0,92143.2,0.0,0.0,0.0,0.0,-0.7041553196751551,-0.23184813455696351,92142.6,92058.1,,,
2024-11-20 04:27:00+00:00,92234.4,92234.4,92209.9,92224.1,18.744,92401.58312285,0.339599256333232,93094.51507710064,91721.32848619617,1373.1865909044718,0,92056.0,92143.2,0.0,0.0,0.0,0.0,-0.7041553196751551,-0.23184813455696351,92142.6,92058.1,,,
2024-11-20 04:28:00+00:00,92224.1,92227.3,92183.3,92224.3,13.394,92401.92272210633,0.339599256333232,93094.85467635698,91721.6680854525,1373.1865909044718,0,92056.0,92143.2,0.0,0.0,0.0,0.0,-0.7041553196751551,-0.23184813455696351,92142.6,92058.1,,,
2024-11-20 04:29:00+00:00,92224.3,92224.3,92177.0,92191.3,24.868,92402.26232136266,0.339599256333232,93095.1942756133,91722.00768470883,1373.1865909044718,0,92056.0,92143.2,0.0,0.0,0.0,0.0,-0.7041553196751551,-0.23184813455696351,92142.6,92058.1,,,
2024-11-20 04:30:00+00:00,92191.3,92216.3,92140.0,92216.3,23.924,92402.601920619,0.339599256333232,93095.53387486964,91722.34728396517,1373.1865909044718,0,92056.0,92143.2,0.0,0.0,0.0,0.0,-0.7041553196751551,-0.23184813455696351,92142.6,92058.1,,,
2024-11-20 04:31:00+00:00,92216.3,92216.3,92089.0,92091.8,22.959,92402.94151987533,0.339599256333232,93095.87347412597,91722.6868832215,1373.1865909044718,-1,92056.0,92143.2,0.0,-366.3131167785032,0.0,-0.26676135581634614,-0.7041553196751551,-0.23184813455696351,92142.6,92058.1,,,
2024-11-20 04:32:00+00:00,92091.8,92166.8,92091.8,92166.7,13.633,92403.28111913166,0.339599256333232,93096.2130733823,91723.02648247783,1373.1865909044718,0,92056.0,92143.2,0.0,0.0,0.0,0.0,-0.7041553196751551,-0.23184813455696351,92142.6,92058.1,,,
2024-11-20 04:33:00+00:00,92166.7,92220.0,92145.8,92216.4,61.327,92403.620718388,0.339599256333232,93096.55267263865,91723.36608173417,1373.1865909044718,0,92056.0,92143.2,0.0,0.0,0.0,0.0,-0.7041553196751551,-0.23184813455696351,92142.6,92058.1,,,
2024-11-20 04:34:00+00:00,92216.4,92216.4,92132.2,92156.5,21.369,92403.96031764433,0.339599256333232,93096.89227189498,91723.7056809905,1373.1865909044718,0,92056.0,92143.2,0.0,0.0,0.0,0.0,-0.7041553196751551,-0.23184813455696351,92142.6,92058.1,,,
2024-11-20 04:35:00+00:00,92156.5,92235.5,92156.5,92235.5,33.223,92404.29991690067,0.339599256333232,93097.2318711513,91724.04528024684,1373.1865909044718,0,92056.0,92143.2,0.0,0.0,0.0,0.0,-0.7041553196751551,-0.23184813455696351,92142.6,92058.1,,,
2024-11-20 04:36:00+00:00,92235.5,92235.5,92188.8,92188.8,13.655,92404.639516157,0.339599256333232,93097.57147040764,91724.38487950317,1373.1865909044718,0,92056.0,92143.2,0.0,0.0,0.0,0.0,-0.7041553196751551,-0.23184813455696351,92142.6,92058.1,,,
2024-11-20 04:37:00+00:00,92188.8,92197.8,92168.0,92185.8,11.784,92404.97911541333,0.339599256333232,93097.91106966397,91724.7244787595,1373.1865909044718,0,92056.0,92143.2,0.0,0.0,0.0,0.0,-0.7041553196751551,-0.23184813455696351,92142.6,92058.1,,,
2024-11-20 04:38:00+00:00,92185.8,92205.5,92106.9,92204.1,121.862,92405.31871466966,0.339599256333232,93098.2506689203,91725.06407801583,1373.1865909044718,0,92056.0,92143.2,0.0,0.0,0.0,0.0,-0.7041553196751551,-0.23184813455696351,92142.6,92058.1,,,
2024-11-20 04:39:00+00:00,92204.1,92249.3,92204.0,92249.3,9.929,92405.65831392599,0.339599256333232,93098.59026817663,91725.40367727216,1373.1865909044718,0,92056.0,92143.2,0.0,0.0,0.0,0.0,-0.7041553196751551,-0.23184813455696351,92142.6,92058.1,,,
2024-11-20 04:40:00+00:00,92249.3,92289.9,92241.4,92282.0,28.605,92405.99791318233,0.339599256333232,93098.92986743298,91725.7432765285,1373.1865909044718,0,92056.0,92143.2,0.0,0.0,0.0,0.0,-0.7041553196751551,-0.23184813455696351,92142.6,92058.1,,,
2024-11-20 04:41:00+00:00,92282.0,92282.1,92257.2,92265.0,19.66,92406.33751243867,0.339599256333232,93099.26946668931,91726.08287578484,1373.1865909044718,0,92056.0,92143.2,0.0,0.0,0.0,0.0,-0.7041553196751551,-0.23184813455696351,92142.6,92058.1,,,
2024-11-20 04:42:00+00:00,92265.0,92289.4,92265.0,92289.1,12.612,92406.677111695,0.339599256333232,93099.60906594564,91726.42247504117,1373.1865909044718,0,92056.0,92143.2,0.0,0.0,0.0,0.0,-0.7041553196751551,-0.23184813455696351,92142.6,92058.1,,,
2024-11-20 04:43:00+00:00,92289.1,92299.9,92289.0,92299.8,36.031,92407.01671095133,0.339599256333232,93099.94866520197,91726.7620742975,1373.1865909044718,0,92056.0,92143.2,0.0,0.0,0.0,0.0,-0.7041553196751551,-0.23184813455696351,92142.6,92058.1,,,
2024-11-20 04:44:00+00:00,92299.8,92322.2,92295.3,92295.4,29.864,92407.35631020766,0.339599256333232,93100.2882644583,91727.10167355383,1373.1865909044718,1,92056.0,92143.2,-778.0882644583035,0.0,-0.5666296697128413,0.0,-0.7041553196751551,-0.23184813455696351,92142.6,92058.1,,,
2024-11-20 04:45:00+00:00,92295.4,92318.4,92250.1,92252.2,30.632,92407.69590946399,0.339599256333232,93100.62786371463,91727.44127281016,1373.1865909044718,0,92056.0,92143.2,0.0,0.0,0.0,0.0,-0.7041553196751551,-0.23184813455696351,92142.6,92058.1,,,
2024-11-20 04:46:00+00:00,92252.2,92297.6,92251.8,92297.6,21.386,92408.03550872034,0.339599256333232,93100.96746297098,91727.7808720665,1373.1865909044718,0,92056.0,92143.2,0.0,0.0,0.0,0.0,-0.7041553196751551,-0.23184813455696351,92142.6,92058.1,,,
2024-11-20 04:47:00+00:00,92297.6,92297.7,92268.1,92268.2,8.667,92408.37510797667,0.339599256333232,93101.30706222731,91728.12047132284,1373.1865909044718,0,92056.0,92143.2,0.0,0.0,0.0,0.0,-0.7041553196751551,-0.23184813455696351,92142.6,92058.1,,,
2024-11-20 04:48:00+00:00,92268.2,92280.5,92264.8,92264.8,16.872,92408.714707233,0.339599256333232,93101.64666148364,91728.46007057917,1373.1865909044718,0,92056.0,92143.2,0.0,0.0,0.0,0.0,-0.7041553196751551,-0.23184813455696351,92142.6,92058.1,,,
2024-11-20 04:49:00+00:00,92264.8,92298.5,92250.0,92256.9,33.146,92409.05430648933,0.339599256333232,93101.98626073997,91728.7996698355,1373.1865909044718,0,92056.0,92143.2,0.0,0.0,0.0,0.0,-0.7041553196751551,-0.23184813455696351,92142.6,92058.1,,,
2024-11-20 04:50:00+00:00,92256.9,92256.9,92210.0,92224.2,37.001,92409.39390574566,0.339599256333232,93102.3258599963,91729.13926909183,1373.1865909044718,0,92056.0,92143.2,0.0,0.0,0.0,0.0,-0.7041553196751551,-0.23184813455696351,92142.6,92058.1,,,
2024-11-20 04:51:00+00:00,92224.2,92230.5,92187.5,92220.2,28.065,92409.73350500199,0.339599256333232,93102.66545925263,91729.47886834816,1373.1865909044718,0,92056.0,92143.2,0.0,0.0,0.0,0.0,-0.7041553196751551,-0.23184813455696351,92142.6,92058.1,,,
2024-11-20 04:52:00+00:00,92220.2,92222.0,92194.5,92220.1,23.029,92410.07310425832,0.339599256333232,93103.00505850896,91729.81846760449,1373.1865909044718,0,92056.0,92143.2,0.0,0.0,0.0,0.0,-0.7041553196751551,-0.23184813455696351,92142.6,92058.1,,,
2024-11-20 04:53:00+00:00,92220.1,92232.8,92198.3,92198.4,8.032,92410.41270351467,0.339599256333232,93103.34465776531,91730.15806686084,1373.1865909044718,0,92056.0,92143.2,0.0,0.0,0.0,0.0,-0.7041553196751551,-0.23184813455696351,92142.6,92058.1,,,
2024-11-20 04:54:00+00:00,92198.4,92201.3,92174.6,92185.6,48.025,92410.752302771,0.339599256333232,93103.68425702164,91730.49766611717,1373.1865909044718,0,92056.0,92143.2,0.0,0.0,0.0,0.0,-0.7041553196751551,-0.23184813455696351,92142.6,92058.1,,,
2024-11-20 04:55:00+00:00,92185.6,92185.6,92133.4,92167.3,42.675,92411.09190202733,0.339599256333232,93104.02385627797,91730.8372653735,1373.1865909044718,0,92056.0,92143.2,0.0,0.0,0.0,0.0,-0.7041553196751551,-0.23184813455696351,92142.6,92058.1,,,
2024-11-20 04:56:00+00:00,92167.3,92211.3,92167.3,92211.2,26.502,92411.43150128366,0.339599256333232,93104.3634555343,91731.17686462983,1373.1865909044718,0,92056.0,92143.2,0.0,0.0,0.0,0.0,-0.7041553196751551,-0.23184813455696351,92142.6,92058.1,,,
2024-11-20 04:57:00+00:00,92211.2,92265.0,92211.2,92256.4,17.974,92411.77110053999,0.339599256333232,93104.70305479063,91731.51646388616,1373.1865909044718,1,92056.0,92143.2,-839.7030547906325,0.0,-0.6114996027142592,0.0,-0.7041553196751551,-0.23184813455696351,92142.6,92058.1,,,
2024-11-20 04:58:00+00:00,92256.4,92256.5,92191.3,92191.3,25.157,92412.11069979632,0.339599256333232,93105.04265404696,91731.85606314249,1373.1865909044718,0,92056.0,92143.2,0.0,0.0,0.0,0.0,-0.7041553196751551,-0.23184813455696351,92142.6,92058.1,,,
2024-11-20 04:59:00+00:00,92191.3,92191.4,92159.9,92159.9,10.111,92412.45029905267,0.339599256333232,93105.38225330331,91732.19566239884,1373.1865909044718,0,92056.0,92143.2,0.0,0.0,0.0,0.0,-0.7041553196751551,-0.23184813455696351,92142.6,92058.1,,,
2024-11-20 05:00:00+00:00,92159.9,92203.6,92127.5,92181.9,16.603,92412.789898309,0.339599256333232,93105.72185255964,91732.53526165517,1373.1865909044718,0,92056.0,92143.2,0.0,0.0,0.0,0.0,-0.7041553196751551,-0.23184813455696351,92142.6,92058.1,,,
2024-11-20 05:01:00+00:00,92181.9,92195.4,92173.9,92175.5,10.776,92413.12949756533,0.339599256333232,93106.06145181597,91732.8748609115,1373.1865909044718,0,92056.0,92143.2,0.0,0.0,0.0,0.0,-0.7041553196751551,-0.23184813455696351,92142.6,92058.1,,,
2024-11-20 05:02:00+00:00,92175.5,92175.5,92050.7,92065.2,98.534,92413.46909682166,0.339599256333232,93106.4010510723,91733.21446016783,1373.1865909044718,0,92056.0,92143.2,0.0,0.0,0.0,0.0,-0.7041553196751551,-0.23184813455696351,92142.6,92058.1,,,
2024-11-20 05:03:00+00:00,92065.2,92071.5,92027.2,92027.2,52.776,92413.80869607799,0.339599256333232,93106.74065032863,91733.55405942416,1373.1865909044718,0,92056.0,92143.2,0.0,0.0,0.0,0.0,-0.7041553196751551,-0.23184813455696351,92142.6,92058.1,,,
2024-11-20 05:04:00+00:00,92027.2,92050.0,92004.4,92032.3,37.175,92414.14829533432,0.339599256333232,93107.08024958496,91733.89365868049,1373.1865909044718,-1,92056.0,92143.2,0.0,-270.5063413195021,0.0,-0.19699168569751957,-0.7041553196751551,-0.23184813455696351,92142.6,92058.1,,,
2024-11-20 05:05:00+00:00,92032.3,92061.3,92022.7,92061.3,32.528,92414.48789459065,0.339599256333232,93107.4198488413,91734.23325793682,1373.1865909044718,0,92056.0,92143.2,0.0,0.0,0.0,0.0,-0.7041553196751551,-0.23184813455696351,92142.6,92058.1,,,
2024-11-20 05:06:00+00:00,92061.3,92063.0,92017.3,92024.4,38.011,92414.827493847,0.339599256333232,93107.75944809764,91734.57285719317,1373.1865909044718,0,92056.0,92143.2,0.0,0.0,0.0,0.0,-0.7041553196751551,-0.23184813455696351,92142.6,92058.1,,,
2024-11-20 05:07:00+00:00,92024.4,92065.3,92024.4,92065.3,18.243,92415.16709310333,0.339599256333232,93108.09904735397,91734.9124564495,1373.1865909044718,0,92056.0,92143.2,0.0,0.0,0.0,0.0,-0.7041553196751551,-0.23184813455696351,92142.6,92058.1,,,
2024-11-20 05:08:00+00:00,92065.3,92078.5,92041.7,92075.4,35.328,92415.50669235966,0.339599256333232,93108.4386466103,91735.25205570583,1373.1865909044718,0,92056.0,92143.2,0.0,0.0,0.0,0.0,-0.7041553196751551,-0.23184813455696351,92142.6,92058.1,,,
2024-11-20 05:09:00+00:00,92075.4,92116.9,92057.8,92106.2,125.77,92415.84629161599,0.339599256333232,93108.77824586663,91735.59165496216,1373.1865909044718,0,92056.0,92143.2,0.0,0.0,0.0,0.0,-0.7041553196751551,-0.23184813455696351,92142.6,92058.1,,,
2024-11-20 05:10:00+00:00,92106.2,92122.1,92085.7,92095.3,14.467,92416.18589087232,0.339599256333232,93109.11784512296,91735.93125421849,1373.1865909044718,0,92056.0,92143.2,0.0,0.0,0.0,0.0,-0.7041553196751551,-0.23184813455696351,92142.6,92058.1,,,
2024-11-20 05:11:00+00:00,92095.3,92095.4,92075.6,92075.7,15.265,92416.52549012865,0.339599256333232,93109.4574443793,91736.27085347482,1373.1865909044718,0,92056.0,92143.2,0.0,0.0,0.0,0.0,-0.7041553196751551,-0.23184813455696351,92142.6,92058.1,,,
2024-11-20 05:12:00+00:00,92075.7,92132.0,92075.6,92111.0,13.984,92416.865089385,0.339599256333232,93109.79704363564,91736.61045273117,1373.1865909044718,0,92056.0,92143.2,0.0,0.0,0.0,0.0,-0.7041553196751551,-0.23184813455696351,92142.6,92058.1,,,
2024-11-20 05:13:00+00:00,92111.0,92143.2,92105.8,92142.6,14.047,92417.20468864133,0.339599256333232,93110.13664289197,91736.9500519875,1373.1865909044718,1,92056.0,92143.2,-966.9366428919748,0.0,-0.7041553196751551,0.0,-0.7041553196751551,-0.23184813455696351,92142.6,92058.1,,,
2024-11-20 05:14:00+00:00,92142.6,92142.6,92092.4,92104.3,27.122,92417.54428789766,0.339599256333232,93110.4762421483,91737.28965124383,1373.1865909044718,0,92056.0,92143.2,0.0,0.0,0.0,0.0,-0.7041553196751551,-0.23184813455696351,92142.6,92058.1,,,
2024-11-20 05:15:00+00:00,92104.3,92104.4,92056.0,92058.1,30.622,92417.88388715399,0.339599256333232,93110.81584140463,91737.62925050016,1373.1865909044718,-1,92056.0,92143.2,0.0,-318.370749499838,0.0,-0.23184813455696351,-0.7041553196751551,-0.23184813455696351,92142.6,92058.1,,,
