price,volume,side
75938.4,4.26,bid
75937.5,0.001,bid
75937.4,0.089,bid
75937.3,0.001,bid
75937.2,0.001,bid
75937.1,0.087,bid
75936.6,0.001,bid
75936.5,0.001,bid
75936.0,0.105,bid
75935.8,0.001,bid
75935.6,0.106,bid
75935.1,0.001,bid
75935.0,0.001,bid
75934.4,0.271,bid
75934.3,0.363,bid
75934.1,0.011,bid
75933.5,0.001,bid
75933.4,0.001,bid
75932.8,0.001,bid
75932.6,0.007,bid
75932.5,0.16,bid
75932.4,0.083,bid
75932.2,0.159,bid
75932.1,0.05,bid
75932.0,0.053,bid
75931.7,0.014,bid
75931.6,0.562,bid
75931.5,0.13,bid
75931.3,0.001,bid
75931.0,0.013,bid
75930.9,0.001,bid
75930.8,0.017,bid
75930.5,0.001,bid
75930.0,0.108,bid
75929.9,0.258,bid
75929.8,0.001,bid
75929.6,0.001,bid
75929.0,0.173,bid
75928.8,0.159,bid
75928.7,0.001,bid
75928.6,0.001,bid
75928.2,0.001,bid
75928.0,0.052,bid
75927.5,0.002,bid
75927.4,0.026,bid
75926.7,0.002,bid
75926.4,0.045,bid
75926.3,0.001,bid
75926.1,0.093,bid
75926.0,1.596,bid
75925.9,0.042,bid
75925.8,0.001,bid
75925.6,0.377,bid
75925.5,0.159,bid
75925.4,0.284,bid
75925.3,0.014,bid
75925.2,0.001,bid
75925.0,0.389,bid
75924.7,0.268,bid
75924.6,0.046,bid
75924.5,0.02,bid
75924.4,0.041,bid
75924.3,0.034,bid
75924.1,1.558,bid
75924.0,4.135,bid
75923.8,0.086,bid
75923.7,0.364,bid
75923.6,0.04,bid
75923.5,0.02,bid
75923.3,0.395,bid
75923.2,0.001,bid
75923.1,0.013,bid
75922.9,0.04,bid
75922.8,0.013,bid
75922.6,0.742,bid
75922.5,0.661,bid
75922.4,0.59,bid
75922.3,0.609,bid
75922.2,0.027,bid
75922.1,0.376,bid
75922.0,0.438,bid
75921.9,0.126,bid
75921.8,0.013,bid
75921.7,0.921,bid
75921.6,0.736,bid
75921.5,0.066,bid
75921.4,0.119,bid
75921.3,0.104,bid
75921.2,0.223,bid
75921.1,0.362,bid
75921.0,0.157,bid
75920.9,0.031,bid
75920.8,0.066,bid
75920.7,0.119,bid
75920.6,1.444,bid
75920.5,0.685,bid
75920.3,0.053,bid
75920.2,1.036,bid
75920.1,0.01,bid
75920.0,0.179,bid
75919.9,0.013,bid
75919.8,0.066,bid
75919.7,0.001,bid
75919.6,0.086,bid
75919.5,0.02,bid
75919.4,0.04,bid
75919.3,0.086,bid
75919.2,1.593,bid
75919.1,0.001,bid
75919.0,0.118,bid
75918.8,0.034,bid
75918.6,0.159,bid
75918.5,0.249,bid
75918.3,0.066,bid
75918.2,0.262,bid
75918.1,0.035,bid
75917.9,0.001,bid
75917.7,0.001,bid
75917.6,0.001,bid
75917.5,0.535,bid
75917.4,0.014,bid
75917.3,0.016,bid
75917.2,0.436,bid
75917.0,0.024,bid
75916.9,0.024,bid
75916.7,0.013,bid
75916.6,1.459,bid
75916.4,1.074,bid
75916.3,0.006,bid
75916.2,0.091,bid
75916.1,1.925,bid
75916.0,0.173,bid
75915.7,0.013,bid
75915.5,0.361,bid
75915.3,0.907,bid
75915.2,0.173,bid
75915.0,0.16,bid
75914.6,0.001,bid
75914.5,0.362,bid
75914.4,0.001,bid
75914.3,0.514,bid
75914.2,0.002,bid
75914.1,0.006,bid
75913.8,3.796,bid
75913.7,0.632,bid
75913.6,0.064,bid
75913.5,0.197,bid
75913.4,0.145,bid
75913.2,0.362,bid
75913.1,0.002,bid
75913.0,0.001,bid
75912.7,0.067,bid
75912.6,0.247,bid
75912.5,3.437,bid
75912.4,0.002,bid
75912.3,1.444,bid
75912.1,1.035,bid
75912.0,0.11,bid
75911.9,0.132,bid
75911.8,0.162,bid
75911.7,1.974,bid
75911.6,0.061,bid
75911.5,0.159,bid
75911.4,0.012,bid
75911.2,0.103,bid
75911.1,0.002,bid
75911.0,0.006,bid
75910.9,0.001,bid
75910.8,0.039,bid
75910.7,2.433,bid
75910.6,0.001,bid
75910.5,0.514,bid
75910.4,0.026,bid
75910.0,0.128,bid
75909.9,0.535,bid
75909.8,0.103,bid
75909.6,0.148,bid
75909.4,0.121,bid
75909.3,0.107,bid
75909.1,0.027,bid
75908.9,1.48,bid
75908.8,1.504,bid
75908.7,1.861,bid
75908.5,1.557,bid
75908.3,0.001,bid
75908.0,0.001,bid
75907.9,0.348,bid
75907.8,0.001,bid
75907.7,0.028,bid
75907.6,0.786,bid
75907.5,0.029,bid
75907.2,1.035,bid
75907.0,0.001,bid
75906.9,0.098,bid
75906.7,0.562,bid
75906.2,0.018,bid
75906.1,0.614,bid
75906.0,0.104,bid
75905.9,0.009,bid
75905.8,0.21,bid
75938.5,5.523,ask
75938.8,0.348,ask
75938.9,0.401,ask
75939.1,0.001,ask
75939.5,0.16,ask
75939.6,0.002,ask
75939.9,0.001,ask
75940.0,0.052,ask
75940.3,0.001,ask
75940.9,0.001,ask
75941.0,0.001,ask
75941.5,0.001,ask
75941.8,0.011,ask
75942.0,0.361,ask
75942.4,0.159,ask
75942.5,0.002,ask
75942.9,0.013,ask
75943.0,0.159,ask
75943.3,0.014,ask
75943.5,0.001,ask
75943.7,0.02,ask
75943.9,0.06,ask
75944.0,0.073,ask
75944.1,0.053,ask
75944.2,0.12,ask
75944.3,0.047,ask
75944.4,1.464,ask
75944.5,0.04,ask
75944.6,0.362,ask
75944.8,0.014,ask
75944.9,1.811,ask
75945.0,0.074,ask
75945.1,0.183,ask
75945.2,0.267,ask
75945.3,0.916,ask
75945.4,1.135,ask
75945.5,0.622,ask
75945.6,0.619,ask
75945.7,0.085,ask
75945.8,0.172,ask
75945.9,0.013,ask
75946.1,1.049,ask
75946.3,0.054,ask
75946.4,0.04,ask
75946.5,0.234,ask
75946.6,0.402,ask
75946.8,0.059,ask
75946.9,0.021,ask
75947.0,0.402,ask
75947.1,0.033,ask
75947.2,0.003,ask
75947.5,0.027,ask
75947.6,1.149,ask
75947.7,1.472,ask
75947.8,0.163,ask
75947.9,0.013,ask
75948.0,0.052,ask
75948.1,0.006,ask
75948.2,0.02,ask
75948.3,0.02,ask
75948.4,0.057,ask
75948.5,0.001,ask
75948.6,0.002,ask
75948.8,0.02,ask
75949.1,0.066,ask
75949.2,0.265,ask
75949.3,0.553,ask
75949.4,0.054,ask
75949.5,0.06,ask
75949.6,0.066,ask
75949.7,0.189,ask
75949.8,0.006,ask
75949.9,1.253,ask
75950.0,0.24,ask
75950.1,0.145,ask
75950.4,0.066,ask
75950.5,0.006,ask
75950.6,1.417,ask
75950.9,0.014,ask
75951.0,0.098,ask
75951.2,0.011,ask
75951.3,0.058,ask
75951.4,0.066,ask
75951.6,0.001,ask
75951.8,0.388,ask
75951.9,0.092,ask
75952.0,0.184,ask
75952.1,0.183,ask
75952.2,0.066,ask
75952.3,0.198,ask
75952.5,1.683,ask
75952.6,0.167,ask
75952.7,0.026,ask
75952.8,0.141,ask
75952.9,0.132,ask
75953.1,0.362,ask
75953.2,0.082,ask
75953.3,0.28,ask
75953.4,0.001,ask
75953.5,0.185,ask
75953.6,0.394,ask
75953.8,0.008,ask
75953.9,0.093,ask
75954.2,0.001,ask
75954.4,0.162,ask
75954.8,0.002,ask
75955.0,0.001,ask
75955.1,0.131,ask
75955.2,0.325,ask
75955.3,0.994,ask
75955.4,1.104,ask
75955.6,1.444,ask
75955.9,0.014,ask
75956.0,0.211,ask
75956.1,0.045,ask
75956.2,0.001,ask
75956.3,0.001,ask
75956.4,0.132,ask
75956.7,0.003,ask
75957.0,0.205,ask
75957.3,0.036,ask
75957.5,0.092,ask
75957.8,0.083,ask
75957.9,0.15,ask
75958.1,0.052,ask
75958.2,2.257,ask
75958.4,0.33,ask
75958.6,0.158,ask
75958.8,0.002,ask
75958.9,0.02,ask
75959.4,0.693,ask
75959.7,0.099,ask
75959.8,0.015,ask
75959.9,0.198,ask
75960.0,0.053,ask
75960.1,0.04,ask
75960.2,0.022,ask
75960.3,0.003,ask
75960.5,1.603,ask
75960.6,0.003,ask
75960.7,0.001,ask
75961.1,0.158,ask
75961.3,0.003,ask
75961.5,0.087,ask
75961.6,2.936,ask
75961.7,0.23,ask
75961.8,1.424,ask
75961.9,0.323,ask
75962.0,0.074,ask
75962.1,2.61,ask
75962.2,1.035,ask
75962.4,0.004,ask
75962.5,0.066,ask
75963.0,0.033,ask
75963.1,0.028,ask
75963.2,0.596,ask
75963.5,0.039,ask
75963.6,1.509,ask
75963.7,0.001,ask
75963.9,0.008,ask
75964.0,0.054,ask
75964.1,0.008,ask
75964.5,0.028,ask
75964.6,0.012,ask
75964.7,0.065,ask
75965.0,0.001,ask
75965.1,1.94,ask
75965.2,0.361,ask
75965.4,0.513,ask
75965.8,1.913,ask
75965.9,0.009,ask
75966.0,1.035,ask
75966.3,0.053,ask
75966.4,0.014,ask
75966.8,0.237,ask
75966.9,1.509,ask
75967.0,0.537,ask
75967.2,0.027,ask
75967.3,0.04,ask
75967.4,0.04,ask
75967.5,0.002,ask
75967.6,0.14,ask
75968.0,0.104,ask
75968.3,0.001,ask
75968.5,0.112,ask
75968.7,1.479,ask
75968.9,0.593,ask
75969.1,0.262,ask
75969.2,0.513,ask
75969.5,0.093,ask
75969.6,0.002,ask
75969.7,2.413,ask
75969.8,1.035,ask
75970.0,0.003,ask
75970.1,0.006,ask
75970.2,0.065,ask
75970.3,0.269,ask
75970.8,0.534,ask
75971.2,0.747,ask
75971.3,0.593,ask
price,volume,side
75878.8,7.554,bid
75878.7,0.065,bid
75878.6,1.561,bid
75878.5,0.253,bid
75877.8,0.159,bid
75877.5,0.001,bid
75876.5,0.259,bid
75876.0,0.052,bid
75875.6,0.011,bid
75875.1,0.08,bid
75875.0,2.332,bid
75874.9,0.013,bid
75874.7,0.01,bid
75874.6,0.04,bid
75874.5,0.04,bid
75874.4,0.16,bid
75874.3,0.058,bid
75874.2,0.066,bid
75874.0,0.012,bid
75873.8,0.112,bid
75873.6,0.012,bid
75873.5,0.066,bid
75873.4,0.066,bid
75873.2,0.001,bid
75873.1,0.263,bid
75873.0,0.225,bid
75872.8,0.066,bid
75872.5,0.001,bid
75872.3,1.709,bid
75872.2,1.512,bid
75872.1,0.013,bid
75872.0,0.052,bid
75871.9,0.066,bid
75871.6,0.009,bid
75871.2,1.039,bid
75871.1,0.075,bid
75871.0,0.289,bid
75870.8,0.366,bid
75870.6,0.013,bid
75870.3,0.001,bid
75870.0,0.001,bid
75869.5,0.185,bid
75869.4,0.032,bid
75869.3,0.096,bid
75869.2,2.364,bid
75869.1,1.806,bid
75869.0,0.066,bid
75868.9,0.072,bid
75868.8,0.026,bid
75868.7,0.026,bid
75868.6,0.362,bid
75868.3,0.001,bid
75868.2,0.066,bid
75868.1,0.365,bid
75868.0,0.065,bid
75867.9,0.001,bid
75867.8,0.006,bid
75867.7,0.362,bid
75867.6,0.159,bid
75867.5,0.001,bid
75867.4,1.246,bid
75867.3,0.278,bid
75866.7,0.168,bid
75866.5,0.02,bid
75866.4,0.111,bid
75866.3,8.353,bid
75866.2,1.013,bid
75866.1,0.02,bid
75866.0,0.271,bid
75865.9,0.164,bid
75865.8,0.166,bid
75865.7,0.042,bid
75865.6,0.186,bid
75865.5,0.278,bid
75865.4,0.1,bid
75865.3,0.489,bid
75865.2,6.948,bid
75865.1,0.457,bid
75865.0,0.164,bid
75864.9,0.014,bid
75864.8,0.125,bid
75864.7,0.029,bid
75864.6,0.004,bid
75864.5,0.013,bid
75864.4,0.043,bid
75864.3,0.104,bid
75864.2,0.159,bid
75864.1,0.934,bid
75864.0,0.373,bid
75863.9,0.499,bid
75863.8,0.612,bid
75863.7,0.405,bid
75863.6,0.519,bid
75863.5,1.637,bid
75863.4,0.095,bid
75863.3,0.098,bid
75863.2,0.089,bid
75863.1,0.009,bid
75863.0,0.041,bid
75862.9,0.004,bid
75862.8,1.107,bid
75862.7,0.045,bid
75862.6,0.241,bid
75862.5,1.931,bid
75862.4,4.48,bid
75862.2,0.021,bid
75862.1,1.006,bid
75862.0,1.715,bid
75861.9,0.014,bid
75861.8,0.02,bid
75861.7,0.004,bid
75861.6,0.018,bid
75861.5,0.017,bid
75861.4,0.091,bid
75861.3,0.193,bid
75861.2,0.053,bid
75861.1,0.09,bid
75861.0,0.182,bid
75860.9,0.02,bid
75860.8,0.231,bid
75860.6,0.102,bid
75860.5,0.154,bid
75860.4,0.082,bid
75860.3,0.002,bid
75860.1,0.036,bid
75860.0,4.853,bid
75859.9,0.022,bid
75859.8,0.269,bid
75859.7,0.101,bid
75859.6,0.065,bid
75859.5,0.013,bid
75859.4,0.197,bid
75859.3,0.003,bid
75859.1,0.074,bid
75859.0,0.785,bid
75858.9,0.223,bid
75858.8,0.032,bid
75858.5,0.006,bid
75858.3,4.412,bid
75858.2,1.035,bid
75858.1,0.105,bid
75858.0,0.015,bid
75857.9,0.007,bid
75857.8,0.022,bid
75857.7,0.069,bid
75857.5,0.262,bid
75857.4,0.175,bid
75857.3,0.041,bid
75857.2,0.096,bid
75857.1,0.079,bid
75857.0,0.195,bid
75856.9,0.024,bid
75856.8,0.007,bid
75856.6,0.007,bid
75856.5,0.003,bid
75856.4,3.262,bid
75856.2,0.395,bid
75856.1,1.444,bid
75856.0,1.641,bid
75855.9,0.001,bid
75855.8,0.081,bid
75855.7,0.592,bid
75855.6,0.135,bid
75855.5,0.159,bid
75855.3,0.004,bid
75855.2,0.767,bid
75855.1,2.9,bid
75855.0,1.19,bid
75854.8,0.093,bid
75854.7,0.05,bid
75854.6,0.001,bid
75854.4,1.08,bid
75854.3,0.028,bid
75854.2,0.002,bid
75854.1,0.007,bid
75854.0,0.096,bid
75853.9,0.003,bid
75853.8,0.008,bid
75853.7,0.002,bid
75853.6,0.354,bid
75853.4,0.015,bid
75853.3,0.008,bid
75853.2,0.04,bid
75853.1,0.044,bid
75853.0,0.237,bid
75852.9,0.025,bid
75852.8,0.477,bid
75852.7,0.012,bid
75852.6,0.117,bid
75852.5,0.208,bid
75852.4,0.003,bid
75852.3,0.002,bid
75852.2,0.237,bid
75852.1,0.119,bid
75852.0,0.123,bid
75851.9,0.547,bid
75851.8,0.644,bid
75851.7,0.009,bid
75851.6,0.362,bid
75851.5,0.072,bid
75878.9,1.813,ask
75879.4,0.026,ask
75879.6,0.001,ask
75880.2,0.001,ask
75880.4,0.001,ask
75881.0,0.101,ask
75881.1,0.638,ask
75881.2,0.159,ask
75881.4,0.001,ask
75881.7,0.025,ask
75881.9,0.091,ask
75882.1,0.001,ask
75882.5,0.001,ask
75882.7,0.001,ask
75882.9,0.362,ask
75883.0,0.098,ask
75883.2,0.045,ask
75883.4,0.001,ask
75883.5,0.159,ask
75883.6,0.001,ask
75884.0,0.053,ask
75884.2,0.002,ask
75884.6,0.159,ask
75884.7,0.02,ask
75884.8,0.02,ask
75884.9,0.021,ask
75885.0,0.101,ask
75885.1,0.02,ask
75885.2,0.12,ask
75885.3,0.073,ask
75885.4,0.04,ask
75885.5,0.106,ask
75885.6,0.1,ask
75885.7,0.101,ask
75885.8,0.06,ask
75885.9,0.04,ask
75886.0,0.032,ask
75886.1,0.02,ask
75886.2,0.02,ask
75886.3,0.059,ask
75886.4,0.04,ask
75886.5,0.077,ask
75886.6,0.338,ask
75886.7,0.282,ask
75886.8,0.523,ask
75886.9,0.393,ask
75887.0,0.505,ask
75887.1,0.596,ask
75887.2,0.284,ask
75887.3,0.02,ask
75887.4,0.001,ask
75887.5,0.001,ask
75887.8,0.001,ask
75888.0,0.212,ask
75888.8,0.038,ask
75889.2,0.362,ask
75889.3,0.08,ask
75889.5,0.002,ask
75889.6,0.922,ask
75889.8,0.362,ask
75890.0,0.004,ask
75890.2,0.726,ask
75890.4,0.094,ask
75890.5,0.159,ask
75890.7,0.02,ask
75891.0,0.001,ask
75891.2,1.445,ask
75891.3,0.095,ask
75891.4,0.159,ask
75891.5,0.001,ask
75891.6,0.067,ask
75891.8,0.094,ask
75891.9,0.214,ask
75892.0,0.362,ask
75892.2,0.362,ask
75892.4,0.066,ask
75892.5,0.028,ask
75892.7,0.101,ask
75893.0,0.026,ask
75893.1,0.001,ask
75893.2,0.48,ask
75893.3,0.002,ask
75893.4,0.086,ask
75893.5,0.026,ask
75893.6,0.002,ask
75893.7,0.026,ask
75894.0,0.555,ask
75894.1,0.066,ask
75894.3,1.444,ask
75894.5,0.066,ask
75894.6,0.066,ask
75894.8,0.292,ask
75895.0,0.001,ask
75895.1,0.102,ask
75895.3,0.066,ask
75895.4,0.001,ask
75895.5,0.073,ask
75895.6,0.133,ask
75895.7,0.018,ask
75895.8,1.035,ask
75895.9,0.162,ask
75896.0,0.067,ask
75896.1,0.362,ask
75896.3,0.067,ask
75896.4,0.643,ask
75896.5,0.222,ask
75896.7,0.066,ask
75896.9,0.016,ask
75897.0,0.052,ask
75897.2,0.026,ask
75897.3,0.052,ask
75897.4,1.563,ask
75897.5,0.292,ask
75897.6,0.046,ask
75897.8,0.001,ask
75897.9,0.224,ask
75898.0,0.026,ask
75898.1,1.395,ask
75898.2,0.159,ask
75898.4,0.001,ask
75898.6,0.001,ask
75898.7,0.362,ask
75898.8,0.066,ask
75898.9,0.001,ask
75899.1,0.026,ask
75899.2,0.067,ask
75899.3,0.001,ask
75899.4,0.001,ask
75899.6,1.038,ask
75899.7,0.013,ask
75900.0,0.011,ask
75900.1,0.001,ask
75900.4,0.006,ask
75900.5,0.561,ask
75900.6,1.444,ask
75900.8,0.001,ask
75900.9,0.014,ask
75901.0,0.159,ask
75901.2,0.002,ask
75901.4,0.015,ask
75901.6,0.161,ask
75901.7,0.033,ask
75902.1,0.001,ask
75902.4,0.001,ask
75902.5,0.001,ask
75902.9,1.247,ask
75903.0,0.001,ask
75903.1,0.09,ask
75903.4,1.035,ask
75903.8,0.001,ask
75903.9,1.445,ask
75904.0,0.052,ask
75904.1,0.06,ask
75904.3,0.562,ask
75904.4,0.006,ask
75904.5,0.159,ask
75904.9,0.266,ask
75905.0,0.16,ask
75905.1,0.004,ask
75905.2,0.131,ask
75905.4,0.001,ask
75905.5,1.883,ask
75906.3,0.065,ask
75906.4,0.197,ask
75906.8,0.548,ask
75906.9,0.001,ask
75907.0,0.03,ask
75907.5,0.094,ask
75907.6,1.444,ask
75907.7,0.56,ask
75907.8,0.63,ask
75907.9,1.035,ask
75908.0,0.052,ask
75908.1,0.561,ask
75908.2,0.013,ask
75908.4,0.05,ask
75908.5,0.049,ask
75908.6,0.358,ask
75908.7,0.009,ask
75908.8,0.101,ask
75909.0,0.177,ask
75909.1,3.034,ask
75909.2,1.924,ask
75909.4,0.001,ask
75909.5,0.067,ask
75909.6,0.107,ask
75909.9,0.066,ask
75910.0,2.414,ask
75910.1,0.004,ask
75910.3,0.053,ask
75910.5,0.001,ask
75910.6,0.612,ask
75910.8,0.003,ask
75911.0,1.681,ask
75911.2,0.009,ask
75911.3,0.384,ask
75911.5,0.001,ask
75911.6,0.03,ask
75911.7,1.798,ask
75911.8,0.004,ask
price,volume,side
76237.4,16.501,bid
76237.1,0.006,bid
76237.0,0.159,bid
76236.4,0.02,bid
76236.0,0.052,bid
76235.9,0.001,bid
76235.3,0.026,bid
76235.2,0.001,bid
76235.0,0.04,bid
76234.9,0.033,bid
76234.8,0.302,bid
76234.7,1.325,bid
76234.6,0.438,bid
76234.5,0.195,bid
76234.4,0.172,bid
76234.3,0.157,bid
76234.1,0.194,bid
76234.0,0.04,bid
76233.8,0.033,bid
76233.7,0.497,bid
76233.6,0.06,bid
76233.5,1.194,bid
76233.4,0.04,bid
76233.1,0.02,bid
76233.0,0.02,bid
76232.9,0.014,bid
76232.8,0.013,bid
76232.6,0.111,bid
76232.5,0.074,bid
76232.4,0.226,bid
76232.3,0.079,bid
76232.2,0.014,bid
76232.1,0.699,bid
76232.0,0.13,bid
76231.9,0.079,bid
76231.8,0.023,bid
76231.7,0.001,bid
76231.4,0.16,bid
76231.2,0.808,bid
76231.1,0.36,bid
76230.6,0.001,bid
76230.3,0.02,bid
76230.2,0.001,bid
76230.1,0.087,bid
76230.0,0.16,bid
76229.9,0.04,bid
76229.8,0.079,bid
76229.7,0.005,bid
76229.6,0.104,bid
76229.5,0.36,bid
76229.1,0.001,bid
76228.9,0.045,bid
76228.7,0.066,bid
76228.4,0.087,bid
76228.3,1.444,bid
76228.1,0.068,bid
76228.0,0.573,bid
76227.9,0.001,bid
76227.8,2.307,bid
76227.7,2.072,bid
76227.6,0.002,bid
76227.5,0.001,bid
76227.4,0.094,bid
76227.2,0.001,bid
76227.1,0.065,bid
76226.9,0.121,bid
76226.8,1.391,bid
76226.7,0.099,bid
76226.5,0.159,bid
76226.3,0.001,bid
76226.1,0.067,bid
76226.0,0.026,bid
76225.9,0.026,bid
76225.8,0.066,bid
76225.6,0.026,bid
76225.4,0.21,bid
76225.3,0.001,bid
76225.2,1.444,bid
76225.0,0.001,bid
76224.9,0.21,bid
76224.8,0.045,bid
76224.7,0.105,bid
76224.6,0.16,bid
76224.4,0.04,bid
76224.2,0.066,bid
76223.9,0.006,bid
76223.8,0.001,bid
76223.7,0.013,bid
76223.6,0.065,bid
76223.5,0.026,bid
76223.4,0.066,bid
76223.3,3.33,bid
76223.2,0.291,bid
76223.1,0.028,bid
76223.0,0.159,bid
76222.9,1.107,bid
76222.6,5.419,bid
76222.5,0.004,bid
76222.4,0.054,bid
76222.3,0.754,bid
76222.1,0.004,bid
76222.0,0.231,bid
76221.9,0.558,bid
76221.7,0.002,bid
76221.5,0.197,bid
76221.3,1.444,bid
76221.2,0.754,bid
76221.1,0.373,bid
76220.9,0.01,bid
76220.8,0.03,bid
76220.6,0.36,bid
76220.4,0.087,bid
76220.3,0.586,bid
76220.2,0.158,bid
76220.1,1.87,bid
76220.0,0.342,bid
76219.5,0.16,bid
76219.3,0.001,bid
76219.1,0.066,bid
76219.0,1.035,bid
76218.8,0.065,bid
76218.7,0.011,bid
76218.6,0.157,bid
76218.5,2.13,bid
76218.3,0.001,bid
76218.1,0.018,bid
76218.0,0.009,bid
76217.9,0.01,bid
76217.8,0.16,bid
76217.7,1.458,bid
76217.6,0.616,bid
76217.5,0.002,bid
76217.3,0.595,bid
76216.5,0.351,bid
76216.4,0.004,bid
76216.2,0.001,bid
76216.1,1.444,bid
76216.0,0.211,bid
76215.6,0.095,bid
76215.3,0.158,bid
76215.2,0.011,bid
76215.1,2.363,bid
76215.0,5.816,bid
76214.9,0.099,bid
76214.7,0.029,bid
76214.6,1.039,bid
76214.5,0.045,bid
76214.4,0.159,bid
76214.1,0.36,bid
76213.8,0.531,bid
76213.7,0.014,bid
76213.5,0.143,bid
76213.4,0.529,bid
76213.2,0.001,bid
76213.1,2.467,bid
76212.8,0.003,bid
76212.5,0.171,bid
76212.3,0.29,bid
76212.2,1.496,bid
76212.1,1.744,bid
76212.0,2.073,bid
76211.9,0.36,bid
76211.7,0.001,bid
76211.3,0.001,bid
76211.1,0.062,bid
76211.0,0.159,bid
76210.9,0.103,bid
76210.6,0.001,bid
76210.5,0.082,bid
76210.3,0.01,bid
76210.2,0.01,bid
76210.1,0.006,bid
76210.0,0.067,bid
76209.9,0.531,bid
76209.7,0.006,bid
76209.6,0.491,bid
76209.5,0.529,bid
76209.3,0.103,bid
76208.9,2.455,bid
76208.7,0.004,bid
76208.6,1.035,bid
76208.0,0.056,bid
76207.8,0.014,bid
76207.7,0.144,bid
76207.6,1.444,bid
76207.5,0.001,bid
76207.3,0.001,bid
76207.1,1.967,bid
76207.0,0.2,bid
76206.5,0.117,bid
76206.3,1.968,bid
76206.1,1.48,bid
76206.0,0.53,bid
76205.9,0.511,bid
76205.8,0.006,bid
76205.7,0.131,bid
76205.6,0.53,bid
76205.5,0.07,bid
76205.3,0.01,bid
76205.2,0.002,bid
76237.5,2.607,ask
76239.0,0.001,ask
76241.0,0.001,ask
76241.5,0.001,ask
76243.3,0.197,ask
76243.4,0.781,ask
76243.5,0.001,ask
76243.6,0.003,ask
76244.0,0.183,ask
76244.5,0.005,ask
76244.6,0.012,ask
76244.7,0.586,ask
76245.0,0.213,ask
76245.1,0.066,ask
76245.2,0.072,ask
76245.3,0.001,ask
76245.5,0.005,ask
76245.9,0.031,ask
76246.0,1.446,ask
76246.1,0.101,ask
76246.2,0.021,ask
76246.3,0.039,ask
76246.4,0.066,ask
76246.5,0.091,ask
76246.6,0.066,ask
76246.7,0.066,ask
76247.1,0.066,ask
76247.3,0.067,ask
76247.5,0.005,ask
76247.7,0.013,ask
76247.8,0.001,ask
76247.9,0.032,ask
76248.0,0.552,ask
76248.1,0.066,ask
76248.4,0.066,ask
76248.6,0.009,ask
76248.8,0.017,ask
76248.9,3.2,ask
76249.0,0.01,ask
76249.1,1.445,ask
76249.3,0.026,ask
76249.4,0.003,ask
76249.9,0.074,ask
76250.0,7.774,ask
76250.1,0.001,ask
76250.4,0.918,ask
76250.5,0.013,ask
76250.8,0.013,ask
76250.9,0.026,ask
76251.0,0.066,ask
76251.1,0.564,ask
76251.2,0.003,ask
76251.3,0.385,ask
76251.4,0.013,ask
76251.5,1.008,ask
76251.6,0.004,ask
76251.7,0.001,ask
76251.8,0.108,ask
76251.9,0.066,ask
76252.1,0.003,ask
76252.2,1.51,ask
76252.3,0.001,ask
76252.4,0.001,ask
76252.5,0.001,ask
76252.6,0.198,ask
76252.7,0.066,ask
76252.8,0.003,ask
76252.9,0.153,ask
76253.0,0.001,ask
76253.1,1.036,ask
76253.2,0.026,ask
76253.3,0.001,ask
76253.5,0.002,ask
76253.6,0.001,ask
76253.7,0.001,ask
76253.8,0.026,ask
76253.9,0.026,ask
76254.0,0.001,ask
76254.1,0.028,ask
76254.2,0.002,ask
76254.3,0.374,ask
76254.5,0.014,ask
76254.7,0.017,ask
76254.8,0.041,ask
76254.9,0.066,ask
76255.0,0.111,ask
76255.1,0.136,ask
76255.2,0.078,ask
76255.3,0.165,ask
76255.4,0.007,ask
76255.5,0.106,ask
76255.8,1.298,ask
76255.9,1.444,ask
76256.0,0.002,ask
76256.1,0.21,ask
76256.2,0.056,ask
76256.3,0.157,ask
76256.5,0.205,ask
76256.6,0.185,ask
76256.7,0.027,ask
76256.8,0.067,ask
76256.9,0.013,ask
76257.0,1.223,ask
76257.1,0.052,ask
76257.2,0.013,ask
76257.3,0.045,ask
76257.4,0.087,ask
76257.5,0.001,ask
76257.6,0.236,ask
76257.7,0.046,ask
76258.0,0.36,ask
76258.2,0.367,ask
76258.3,0.02,ask
76258.4,0.031,ask
76258.5,0.029,ask
76258.6,0.433,ask
76258.7,0.06,ask
76258.8,0.168,ask
76258.9,0.119,ask
76259.0,0.243,ask
76259.1,0.147,ask
76259.2,1.567,ask
76259.3,0.183,ask
76259.4,0.066,ask
76259.6,0.001,ask
76259.8,0.058,ask
76259.9,0.06,ask
76260.0,1.004,ask
76260.1,0.002,ask
76260.2,0.395,ask
76260.3,0.001,ask
76260.4,1.512,ask
76260.5,0.002,ask
76260.6,0.026,ask
76260.7,0.001,ask
76260.8,0.038,ask
76260.9,1.035,ask
76261.0,0.365,ask
76261.1,0.008,ask
76261.2,0.529,ask
76261.3,0.165,ask
76261.9,0.052,ask
76262.2,0.41,ask
76262.5,0.001,ask
76262.6,0.172,ask
76262.7,0.01,ask
76263.1,0.001,ask
76263.3,0.005,ask
76263.4,0.542,ask
76263.5,1.675,ask
76263.6,1.509,ask
76263.7,0.001,ask
76263.8,0.079,ask
76263.9,0.001,ask
76264.1,0.014,ask
76264.2,0.622,ask
76264.3,0.005,ask
76264.4,0.01,ask
76264.7,0.001,ask
76264.9,0.007,ask
76265.0,0.067,ask
76265.1,0.529,ask
76265.3,0.345,ask
76265.4,0.295,ask
76265.5,0.729,ask
76265.7,0.06,ask
76265.8,0.137,ask
76266.0,1.127,ask
76266.2,0.024,ask
76266.3,0.5,ask
76266.4,2.98,ask
76266.5,0.6,ask
76266.6,0.311,ask
76266.9,1.444,ask
76267.0,0.704,ask
76267.2,0.001,ask
76267.3,2.489,ask
76267.4,0.009,ask
76267.5,0.017,ask
76267.6,0.001,ask
76267.8,0.015,ask
76267.9,0.002,ask
76268.0,0.045,ask
76268.1,0.002,ask
76268.2,0.001,ask
76268.5,0.016,ask
76268.6,0.001,ask
76268.7,0.002,ask
76268.8,0.621,ask
76268.9,0.002,ask
76269.0,0.546,ask
76269.2,0.005,ask
76269.4,0.374,ask
76269.7,2.403,ask
76269.8,3.35,ask
76269.9,1.718,ask
76270.0,1.424,ask
76270.1,0.005,ask
76270.4,0.02,ask
76270.5,0.372,ask
price,volume,side
76336.9,9.408,bid
76336.8,0.822,bid
76336.7,0.001,bid
76335.3,0.624,bid
76335.2,0.001,bid
76335.0,0.001,bid
76334.5,0.001,bid
76333.9,0.36,bid
76333.8,0.052,bid
76333.7,0.002,bid
76333.3,0.001,bid
76333.1,0.001,bid
76333.0,0.001,bid
76332.5,0.001,bid
76332.2,0.001,bid
76332.1,0.001,bid
76331.4,0.002,bid
76330.7,0.001,bid
76330.0,0.001,bid
76329.9,0.001,bid
76329.4,0.361,bid
76329.3,0.001,bid
76329.2,0.005,bid
76328.6,0.36,bid
76328.4,0.001,bid
76328.3,0.001,bid
76328.2,0.36,bid
76328.1,0.013,bid
76328.0,0.156,bid
76327.7,0.001,bid
76327.5,0.015,bid
76327.4,0.015,bid
76327.3,0.205,bid
76327.0,8.805,bid
76326.8,0.014,bid
76326.7,0.36,bid
76326.6,0.236,bid
76326.4,0.027,bid
76326.2,0.028,bid
76326.1,0.499,bid
76326.0,0.052,bid
76325.9,0.399,bid
76325.8,0.162,bid
76325.6,0.052,bid
76325.5,0.001,bid
76325.4,0.362,bid
76325.2,0.067,bid
76325.1,0.014,bid
76325.0,0.001,bid
76324.9,0.002,bid
76324.6,0.015,bid
76324.5,0.156,bid
76324.3,0.001,bid
76324.2,0.338,bid
76324.0,0.001,bid
76323.9,0.001,bid
76323.7,0.001,bid
76323.6,0.065,bid
76323.5,0.115,bid
76323.4,0.362,bid
76323.3,0.192,bid
76323.2,1.155,bid
76323.1,0.001,bid
76323.0,0.039,bid
76322.9,0.001,bid
76322.7,0.124,bid
76322.5,0.001,bid
76322.4,0.026,bid
76322.3,0.092,bid
76322.2,0.003,bid
76322.1,0.002,bid
76322.0,0.003,bid
76321.7,0.393,bid
76321.6,0.004,bid
76321.4,0.001,bid
76321.1,0.006,bid
76321.0,0.156,bid
76320.9,0.012,bid
76320.8,0.066,bid
76320.7,0.006,bid
76320.5,0.026,bid
76320.1,0.006,bid
76320.0,0.053,bid
76319.8,0.156,bid
76319.7,1.457,bid
76319.6,0.066,bid
76319.3,1.036,bid
76319.0,0.012,bid
76318.8,0.001,bid
76318.5,0.02,bid
76318.3,0.103,bid
76318.2,0.065,bid
76317.8,0.133,bid
76317.7,0.065,bid
76317.6,0.007,bid
76317.5,0.184,bid
76317.4,0.013,bid
76317.3,0.008,bid
76317.2,0.078,bid
76317.1,0.104,bid
76316.9,0.016,bid
76316.7,0.002,bid
76316.6,1.51,bid
76316.4,0.156,bid
76316.3,0.001,bid
76316.0,0.052,bid
76315.7,0.189,bid
76315.5,3.769,bid
76315.4,1.082,bid
76315.3,0.026,bid
76315.2,0.003,bid
76315.0,0.001,bid
76314.8,0.013,bid
76314.7,0.065,bid
76314.5,0.917,bid
76314.4,0.262,bid
76314.3,0.132,bid
76314.2,0.002,bid
76314.0,0.159,bid
76313.7,0.039,bid
76313.6,0.039,bid
76313.5,0.039,bid
76313.4,1.445,bid
76313.3,2.433,bid
76313.2,7.222,bid
76313.0,0.199,bid
76312.5,0.087,bid
76312.2,0.074,bid
76312.0,0.16,bid
76311.9,0.013,bid
76311.8,0.078,bid
76311.7,0.173,bid
76311.6,0.004,bid
76311.3,0.023,bid
76311.1,1.418,bid
76310.9,0.534,bid
76310.6,0.001,bid
76310.5,0.235,bid
76310.4,1.035,bid
76310.2,0.416,bid
76310.0,0.001,bid
76309.7,1.444,bid
76309.6,0.165,bid
76309.5,0.222,bid
76309.0,0.014,bid
76308.9,0.235,bid
76308.7,0.001,bid
76308.6,0.03,bid
76308.4,0.103,bid
76308.1,0.014,bid
76308.0,0.052,bid
76307.8,0.079,bid
76307.7,2.36,bid
76307.5,0.001,bid
76307.4,0.532,bid
76307.3,0.002,bid
76307.2,0.015,bid
76307.1,0.155,bid
76307.0,0.534,bid
76306.6,0.065,bid
76306.5,1.035,bid
76306.4,0.001,bid
76306.2,0.195,bid
76306.1,0.015,bid
76305.7,0.007,bid
76305.6,0.131,bid
76305.5,0.304,bid
76305.3,0.454,bid
76305.1,0.001,bid
76305.0,0.001,bid
76304.8,0.389,bid
76304.6,0.67,bid
76304.4,0.065,bid
76304.3,0.112,bid
76304.2,0.001,bid
76304.1,0.237,bid
76304.0,2.089,bid
76303.9,3.386,bid
76303.8,1.74,bid
76303.6,0.001,bid
76303.5,0.607,bid
76303.2,1.966,bid
76303.1,0.535,bid
76303.0,0.818,bid
76302.8,0.138,bid
76302.7,2.508,bid
76302.6,0.067,bid
76302.5,0.001,bid
76302.3,1.038,bid
76302.0,0.006,bid
76301.9,0.61,bid
76301.7,0.707,bid
76301.6,2.502,bid
76301.1,0.007,bid
76301.0,0.045,bid
76300.9,0.661,bid
76300.8,0.079,bid
76300.7,0.36,bid
76300.2,2.587,bid
76300.1,1.444,bid
76337.0,9.144,ask
76337.4,0.021,ask
76337.5,0.207,ask
76337.8,1.4,ask
76337.9,0.001,ask
76338.1,0.026,ask
76338.2,7.1,ask
76338.3,0.813,ask
76338.4,0.005,ask
76338.5,0.156,ask
76338.6,0.002,ask
76338.9,0.001,ask
76339.0,0.032,ask
76339.1,1.444,ask
76339.5,0.001,ask
76339.7,0.001,ask
76339.8,0.201,ask
76339.9,0.001,ask
76340.0,4.235,ask
76340.1,0.001,ask
76340.2,0.156,ask
76340.4,0.001,ask
76340.5,0.001,ask
76340.6,0.004,ask
76340.7,0.001,ask
76340.8,0.002,ask
76340.9,1.035,ask
76341.0,0.001,ask
76341.1,0.288,ask
76341.3,0.014,ask
76341.4,0.008,ask
76342.0,1.135,ask
76342.1,0.002,ask
76342.3,0.027,ask
76342.4,0.001,ask
76342.5,0.096,ask
76342.8,0.009,ask
76342.9,0.026,ask
76343.6,0.169,ask
76343.8,0.003,ask
76344.0,0.148,ask
76344.2,0.169,ask
76344.3,0.01,ask
76344.4,0.01,ask
76344.5,0.002,ask
76344.7,0.001,ask
76344.8,1.048,ask
76344.9,0.003,ask
76345.0,0.086,ask
76345.2,0.001,ask
76345.3,0.002,ask
76345.4,0.001,ask
76345.5,0.156,ask
76345.7,0.003,ask
76345.8,0.004,ask
76345.9,0.003,ask
76346.0,1.446,ask
76346.1,2.591,ask
76346.3,0.002,ask
76346.4,0.035,ask
76346.7,0.013,ask
76346.9,0.066,ask
76347.0,0.669,ask
76347.1,0.045,ask
76347.2,0.361,ask
76347.3,0.002,ask
76347.4,0.001,ask
76347.5,0.001,ask
76347.7,0.067,ask
76347.8,0.112,ask
76347.9,0.026,ask
76348.0,0.052,ask
76348.2,0.083,ask
76348.3,0.008,ask
76348.4,0.001,ask
76348.5,0.182,ask
76348.6,0.223,ask
76348.7,1.605,ask
76348.8,0.236,ask
76348.9,0.156,ask
76349.0,0.993,ask
76349.1,0.091,ask
76349.2,0.098,ask
76349.3,0.078,ask
76349.4,0.163,ask
76349.5,0.007,ask
76349.6,0.003,ask
76349.7,0.011,ask
76349.8,1.444,ask
76349.9,5.41,ask
76350.0,7.806,ask
76350.1,0.003,ask
76350.3,0.001,ask
76350.4,0.156,ask
76350.5,0.1,ask
76350.8,0.5,ask
76350.9,0.013,ask
76351.0,0.066,ask
76351.1,0.015,ask
76351.2,0.002,ask
76351.3,0.091,ask
76351.4,0.025,ask
76351.5,0.001,ask
76351.9,0.066,ask
76352.0,0.016,ask
76352.1,0.001,ask
76352.2,0.402,ask
76352.3,0.363,ask
76352.4,0.065,ask
76352.5,0.085,ask
76352.6,1.037,ask
76352.7,0.002,ask
76352.9,0.02,ask
76353.0,0.122,ask
76353.1,0.15,ask
76353.2,0.075,ask
76353.3,0.065,ask
76353.4,0.026,ask
76353.6,0.065,ask
76353.7,0.004,ask
76353.8,0.016,ask
76353.9,2.33,ask
76354.0,0.065,ask
76354.4,0.115,ask
76354.5,0.36,ask
76354.8,0.535,ask
76354.9,0.013,ask
76355.0,0.449,ask
76355.1,0.043,ask
76355.2,0.013,ask
76355.3,0.201,ask
76355.4,0.036,ask
76355.5,0.74,ask
76355.7,0.001,ask
76355.9,0.001,ask
76356.0,0.198,ask
76356.1,0.317,ask
76356.2,1.444,ask
76356.3,0.01,ask
76356.4,0.007,ask
76356.5,0.001,ask
76356.6,0.005,ask
76357.0,0.597,ask
76357.1,0.1,ask
76357.2,0.159,ask
76357.3,0.364,ask
76357.4,1.061,ask
76357.5,0.131,ask
76357.6,0.002,ask
76357.7,0.014,ask
76357.9,3.072,ask
76358.0,1.011,ask
76358.1,0.001,ask
76358.4,0.02,ask
76358.5,0.012,ask
76358.6,0.045,ask
76358.7,0.535,ask
76358.8,0.36,ask
76358.9,0.001,ask
76359.0,0.003,ask
76359.4,0.194,ask
76359.5,0.419,ask
76359.7,0.001,ask
76359.8,0.065,ask
76359.9,0.86,ask
76360.0,2.715,ask
76360.1,0.004,ask
76360.2,0.018,ask
76360.3,0.15,ask
76360.5,0.018,ask
76360.6,0.156,ask
76360.8,0.005,ask
76360.9,0.542,ask
76361.1,4.114,ask
76361.3,0.001,ask
76361.6,0.104,ask
76361.8,0.36,ask
76362.0,0.141,ask
76362.3,0.001,ask
76362.4,0.014,ask
76362.5,0.053,ask
76362.6,0.538,ask
76362.8,0.511,ask
76362.9,0.195,ask
76363.0,0.157,ask
76363.1,0.001,ask
76363.2,0.001,ask
76363.4,0.011,ask
76363.5,0.291,ask
76363.6,0.466,ask
76363.8,1.682,ask
76363.9,0.017,ask
76364.0,0.256,ask
76364.2,1.964,ask
76364.4,0.001,ask
76364.6,0.002,ask
76364.7,0.36,ask
76364.8,5.867,ask
76364.9,1.035,ask
76365.0,0.061,ask
price,volume,side
76553.6,9.128,bid
76553.2,0.009,bid
76552.5,0.002,bid
76552.1,0.004,bid
76552.0,0.156,bid
76551.7,0.525,bid
76551.6,1.065,bid
76551.3,0.065,bid
76551.2,0.065,bid
76551.0,0.719,bid
76550.9,0.131,bid
76550.8,0.065,bid
76550.7,0.003,bid
76550.5,0.742,bid
76550.4,0.065,bid
76550.3,0.141,bid
76550.1,0.13,bid
76550.0,0.066,bid
76549.8,0.359,bid
76549.4,0.066,bid
76549.2,0.079,bid
76549.1,0.013,bid
76548.8,0.001,bid
76548.7,0.029,bid
76548.6,0.36,bid
76548.5,0.105,bid
76548.4,0.002,bid
76548.0,0.052,bid
76547.9,0.001,bid
76547.8,0.012,bid
76547.7,0.174,bid
76547.6,0.251,bid
76547.5,0.033,bid
76547.4,0.008,bid
76547.3,0.012,bid
76547.1,0.015,bid
76547.0,0.013,bid
76546.6,0.385,bid
76546.4,1.087,bid
76546.3,0.001,bid
76546.1,0.17,bid
76545.9,0.079,bid
76545.8,1.035,bid
76545.6,0.451,bid
76545.5,0.023,bid
76545.4,0.02,bid
76545.0,0.131,bid
76544.9,0.033,bid
76544.8,0.06,bid
76544.6,0.522,bid
76544.5,0.053,bid
76544.4,0.078,bid
76544.3,0.013,bid
76544.2,0.156,bid
76544.1,0.008,bid
76544.0,0.065,bid
76543.9,0.15,bid
76543.8,0.078,bid
76543.6,0.209,bid
76543.5,0.322,bid
76543.4,0.321,bid
76543.3,0.067,bid
76543.2,0.026,bid
76543.1,0.156,bid
76543.0,1.479,bid
76542.9,1.49,bid
76542.5,0.081,bid
76542.4,0.013,bid
76542.3,0.047,bid
76542.2,0.026,bid
76542.1,0.039,bid
76542.0,0.04,bid
76541.8,0.073,bid
76541.7,1.165,bid
76541.6,0.039,bid
76541.5,0.108,bid
76541.2,0.065,bid
76541.1,0.02,bid
76541.0,0.226,bid
76540.9,0.001,bid
76540.8,0.286,bid
76540.6,0.165,bid
76540.5,0.065,bid
76540.3,0.065,bid
76540.2,0.131,bid
76540.1,0.012,bid
76540.0,0.06,bid
76539.8,1.462,bid
76539.6,0.012,bid
76539.5,0.114,bid
76539.4,0.029,bid
76539.3,0.359,bid
76538.9,1.843,bid
76538.8,0.555,bid
76538.7,0.001,bid
76538.4,0.391,bid
76538.3,0.001,bid
76538.0,0.463,bid
76537.9,0.002,bid
76537.8,1.035,bid
76537.6,0.359,bid
76537.5,0.016,bid
76537.4,0.156,bid
76537.3,0.359,bid
76537.0,0.04,bid
76536.8,0.006,bid
76536.7,1.444,bid
76536.6,0.918,bid
76536.4,0.031,bid
76536.1,0.196,bid
76536.0,0.108,bid
76535.9,0.005,bid
76535.8,0.065,bid
76535.7,0.002,bid
76535.3,0.058,bid
76535.2,0.035,bid
76535.1,0.24,bid
76535.0,1.062,bid
76534.9,0.661,bid
76534.6,0.204,bid
76534.5,0.104,bid
76534.4,0.001,bid
76534.1,0.159,bid
76534.0,0.411,bid
76533.8,0.657,bid
76533.7,0.003,bid
76533.4,0.047,bid
76533.3,0.256,bid
76533.1,1.438,bid
76532.9,0.614,bid
76532.5,0.01,bid
76532.1,0.341,bid
76532.0,0.009,bid
76531.9,0.065,bid
76531.8,0.188,bid
76531.7,0.014,bid
76531.6,0.002,bid
76531.4,2.397,bid
76531.1,0.079,bid
76531.0,0.658,bid
76530.9,0.004,bid
76530.8,0.012,bid
76530.6,0.055,bid
76530.5,0.109,bid
76530.4,1.37,bid
76530.3,0.633,bid
76530.0,0.001,bid
76529.3,0.002,bid
76529.2,0.065,bid
76529.1,1.329,bid
76529.0,1.523,bid
76528.8,0.28,bid
76528.7,2.935,bid
76528.6,0.003,bid
76528.4,0.131,bid
76528.0,0.197,bid
76527.9,2.296,bid
76527.8,0.075,bid
76527.7,0.165,bid
76527.6,0.87,bid
76527.5,0.001,bid
76527.4,0.334,bid
76527.3,0.001,bid
76527.2,0.001,bid
76527.1,0.719,bid
76527.0,0.003,bid
76526.9,0.28,bid
76526.8,0.009,bid
76526.4,0.775,bid
76526.1,0.006,bid
76526.0,0.245,bid
76525.9,0.51,bid
76525.8,0.012,bid
76525.7,0.066,bid
76525.6,1.462,bid
76525.3,0.196,bid
76525.2,0.36,bid
76525.1,0.12,bid
76525.0,0.066,bid
76524.8,0.03,bid
76524.7,0.29,bid
76524.6,0.006,bid
76524.5,0.424,bid
76524.4,3.019,bid
76524.3,1.544,bid
76524.2,0.04,bid
76524.1,0.017,bid
76524.0,0.28,bid
76523.9,0.052,bid
76523.7,0.028,bid
76523.6,1.539,bid
76523.5,0.04,bid
76523.2,0.663,bid
76523.0,1.342,bid
76522.9,0.03,bid
76522.7,0.002,bid
76522.6,0.001,bid
76522.5,0.633,bid
76522.4,0.014,bid
76522.3,0.016,bid
76553.7,4.54,ask
76554.1,0.001,ask
76554.8,0.083,ask
76555.4,0.001,ask
76555.5,0.104,ask
76556.0,0.052,ask
76556.2,0.001,ask
76557.8,0.156,ask
76558.5,0.001,ask
76558.6,0.065,ask
76559.0,0.104,ask
76559.3,0.001,ask
76559.5,0.009,ask
76560.0,0.054,ask
76561.2,0.156,ask
76561.3,0.583,ask
76561.4,1.722,ask
76562.0,0.131,ask
76562.3,0.001,ask
76562.4,0.282,ask
76562.5,0.105,ask
76562.8,0.03,ask
76563.1,0.001,ask
76563.8,0.002,ask
76563.9,0.001,ask
76564.0,0.052,ask
76564.1,0.001,ask
76564.5,0.151,ask
76564.6,0.157,ask
76564.7,0.019,ask
76564.9,0.04,ask
76565.0,0.001,ask
76565.4,0.008,ask
76565.5,0.04,ask
76565.6,0.04,ask
76566.0,0.104,ask
76566.1,0.013,ask
76566.2,1.466,ask
76566.3,0.072,ask
76566.4,0.117,ask
76566.5,0.137,ask
76566.6,0.32,ask
76566.7,0.342,ask
76566.8,0.292,ask
76566.9,0.021,ask
76567.0,0.065,ask
76567.1,0.026,ask
76567.2,0.033,ask
76567.3,0.02,ask
76567.4,0.027,ask
76567.5,0.017,ask
76567.6,0.094,ask
76567.7,0.06,ask
76567.8,0.091,ask
76567.9,0.137,ask
76568.0,0.254,ask
76568.2,0.026,ask
76568.4,0.001,ask
76568.5,1.438,ask
76568.7,0.173,ask
76568.9,0.391,ask
76569.0,0.007,ask
76569.1,0.092,ask
76569.2,1.036,ask
76569.4,0.02,ask
76569.5,0.124,ask
76569.6,0.111,ask
76569.8,0.359,ask
76570.0,0.003,ask
76570.1,0.001,ask
76570.2,0.065,ask
76570.3,0.394,ask
76570.5,0.065,ask
76570.6,0.029,ask
76570.7,0.555,ask
76570.9,1.181,ask
76571.0,0.072,ask
76571.1,0.241,ask
76571.2,0.02,ask
76571.3,0.143,ask
76571.4,0.223,ask
76571.5,0.01,ask
76571.6,1.633,ask
76571.8,0.144,ask
76571.9,0.013,ask
76572.0,0.052,ask
76572.1,0.065,ask
76572.3,0.065,ask
76572.4,0.006,ask
76572.5,0.198,ask
76572.6,0.117,ask
76572.7,0.086,ask
76572.8,0.562,ask
76572.9,0.053,ask
76573.0,0.13,ask
76573.2,0.014,ask
76573.3,0.424,ask
76573.6,0.065,ask
76573.7,0.026,ask
76573.8,1.589,ask
76573.9,0.055,ask
76574.0,0.359,ask
76574.1,1.061,ask
76574.2,0.001,ask
76574.3,0.065,ask
76574.4,0.196,ask
76574.5,0.065,ask
76574.8,0.156,ask
76574.9,0.052,ask
76575.0,0.066,ask
76575.2,0.195,ask
76575.8,0.658,ask
76575.9,0.359,ask
76576.0,0.052,ask
76576.1,0.065,ask
76576.4,0.001,ask
76576.5,0.104,ask
76576.7,1.439,ask
76576.9,0.359,ask
76577.4,0.167,ask
76577.5,0.093,ask
76577.6,0.284,ask
76577.7,2.148,ask
76577.8,0.914,ask
76577.9,0.359,ask
76578.1,0.009,ask
76578.2,0.156,ask
76578.3,0.013,ask
76578.8,0.001,ask
76578.9,0.013,ask
76579.0,0.081,ask
76579.1,0.295,ask
76579.2,0.001,ask
76579.3,0.091,ask
76579.4,0.039,ask
76579.5,0.222,ask
76579.6,0.63,ask
76579.7,0.658,ask
76579.9,0.039,ask
76580.0,0.232,ask
76580.3,0.359,ask
76580.6,0.237,ask
76580.8,0.012,ask
76581.2,3.763,ask
76581.3,1.44,ask
76581.4,1.503,ask
76581.5,1.042,ask
76581.6,0.262,ask
76582.1,0.008,ask
76582.5,0.001,ask
76582.7,0.026,ask
76582.8,0.031,ask
76582.9,0.183,ask
76583.1,0.026,ask
76583.2,0.131,ask
76583.5,0.63,ask
76583.6,0.66,ask
76584.2,0.001,ask
76584.3,1.341,ask
76584.4,1.438,ask
76584.7,0.065,ask
76584.8,0.014,ask
76584.9,0.021,ask
76585.0,0.015,ask
76585.1,0.014,ask
76585.2,0.012,ask
76585.7,0.132,ask
76586.1,0.065,ask
76586.2,0.014,ask
76586.3,1.882,ask
76586.4,0.742,ask
76586.5,0.002,ask
76586.6,0.002,ask
76586.7,1.956,ask
76586.8,0.196,ask
76587.1,0.014,ask
76587.2,1.467,ask
76587.3,0.367,ask
76587.4,1.107,ask
76587.5,0.729,ask
76587.6,0.007,ask
76587.7,0.014,ask
76587.8,1.043,ask
76587.9,0.002,ask
76588.1,0.043,ask
76588.2,0.003,ask
76588.3,0.159,ask
76588.4,0.002,ask
76588.5,0.001,ask
76588.6,0.101,ask
76588.7,0.039,ask
76588.8,0.001,ask
76589.0,0.001,ask
76589.3,0.079,ask
76589.4,0.197,ask
76589.5,2.232,ask
76589.6,0.01,ask
76589.7,0.012,ask
76589.9,1.438,ask
76590.0,0.273,ask
price,volume,side
76594.5,8.555,bid
76593.6,0.009,bid
76593.1,0.001,bid
76593.0,0.001,bid
76592.5,0.792,bid
76592.4,1.051,bid
76592.3,0.462,bid
76592.0,0.359,bid
76591.8,0.104,bid
76591.7,0.013,bid
76591.5,0.001,bid
76591.1,0.026,bid
76591.0,0.001,bid
76590.8,0.001,bid
76590.5,0.104,bid
76590.0,0.043,bid
76589.2,0.002,bid
76589.0,0.001,bid
76588.5,0.658,bid
76588.4,0.104,bid
76588.1,0.04,bid
76587.7,0.001,bid
76587.5,0.001,bid
76587.0,0.104,bid
76586.9,0.001,bid
76586.8,0.015,bid
76586.2,0.327,bid
76586.1,0.04,bid
76585.9,0.06,bid
76585.8,0.04,bid
76585.7,0.326,bid
76585.6,0.16,bid
76585.5,0.06,bid
76585.4,0.258,bid
76585.3,0.04,bid
76585.2,1.439,bid
76585.1,1.465,bid
76585.0,0.105,bid
76584.8,0.02,bid
76584.6,0.027,bid
76584.5,0.098,bid
76584.4,0.238,bid
76584.3,0.352,bid
76584.1,1.136,bid
76584.0,0.35,bid
76583.9,0.238,bid
76583.8,0.039,bid
76583.6,0.052,bid
76583.5,0.104,bid
76583.4,0.065,bid
76583.3,0.027,bid
76583.2,0.211,bid
76583.1,0.014,bid
76583.0,0.027,bid
76582.9,0.104,bid
76582.8,0.013,bid
76582.7,0.039,bid
76582.6,0.039,bid
76582.5,0.113,bid
76582.4,0.05,bid
76582.3,0.589,bid
76582.1,0.132,bid
76582.0,0.02,bid
76581.9,0.014,bid
76581.6,0.106,bid
76581.4,1.404,bid
76581.2,0.039,bid
76581.0,0.359,bid
76580.8,0.014,bid
76580.5,0.065,bid
76580.4,0.02,bid
76580.3,0.026,bid
76580.1,0.065,bid
76580.0,0.226,bid
76579.8,0.011,bid
76579.7,0.065,bid
76579.6,1.465,bid
76579.4,0.065,bid
76579.3,0.027,bid
76579.2,0.065,bid
76579.1,0.003,bid
76578.9,1.394,bid
76578.7,0.588,bid
76578.6,0.067,bid
76578.5,0.004,bid
76578.4,0.042,bid
76578.2,0.169,bid
76577.8,0.066,bid
76577.7,0.092,bid
76577.6,1.954,bid
76577.5,0.001,bid
76577.3,0.065,bid
76577.2,0.131,bid
76577.1,0.26,bid
76576.9,0.13,bid
76576.8,0.914,bid
76576.5,1.61,bid
76576.3,0.207,bid
76576.2,0.001,bid
76576.0,0.06,bid
76575.8,0.424,bid
76575.7,0.055,bid
76575.6,0.077,bid
76575.4,0.359,bid
76575.3,0.129,bid
76575.2,0.078,bid
76575.1,0.012,bid
76575.0,1.422,bid
76574.9,0.359,bid
76574.8,0.104,bid
76574.7,0.001,bid
76574.6,0.014,bid
76574.5,0.028,bid
76574.2,0.014,bid
76574.1,0.014,bid
76574.0,0.359,bid
76573.9,0.001,bid
76573.8,0.065,bid
76573.5,1.96,bid
76573.4,1.579,bid
76573.3,0.002,bid
76573.2,0.159,bid
76573.1,0.002,bid
76573.0,0.104,bid
76572.9,0.03,bid
76572.8,0.007,bid
76572.7,0.36,bid
76572.5,0.001,bid
76572.4,0.002,bid
76572.3,0.016,bid
76572.2,0.001,bid
76571.7,0.025,bid
76571.6,0.001,bid
76571.4,0.168,bid
76571.1,1.075,bid
76571.0,0.313,bid
76570.6,0.006,bid
76570.5,0.019,bid
76570.4,0.092,bid
76570.3,0.196,bid
76570.2,0.001,bid
76570.1,1.441,bid
76570.0,1.773,bid
76569.9,0.002,bid
76569.7,0.001,bid
76569.5,0.104,bid
76569.4,0.003,bid
76569.1,1.225,bid
76569.0,0.099,bid
76568.8,0.002,bid
76568.6,0.015,bid
76568.5,0.001,bid
76568.3,0.132,bid
76568.2,0.001,bid
76568.0,0.171,bid
76567.9,0.131,bid
76567.8,0.159,bid
76567.7,0.001,bid
76567.6,0.012,bid
76567.5,0.15,bid
76567.4,0.131,bid
76567.2,1.035,bid
76567.0,2.373,bid
76566.8,0.001,bid
76566.7,0.001,bid
76566.6,0.012,bid
76566.5,0.13,bid
76566.3,0.001,bid
76566.2,1.439,bid
76566.1,1.68,bid
76566.0,0.104,bid
76565.9,0.126,bid
76565.6,0.079,bid
76565.5,0.001,bid
76565.3,0.009,bid
76565.2,0.001,bid
76565.1,0.11,bid
76565.0,0.066,bid
76564.8,0.002,bid
76564.7,0.358,bid
76564.5,0.182,bid
76564.2,0.045,bid
76564.1,0.065,bid
76564.0,0.995,bid
76563.9,0.067,bid
76563.6,0.288,bid
76563.4,0.053,bid
76563.3,0.214,bid
76563.2,0.065,bid
76563.0,0.03,bid
76562.9,0.03,bid
76562.8,0.065,bid
76562.7,1.531,bid
76562.6,0.002,bid
76562.5,0.41,bid
76562.4,2.763,bid
76562.3,3.28,bid
76562.2,0.183,bid
76561.7,0.001,bid
76561.6,0.237,bid
76594.6,22.62,ask
76594.7,0.004,ask
76595.2,0.156,ask
76596.0,0.053,ask
76597.5,0.105,ask
76598.1,0.001,ask
76598.3,0.065,ask
76598.4,0.004,ask
76598.6,0.156,ask
76598.8,0.009,ask
76599.0,1.039,ask
76599.1,0.09,ask
76599.8,1.439,ask
76600.0,20.326,ask
76600.1,0.005,ask
76600.2,2.217,ask
76600.4,0.23,ask
76600.6,0.003,ask
76600.9,0.052,ask
76601.0,0.124,ask
76601.4,0.001,ask
76601.5,0.004,ask
76601.8,0.002,ask
76602.0,0.202,ask
76602.1,0.001,ask
76602.2,0.039,ask
76602.3,0.001,ask
76602.4,1.035,ask
76602.5,0.001,ask
76602.9,0.001,ask
76603.0,0.014,ask
76603.1,0.001,ask
76603.3,0.617,ask
76603.4,0.008,ask
76603.6,0.013,ask
76603.7,0.118,ask
76603.8,0.036,ask
76603.9,0.007,ask
76604.0,0.052,ask
76604.2,0.36,ask
76604.4,0.001,ask
76604.5,0.112,ask
76604.7,0.142,ask
76604.8,0.019,ask
76604.9,0.065,ask
76605.0,0.36,ask
76605.1,0.04,ask
76605.2,0.052,ask
76605.3,0.04,ask
76605.4,0.196,ask
76605.5,0.155,ask
76605.6,0.025,ask
76605.7,0.02,ask
76605.8,0.081,ask
76605.9,2.584,ask
76606.0,0.42,ask
76606.1,0.622,ask
76606.2,0.415,ask
76606.3,0.209,ask
76606.4,0.49,ask
76606.5,0.001,ask
76606.6,0.15,ask
76606.7,0.197,ask
76606.8,1.811,ask
76606.9,0.069,ask
76607.0,0.118,ask
76607.1,0.651,ask
76607.2,0.445,ask
76607.3,0.552,ask
76607.4,0.636,ask
76607.5,0.401,ask
76607.6,0.142,ask
76607.7,0.124,ask
76607.8,0.026,ask
76607.9,0.148,ask
76608.0,1.5,ask
76608.1,1.054,ask
76608.2,0.424,ask
76608.3,0.08,ask
76608.4,0.034,ask
76608.5,0.091,ask
76608.6,0.014,ask
76608.7,0.165,ask
76608.8,0.156,ask
76609.2,0.02,ask
76609.3,0.026,ask
76609.4,0.002,ask
76609.5,0.02,ask
76609.7,0.065,ask
76609.8,0.391,ask
76609.9,1.44,ask
76610.0,0.126,ask
76610.1,0.079,ask
76610.2,0.12,ask
76610.3,0.06,ask
76610.4,0.69,ask
76610.5,0.105,ask
76610.6,0.046,ask
76610.8,0.066,ask
76610.9,0.021,ask
76611.1,0.001,ask
76611.2,0.026,ask
76611.3,0.041,ask
76611.5,0.107,ask
76611.7,0.001,ask
76611.8,0.01,ask
76611.9,1.083,ask
76612.0,0.04,ask
76612.1,0.002,ask
76612.2,0.156,ask
76612.4,0.01,ask
76612.5,0.501,ask
76612.6,0.015,ask
76612.7,0.052,ask
76612.9,0.021,ask
76613.1,1.439,ask
76613.2,0.014,ask
76613.6,0.002,ask
76613.8,0.158,ask
76614.1,0.002,ask
76614.3,0.093,ask
76614.6,0.001,ask
76614.7,1.035,ask
76615.0,0.107,ask
76615.2,0.001,ask
76615.3,0.061,ask
76615.5,0.026,ask
76615.6,2.283,ask
76615.7,0.012,ask
76615.8,0.012,ask
76615.9,0.274,ask
76616.0,0.013,ask
76616.2,0.331,ask
76616.4,0.078,ask
76616.6,1.439,ask
76617.0,0.28,ask
76617.2,0.078,ask
76617.4,0.001,ask
76617.5,0.001,ask
76617.6,0.003,ask
76617.9,0.003,ask
76618.1,0.131,ask
76618.2,0.047,ask
76618.3,0.006,ask
76618.5,1.018,ask
76618.7,0.755,ask
76618.8,0.001,ask
76619.0,1.244,ask
76619.2,0.002,ask
76619.4,0.005,ask
76619.5,0.08,ask
76619.6,0.016,ask
76619.7,0.03,ask
76619.8,0.001,ask
76619.9,0.008,ask
76620.0,0.419,ask
76620.1,0.001,ask
76620.2,2.393,ask
76620.3,0.001,ask
76620.5,0.001,ask
76620.6,0.098,ask
76620.7,0.006,ask
76620.8,0.004,ask
76621.0,0.001,ask
76621.2,0.112,ask
76621.5,0.079,ask
76621.9,0.074,ask
76622.0,0.333,ask
76622.1,0.001,ask
76622.2,1.479,ask
76622.3,2.015,ask
76622.4,0.195,ask
76622.5,0.757,ask
76622.6,0.735,ask
76622.7,0.361,ask
76622.8,0.713,ask
76622.9,1.053,ask
76623.0,0.04,ask
76623.1,0.005,ask
76623.2,0.002,ask
76623.3,0.444,ask
76623.4,0.008,ask
76623.5,0.013,ask
76623.6,0.198,ask
76623.7,0.012,ask
76623.8,3.73,ask
76623.9,0.065,ask
76624.0,0.002,ask
76624.1,0.576,ask
76624.2,0.014,ask
76624.3,0.127,ask
76624.4,0.067,ask
76624.6,0.011,ask
76624.7,0.13,ask
76624.9,0.003,ask
76625.0,0.217,ask
76625.1,0.06,ask
76625.2,0.007,ask
76625.3,0.392,ask
76625.4,0.031,ask
price,volume,side
76632.8,0.001,bid
76632.5,0.001,bid
76631.6,0.032,bid
76631.4,0.001,bid
76631.3,0.064,bid
76630.9,0.033,bid
76630.8,0.428,bid
76630.6,0.145,bid
76630.5,0.001,bid
76630.2,0.001,bid
76630.0,0.02,bid
76629.9,0.358,bid
76629.7,0.001,bid
76629.6,0.045,bid
76629.5,0.04,bid
76629.4,0.001,bid
76629.2,0.052,bid
76629.1,0.927,bid
76628.6,0.001,bid
76628.5,0.001,bid
76628.0,0.001,bid
76627.9,0.001,bid
76627.6,0.004,bid
76627.5,0.013,bid
76627.1,0.001,bid
76627.0,0.073,bid
76626.9,0.02,bid
76626.8,0.041,bid
76626.7,0.904,bid
76626.6,0.02,bid
76626.5,0.02,bid
76626.4,0.04,bid
76626.3,0.021,bid
76625.9,0.02,bid
76625.8,0.156,bid
76625.7,0.001,bid
76625.6,0.529,bid
76625.5,1.16,bid
76625.4,0.02,bid
76625.1,0.001,bid
76625.0,0.041,bid
76624.9,0.007,bid
76624.8,0.015,bid
76624.7,0.012,bid
76624.6,0.047,bid
76624.5,0.014,bid
76624.3,0.034,bid
76624.1,0.033,bid
76624.0,0.096,bid
76623.9,0.425,bid
76623.7,0.001,bid
76623.6,0.021,bid
76623.5,0.04,bid
76623.4,0.419,bid
76623.3,0.061,bid
76623.1,0.16,bid
76623.0,0.003,bid
76622.8,0.061,bid
76622.7,1.264,bid
76622.6,0.02,bid
76622.5,0.002,bid
76622.4,0.195,bid
76622.3,0.007,bid
76622.2,0.25,bid
76622.1,0.093,bid
76622.0,0.273,bid
76621.9,0.156,bid
76621.8,0.05,bid
76621.6,0.463,bid
76621.5,0.431,bid
76621.4,0.315,bid
76621.3,0.393,bid
76621.1,0.785,bid
76621.0,0.329,bid
76620.9,0.092,bid
76620.8,0.358,bid
76620.6,0.436,bid
76620.5,0.014,bid
76620.2,0.001,bid
76620.1,0.065,bid
76620.0,0.202,bid
76619.9,0.066,bid
76619.5,0.001,bid
76619.4,1.401,bid
76619.3,0.065,bid
76619.2,0.196,bid
76619.1,0.091,bid
76619.0,0.225,bid
76618.9,1.441,bid
76618.7,0.001,bid
76618.6,0.026,bid
76618.5,0.17,bid
76618.4,0.014,bid
76618.3,0.01,bid
76618.1,0.014,bid
76618.0,0.02,bid
76617.9,0.131,bid
76617.6,0.391,bid
76617.5,0.001,bid
76617.4,0.014,bid
76617.2,0.065,bid
76616.5,0.081,bid
76616.4,0.001,bid
76616.1,0.001,bid
76616.0,0.073,bid
76615.9,0.03,bid
76615.8,1.474,bid
76615.7,0.065,bid
76615.6,0.157,bid
76615.5,0.097,bid
76615.4,0.065,bid
76615.3,0.04,bid
76615.2,0.065,bid
76615.1,0.146,bid
76615.0,1.163,bid
76614.9,0.001,bid
76614.8,0.065,bid
76614.7,0.065,bid
76614.6,0.079,bid
76614.5,0.065,bid
76614.4,1.035,bid
76614.3,0.016,bid
76614.1,0.007,bid
76614.0,0.052,bid
76613.7,0.066,bid
76613.6,0.122,bid
76613.5,0.052,bid
76613.4,0.066,bid
76613.0,0.03,bid
76612.9,0.007,bid
76612.8,0.01,bid
76612.7,0.01,bid
76612.6,0.029,bid
76612.5,1.452,bid
76612.4,0.08,bid
76612.3,0.045,bid
76612.2,0.196,bid
76612.1,0.042,bid
76612.0,0.069,bid
76611.9,0.001,bid
76611.8,0.017,bid
76611.7,0.092,bid
76611.6,0.004,bid
76611.5,0.166,bid
76611.4,0.01,bid
76611.3,0.026,bid
76611.2,0.01,bid
76611.1,0.899,bid
76611.0,0.007,bid
76610.9,0.055,bid
76610.3,0.001,bid
76610.2,0.001,bid
76610.1,0.014,bid
76610.0,0.001,bid
76609.9,0.065,bid
76609.8,0.009,bid
76609.7,0.013,bid
76609.3,0.065,bid
76609.2,1.552,bid
76609.1,0.156,bid
76608.9,0.197,bid
76608.8,0.001,bid
76608.6,0.366,bid
76608.5,0.001,bid
76608.4,0.01,bid
76608.3,0.001,bid
76608.2,0.39,bid
76608.0,0.069,bid
76607.9,1.598,bid
76607.6,0.04,bid
76607.5,0.001,bid
76607.2,0.01,bid
76607.1,0.562,bid
76606.9,0.957,bid
76606.5,0.052,bid
76606.4,0.299,bid
76606.1,1.703,bid
76605.9,0.028,bid
76605.8,0.015,bid
76605.7,0.001,bid
76605.5,0.294,bid
76605.3,0.012,bid
76605.1,0.06,bid
76605.0,0.001,bid
76604.8,0.012,bid
76604.6,0.001,bid
76604.2,0.001,bid
76604.1,2.356,bid
76603.9,0.599,bid
76603.8,0.01,bid
76603.7,0.01,bid
76603.6,0.45,bid
76603.4,0.01,bid
76603.2,0.092,bid
76603.0,1.597,bid
76602.9,0.003,bid
76602.8,0.371,bid
76602.7,0.001,bid
76602.5,0.001,bid
76602.2,0.001,bid
76632.9,13.875,ask
76633.3,1.557,ask
76634.5,0.012,ask
76634.9,0.945,ask
76635.0,0.001,ask
76635.3,0.05,ask
76636.0,0.381,ask
76636.2,0.001,ask
76636.6,0.328,ask
76636.7,0.011,ask
76636.8,0.945,ask
76636.9,0.05,ask
76637.5,0.001,ask
76638.2,0.04,ask
76638.3,1.441,ask
76638.6,0.05,ask
76638.8,0.001,ask
76638.9,0.015,ask
76639.2,0.001,ask
76639.3,0.001,ask
76639.4,0.156,ask
76639.5,0.156,ask
76639.8,0.05,ask
76640.0,0.141,ask
76640.6,0.001,ask
76641.3,0.065,ask
76641.5,0.092,ask
76641.6,0.497,ask
76641.8,0.996,ask
76642.1,0.065,ask
76642.2,0.058,ask
76642.3,4.563,ask
76642.4,0.075,ask
76642.5,0.007,ask
76642.6,1.719,ask
76642.7,0.052,ask
76642.8,0.156,ask
76642.9,0.079,ask
76643.0,0.169,ask
76643.1,0.024,ask
76643.2,0.085,ask
76643.3,0.04,ask
76643.4,0.105,ask
76643.5,0.06,ask
76643.6,0.065,ask
76643.7,0.139,ask
76643.8,0.015,ask
76644.0,0.082,ask
76644.1,0.138,ask
76644.2,0.543,ask
76644.3,0.629,ask
76644.4,0.411,ask
76644.5,0.437,ask
76644.6,0.535,ask
76644.7,0.075,ask
76644.8,0.13,ask
76644.9,0.574,ask
76645.0,0.118,ask
76645.1,0.169,ask
76645.2,0.246,ask
76645.3,0.046,ask
76645.4,0.257,ask
76645.5,0.007,ask
76645.6,0.143,ask
76645.8,0.077,ask
76645.9,0.105,ask
76646.0,1.127,ask
76646.1,0.001,ask
76646.2,0.156,ask
76646.3,0.091,ask
76646.5,0.234,ask
76646.6,0.068,ask
76646.7,1.855,ask
76646.8,0.736,ask
76647.1,0.02,ask
76647.4,0.02,ask
76647.5,0.06,ask
76647.6,0.156,ask
76647.7,0.391,ask
76647.8,1.441,ask
76647.9,0.412,ask
76648.0,0.123,ask
76648.1,0.438,ask
76648.2,0.073,ask
76648.5,0.085,ask
76648.6,0.033,ask
76648.7,0.098,ask
76648.8,0.006,ask
76648.9,0.02,ask
76649.0,0.001,ask
76649.1,0.006,ask
76649.3,0.358,ask
76649.4,0.032,ask
76649.6,0.156,ask
76649.7,0.001,ask
76649.8,4.624,ask
76649.9,0.945,ask
76650.0,0.21,ask
76650.1,0.065,ask
76650.2,0.397,ask
76650.5,0.118,ask
76650.6,2.173,ask
76650.7,0.059,ask
76650.8,0.439,ask
76650.9,0.001,ask
76651.0,0.143,ask
76651.2,0.456,ask
76651.4,0.065,ask
76652.0,0.042,ask
76652.1,0.156,ask
76652.3,0.379,ask
76652.5,0.001,ask
76652.9,0.001,ask
76653.0,0.208,ask
76653.4,0.092,ask
76653.5,1.851,ask
76653.6,2.423,ask
76653.7,2.354,ask
76654.1,0.001,ask
76654.3,0.004,ask
76654.7,0.196,ask
76655.0,0.001,ask
76655.2,0.098,ask
76655.3,0.109,ask
76655.4,0.001,ask
76655.9,0.234,ask
76656.0,1.064,ask
76656.2,0.011,ask
76656.3,0.109,ask
76656.4,0.163,ask
76656.8,0.016,ask
76657.0,0.156,ask
76657.1,0.019,ask
76657.2,0.011,ask
76657.4,0.007,ask
76657.5,0.392,ask
76657.7,0.005,ask
76657.9,0.049,ask
76658.0,0.047,ask
76658.1,0.011,ask
76658.2,2.164,ask
76658.3,1.462,ask
76658.6,0.281,ask
76658.7,0.091,ask
76658.8,0.023,ask
76659.0,0.005,ask
76659.1,0.394,ask
76659.2,0.116,ask
76659.3,0.001,ask
76659.4,0.029,ask
76659.6,0.045,ask
76659.7,0.004,ask
76659.8,0.156,ask
76659.9,0.01,ask
76660.0,0.084,ask
76660.1,0.946,ask
76660.5,0.353,ask
76660.9,0.078,ask
76661.0,0.104,ask
76661.1,0.348,ask
76661.2,0.04,ask
76661.3,1.492,ask
76661.4,0.135,ask
76661.5,0.001,ask
76661.6,0.001,ask
76661.8,0.001,ask
76661.9,0.001,ask
76662.0,3.954,ask
76662.1,2.892,ask
76662.2,0.092,ask
76662.4,1.82,ask
76662.5,0.147,ask
76662.7,0.008,ask
76662.8,0.026,ask
76662.9,0.013,ask
76663.0,0.026,ask
76663.2,0.003,ask
76663.3,0.065,ask
76663.4,0.3,ask
76663.5,0.101,ask
76663.6,0.003,ask
76663.9,0.006,ask
76664.0,0.945,ask
76664.1,0.026,ask
76664.2,0.001,ask
76664.3,0.111,ask
76664.7,0.13,ask
76665.0,0.001,ask
76665.2,1.3,ask
76665.5,2.646,ask
76665.6,0.008,ask
76665.7,0.026,ask
76665.8,0.019,ask
76666.0,0.101,ask
76666.2,0.11,ask
76666.3,0.001,ask
76666.5,0.193,ask
76666.6,0.159,ask
76666.8,0.13,ask
76667.0,0.639,ask
price,volume,side
76625.5,1.139,bid
76625.3,0.261,bid
76625.2,0.032,bid
76624.8,0.001,bid
76623.8,0.001,bid
76623.7,0.016,bid
76623.3,0.001,bid
76622.1,0.219,bid
76622.0,0.156,bid
76621.8,0.002,bid
76621.4,0.015,bid
76621.2,0.013,bid
76621.0,0.001,bid
76620.9,0.05,bid
76620.4,0.025,bid
76620.2,0.359,bid
76620.1,0.009,bid
76620.0,0.07,bid
76619.9,0.027,bid
76619.8,0.001,bid
76619.7,0.001,bid
76619.5,0.002,bid
76619.2,0.001,bid
76619.1,0.053,bid
76619.0,0.156,bid
76618.8,0.039,bid
76618.7,1.958,bid
76618.5,0.156,bid
76618.4,0.012,bid
76617.9,0.021,bid
76617.8,0.001,bid
76617.6,0.55,bid
76617.5,0.001,bid
76617.4,0.012,bid
76617.2,0.002,bid
76617.0,0.012,bid
76616.9,0.065,bid
76616.8,0.13,bid
76616.7,0.065,bid
76616.6,0.065,bid
76616.4,1.572,bid
76616.3,0.913,bid
76616.2,0.091,bid
76616.1,0.252,bid
76616.0,0.294,bid
76615.9,0.524,bid
76615.8,0.628,bid
76615.7,0.325,bid
76615.6,2.441,bid
76615.5,0.449,bid
76615.4,0.333,bid
76615.3,0.026,bid
76615.1,0.052,bid
76615.0,0.274,bid
76614.9,0.074,bid
76614.8,0.091,bid
76614.7,0.052,bid
76614.6,0.029,bid
76614.5,0.016,bid
76614.2,0.026,bid
76614.1,0.001,bid
76614.0,0.039,bid
76613.9,0.078,bid
76613.8,0.985,bid
76613.6,0.039,bid
76613.4,0.031,bid
76613.3,0.03,bid
76613.2,0.001,bid
76613.0,0.011,bid
76612.9,0.065,bid
76612.8,0.012,bid
76612.7,0.001,bid
76612.6,0.001,bid
76612.5,0.001,bid
76612.3,0.013,bid
76612.2,0.157,bid
76611.8,2.457,bid
76611.7,1.455,bid
76611.6,0.035,bid
76611.5,0.169,bid
76611.4,0.18,bid
76611.1,0.017,bid
76610.9,0.042,bid
76610.7,0.003,bid
76610.6,0.012,bid
76610.5,0.012,bid
76610.4,0.372,bid
76610.3,0.404,bid
76610.2,0.001,bid
76610.1,0.014,bid
76610.0,0.145,bid
76609.9,0.959,bid
76609.7,0.066,bid
76609.6,0.025,bid
76609.5,0.065,bid
76609.2,0.098,bid
76609.1,0.065,bid
76608.9,0.013,bid
76608.8,0.222,bid
76608.7,0.067,bid
76608.6,1.443,bid
76608.5,0.066,bid
76608.4,0.359,bid
76608.2,0.094,bid
76608.1,0.015,bid
76608.0,0.514,bid
76607.9,0.484,bid
76607.8,0.016,bid
76607.7,1.252,bid
76607.6,0.384,bid
76607.5,0.001,bid
76607.4,0.006,bid
76607.3,0.781,bid
76607.2,0.001,bid
76607.1,0.053,bid
76607.0,0.065,bid
76606.9,0.065,bid
76606.6,0.358,bid
76606.4,0.358,bid
76606.3,0.235,bid
76606.2,0.358,bid
76605.7,0.001,bid
76605.4,0.156,bid
76605.2,0.006,bid
76605.1,0.041,bid
76605.0,0.001,bid
76604.8,0.054,bid
76604.7,0.013,bid
76604.6,0.015,bid
76604.5,0.156,bid
76604.4,0.21,bid
76604.2,2.46,bid
76604.1,0.945,bid
76603.9,0.004,bid
76603.8,0.001,bid
76603.6,0.004,bid
76603.5,0.002,bid
76603.4,0.008,bid
76603.0,0.016,bid
76602.9,0.012,bid
76602.8,0.012,bid
76602.7,0.001,bid
76602.6,0.287,bid
76602.5,0.029,bid
76602.3,0.092,bid
76602.1,0.227,bid
76602.0,0.156,bid
76601.9,0.183,bid
76601.8,0.122,bid
76601.6,0.234,bid
76601.4,0.009,bid
76601.1,0.001,bid
76601.0,0.156,bid
76600.7,0.067,bid
76600.4,1.441,bid
76600.3,0.607,bid
76600.2,0.946,bid
76600.1,0.045,bid
76600.0,0.002,bid
76599.6,0.001,bid
76599.4,0.001,bid
76599.1,0.113,bid
76598.4,1.468,bid
76598.3,0.054,bid
76598.2,0.577,bid
76598.1,0.002,bid
76597.8,0.392,bid
76597.7,0.065,bid
76597.5,0.001,bid
76597.1,0.016,bid
76597.0,0.012,bid
76596.9,0.001,bid
76596.8,0.006,bid
76596.7,0.309,bid
76596.6,0.894,bid
76596.5,2.454,bid
76596.4,1.441,bid
76596.2,0.945,bid
76596.1,0.008,bid
76596.0,0.001,bid
76595.9,0.002,bid
76595.3,1.59,bid
76595.2,0.401,bid
76595.0,0.062,bid
76594.5,0.065,bid
76594.4,0.625,bid
76594.3,0.359,bid
76594.0,0.002,bid
76593.7,0.014,bid
76593.5,0.001,bid
76593.2,0.006,bid
76593.1,0.131,bid
76593.0,1.467,bid
76592.9,1.467,bid
76592.8,1.441,bid
76592.7,2.547,bid
76592.6,0.226,bid
76592.5,0.001,bid
76592.3,1.572,bid
76592.2,0.05,bid
76625.6,7.395,ask
76625.7,0.921,ask
76625.9,0.009,ask
76626.2,0.001,ask
76626.7,0.708,ask
76627.0,0.001,ask
76627.3,0.73,ask
76627.5,0.001,ask
76627.9,0.09,ask
76628.8,0.42,ask
76629.0,0.156,ask
76629.2,0.156,ask
76629.3,0.066,ask
76629.4,0.065,ask
76629.8,0.065,ask
76630.0,0.199,ask
76630.1,0.231,ask
76630.4,0.001,ask
76630.6,0.065,ask
76630.7,0.065,ask
76631.3,0.001,ask
76631.4,0.065,ask
76631.6,0.001,ask
76631.7,0.757,ask
76631.8,1.618,ask
76632.0,0.23,ask
76632.4,0.052,ask
76632.5,0.163,ask
76632.6,0.156,ask
76633.3,0.004,ask
76633.9,0.052,ask
76634.0,0.003,ask
76634.1,0.108,ask
76634.5,0.123,ask
76634.6,0.005,ask
76634.7,0.201,ask
76635.0,0.001,ask
76635.1,0.001,ask
76635.2,0.37,ask
76635.4,0.014,ask
76635.7,0.092,ask
76635.8,2.465,ask
76635.9,0.945,ask
76636.0,0.313,ask
76636.2,0.009,ask
76636.3,0.358,ask
76636.4,0.052,ask
76636.5,0.359,ask
76636.6,0.215,ask
76636.8,0.358,ask
76636.9,0.001,ask
76637.0,0.424,ask
76637.1,0.144,ask
76637.2,0.048,ask
76637.3,0.081,ask
76637.5,0.001,ask
76637.7,0.016,ask
76637.8,0.09,ask
76637.9,0.423,ask
76638.0,0.169,ask
76638.1,1.571,ask
76638.2,0.196,ask
76638.3,0.423,ask
76638.4,1.323,ask
76638.5,0.001,ask
76638.6,0.046,ask
76638.7,0.132,ask
76638.8,0.065,ask
76638.9,0.231,ask
76639.0,0.182,ask
76639.1,0.246,ask
76639.2,0.086,ask
76639.3,0.104,ask
76639.4,0.156,ask
76639.5,0.156,ask
76639.6,0.359,ask
76639.7,0.003,ask
76639.8,0.945,ask
76639.9,0.079,ask
76640.0,0.016,ask
76640.1,0.051,ask
76640.3,0.075,ask
76640.4,0.359,ask
76640.5,0.016,ask
76640.7,0.012,ask
76640.8,0.395,ask
76640.9,0.08,ask
76641.1,0.013,ask
76641.2,0.012,ask
76641.4,0.006,ask
76641.5,0.026,ask
76641.6,0.017,ask
76641.9,1.45,ask
76642.2,2.225,ask
76642.3,0.026,ask
76642.5,0.001,ask
76642.8,0.157,ask
76643.0,0.182,ask
76643.3,0.004,ask
76643.4,0.012,ask
76643.6,0.312,ask
76643.7,0.945,ask
76643.8,0.091,ask
76643.9,0.118,ask
76644.0,0.284,ask
76644.1,0.026,ask
76644.3,0.015,ask
76644.7,0.219,ask
76644.8,0.158,ask
76644.9,0.131,ask
76645.0,0.078,ask
76645.1,0.157,ask
76645.4,3.819,ask
76645.5,0.234,ask
76645.6,0.25,ask
76645.7,0.104,ask
76645.8,0.106,ask
76645.9,0.065,ask
76646.0,0.541,ask
76646.1,1.661,ask
76646.2,0.156,ask
76646.3,0.091,ask
76646.4,1.545,ask
76646.5,0.195,ask
76646.6,1.146,ask
76646.7,0.041,ask
76646.8,0.039,ask
76646.9,0.065,ask
76647.0,0.13,ask
76647.4,0.127,ask
76647.5,0.001,ask
76647.7,0.913,ask
76647.8,0.005,ask
76648.1,0.001,ask
76648.2,0.002,ask
76648.3,0.012,ask
76648.6,0.008,ask
76648.8,0.013,ask
76648.9,0.014,ask
76649.1,0.024,ask
76649.2,0.003,ask
76649.6,0.258,ask
76649.7,1.441,ask
76649.8,1.931,ask
76649.9,0.001,ask
76650.0,0.559,ask
76650.1,0.001,ask
76650.4,0.001,ask
76650.5,0.028,ask
76650.7,0.638,ask
76650.8,0.948,ask
76650.9,0.014,ask
76651.0,0.572,ask
76651.2,0.266,ask
76651.3,0.001,ask
76651.4,0.025,ask
76651.5,0.014,ask
76651.6,0.001,ask
76652.0,0.094,ask
76652.2,0.014,ask
76652.3,0.001,ask
76652.4,0.014,ask
76652.5,0.001,ask
76652.6,0.015,ask
76652.7,0.026,ask
76652.9,1.701,ask
76653.0,0.156,ask
76653.1,0.533,ask
76653.2,0.001,ask
76653.3,0.014,ask
76653.4,0.002,ask
76653.5,0.159,ask
76653.6,0.044,ask
76653.8,0.015,ask
76653.9,0.065,ask
76654.0,4.779,ask
76654.1,2.579,ask
76654.3,0.001,ask
76654.4,0.014,ask
76654.5,0.112,ask
76654.7,0.196,ask
76654.8,0.047,ask
76655.0,0.071,ask
76655.1,0.234,ask
76655.3,0.002,ask
76655.4,0.001,ask
76655.6,0.233,ask
76655.7,0.5,ask
76655.9,0.164,ask
76656.0,0.014,ask
76656.1,0.014,ask
76656.2,0.011,ask
76656.3,1.452,ask
76656.4,0.001,ask
76656.6,0.012,ask
76657.0,2.38,ask
76657.1,0.869,ask
76657.2,0.04,ask
76657.3,0.147,ask
76657.5,0.001,ask
price,volume,side
76347.2,0.269,bid
76347.0,0.039,bid
76346.8,0.001,bid
76346.6,0.319,bid
76345.3,0.001,bid
76345.2,0.001,bid
76344.8,0.001,bid
76344.4,0.001,bid
76344.0,1.252,bid
76343.6,0.005,bid
76342.9,0.019,bid
76342.8,0.014,bid
76342.7,0.014,bid
76342.4,0.014,bid
76342.2,0.014,bid
76342.1,0.001,bid
76342.0,0.014,bid
76341.5,0.015,bid
76341.3,0.136,bid
76341.2,0.079,bid
76340.2,0.156,bid
76340.0,0.052,bid
76339.9,0.001,bid
76339.8,0.04,bid
76339.5,0.002,bid
76339.1,0.02,bid
76338.8,0.001,bid
76338.6,0.001,bid
76338.3,0.001,bid
76338.2,1.131,bid
76337.9,0.001,bid
76337.6,0.001,bid
76337.5,0.011,bid
76337.4,0.059,bid
76337.3,0.008,bid
76337.2,0.001,bid
76337.1,0.058,bid
76337.0,1.598,bid
76336.9,1.579,bid
76336.8,0.156,bid
76336.6,0.001,bid
76336.5,0.022,bid
76336.2,0.001,bid
76336.0,0.052,bid
76335.9,0.039,bid
76335.8,0.063,bid
76335.7,0.052,bid
76335.6,0.118,bid
76335.5,0.06,bid
76335.4,0.06,bid
76335.3,0.078,bid
76335.2,0.002,bid
76335.1,0.04,bid
76335.0,1.134,bid
76334.9,0.001,bid
76334.8,0.026,bid
76334.7,0.002,bid
76334.6,0.014,bid
76334.5,0.014,bid
76334.4,0.015,bid
76334.3,0.087,bid
76334.1,2.266,bid
76334.0,0.281,bid
76333.9,0.327,bid
76333.8,0.338,bid
76333.7,0.005,bid
76333.6,0.595,bid
76333.5,0.357,bid
76333.4,0.411,bid
76333.3,0.31,bid
76333.1,0.315,bid
76333.0,0.125,bid
76332.9,0.105,bid
76332.8,0.021,bid
76332.6,0.009,bid
76332.5,0.001,bid
76332.4,1.451,bid
76332.3,0.54,bid
76332.1,0.001,bid
76332.0,0.453,bid
76331.9,0.066,bid
76331.6,0.052,bid
76331.5,0.065,bid
76331.4,0.02,bid
76331.1,0.929,bid
76331.0,0.024,bid
76330.9,0.085,bid
76330.8,0.125,bid
76330.7,0.008,bid
76330.6,0.226,bid
76330.5,0.08,bid
76330.4,0.283,bid
76330.3,0.066,bid
76330.2,0.002,bid
76330.1,0.093,bid
76330.0,0.279,bid
76329.9,0.003,bid
76329.8,0.02,bid
76329.4,2.394,bid
76329.3,1.472,bid
76329.2,0.033,bid
76329.1,2.755,bid
76329.0,0.014,bid
76328.9,0.007,bid
76328.8,0.1,bid
76328.2,0.004,bid
76328.1,0.026,bid
76328.0,2.019,bid
76327.9,0.216,bid
76327.8,0.001,bid
76327.5,0.005,bid
76327.3,0.091,bid
76327.2,0.113,bid
76327.1,0.026,bid
76327.0,0.011,bid
76326.9,0.062,bid
76326.8,0.028,bid
76326.7,0.001,bid
76326.6,0.252,bid
76326.5,0.043,bid
76326.4,0.066,bid
76326.3,0.065,bid
76326.2,0.002,bid
76326.1,0.011,bid
76326.0,1.38,bid
76325.9,0.002,bid
76325.8,0.437,bid
76325.6,0.006,bid
76325.5,0.016,bid
76325.4,0.014,bid
76325.2,0.015,bid
76325.1,0.001,bid
76325.0,0.144,bid
76324.9,0.019,bid
76324.8,0.001,bid
76324.5,0.051,bid
76324.4,0.006,bid
76324.3,0.002,bid
76324.2,0.003,bid
76324.1,1.441,bid
76324.0,0.949,bid
76323.9,0.002,bid
76323.7,0.262,bid
76323.6,0.121,bid
76323.5,0.197,bid
76323.2,0.157,bid
76323.1,0.055,bid
76323.0,0.066,bid
76322.9,0.001,bid
76322.8,0.001,bid
76322.7,0.065,bid
76322.6,0.493,bid
76322.5,0.024,bid
76322.4,0.092,bid
76322.3,0.002,bid
76322.1,0.016,bid
76322.0,0.066,bid
76321.9,0.001,bid
76321.7,0.362,bid
76321.6,1.845,bid
76321.5,0.36,bid
76321.4,0.08,bid
76321.3,0.065,bid
76321.1,0.452,bid
76321.0,0.398,bid
76320.7,0.36,bid
76320.6,0.014,bid
76320.5,0.079,bid
76320.4,0.289,bid
76320.3,1.639,bid
76320.2,1.506,bid
76320.1,0.961,bid
76320.0,0.915,bid
76319.9,0.048,bid
76319.8,0.104,bid
76319.6,0.021,bid
76319.4,0.249,bid
76319.3,0.536,bid
76319.2,3.44,bid
76319.1,0.003,bid
76319.0,0.025,bid
76318.9,0.02,bid
76318.8,0.001,bid
76318.7,2.114,bid
76318.6,0.306,bid
76318.4,0.832,bid
76318.3,0.495,bid
76318.1,0.066,bid
76318.0,0.295,bid
76317.8,0.019,bid
76317.7,0.001,bid
76317.5,0.011,bid
76317.4,1.276,bid
76317.2,0.265,bid
76317.0,1.443,bid
76316.8,0.621,bid
76316.7,0.234,bid
76316.6,0.001,bid
76316.5,0.004,bid
76316.4,0.053,bid
76347.3,8.581,ask
76347.5,0.001,ask
76348.0,0.081,ask
76348.1,0.001,ask
76348.3,0.001,ask
76348.9,0.001,ask
76349.0,0.156,ask
76349.6,0.001,ask
76350.0,0.001,ask
76350.4,0.517,ask
76350.6,0.945,ask
76350.8,0.373,ask
76351.0,0.18,ask
76351.2,0.001,ask
76352.0,1.608,ask
76352.2,0.13,ask
76352.5,0.236,ask
76352.6,0.018,ask
76352.7,0.001,ask
76352.8,0.065,ask
76353.1,0.051,ask
76353.2,0.051,ask
76353.4,0.065,ask
76353.5,0.002,ask
76353.7,0.065,ask
76353.8,0.156,ask
76354.1,0.001,ask
76354.2,0.125,ask
76354.3,0.36,ask
76354.4,0.001,ask
76354.6,0.026,ask
76354.8,0.539,ask
76354.9,0.158,ask
76355.0,0.006,ask
76355.3,0.017,ask
76355.4,0.012,ask
76355.5,0.032,ask
76355.6,0.079,ask
76355.7,1.617,ask
76355.8,0.18,ask
76355.9,0.22,ask
76356.0,0.392,ask
76356.1,0.972,ask
76356.2,0.06,ask
76356.3,0.061,ask
76356.4,0.984,ask
76356.5,0.112,ask
76356.6,0.17,ask
76356.7,0.235,ask
76356.8,0.189,ask
76356.9,0.282,ask
76357.0,0.249,ask
76357.1,0.326,ask
76357.2,0.546,ask
76357.3,0.404,ask
76357.4,0.191,ask
76357.5,0.205,ask
76357.6,0.072,ask
76357.7,0.039,ask
76357.9,0.026,ask
76358.0,0.066,ask
76358.1,0.119,ask
76358.2,0.001,ask
76358.3,0.079,ask
76358.4,0.092,ask
76358.7,0.196,ask
76358.8,0.001,ask
76358.9,5.333,ask
76359.2,0.092,ask
76359.3,0.682,ask
76359.4,0.002,ask
76359.5,0.156,ask
76359.6,0.138,ask
76359.7,0.001,ask
76359.8,0.36,ask
76359.9,0.065,ask
76360.0,10.362,ask
76360.1,0.016,ask
76360.3,0.076,ask
76360.4,0.012,ask
76360.5,0.012,ask
76360.6,0.168,ask
76360.7,0.012,ask
76360.8,0.007,ask
76361.0,0.073,ask
76361.1,0.261,ask
76361.3,0.13,ask
76361.4,0.001,ask
76361.5,0.36,ask
76361.6,0.151,ask
76361.8,1.167,ask
76361.9,0.066,ask
76362.3,0.077,ask
76362.4,0.028,ask
76362.5,0.393,ask
76362.6,0.112,ask
76362.7,0.016,ask
76362.8,0.01,ask
76362.9,0.01,ask
76363.0,0.156,ask
76363.1,0.003,ask
76363.3,0.006,ask
76363.5,0.118,ask
76363.6,0.052,ask
76363.7,0.065,ask
76363.8,0.36,ask
76363.9,1.01,ask
76364.0,0.585,ask
76364.1,1.441,ask
76364.2,0.006,ask
76364.3,0.36,ask
76364.4,0.036,ask
76364.9,0.171,ask
76365.0,0.051,ask
76365.5,0.032,ask
76365.6,0.066,ask
76365.7,0.001,ask
76365.8,0.982,ask
76365.9,0.013,ask
76366.4,0.002,ask
76366.5,0.156,ask
76366.6,0.001,ask
76366.9,0.092,ask
76367.0,0.2,ask
76367.1,0.002,ask
76367.2,1.456,ask
76367.3,0.163,ask
76367.4,0.157,ask
76367.5,0.001,ask
76367.8,0.945,ask
76367.9,0.261,ask
76368.0,0.052,ask
76368.2,0.078,ask
76368.3,0.039,ask
76368.4,0.008,ask
76368.5,0.039,ask
76368.6,0.039,ask
76368.7,0.004,ask
76369.1,0.276,ask
76369.2,0.021,ask
76369.5,2.224,ask
76369.6,2.61,ask
76369.7,0.006,ask
76370.0,0.157,ask
76370.1,0.078,ask
76370.2,0.261,ask
76370.3,0.177,ask
76370.4,0.012,ask
76370.5,1.447,ask
76370.6,0.025,ask
76370.7,0.006,ask
76370.8,0.162,ask
76371.2,0.001,ask
76371.7,0.945,ask
76371.8,0.001,ask
76371.9,0.002,ask
76372.0,0.064,ask
76372.2,0.726,ask
76372.3,0.017,ask
76372.4,0.135,ask
76372.5,0.001,ask
76372.6,0.006,ask
76372.8,0.006,ask
76373.1,0.015,ask
76373.2,0.001,ask
76373.3,0.001,ask
76373.5,1.47,ask
76373.6,1.441,ask
76374.1,0.253,ask
76374.2,0.141,ask
76374.3,0.007,ask
76374.4,0.662,ask
76374.5,0.233,ask
76374.7,0.114,ask
76374.8,0.002,ask
76374.9,0.007,ask
76375.0,0.002,ask
76375.1,0.074,ask
76375.3,0.077,ask
76375.5,0.068,ask
76375.6,0.945,ask
76375.9,0.066,ask
76376.0,0.052,ask
76376.2,0.093,ask
76376.4,0.015,ask
76376.6,0.196,ask
76376.7,1.865,ask
76376.8,1.441,ask
76377.0,0.411,ask
76377.1,0.51,ask
76377.3,0.467,ask
76377.4,0.702,ask
76377.5,0.001,ask
76377.6,0.161,ask
76377.8,0.144,ask
76377.9,0.001,ask
76378.0,0.084,ask
76378.1,0.03,ask
76378.3,0.02,ask
76378.4,0.046,ask
price,volume,side
76240.2,6.608,bid
76240.0,0.053,bid
76239.5,0.27,bid
76239.4,0.36,bid
76238.9,0.001,bid
76238.7,0.002,bid
76238.2,0.157,bid
76237.8,0.001,bid
76237.5,0.002,bid
76237.4,0.125,bid
76237.0,0.156,bid
76236.8,0.014,bid
76236.6,0.001,bid
76236.5,0.001,bid
76236.4,0.014,bid
76236.3,0.014,bid
76236.2,0.001,bid
76236.0,0.052,bid
76235.9,0.001,bid
76235.5,0.342,bid
76235.2,0.014,bid
76235.1,0.002,bid
76235.0,0.001,bid
76234.9,0.132,bid
76234.8,0.17,bid
76234.6,0.014,bid
76234.5,0.066,bid
76234.4,0.001,bid
76233.9,0.001,bid
76233.7,0.001,bid
76233.6,0.025,bid
76233.5,0.156,bid
76233.4,0.04,bid
76233.1,0.371,bid
76232.8,0.001,bid
76232.5,0.002,bid
76232.2,0.001,bid
76232.1,0.001,bid
76232.0,0.052,bid
76231.9,0.02,bid
76231.8,0.013,bid
76231.6,0.02,bid
76231.4,0.202,bid
76231.3,0.073,bid
76231.1,0.003,bid
76230.7,1.131,bid
76230.5,0.001,bid
76230.3,0.36,bid
76230.1,0.362,bid
76230.0,0.158,bid
76229.8,0.001,bid
76229.7,0.618,bid
76229.6,0.001,bid
76229.4,0.02,bid
76229.3,0.04,bid
76229.2,0.918,bid
76229.1,0.361,bid
76229.0,0.002,bid
76228.8,0.04,bid
76228.7,0.001,bid
76228.5,0.493,bid
76228.4,0.02,bid
76228.2,0.001,bid
76228.1,0.02,bid
76228.0,0.915,bid
76227.9,0.558,bid
76227.5,0.002,bid
76227.2,0.001,bid
76226.8,0.001,bid
76226.7,0.125,bid
76226.6,1.445,bid
76226.5,0.156,bid
76226.3,0.099,bid
76226.2,0.001,bid
76226.1,0.36,bid
76226.0,0.001,bid
76225.9,0.006,bid
76225.8,0.001,bid
76225.3,0.075,bid
76225.2,0.067,bid
76225.1,0.393,bid
76225.0,0.067,bid
76224.9,0.012,bid
76224.7,0.153,bid
76224.6,0.43,bid
76224.1,0.066,bid
76224.0,0.052,bid
76223.7,0.001,bid
76223.6,1.132,bid
76223.5,1.443,bid
76223.4,0.132,bid
76223.2,0.053,bid
76223.0,0.156,bid
76222.9,0.016,bid
76222.5,0.002,bid
76222.4,0.001,bid
76222.1,0.001,bid
76222.0,0.473,bid
76221.9,0.013,bid
76221.7,1.011,bid
76221.6,0.13,bid
76221.5,0.101,bid
76221.4,0.132,bid
76221.2,0.157,bid
76221.1,0.068,bid
76221.0,0.016,bid
76220.9,0.01,bid
76220.6,0.002,bid
76220.5,0.013,bid
76220.4,0.001,bid
76220.2,0.012,bid
76220.1,0.967,bid
76220.0,0.053,bid
76219.9,0.13,bid
76219.8,0.067,bid
76219.7,1.441,bid
76219.5,0.156,bid
76219.4,0.025,bid
76219.3,0.066,bid
76219.1,0.001,bid
76218.9,0.069,bid
76218.8,0.066,bid
76218.7,0.095,bid
76218.6,0.092,bid
76218.4,0.053,bid
76218.0,0.012,bid
76217.8,1.207,bid
76217.6,0.13,bid
76217.5,0.014,bid
76217.4,0.001,bid
76217.2,0.012,bid
76217.0,0.792,bid
76216.9,0.093,bid
76216.7,0.028,bid
76216.6,0.065,bid
76216.5,0.36,bid
76216.3,0.001,bid
76216.2,1.441,bid
76216.0,0.053,bid
76215.9,0.002,bid
76215.8,0.132,bid
76215.6,0.13,bid
76215.5,0.026,bid
76215.0,0.001,bid
76214.9,0.009,bid
76214.8,0.013,bid
76214.6,0.008,bid
76214.5,0.001,bid
76214.4,0.03,bid
76214.3,0.001,bid
76214.1,0.03,bid
76214.0,0.03,bid
76213.6,0.006,bid
76213.5,0.079,bid
76213.3,0.023,bid
76213.2,0.198,bid
76213.1,0.781,bid
76213.0,0.124,bid
76212.9,0.006,bid
76212.8,0.051,bid
76212.7,3.274,bid
76212.6,1.441,bid
76212.5,0.001,bid
76212.4,4.656,bid
76212.3,0.623,bid
76212.1,0.945,bid
76212.0,0.028,bid
76211.8,0.162,bid
76211.7,0.001,bid
76211.6,0.003,bid
76211.4,0.002,bid
76211.2,0.045,bid
76211.1,0.001,bid
76211.0,2.737,bid
76210.9,0.001,bid
76210.6,0.091,bid
76210.5,0.008,bid
76210.4,0.262,bid
76210.3,0.017,bid
76210.2,0.061,bid
76210.0,0.781,bid
76209.9,0.067,bid
76209.8,0.394,bid
76209.6,0.052,bid
76209.5,0.064,bid
76209.3,0.001,bid
76209.1,0.051,bid
76209.0,0.03,bid
76208.9,0.054,bid
76208.6,0.157,bid
76208.5,3.501,bid
76208.4,1.629,bid
76208.3,0.378,bid
76208.2,0.119,bid
76208.0,0.856,bid
76207.9,0.001,bid
76207.8,0.96,bid
76207.7,0.041,bid
76207.6,0.001,bid
76207.5,0.003,bid
76240.3,10.582,ask
76240.5,0.475,ask
76240.6,1.441,ask
76241.1,0.001,ask
76241.4,0.001,ask
76241.6,0.156,ask
76241.9,0.001,ask
76242.3,0.001,ask
76242.5,0.001,ask
76242.7,0.001,ask
76243.6,0.942,ask
76243.9,0.995,ask
76244.0,0.209,ask
76244.2,0.001,ask
76245.0,0.158,ask
76245.2,1.441,ask
76245.3,0.026,ask
76245.4,0.05,ask
76245.7,0.001,ask
76246.1,0.008,ask
76246.5,0.001,ask
76246.7,0.053,ask
76246.8,0.092,ask
76247.2,0.001,ask
76247.5,0.157,ask
76247.6,1.022,ask
76247.8,1.607,ask
76248.0,0.054,ask
76248.2,0.006,ask
76248.3,0.013,ask
76248.4,0.156,ask
76248.8,0.001,ask
76248.9,0.006,ask
76249.0,1.222,ask
76249.1,0.001,ask
76249.2,0.001,ask
76249.3,0.092,ask
76249.5,0.133,ask
76249.6,0.132,ask
76249.7,0.066,ask
76250.0,0.067,ask
76250.1,0.012,ask
76250.2,0.001,ask
76250.3,0.069,ask
76250.4,0.066,ask
76250.5,0.066,ask
76250.7,0.067,ask
76250.8,0.002,ask
76250.9,0.36,ask
76251.0,2.378,ask
76251.1,1.509,ask
76251.2,0.066,ask
76251.6,0.002,ask
76251.8,0.236,ask
76251.9,0.001,ask
76252.0,0.118,ask
76252.1,0.187,ask
76252.3,0.092,ask
76252.4,0.066,ask
76252.5,0.001,ask
76252.6,0.014,ask
76252.7,0.067,ask
76252.8,0.065,ask
76252.9,0.947,ask
76253.4,0.001,ask
76253.6,0.017,ask
76253.7,0.039,ask
76253.8,0.047,ask
76253.9,0.026,ask
76254.0,0.015,ask
76254.1,0.133,ask
76254.2,0.013,ask
76254.3,0.375,ask
76254.4,0.001,ask
76254.5,0.156,ask
76254.6,2.328,ask
76254.7,1.801,ask
76254.8,0.665,ask
76254.9,0.003,ask
76255.0,0.054,ask
76255.1,0.133,ask
76255.2,0.251,ask
76255.3,0.067,ask
76255.5,0.529,ask
76255.7,0.361,ask
76255.9,0.105,ask
76256.0,0.569,ask
76256.1,0.006,ask
76256.2,0.275,ask
76256.6,0.229,ask
76256.7,0.001,ask
76256.9,0.36,ask
76257.0,0.001,ask
76257.1,0.001,ask
76257.2,0.001,ask
76257.3,0.36,ask
76257.4,0.05,ask
76257.5,0.035,ask
76257.7,3.774,ask
76257.8,0.264,ask
76257.9,0.007,ask
76258.0,1.608,ask
76258.2,0.198,ask
76258.3,0.007,ask
76258.4,0.052,ask
76258.5,0.156,ask
76258.6,0.156,ask
76258.7,0.001,ask
76258.9,0.11,ask
76259.0,0.034,ask
76259.1,0.044,ask
76259.2,0.06,ask
76259.3,0.158,ask
76259.4,0.001,ask
76259.5,0.945,ask
76259.6,0.052,ask
76259.8,0.016,ask
76259.9,0.018,ask
76260.0,0.998,ask
76260.1,0.012,ask
76260.2,0.001,ask
76260.3,0.038,ask
76260.5,0.001,ask
76260.6,0.051,ask
76260.8,0.001,ask
76261.0,0.079,ask
76261.1,1.441,ask
76261.2,0.006,ask
76261.4,0.028,ask
76261.5,0.156,ask
76261.6,0.018,ask
76261.8,0.016,ask
76262.0,0.191,ask
76262.2,2.107,ask
76262.3,0.014,ask
76262.4,0.104,ask
76262.5,0.014,ask
76262.7,0.079,ask
76262.8,0.05,ask
76263.0,0.079,ask
76263.1,0.105,ask
76263.2,0.079,ask
76263.3,0.919,ask
76263.4,0.003,ask
76263.5,0.092,ask
76263.9,1.324,ask
76264.0,0.084,ask
76264.1,0.014,ask
76264.2,0.001,ask
76264.3,0.002,ask
76264.4,0.001,ask
76264.5,1.48,ask
76264.6,0.197,ask
76264.8,0.639,ask
76265.0,0.157,ask
76265.1,0.007,ask
76265.4,1.598,ask
76265.5,0.001,ask
76265.6,0.006,ask
76265.7,0.007,ask
76266.0,0.002,ask
76266.1,2.003,ask
76266.2,0.518,ask
76266.3,0.001,ask
76266.6,2.315,ask
76266.7,0.006,ask
76266.9,0.078,ask
76267.0,0.002,ask
76267.1,0.131,ask
76267.5,0.007,ask
76267.6,0.014,ask
76267.7,0.006,ask
76267.8,0.01,ask
76267.9,0.197,ask
76268.0,0.02,ask
76268.1,0.156,ask
76268.2,0.001,ask
76268.3,1.982,ask
76268.4,0.007,ask
76268.5,0.156,ask
76268.6,0.006,ask
76268.7,0.014,ask
76269.0,0.001,ask
76269.2,1.503,ask
76269.3,1.524,ask
76269.4,1.507,ask
76270.0,0.001,ask
76270.1,0.002,ask
76270.2,0.007,ask
76270.3,0.01,ask
76270.5,0.945,ask
76270.7,0.9,ask
76270.9,0.001,ask
76271.3,0.014,ask
76271.4,0.008,ask
76271.5,0.36,ask
76271.9,0.096,ask
76272.0,0.001,ask
76272.2,0.014,ask
76272.5,0.002,ask
price,volume,side
76167.7,3.579,bid
76167.6,0.447,bid
76167.4,0.112,bid
76166.4,0.014,bid
76165.4,0.001,bid
76165.0,0.033,bid
76164.8,0.003,bid
76164.5,0.015,bid
76164.1,0.005,bid
76164.0,0.066,bid
76163.6,0.014,bid
76163.5,0.17,bid
76163.4,0.17,bid
76163.3,1.2,bid
76163.2,0.066,bid
76163.1,0.663,bid
76162.7,0.002,bid
76162.5,0.003,bid
76162.4,0.066,bid
76161.8,0.471,bid
76161.7,0.424,bid
76161.6,0.001,bid
76161.5,0.001,bid
76161.4,0.066,bid
76161.3,0.039,bid
76161.0,0.001,bid
76160.9,0.045,bid
76160.8,0.075,bid
76160.6,0.08,bid
76160.5,0.04,bid
76160.4,0.36,bid
76160.3,0.105,bid
76160.1,0.477,bid
76160.0,1.251,bid
76159.8,0.001,bid
76159.6,1.383,bid
76159.5,0.054,bid
76159.3,0.078,bid
76159.1,0.043,bid
76159.0,0.027,bid
76158.9,0.026,bid
76158.8,0.023,bid
76158.7,0.014,bid
76158.6,0.098,bid
76158.5,0.068,bid
76158.4,0.747,bid
76158.2,0.277,bid
76158.0,0.028,bid
76157.9,0.006,bid
76157.8,0.03,bid
76157.7,0.001,bid
76157.6,0.006,bid
76157.5,0.011,bid
76157.2,0.014,bid
76157.1,0.36,bid
76157.0,0.01,bid
76156.8,0.02,bid
76156.7,0.001,bid
76156.6,0.161,bid
76156.5,0.183,bid
76156.2,0.918,bid
76156.1,0.38,bid
76156.0,0.084,bid
76155.9,0.144,bid
76155.8,2.607,bid
76155.7,0.362,bid
76155.6,0.36,bid
76155.5,0.009,bid
76155.4,0.382,bid
76155.3,0.079,bid
76155.2,0.026,bid
76155.1,0.093,bid
76155.0,0.402,bid
76154.8,0.066,bid
76154.6,0.092,bid
76154.5,0.066,bid
76154.4,0.086,bid
76154.2,0.002,bid
76154.1,0.014,bid
76154.0,0.263,bid
76153.9,0.028,bid
76153.8,0.131,bid
76153.7,0.096,bid
76153.6,0.001,bid
76153.5,0.023,bid
76153.4,0.066,bid
76153.2,0.156,bid
76153.1,0.002,bid
76153.0,0.517,bid
76152.9,0.001,bid
76152.8,0.084,bid
76152.7,0.329,bid
76152.6,0.402,bid
76152.5,0.249,bid
76152.4,2.657,bid
76152.3,0.014,bid
76152.2,0.031,bid
76152.1,0.963,bid
76152.0,0.225,bid
76151.9,0.013,bid
76151.8,0.004,bid
76151.7,0.001,bid
76151.3,5.411,bid
76151.2,0.072,bid
76151.1,0.066,bid
76151.0,0.01,bid
76150.9,0.067,bid
76150.8,0.093,bid
76150.7,0.001,bid
76150.6,0.084,bid
76150.5,0.066,bid
76150.4,0.909,bid
76150.3,0.002,bid
76150.2,0.007,bid
76150.1,1.643,bid
76150.0,13.743,bid
76149.9,0.07,bid
76149.8,0.169,bid
76149.7,0.05,bid
76149.6,0.025,bid
76149.5,0.199,bid
76149.3,0.082,bid
76149.2,0.001,bid
76149.1,0.002,bid
76148.9,0.066,bid
76148.8,0.091,bid
76148.7,0.001,bid
76148.6,0.003,bid
76148.3,0.505,bid
76148.2,0.015,bid
76148.0,0.019,bid
76147.7,1.452,bid
76147.6,0.001,bid
76147.5,0.074,bid
76147.4,0.002,bid
76147.3,0.065,bid
76147.1,0.003,bid
76147.0,0.002,bid
76146.9,0.002,bid
76146.8,0.001,bid
76146.4,0.156,bid
76146.3,0.004,bid
76146.2,0.946,bid
76146.1,0.218,bid
76146.0,0.158,bid
76145.7,1.454,bid
76145.6,0.033,bid
76145.5,0.046,bid
76145.3,0.022,bid
76145.1,0.001,bid
76145.0,0.014,bid
76144.8,1.444,bid
76144.7,0.212,bid
76144.6,0.026,bid
76144.5,0.016,bid
76144.4,0.008,bid
76144.3,1.34,bid
76144.0,0.166,bid
76143.7,0.001,bid
76143.6,0.01,bid
76143.5,0.014,bid
76143.4,0.065,bid
76143.3,0.04,bid
76143.2,0.002,bid
76143.1,0.001,bid
76143.0,0.104,bid
76142.9,0.001,bid
76142.8,0.041,bid
76142.7,0.001,bid
76142.5,0.158,bid
76142.4,0.098,bid
76142.3,0.886,bid
76142.1,0.013,bid
76142.0,0.001,bid
76141.9,0.025,bid
76141.8,0.016,bid
76141.7,1.476,bid
76141.6,0.494,bid
76141.5,0.001,bid
76141.2,1.441,bid
76141.1,0.025,bid
76141.0,0.002,bid
76140.9,0.061,bid
76140.7,0.057,bid
76140.5,1.712,bid
76140.3,0.012,bid
76140.1,0.331,bid
76140.0,1.604,bid
76139.9,0.003,bid
76139.8,0.084,bid
76139.7,0.005,bid
76139.6,0.009,bid
76139.5,0.005,bid
76139.3,0.021,bid
76139.1,0.004,bid
76138.9,1.888,bid
76138.8,0.068,bid
76138.7,0.001,bid
76138.4,0.006,bid
76138.2,0.016,bid
76167.8,5.648,ask
76167.9,0.004,ask
76168.0,0.052,ask
76168.4,0.006,ask
76168.5,0.001,ask
76168.7,0.05,ask
76169.3,0.001,ask
76169.8,0.001,ask
76170.1,0.095,ask
76170.2,0.156,ask
76170.5,0.156,ask
76170.8,0.001,ask
76171.6,0.977,ask
76171.7,0.945,ask
76172.0,0.052,ask
76172.4,0.001,ask
76172.5,0.001,ask
76173.1,0.361,ask
76173.2,0.002,ask
76173.4,1.442,ask
76173.6,0.156,ask
76173.7,0.003,ask
76173.9,0.001,ask
76174.0,0.157,ask
76174.6,0.001,ask
76174.7,0.001,ask
76174.8,0.131,ask
76175.0,0.001,ask
76175.4,0.001,ask
76175.5,0.001,ask
76175.6,0.945,ask
76176.0,0.052,ask
76176.2,0.001,ask
76176.6,0.001,ask
76176.7,0.707,ask
76176.8,1.441,ask
76176.9,0.133,ask
76177.0,0.156,ask
76177.3,0.092,ask
76177.5,0.157,ask
76177.7,0.001,ask
76177.9,0.012,ask
76178.5,0.001,ask
76178.6,0.198,ask
76178.7,0.361,ask
76178.9,0.011,ask
76179.2,0.04,ask
76179.3,0.017,ask
76179.5,0.945,ask
76179.6,0.013,ask
76179.7,0.066,ask
76180.0,2.598,ask
76180.1,1.901,ask
76180.2,0.02,ask
76180.3,0.06,ask
76180.4,0.356,ask
76180.5,0.187,ask
76180.6,0.001,ask
76180.7,0.162,ask
76180.8,0.048,ask
76180.9,0.102,ask
76181.0,0.223,ask
76181.1,0.486,ask
76181.2,0.813,ask
76181.3,0.662,ask
76181.4,0.699,ask
76181.5,0.382,ask
76181.6,0.615,ask
76181.7,0.1,ask
76181.8,0.17,ask
76181.9,0.183,ask
76182.0,0.092,ask
76182.1,0.052,ask
76182.2,0.36,ask
76182.3,0.135,ask
76182.4,0.176,ask
76182.5,0.133,ask
76182.6,1.568,ask
76182.9,0.403,ask
76183.1,0.067,ask
76183.2,1.441,ask
76183.3,0.264,ask
76183.4,0.132,ask
76183.5,0.018,ask
76183.6,0.398,ask
76183.7,0.035,ask
76183.8,0.168,ask
76183.9,0.012,ask
76184.0,0.052,ask
76184.1,0.08,ask
76184.3,0.027,ask
76184.4,0.158,ask
76184.5,0.208,ask
76184.6,0.009,ask
76184.7,0.082,ask
76184.8,0.38,ask
76184.9,0.012,ask
76185.0,0.119,ask
76185.1,0.026,ask
76185.2,0.132,ask
76185.3,0.386,ask
76185.4,0.001,ask
76185.5,0.072,ask
76185.6,0.083,ask
76185.7,0.157,ask
76185.8,0.052,ask
76185.9,0.004,ask
76186.0,0.086,ask
76186.2,1.232,ask
76186.3,1.441,ask
76186.4,0.223,ask
76186.5,0.026,ask
76186.6,0.971,ask
76186.7,0.09,ask
76186.9,0.158,ask
76187.2,0.182,ask
76187.5,0.001,ask
76187.7,0.006,ask
76187.8,0.13,ask
76188.0,0.208,ask
76188.1,0.001,ask
76188.4,0.001,ask
76188.8,0.667,ask
76188.9,0.13,ask
76189.1,0.108,ask
76189.4,0.053,ask
76189.5,0.11,ask
76189.6,0.014,ask
76189.9,0.297,ask
76190.0,0.005,ask
76190.1,0.027,ask
76190.2,0.792,ask
76190.3,0.004,ask
76190.4,1.649,ask
76190.5,0.945,ask
76190.6,0.156,ask
76190.7,0.003,ask
76190.8,0.03,ask
76191.3,0.011,ask
76191.4,0.011,ask
76191.5,1.075,ask
76191.6,0.011,ask
76191.7,0.007,ask
76191.9,0.024,ask
76192.0,0.052,ask
76192.1,0.014,ask
76192.3,0.047,ask
76192.5,1.442,ask
76192.6,0.011,ask
76193.0,0.001,ask
76193.1,0.039,ask
76193.2,0.223,ask
76193.3,0.065,ask
76193.4,0.262,ask
76193.6,0.052,ask
76193.8,0.007,ask
76193.9,0.039,ask
76194.0,0.17,ask
76194.1,0.864,ask
76194.3,0.001,ask
76194.4,0.039,ask
76194.5,0.235,ask
76194.7,0.198,ask
76194.8,0.001,ask
76194.9,0.001,ask
76195.0,0.215,ask
76195.1,0.001,ask
76195.3,0.001,ask
76195.7,0.001,ask
76195.9,0.007,ask
76196.1,0.155,ask
76196.2,1.532,ask
76196.3,0.015,ask
76197.0,0.511,ask
76197.5,0.003,ask
76197.6,0.103,ask
76197.7,0.081,ask
76197.8,2.176,ask
76197.9,0.025,ask
76198.0,0.487,ask
76198.1,0.004,ask
76198.2,0.394,ask
76198.6,0.656,ask
76198.9,0.006,ask
76199.0,0.147,ask
76199.1,0.001,ask
76199.2,0.326,ask
76199.3,1.441,ask
76199.4,0.184,ask
76199.5,0.001,ask
76200.0,0.759,ask
76200.1,0.001,ask
76200.2,0.104,ask
76200.5,0.004,ask
76200.6,0.002,ask
76201.1,0.223,ask
76201.5,0.002,ask
76201.6,0.221,ask
76201.7,0.945,ask
76202.1,0.09,ask
price,volume,side
76424.9,16.686,bid
76424.8,2.823,bid
76424.7,0.098,bid
76424.5,0.001,bid
76424.3,0.042,bid
76424.0,0.052,bid
76423.9,0.001,bid
76423.7,0.065,bid
76423.6,0.065,bid
76423.2,0.065,bid
76423.1,0.007,bid
76423.0,0.065,bid
76422.9,0.065,bid
76422.8,0.065,bid
76422.7,0.065,bid
76422.6,0.009,bid
76422.5,1.684,bid
76422.4,0.065,bid
76422.3,0.001,bid
76422.2,0.071,bid
76422.1,0.012,bid
76421.9,0.065,bid
76421.8,0.156,bid
76421.7,0.13,bid
76421.6,0.008,bid
76421.4,0.006,bid
76421.1,0.001,bid
76420.9,0.001,bid
76420.8,0.001,bid
76420.1,0.124,bid
76420.0,0.554,bid
76419.8,0.098,bid
76419.7,0.015,bid
76419.6,0.001,bid
76419.5,0.065,bid
76419.3,0.013,bid
76419.0,0.156,bid
76418.8,0.001,bid
76418.5,0.027,bid
76418.4,0.156,bid
76418.3,0.224,bid
76418.1,0.065,bid
76418.0,0.297,bid
76417.9,0.012,bid
76417.8,1.451,bid
76417.7,1.204,bid
76417.5,0.916,bid
76417.4,0.012,bid
76417.3,0.17,bid
76417.1,0.017,bid
76417.0,4.52,bid
76416.6,0.109,bid
76416.4,0.005,bid
76416.3,0.001,bid
76416.2,0.072,bid
76416.0,0.094,bid
76415.9,0.001,bid
76415.7,0.156,bid
76415.6,0.006,bid
76415.5,0.156,bid
76415.4,0.361,bid
76415.3,0.003,bid
76415.1,0.08,bid
76415.0,0.264,bid
76414.9,0.248,bid
76414.8,0.49,bid
76414.7,0.013,bid
76414.6,0.085,bid
76414.4,0.02,bid
76414.3,0.065,bid
76414.2,1.439,bid
76414.1,2.345,bid
76414.0,0.004,bid
76413.9,0.007,bid
76413.8,0.945,bid
76413.7,0.065,bid
76413.5,0.075,bid
76413.4,0.099,bid
76413.3,0.118,bid
76413.2,0.001,bid
76413.1,0.584,bid
76413.0,0.196,bid
76412.9,0.264,bid
76412.8,0.573,bid
76412.7,0.001,bid
76412.6,0.721,bid
76412.5,0.387,bid
76412.4,0.007,bid
76412.3,0.189,bid
76412.2,1.472,bid
76412.1,0.091,bid
76412.0,0.27,bid
76411.9,0.156,bid
76411.8,0.142,bid
76411.6,0.263,bid
76411.5,0.426,bid
76411.4,0.046,bid
76411.3,0.248,bid
76411.2,0.065,bid
76411.1,0.02,bid
76411.0,0.028,bid
76410.9,0.001,bid
76410.8,0.399,bid
76410.5,0.157,bid
76410.4,1.504,bid
76410.3,1.645,bid
76410.2,0.065,bid
76410.1,0.066,bid
76410.0,0.081,bid
76409.9,0.945,bid
76409.7,0.052,bid
76409.6,0.184,bid
76409.5,0.131,bid
76409.3,0.004,bid
76408.9,0.013,bid
76408.8,0.065,bid
76408.7,0.36,bid
76408.6,0.03,bid
76408.5,0.177,bid
76408.4,0.025,bid
76408.3,0.009,bid
76408.2,0.157,bid
76408.0,0.052,bid
76407.8,0.698,bid
76407.7,0.002,bid
76407.6,0.042,bid
76407.5,0.001,bid
76407.3,0.008,bid
76407.2,0.001,bid
76407.1,0.295,bid
76407.0,0.04,bid
76406.8,1.469,bid
76406.7,0.03,bid
76406.6,0.001,bid
76406.4,0.001,bid
76406.2,1.779,bid
76406.1,0.007,bid
76406.0,0.007,bid
76405.9,0.001,bid
76405.7,0.001,bid
76405.6,0.236,bid
76405.5,0.001,bid
76405.3,0.001,bid
76405.2,0.006,bid
76405.1,0.198,bid
76405.0,0.157,bid
76404.8,0.418,bid
76404.6,0.001,bid
76404.5,0.009,bid
76404.3,0.047,bid
76404.2,0.006,bid
76404.1,1.537,bid
76404.0,1.526,bid
76403.9,0.69,bid
76403.8,0.108,bid
76403.7,1.439,bid
76403.6,0.009,bid
76403.4,0.686,bid
76403.3,0.945,bid
76403.1,0.004,bid
76403.0,0.196,bid
76402.8,1.66,bid
76402.5,0.002,bid
76402.4,0.001,bid
76402.2,0.012,bid
76401.9,0.266,bid
76401.8,0.003,bid
76401.7,0.135,bid
76401.5,0.156,bid
76401.4,0.156,bid
76401.1,2.405,bid
76400.9,0.001,bid
76400.7,0.006,bid
76400.6,0.007,bid
76400.4,0.2,bid
76400.1,0.014,bid
76400.0,0.741,bid
76399.7,0.036,bid
76399.6,0.014,bid
76399.5,0.692,bid
76399.4,0.092,bid
76399.3,0.042,bid
76399.2,0.014,bid
76399.1,0.01,bid
76399.0,0.089,bid
76398.9,2.137,bid
76398.8,1.603,bid
76398.6,0.366,bid
76398.5,0.014,bid
76398.4,0.068,bid
76398.1,0.056,bid
76398.0,0.327,bid
76397.9,0.001,bid
76397.8,0.014,bid
76397.5,0.029,bid
76397.3,0.014,bid
76397.2,0.014,bid
76397.1,0.144,bid
76396.9,0.028,bid
76396.6,0.006,bid
76425.0,4.911,ask
76425.1,0.001,ask
76425.2,0.289,ask
76425.3,0.002,ask
76425.6,0.013,ask
76425.9,0.001,ask
76426.0,0.001,ask
76426.3,0.001,ask
76426.4,0.023,ask
76426.8,0.001,ask
76427.0,0.001,ask
76427.2,0.003,ask
76427.5,0.009,ask
76427.6,0.001,ask
76427.7,0.01,ask
76428.3,0.002,ask
76428.4,0.005,ask
76428.5,0.001,ask
76428.6,0.156,ask
76429.1,0.009,ask
76429.3,0.009,ask
76429.5,0.157,ask
76429.7,0.001,ask
76429.8,0.009,ask
76429.9,0.001,ask
76430.0,0.043,ask
76430.4,0.001,ask
76431.0,0.088,ask
76431.3,0.009,ask
76431.7,0.001,ask
76431.8,0.342,ask
76432.0,0.413,ask
76432.1,0.36,ask
76432.3,0.001,ask
76432.4,0.003,ask
76432.5,0.001,ask
76432.6,0.001,ask
76432.8,0.001,ask
76433.0,0.176,ask
76433.1,0.029,ask
76433.3,0.05,ask
76434.2,0.768,ask
76434.8,0.045,ask
76434.9,0.02,ask
76435.0,0.37,ask
76435.1,1.539,ask
76435.2,1.722,ask
76435.3,0.1,ask
76435.4,0.516,ask
76435.5,0.001,ask
76435.6,0.013,ask
76435.7,0.058,ask
76435.8,0.147,ask
76435.9,0.078,ask
76436.0,0.386,ask
76436.1,0.366,ask
76436.2,1.086,ask
76436.3,0.534,ask
76436.4,0.489,ask
76436.5,0.517,ask
76436.6,0.245,ask
76436.7,1.036,ask
76436.8,0.794,ask
76436.9,0.104,ask
76437.3,0.039,ask
76437.4,0.111,ask
76437.5,0.03,ask
76437.6,0.413,ask
76437.7,0.1,ask
76437.8,0.02,ask
76437.9,0.061,ask
76438.0,1.649,ask
76438.1,0.4,ask
76438.2,0.02,ask
76438.4,1.455,ask
76438.8,0.193,ask
76438.9,0.002,ask
76439.0,0.001,ask
76439.2,0.065,ask
76439.3,0.066,ask
76439.5,0.026,ask
76439.6,0.02,ask
76439.7,0.207,ask
76439.8,0.046,ask
76439.9,0.127,ask
76440.0,0.449,ask
76440.1,0.043,ask
76440.2,0.033,ask
76440.3,0.085,ask
76440.4,0.02,ask
76440.6,0.528,ask
76440.7,0.077,ask
76440.8,0.544,ask
76440.9,0.042,ask
76441.0,0.075,ask
76441.1,0.728,ask
76441.2,0.13,ask
76441.5,0.13,ask
76441.6,0.102,ask
76441.7,0.001,ask
76441.8,0.03,ask
76441.9,0.002,ask
76442.0,0.081,ask
76442.1,0.052,ask
76442.2,0.17,ask
76442.4,0.945,ask
76442.5,0.066,ask
76442.6,0.066,ask
76442.7,0.13,ask
76442.9,0.104,ask
76443.0,0.13,ask
76443.1,0.065,ask
76443.2,0.065,ask
76443.4,0.01,ask
76443.5,0.17,ask
76443.6,0.014,ask
76443.8,0.012,ask
76443.9,0.077,ask
76444.1,0.015,ask
76444.4,0.015,ask
76444.5,0.374,ask
76444.6,0.092,ask
76444.7,0.001,ask
76445.0,0.02,ask
76445.4,0.001,ask
76445.5,0.078,ask
76445.6,0.156,ask
76445.7,0.054,ask
76445.8,1.412,ask
76445.9,1.452,ask
76446.0,0.001,ask
76446.1,0.003,ask
76446.3,0.946,ask
76446.4,0.015,ask
76446.8,0.004,ask
76446.9,0.012,ask
76447.0,0.156,ask
76447.1,0.03,ask
76447.3,0.033,ask
76447.5,0.001,ask
76447.6,0.01,ask
76447.8,0.164,ask
76447.9,0.253,ask
76448.0,0.69,ask
76448.2,0.001,ask
76448.3,0.012,ask
76448.4,0.198,ask
76448.5,0.02,ask
76448.7,0.127,ask
76448.8,4.791,ask
76448.9,0.598,ask
76449.0,0.16,ask
76449.1,1.52,ask
76449.2,0.042,ask
76449.3,0.015,ask
76449.9,0.054,ask
76450.0,2.656,ask
76450.1,0.016,ask
76450.2,0.945,ask
76450.3,0.915,ask
76450.4,4.757,ask
76450.5,0.159,ask
76450.9,0.184,ask
76451.1,0.002,ask
76451.2,0.031,ask
76451.3,0.009,ask
76451.4,0.002,ask
76451.5,0.973,ask
76451.6,0.168,ask
76451.8,0.11,ask
76451.9,0.729,ask
76452.3,0.092,ask
76452.4,0.183,ask
76452.5,0.001,ask
76452.8,0.001,ask
76453.0,2.182,ask
76453.1,0.014,ask
76453.2,0.007,ask
76453.3,0.007,ask
76453.4,0.072,ask
76453.5,0.407,ask
76453.6,1.861,ask
76453.9,0.117,ask
76454.0,0.039,ask
76454.1,0.997,ask
76454.2,0.392,ask
76454.3,0.011,ask
76454.6,0.014,ask
76454.7,0.428,ask
76454.9,0.031,ask
76455.0,0.002,ask
76455.1,0.014,ask
76455.2,0.001,ask
76455.3,0.001,ask
76455.4,0.719,ask
76455.5,0.01,ask
76455.6,0.35,ask
76455.7,2.468,ask
76455.8,0.715,ask
76455.9,0.002,ask
price,volume,side
76421.0,0.569,bid
76420.9,0.001,bid
76420.8,0.001,bid
76420.4,0.3,bid
76420.0,0.053,bid
76419.7,0.001,bid
76419.3,0.001,bid
76419.0,0.001,bid
76418.5,0.001,bid
76418.0,0.031,bid
76417.7,0.049,bid
76417.1,0.001,bid
76417.0,4.521,bid
76416.4,0.005,bid
76416.2,0.001,bid
76416.0,0.052,bid
76415.5,0.156,bid
76415.4,0.001,bid
76415.1,0.013,bid
76415.0,0.157,bid
76414.8,0.012,bid
76414.7,0.004,bid
76414.3,0.014,bid
76414.1,0.014,bid
76413.9,0.001,bid
76413.8,0.012,bid
76413.5,0.001,bid
76413.4,0.013,bid
76413.3,0.001,bid
76413.2,0.001,bid
76413.1,0.012,bid
76412.9,0.847,bid
76412.8,0.379,bid
76412.5,0.008,bid
76412.4,0.001,bid
76412.3,0.026,bid
76412.2,0.001,bid
76412.1,0.08,bid
76412.0,0.268,bid
76411.9,0.18,bid
76411.8,0.14,bid
76411.6,0.223,bid
76411.5,0.001,bid
76411.4,0.02,bid
76411.0,0.013,bid
76410.9,0.028,bid
76410.8,0.039,bid
76410.6,0.039,bid
76410.5,0.039,bid
76410.4,1.492,bid
76410.3,1.48,bid
76410.1,0.397,bid
76410.0,0.165,bid
76409.9,0.224,bid
76409.8,0.545,bid
76409.6,0.331,bid
76409.5,0.115,bid
76409.4,0.022,bid
76409.3,1.331,bid
76409.2,0.014,bid
76409.1,0.02,bid
76409.0,0.02,bid
76408.9,0.548,bid
76408.8,0.02,bid
76408.7,0.01,bid
76408.6,0.021,bid
76408.5,0.156,bid
76408.4,0.001,bid
76408.2,0.156,bid
76408.0,0.052,bid
76407.8,0.001,bid
76407.6,0.043,bid
76407.5,0.001,bid
76407.4,0.065,bid
76407.3,0.042,bid
76407.2,0.16,bid
76407.1,0.202,bid
76407.0,0.131,bid
76406.9,0.299,bid
76406.8,0.143,bid
76406.6,0.45,bid
76406.5,0.065,bid
76406.4,0.359,bid
76406.3,0.386,bid
76406.2,0.014,bid
76406.1,2.09,bid
76406.0,0.091,bid
76405.9,0.001,bid
76405.7,0.067,bid
76405.6,0.065,bid
76405.5,0.111,bid
76405.3,0.091,bid
76405.2,0.065,bid
76405.1,0.065,bid
76405.0,0.168,bid
76404.9,0.065,bid
76404.8,0.156,bid
76404.7,0.441,bid
76404.6,0.001,bid
76404.3,0.008,bid
76404.2,0.19,bid
76404.1,0.071,bid
76404.0,0.009,bid
76403.9,0.065,bid
76403.8,0.261,bid
76403.7,1.44,bid
76403.6,0.065,bid
76403.4,0.076,bid
76403.2,0.554,bid
76403.1,1.532,bid
76403.0,0.119,bid
76402.8,1.92,bid
76402.7,0.026,bid
76402.6,0.026,bid
76402.5,0.002,bid
76402.4,0.131,bid
76402.2,0.003,bid
76401.9,0.093,bid
76401.8,0.092,bid
76401.5,0.156,bid
76401.4,0.156,bid
76401.3,0.013,bid
76401.1,0.359,bid
76400.9,0.001,bid
76400.8,0.09,bid
76400.6,0.022,bid
76400.4,0.2,bid
76400.2,0.13,bid
76400.0,0.742,bid
76399.7,0.002,bid
76399.6,0.002,bid
76399.5,0.691,bid
76399.4,0.053,bid
76399.3,0.042,bid
76399.2,0.139,bid
76399.0,1.471,bid
76398.9,2.677,bid
76398.8,1.439,bid
76398.7,0.012,bid
76398.6,0.142,bid
76398.5,0.182,bid
76398.4,0.012,bid
76398.3,0.001,bid
76398.2,0.02,bid
76398.1,1.607,bid
76398.0,0.602,bid
76397.9,1.303,bid
76397.8,0.014,bid
76397.7,0.006,bid
76397.6,0.039,bid
76397.5,0.029,bid
76397.4,0.014,bid
76397.2,0.014,bid
76397.1,0.141,bid
76397.0,0.014,bid
76396.6,0.001,bid
76396.4,1.008,bid
76396.3,0.001,bid
76396.1,0.709,bid
76396.0,0.131,bid
76395.7,0.08,bid
76395.6,0.757,bid
76395.4,0.014,bid
76395.3,1.439,bid
76395.2,0.002,bid
76395.1,0.013,bid
76395.0,2.051,bid
76394.9,0.13,bid
76394.8,0.029,bid
76394.6,0.039,bid
76394.5,0.052,bid
76394.4,0.039,bid
76394.3,0.158,bid
76394.2,0.04,bid
76394.1,0.366,bid
76393.4,0.006,bid
76393.3,0.031,bid
76393.2,0.104,bid
76393.1,0.18,bid
76393.0,0.03,bid
76392.9,0.054,bid
76392.8,0.4,bid
76392.6,0.007,bid
76392.5,0.008,bid
76392.4,0.286,bid
76392.3,0.014,bid
76392.2,0.708,bid
76392.1,0.097,bid
76392.0,0.448,bid
76391.9,0.007,bid
76391.8,1.449,bid
76391.7,1.823,bid
76391.6,0.429,bid
76391.5,0.002,bid
76391.4,2.992,bid
76391.3,2.462,bid
76391.0,0.172,bid
76390.9,0.112,bid
76390.8,0.02,bid
76390.7,0.024,bid
76421.1,20.332,ask
76421.2,1.189,ask
76421.8,0.001,ask
76422.0,0.015,ask
76422.2,0.001,ask
76422.5,0.157,ask
76422.6,0.078,ask
76422.7,1.57,ask
76423.0,0.001,ask
76423.2,0.007,ask
76423.3,0.078,ask
76423.7,0.001,ask
76423.8,0.001,ask
76424.3,0.042,ask
76424.5,0.001,ask
76424.6,0.13,ask
76424.7,0.016,ask
76424.8,0.071,ask
76425.0,0.947,ask
76425.1,0.118,ask
76425.2,0.163,ask
76425.4,0.13,ask
76425.6,0.821,ask
76425.7,0.13,ask
76425.8,0.066,ask
76426.0,0.157,ask
76426.2,0.013,ask
76426.4,0.593,ask
76426.6,0.065,ask
76426.7,0.026,ask
76426.8,0.002,ask
76426.9,0.065,ask
76427.1,0.065,ask
76427.2,0.071,ask
76427.4,0.104,ask
76427.5,0.079,ask
76427.6,0.228,ask
76427.7,0.143,ask
76427.8,0.001,ask
76427.9,0.065,ask
76428.0,0.108,ask
76428.1,0.016,ask
76428.3,0.001,ask
76428.6,0.157,ask
76428.8,0.359,ask
76428.9,0.004,ask
76429.0,0.065,ask
76429.1,0.001,ask
76429.4,0.013,ask
76429.5,0.156,ask
76429.6,1.304,ask
76429.9,0.093,ask
76430.0,0.319,ask
76430.1,0.065,ask
76430.2,0.104,ask
76430.3,0.052,ask
76430.4,0.013,ask
76430.5,1.508,ask
76430.6,1.439,ask
76431.1,0.536,ask
76431.2,0.006,ask
76431.3,0.006,ask
76431.4,0.066,ask
76431.5,0.272,ask
76431.6,0.066,ask
76431.7,0.02,ask
76431.8,0.02,ask
76431.9,0.066,ask
76432.0,0.262,ask
76432.1,0.085,ask
76432.2,0.137,ask
76432.3,0.162,ask
76432.4,0.153,ask
76432.5,0.257,ask
76432.6,0.337,ask
76432.7,0.496,ask
76432.8,0.171,ask
76432.9,0.135,ask
76433.0,0.898,ask
76433.1,0.354,ask
76433.2,0.215,ask
76433.3,0.217,ask
76433.4,2.245,ask
76433.5,1.959,ask
76433.6,0.074,ask
76433.7,0.021,ask
76433.8,0.065,ask
76433.9,1.544,ask
76434.1,0.033,ask
76434.2,0.424,ask
76434.3,0.03,ask
76434.4,0.065,ask
76434.5,0.001,ask
76434.6,0.032,ask
76434.7,0.411,ask
76434.8,0.197,ask
76434.9,0.095,ask
76435.0,0.001,ask
76435.1,0.001,ask
76435.2,0.001,ask
76435.3,0.091,ask
76435.4,0.156,ask
76435.6,0.01,ask
76435.7,0.077,ask
76435.8,0.359,ask
76436.0,0.015,ask
76436.1,0.027,ask
76436.3,0.02,ask
76436.4,0.385,ask
76436.5,0.215,ask
76436.6,0.034,ask
76436.7,0.022,ask
76436.8,0.414,ask
76436.9,0.02,ask
76437.0,0.325,ask
76437.2,0.066,ask
76437.3,0.026,ask
76437.4,0.053,ask
76437.5,0.027,ask
76437.7,0.032,ask
76437.8,0.065,ask
76437.9,0.065,ask
76438.0,2.196,ask
76438.1,1.063,ask
76438.3,1.475,ask
76438.4,0.032,ask
76438.5,0.479,ask
76438.6,0.002,ask
76438.7,0.001,ask
76438.8,0.209,ask
76439.0,0.695,ask
76439.2,0.076,ask
76439.4,0.001,ask
76439.8,0.247,ask
76439.9,0.001,ask
76440.0,0.157,ask
76440.2,0.706,ask
76440.3,0.079,ask
76440.4,2.584,ask
76440.7,0.002,ask
76440.8,0.052,ask
76440.9,0.042,ask
76441.5,0.015,ask
76441.9,0.065,ask
76442.0,1.377,ask
76442.1,0.019,ask
76442.2,0.529,ask
76442.3,0.959,ask
76442.4,0.035,ask
76442.5,0.027,ask
76443.0,0.053,ask
76443.3,0.014,ask
76443.5,0.156,ask
76443.6,0.014,ask
76443.7,0.691,ask
76443.8,0.001,ask
76444.0,0.289,ask
76444.1,2.158,ask
76444.6,0.065,ask
76444.8,0.014,ask
76444.9,0.352,ask
76445.0,0.002,ask
76445.1,0.051,ask
76445.2,0.001,ask
76445.3,1.152,ask
76445.4,1.453,ask
76445.5,0.117,ask
76445.6,0.286,ask
76445.7,0.039,ask
76445.8,0.002,ask
76445.9,0.097,ask
76446.1,0.05,ask
76446.4,0.04,ask
76446.7,0.161,ask
76446.8,0.098,ask
76446.9,0.13,ask
76447.0,0.318,ask
76447.1,0.081,ask
76447.2,0.001,ask
76447.3,0.055,ask
76447.4,0.114,ask
76447.5,0.034,ask
76447.6,0.736,ask
76447.7,0.014,ask
76447.8,0.079,ask
76448.0,0.787,ask
76448.2,0.001,ask
76448.3,0.137,ask
76448.4,0.166,ask
76448.5,0.093,ask
76448.6,0.091,ask
76448.7,0.362,ask
76449.0,2.683,ask
76449.2,0.042,ask
76449.8,0.216,ask
76449.9,1.778,ask
76450.0,1.429,ask
76450.3,0.039,ask
76450.4,1.004,ask
76450.5,0.001,ask
price,volume,side
76417.0,11.582,bid
76416.9,0.001,bid
76416.8,0.588,bid
76416.2,0.001,bid
76416.0,0.094,bid
76415.9,0.02,bid
76415.7,0.054,bid
76415.5,0.156,bid
76415.4,0.001,bid
76415.1,1.471,bid
76415.0,0.202,bid
76414.9,0.002,bid
76414.7,0.013,bid
76414.5,0.012,bid
76414.2,1.229,bid
76414.1,0.042,bid
76413.9,0.001,bid
76413.5,0.001,bid
76413.4,0.098,bid
76413.3,0.125,bid
76413.2,0.08,bid
76413.1,0.945,bid
76413.0,0.012,bid
76412.8,0.018,bid
76412.7,0.006,bid
76412.6,0.359,bid
76412.5,0.527,bid
76412.4,0.001,bid
76412.3,0.025,bid
76412.2,0.003,bid
76412.0,0.208,bid
76411.9,0.359,bid
76411.6,0.157,bid
76411.5,0.001,bid
76411.3,0.065,bid
76411.1,0.718,bid
76411.0,0.001,bid
76410.9,0.001,bid
76410.7,0.117,bid
76410.6,0.13,bid
76410.5,0.207,bid
76410.4,3.107,bid
76410.3,0.136,bid
76410.2,0.474,bid
76410.1,0.288,bid
76410.0,0.677,bid
76409.9,0.518,bid
76409.8,0.296,bid
76409.7,0.686,bid
76409.6,0.077,bid
76409.5,0.001,bid
76409.4,0.032,bid
76409.3,0.08,bid
76409.2,0.945,bid
76409.1,0.077,bid
76409.0,0.122,bid
76408.7,0.006,bid
76408.6,0.002,bid
76408.5,0.156,bid
76408.4,0.012,bid
76408.3,1.449,bid
76408.2,0.57,bid
76408.0,0.373,bid
76407.9,0.321,bid
76407.8,0.29,bid
76407.7,0.006,bid
76407.6,0.467,bid
76407.5,0.078,bid
76407.3,0.785,bid
76407.0,0.079,bid
76406.8,0.013,bid
76406.7,0.087,bid
76406.6,0.074,bid
76406.5,2.369,bid
76406.3,0.072,bid
76406.2,0.065,bid
76406.0,0.065,bid
76405.8,0.012,bid
76405.7,0.001,bid
76405.6,3.781,bid
76405.5,0.253,bid
76405.4,0.091,bid
76405.3,0.945,bid
76405.1,0.078,bid
76405.0,0.183,bid
76404.9,0.065,bid
76404.8,0.248,bid
76404.6,0.039,bid
76404.5,0.026,bid
76404.3,0.071,bid
76404.2,0.09,bid
76404.1,1.453,bid
76404.0,0.144,bid
76403.9,0.065,bid
76403.8,0.065,bid
76403.7,0.144,bid
76403.6,0.066,bid
76403.5,0.021,bid
76403.4,0.008,bid
76403.3,0.008,bid
76403.2,0.053,bid
76403.1,0.248,bid
76402.8,1.99,bid
76402.5,0.002,bid
76402.4,0.006,bid
76402.3,0.011,bid
76401.8,0.159,bid
76401.7,0.08,bid
76401.6,0.012,bid
76401.5,0.18,bid
76401.4,0.176,bid
76401.3,0.012,bid
76401.0,0.916,bid
76400.9,0.015,bid
76400.8,0.001,bid
76400.7,0.03,bid
76400.6,0.033,bid
76400.4,0.014,bid
76400.3,0.001,bid
76400.0,0.966,bid
76399.9,0.068,bid
76399.8,0.015,bid
76399.7,0.01,bid
76399.6,1.485,bid
76399.5,0.722,bid
76399.4,0.015,bid
76399.3,1.527,bid
76399.2,1.439,bid
76399.0,2.187,bid
76398.9,0.067,bid
76398.8,0.169,bid
76398.7,0.039,bid
76398.6,0.048,bid
76398.5,0.039,bid
76398.4,0.039,bid
76398.1,0.006,bid
76398.0,0.313,bid
76397.9,1.18,bid
76397.8,0.01,bid
76397.5,0.092,bid
76396.8,0.772,bid
76396.5,0.049,bid
76396.3,0.197,bid
76396.1,0.71,bid
76396.0,0.052,bid
76395.9,0.065,bid
76395.8,1.439,bid
76395.7,0.002,bid
76395.6,0.695,bid
76395.5,0.001,bid
76395.3,0.092,bid
76395.2,0.014,bid
76395.1,0.072,bid
76395.0,0.099,bid
76394.9,0.13,bid
76394.8,0.01,bid
76394.6,0.156,bid
76394.5,0.156,bid
76394.3,0.026,bid
76394.2,0.001,bid
76394.1,2.246,bid
76394.0,0.958,bid
76393.9,0.158,bid
76393.8,0.021,bid
76393.6,0.01,bid
76393.5,0.208,bid
76393.4,0.014,bid
76393.3,0.002,bid
76392.9,0.119,bid
76392.7,0.091,bid
76392.6,0.021,bid
76392.5,0.001,bid
76392.4,0.065,bid
76392.3,0.196,bid
76392.2,0.71,bid
76392.1,0.002,bid
76392.0,0.127,bid
76391.9,0.072,bid
76391.8,0.008,bid
76391.7,2.178,bid
76391.5,1.439,bid
76391.4,1.848,bid
76391.3,0.359,bid
76391.2,0.001,bid
76391.1,2.382,bid
76391.0,0.282,bid
76390.9,0.065,bid
76390.5,1.966,bid
76390.4,0.068,bid
76390.3,0.234,bid
76390.2,0.001,bid
76390.0,0.001,bid
76389.9,0.065,bid
76389.8,0.001,bid
76389.7,0.198,bid
76388.7,0.002,bid
76388.6,0.004,bid
76388.4,0.039,bid
76388.3,0.71,bid
76388.2,0.065,bid
76417.1,0.055,ask
76417.6,0.001,ask
76420.0,0.026,ask
76420.7,0.001,ask
76421.0,0.002,ask
76421.7,0.047,ask
76421.8,0.156,ask
76422.3,0.013,ask
76422.5,0.156,ask
76422.7,0.01,ask
76423.0,0.188,ask
76423.1,0.013,ask
76423.3,0.359,ask
76423.8,0.027,ask
76424.0,0.052,ask
76424.5,0.001,ask
76424.7,0.002,ask
76424.8,0.004,ask
76425.0,0.005,ask
76425.1,0.001,ask
76425.2,0.156,ask
76425.3,0.001,ask
76425.5,0.003,ask
76425.9,0.696,ask
76426.0,0.169,ask
76426.1,0.024,ask
76426.3,0.012,ask
76426.7,0.007,ask
76426.8,0.002,ask
76427.1,0.009,ask
76427.5,1.441,ask
76427.6,0.002,ask
76427.8,0.001,ask
76428.0,0.052,ask
76428.1,0.001,ask
76428.3,0.001,ask
76428.5,0.001,ask
76428.6,0.156,ask
76428.8,0.13,ask
76428.9,0.065,ask
76429.1,0.001,ask
76429.5,1.541,ask
76429.9,0.001,ask
76430.0,0.001,ask
76430.1,0.001,ask
76430.4,0.092,ask
76430.5,0.398,ask
76430.6,1.815,ask
76430.8,0.195,ask
76430.9,0.13,ask
76431.0,0.001,ask
76431.1,0.022,ask
76431.2,0.001,ask
76431.3,0.065,ask
76431.4,0.066,ask
76432.0,0.208,ask
76432.1,0.409,ask
76432.2,0.36,ask
76432.3,0.797,ask
76432.5,0.034,ask
76432.6,0.568,ask
76432.7,0.946,ask
76432.8,0.111,ask
76432.9,0.016,ask
76433.0,0.163,ask
76433.1,0.002,ask
76433.2,0.002,ask
76433.4,1.257,ask
76433.7,0.011,ask
76433.8,0.013,ask
76433.9,1.439,ask
76434.0,0.065,ask
76434.2,0.065,ask
76434.3,0.359,ask
76434.5,0.066,ask
76434.6,0.075,ask
76434.7,0.131,ask
76434.8,0.222,ask
76435.0,0.008,ask
76435.1,0.424,ask
76435.2,0.007,ask
76435.3,0.086,ask
76435.4,0.163,ask
76435.5,0.065,ask
76435.6,0.027,ask
76435.7,0.01,ask
76435.8,0.086,ask
76435.9,0.052,ask
76436.0,0.011,ask
76436.1,0.175,ask
76436.2,0.091,ask
76436.3,0.16,ask
76436.5,0.156,ask
76436.7,0.001,ask
76436.8,0.078,ask
76436.9,0.501,ask
76437.0,0.13,ask
76437.4,0.065,ask
76437.5,0.002,ask
76437.8,1.277,ask
76437.9,0.359,ask
76438.0,0.03,ask
76438.1,1.037,ask
76438.2,0.065,ask
76438.3,1.449,ask
76438.6,0.003,ask
76438.7,0.016,ask
76438.8,0.156,ask
76438.9,0.026,ask
76439.0,0.001,ask
76439.8,0.081,ask
76439.9,0.002,ask
76440.0,0.157,ask
76440.1,0.094,ask
76440.3,0.001,ask
76440.6,0.001,ask
76440.7,0.002,ask
76440.8,0.002,ask
76440.9,0.042,ask
76441.7,0.013,ask
76441.8,2.961,ask
76442.0,0.001,ask
76442.1,0.066,ask
76442.2,0.17,ask
76442.3,0.945,ask
76442.5,0.001,ask
76442.8,2.421,ask
76443.0,0.042,ask
76443.3,0.013,ask
76443.5,0.18,ask
76443.6,0.001,ask
76443.7,0.012,ask
76443.8,0.238,ask
76443.9,0.084,ask
76444.0,0.289,ask
76444.1,2.137,ask
76444.3,0.006,ask
76444.4,0.108,ask
76444.6,2.005,ask
76444.9,0.352,ask
76445.0,0.001,ask
76445.1,0.052,ask
76445.2,0.001,ask
76445.3,0.016,ask
76445.4,1.453,ask
76445.5,0.007,ask
76445.7,0.014,ask
76445.8,0.111,ask
76445.9,0.097,ask
76446.2,0.362,ask
76446.3,0.007,ask
76446.4,0.07,ask
76446.5,0.184,ask
76446.7,0.001,ask
76446.9,0.009,ask
76447.0,0.032,ask
76447.1,0.015,ask
76447.2,0.001,ask
76447.3,0.016,ask
76447.4,0.014,ask
76447.5,0.011,ask
76447.6,1.158,ask
76447.7,0.081,ask
76447.8,0.184,ask
76447.9,0.053,ask
76448.0,0.757,ask
76448.3,0.011,ask
76448.4,0.146,ask
76448.5,0.066,ask
76448.6,0.007,ask
76448.7,0.359,ask
76448.8,0.007,ask
76448.9,0.062,ask
76449.0,3.005,ask
76449.1,0.886,ask
76449.2,0.042,ask
76449.5,0.065,ask
76449.8,0.321,ask
76449.9,1.595,ask
76450.0,1.503,ask
76450.1,0.046,ask
76450.4,0.004,ask
76450.5,0.066,ask
76450.6,0.002,ask
76450.7,0.19,ask
76450.9,0.026,ask
76451.0,0.097,ask
76451.1,0.002,ask
76451.2,0.031,ask
76451.4,0.08,ask
76451.5,0.705,ask
76451.7,0.065,ask
76451.9,0.802,ask
76452.0,0.014,ask
76452.1,0.244,ask
76452.2,0.44,ask
76452.3,0.025,ask
76452.4,0.026,ask
76452.5,0.079,ask
76452.9,2.907,ask
price,volume,side
76442.7,8.276,bid
76442.2,0.105,bid
76442.1,0.009,bid
76441.4,0.001,bid
76440.9,0.042,bid
76440.7,0.001,bid
76440.0,0.21,bid
76439.9,0.001,bid
76439.2,0.006,bid
76439.1,0.002,bid
76438.8,0.156,bid
76438.7,0.006,bid
76438.6,0.013,bid
76438.4,0.001,bid
76437.5,0.001,bid
76437.3,0.02,bid
76437.1,0.001,bid
76437.0,1.11,bid
76436.8,0.36,bid
76436.5,0.156,bid
76436.2,0.001,bid
76436.1,0.001,bid
76436.0,0.078,bid
76435.8,0.001,bid
76435.5,0.166,bid
76435.4,0.156,bid
76435.3,0.001,bid
76435.1,0.021,bid
76435.0,0.005,bid
76434.9,0.985,bid
76434.7,0.001,bid
76434.6,0.145,bid
76434.5,0.012,bid
76434.4,0.024,bid
76434.1,0.835,bid
76434.0,0.02,bid
76433.8,0.001,bid
76433.2,0.21,bid
76433.1,1.984,bid
76433.0,0.696,bid
76432.6,0.042,bid
76432.5,0.001,bid
76432.4,0.001,bid
76432.3,0.001,bid
76432.1,0.001,bid
76432.0,0.208,bid
76431.7,0.184,bid
76431.5,0.001,bid
76431.3,0.066,bid
76431.1,0.151,bid
76431.0,0.046,bid
76430.9,0.084,bid
76430.8,0.046,bid
76430.7,0.018,bid
76430.6,0.078,bid
76430.5,1.47,bid
76430.4,0.065,bid
76430.3,0.026,bid
76430.2,0.092,bid
76430.1,0.041,bid
76430.0,0.009,bid
76429.9,0.034,bid
76429.8,0.091,bid
76429.7,1.445,bid
76429.6,0.43,bid
76429.5,0.789,bid
76429.4,3.984,bid
76429.3,0.801,bid
76429.2,0.131,bid
76429.1,0.359,bid
76429.0,0.13,bid
76428.9,0.108,bid
76428.8,0.157,bid
76428.6,1.128,bid
76428.5,0.424,bid
76428.4,0.144,bid
76428.3,0.078,bid
76428.2,0.156,bid
76428.0,0.216,bid
76427.9,0.066,bid
76427.8,0.956,bid
76427.7,0.001,bid
76427.5,0.081,bid
76427.4,0.13,bid
76427.2,0.065,bid
76427.1,0.359,bid
76427.0,0.01,bid
76426.9,0.013,bid
76426.5,0.012,bid
76426.4,0.783,bid
76426.3,0.012,bid
76426.1,0.014,bid
76426.0,0.156,bid
76425.8,3.765,bid
76425.7,1.569,bid
76425.6,0.08,bid
76425.5,2.117,bid
76425.4,0.001,bid
76425.3,0.02,bid
76425.2,0.156,bid
76425.1,0.02,bid
76425.0,0.041,bid
76424.9,0.02,bid
76424.8,0.027,bid
76424.6,0.535,bid
76424.5,0.014,bid
76424.3,0.185,bid
76424.1,0.065,bid
76424.0,0.684,bid
76423.9,1.011,bid
76423.8,0.111,bid
76423.7,0.068,bid
76423.6,0.438,bid
76423.5,0.001,bid
76423.2,0.196,bid
76422.6,0.008,bid
76422.5,0.159,bid
76422.3,0.002,bid
76422.2,0.092,bid
76422.0,0.008,bid
76421.9,1.439,bid
76421.8,0.16,bid
76421.2,0.006,bid
76421.1,0.006,bid
76421.0,0.013,bid
76420.9,0.001,bid
76420.8,0.644,bid
76420.3,1.477,bid
76420.2,1.846,bid
76420.1,0.699,bid
76420.0,1.0,bid
76419.6,0.121,bid
76419.3,1.962,bid
76419.1,0.006,bid
76419.0,0.168,bid
76418.8,0.012,bid
76418.7,0.02,bid
76418.6,1.451,bid
76418.5,0.013,bid
76418.4,0.156,bid
76418.3,0.011,bid
76418.0,0.014,bid
76417.9,1.53,bid
76417.7,0.001,bid
76417.6,0.047,bid
76417.5,0.015,bid
76417.3,0.13,bid
76417.1,0.027,bid
76417.0,0.18,bid
76416.9,0.701,bid
76416.8,0.029,bid
76416.6,0.001,bid
76416.5,0.008,bid
76416.3,0.006,bid
76416.2,1.147,bid
76416.0,0.042,bid
76415.8,0.007,bid
76415.7,0.029,bid
76415.5,0.171,bid
76415.2,0.249,bid
76415.0,0.157,bid
76414.9,0.002,bid
76414.8,0.009,bid
76414.7,0.181,bid
76414.5,1.563,bid
76414.3,0.166,bid
76414.2,1.439,bid
76414.1,1.646,bid
76413.7,0.109,bid
76413.6,1.125,bid
76413.4,0.13,bid
76413.3,0.001,bid
76413.2,0.028,bid
76413.1,0.004,bid
76413.0,0.646,bid
76412.6,0.264,bid
76412.5,0.001,bid
76412.4,0.062,bid
76412.3,0.635,bid
76412.2,2.444,bid
76411.9,0.003,bid
76411.8,0.18,bid
76411.7,0.065,bid
76411.6,0.001,bid
76411.3,0.012,bid
76411.1,0.478,bid
76411.0,0.077,bid
76410.8,0.006,bid
76410.7,0.834,bid
76410.6,0.065,bid
76410.5,1.447,bid
76410.4,0.1,bid
76410.3,1.824,bid
76410.1,0.066,bid
76410.0,0.031,bid
76409.6,0.065,bid
76409.5,0.131,bid
76409.1,0.713,bid
76408.7,0.078,bid
76408.6,0.066,bid
76442.8,7.723,ask
76443.7,0.001,ask
76443.8,0.001,ask
76444.0,0.114,ask
76444.4,0.001,ask
76444.6,0.05,ask
76445.0,0.001,ask
76445.4,0.001,ask
76445.5,0.027,ask
76445.6,0.156,ask
76445.9,0.001,ask
76446.0,0.009,ask
76446.6,0.616,ask
76446.7,1.44,ask
76446.8,0.001,ask
76447.0,0.156,ask
76447.4,0.131,ask
76447.5,0.066,ask
76447.6,0.001,ask
76448.0,0.052,ask
76448.2,0.001,ask
76448.3,0.002,ask
76448.8,0.014,ask
76448.9,0.359,ask
76449.0,0.157,ask
76449.2,0.002,ask
76449.3,0.001,ask
76449.4,2.158,ask
76449.7,0.001,ask
76449.8,0.359,ask
76449.9,0.001,ask
76450.0,1.62,ask
76450.4,0.515,ask
76450.5,0.158,ask
76450.6,0.945,ask
76450.7,0.039,ask
76450.9,0.02,ask
76451.0,0.013,ask
76451.1,0.126,ask
76451.2,0.12,ask
76451.3,0.101,ask
76451.4,0.085,ask
76451.6,0.065,ask
76451.7,0.039,ask
76451.8,0.079,ask
76451.9,0.02,ask
76452.0,0.108,ask
76452.1,0.17,ask
76452.2,3.209,ask
76452.3,2.485,ask
76452.4,0.832,ask
76452.5,1.225,ask
76452.6,0.36,ask
76452.7,0.321,ask
76452.8,0.39,ask
76452.9,0.196,ask
76453.0,0.046,ask
76453.1,0.731,ask
76453.2,1.498,ask
76453.3,0.013,ask
76453.6,0.197,ask
76453.7,0.001,ask
76453.8,0.001,ask
76454.0,0.156,ask
76454.1,0.066,ask
76454.3,0.066,ask
76454.4,0.065,ask
76454.8,0.013,ask
76454.9,0.008,ask
76455.0,0.015,ask
76455.1,0.001,ask
76455.2,0.001,ask
76455.3,0.359,ask
76455.4,0.026,ask
76455.5,0.09,ask
76455.6,0.03,ask
76455.7,0.06,ask
76455.8,0.595,ask
76455.9,0.015,ask
76456.0,0.042,ask
76456.1,0.04,ask
76456.2,0.048,ask
76456.3,1.048,ask
76456.4,0.066,ask
76456.5,0.041,ask
76456.6,0.04,ask
76456.7,0.961,ask
76456.8,0.946,ask
76457.0,0.014,ask
76457.1,0.014,ask
76457.2,0.019,ask
76457.5,0.208,ask
76457.6,0.014,ask
76457.7,0.024,ask
76457.8,0.371,ask
76457.9,0.457,ask
76458.1,0.002,ask
76458.2,0.065,ask
76458.3,0.141,ask
76458.5,0.014,ask
76458.7,0.091,ask
76458.8,0.095,ask
76458.9,0.001,ask
76459.0,0.026,ask
76459.1,0.12,ask
76459.2,0.157,ask
76459.5,0.073,ask
76459.9,0.001,ask
76460.0,0.066,ask
76460.1,0.011,ask
76460.2,0.078,ask
76460.3,0.016,ask
76460.4,1.274,ask
76460.5,1.439,ask
76460.7,0.945,ask
76460.8,0.002,ask
76460.9,0.028,ask
76461.0,0.156,ask
76461.1,0.027,ask
76461.2,0.065,ask
76461.4,0.001,ask
76461.5,0.077,ask
76461.6,0.026,ask
76461.7,0.091,ask
76461.8,0.092,ask
76461.9,0.131,ask
76462.0,0.17,ask
76462.1,0.014,ask
76462.4,0.065,ask
76462.5,0.273,ask
76462.6,0.16,ask
76462.9,0.001,ask
76463.1,0.289,ask
76463.2,0.014,ask
76463.3,0.014,ask
76463.5,0.101,ask
76463.6,0.212,ask
76464.0,0.367,ask
76464.1,0.028,ask
76464.4,0.184,ask
76464.5,1.539,ask
76464.6,0.945,ask
76465.0,0.002,ask
76465.1,0.109,ask
76465.2,0.001,ask
76465.3,0.076,ask
76465.4,0.359,ask
76465.5,0.012,ask
76465.7,0.109,ask
76465.8,0.724,ask
76465.9,0.002,ask
76466.0,0.849,ask
76466.5,0.001,ask
76466.6,0.184,ask
76466.7,0.031,ask
76467.1,0.13,ask
76467.4,2.422,ask
76467.5,0.662,ask
76467.6,0.013,ask
76467.8,0.012,ask
76468.0,0.001,ask
76468.1,0.001,ask
76468.2,0.014,ask
76468.3,0.025,ask
76468.5,0.945,ask
76468.8,0.053,ask
76468.9,0.126,ask
76469.0,0.014,ask
76469.3,0.156,ask
76469.4,0.05,ask
76469.6,0.316,ask
76469.7,0.002,ask
76469.9,0.002,ask
76470.0,0.001,ask
76470.2,0.083,ask
76470.5,0.001,ask
76470.6,0.014,ask
76470.8,0.259,ask
76471.0,0.784,ask
76471.1,0.064,ask
76471.2,0.002,ask
76471.3,0.065,ask
76471.4,0.861,ask
76471.6,0.049,ask
76471.7,1.724,ask
76471.8,0.001,ask
76471.9,0.234,ask
76472.0,0.424,ask
76472.1,0.131,ask
76472.2,0.392,ask
76472.3,0.141,ask
76472.4,0.949,ask
76472.5,0.001,ask
76472.8,0.065,ask
76472.9,0.001,ask
76473.3,0.865,ask
76473.4,0.802,ask
76473.6,0.651,ask
76473.7,0.001,ask
76473.8,0.079,ask
price,volume,side
76467.9,10.723,bid
76467.8,0.013,bid
76467.7,0.013,bid
76467.6,0.009,bid
76467.5,0.011,bid
76466.9,0.596,bid
76466.8,0.001,bid
76466.6,0.001,bid
76466.4,0.025,bid
76466.3,1.007,bid
76466.1,0.01,bid
76466.0,0.156,bid
76465.9,0.001,bid
76465.8,0.042,bid
76465.1,0.001,bid
76465.0,0.001,bid
76464.6,0.001,bid
76464.5,0.176,bid
76464.4,0.001,bid
76464.0,0.997,bid
76463.9,0.36,bid
76463.6,0.404,bid
76463.4,0.003,bid
76463.1,0.008,bid
76463.0,0.131,bid
76462.8,0.001,bid
76462.6,0.156,bid
76462.5,0.001,bid
76462.1,0.037,bid
76461.8,0.012,bid
76461.5,0.001,bid
76461.3,0.001,bid
76461.0,0.156,bid
76460.7,0.538,bid
76460.6,0.132,bid
76460.5,0.096,bid
76460.2,0.001,bid
76460.1,0.124,bid
76460.0,0.053,bid
76459.9,0.001,bid
76459.8,0.001,bid
76459.4,1.622,bid
76459.3,0.052,bid
76459.2,0.157,bid
76459.0,0.001,bid
76458.9,0.003,bid
76458.6,0.36,bid
76458.5,0.359,bid
76458.4,0.096,bid
76458.3,0.013,bid
76458.2,0.001,bid
76458.1,0.001,bid
76457.8,0.053,bid
76457.6,0.076,bid
76457.5,0.213,bid
76457.4,0.065,bid
76457.2,0.002,bid
76457.1,0.075,bid
76456.9,0.13,bid
76456.8,0.065,bid
76456.7,0.946,bid
76456.6,0.001,bid
76456.5,0.138,bid
76456.4,0.079,bid
76456.3,0.007,bid
76456.2,1.477,bid
76456.1,1.439,bid
76456.0,3.761,bid
76455.9,0.074,bid
76455.8,0.156,bid
76455.7,0.026,bid
76455.6,0.034,bid
76455.5,0.006,bid
76455.4,0.001,bid
76455.3,0.144,bid
76455.2,0.36,bid
76455.0,0.001,bid
76454.9,0.026,bid
76454.8,0.017,bid
76454.7,0.006,bid
76454.6,0.359,bid
76454.5,0.025,bid
76454.4,0.001,bid
76454.3,0.095,bid
76454.2,0.389,bid
76454.1,0.02,bid
76454.0,0.166,bid
76453.9,0.419,bid
76453.8,0.02,bid
76453.7,0.001,bid
76453.6,0.04,bid
76453.4,0.065,bid
76453.3,0.02,bid
76453.2,0.359,bid
76453.0,0.025,bid
76452.9,0.082,bid
76452.8,3.764,bid
76452.7,1.649,bid
76452.6,0.953,bid
76452.5,0.092,bid
76452.4,0.182,bid
76452.3,0.189,bid
76452.2,2.209,bid
76452.1,0.308,bid
76452.0,0.444,bid
76451.9,0.158,bid
76451.8,0.98,bid
76451.7,0.065,bid
76451.6,0.118,bid
76451.5,0.184,bid
76451.4,0.322,bid
76451.3,0.001,bid
76451.2,0.087,bid
76451.1,0.117,bid
76451.0,0.026,bid
76450.9,0.042,bid
76450.8,0.078,bid
76450.7,0.026,bid
76450.6,0.066,bid
76450.5,0.541,bid
76450.4,0.093,bid
76450.3,0.091,bid
76450.2,0.065,bid
76450.1,0.091,bid
76450.0,1.085,bid
76449.9,0.079,bid
76449.8,0.145,bid
76449.7,0.026,bid
76449.6,0.028,bid
76449.4,0.065,bid
76449.3,0.001,bid
76449.2,0.042,bid
76449.1,0.039,bid
76449.0,1.614,bid
76448.9,0.042,bid
76448.8,0.299,bid
76448.4,0.025,bid
76448.3,0.004,bid
76448.2,0.006,bid
76448.0,0.142,bid
76447.7,0.03,bid
76447.6,0.046,bid
76447.5,2.074,bid
76447.4,0.579,bid
76447.0,0.156,bid
76446.9,0.026,bid
76446.8,0.025,bid
76446.6,0.026,bid
76446.1,0.945,bid
76445.7,0.006,bid
76445.6,0.156,bid
76445.5,0.009,bid
76445.4,0.184,bid
76445.3,0.002,bid
76445.2,0.031,bid
76445.0,0.013,bid
76444.6,3.227,bid
76444.5,3.238,bid
76444.4,0.01,bid
76444.3,1.624,bid
76444.2,0.64,bid
76444.0,0.052,bid
76443.9,0.001,bid
76443.7,0.001,bid
76443.5,0.794,bid
76443.1,0.092,bid
76443.0,0.006,bid
76442.9,0.065,bid
76442.7,0.359,bid
76442.6,0.098,bid
76442.5,0.001,bid
76442.4,0.026,bid
76442.2,1.102,bid
76441.6,0.006,bid
76441.5,0.087,bid
76441.2,0.003,bid
76441.0,1.674,bid
76440.9,0.081,bid
76440.7,0.131,bid
76440.5,0.078,bid
76440.3,1.631,bid
76440.2,0.093,bid
76440.1,0.085,bid
76440.0,0.21,bid
76439.9,0.156,bid
76439.6,0.58,bid
76439.5,0.01,bid
76439.4,0.13,bid
76439.1,0.013,bid
76438.8,0.053,bid
76438.5,0.026,bid
76437.7,0.002,bid
76437.6,0.001,bid
76437.5,0.007,bid
76437.4,0.014,bid
76437.3,0.001,bid
76437.2,1.453,bid
76437.1,0.014,bid
76437.0,2.605,bid
76436.9,0.143,bid
76468.0,3.933,ask
76468.1,0.001,ask
76469.0,0.007,ask
76469.4,0.156,ask
76469.5,0.354,ask
76469.6,0.385,ask
76469.8,0.052,ask
76469.9,0.001,ask
76470.0,0.03,ask
76470.1,0.046,ask
76470.2,0.001,ask
76470.3,0.022,ask
76470.4,0.053,ask
76470.5,0.027,ask
76470.6,0.199,ask
76470.8,0.131,ask
76470.9,0.039,ask
76471.0,0.039,ask
76471.1,0.106,ask
76471.3,0.21,ask
76471.4,0.137,ask
76471.5,0.248,ask
76471.6,0.085,ask
76471.8,0.001,ask
76471.9,1.086,ask
76472.0,0.052,ask
76472.3,0.001,ask
76472.4,0.014,ask
76472.5,1.44,ask
76472.8,0.156,ask
76473.3,0.243,ask
76473.4,0.02,ask
76473.5,0.235,ask
76473.6,0.637,ask
76473.7,0.157,ask
76473.8,0.051,ask
76474.0,0.12,ask
76474.1,0.013,ask
76474.3,0.091,ask
76474.4,0.041,ask
76474.5,0.05,ask
76474.6,0.06,ask
76474.7,0.08,ask
76474.8,0.02,ask
76475.0,0.338,ask
76475.1,0.273,ask
76475.2,0.199,ask
76475.3,0.033,ask
76475.4,0.144,ask
76475.5,1.575,ask
76475.6,1.465,ask
76475.7,0.001,ask
76475.8,0.033,ask
76476.0,0.102,ask
76476.1,0.032,ask
76476.2,0.236,ask
76476.3,0.06,ask
76476.5,0.06,ask
76476.7,0.137,ask
76476.8,0.104,ask
76477.0,0.038,ask
76477.1,0.036,ask
76477.2,0.022,ask
76477.3,0.033,ask
76477.4,0.176,ask
76477.5,0.102,ask
76477.6,0.184,ask
76477.7,0.229,ask
76477.8,0.131,ask
76477.9,0.085,ask
76478.0,0.046,ask
76478.1,0.021,ask
76478.2,0.044,ask
76478.3,0.026,ask
76478.4,0.013,ask
76478.5,0.157,ask
76478.7,1.594,ask
76478.8,0.016,ask
76478.9,0.02,ask
76479.0,0.461,ask
76479.1,0.035,ask
76479.2,0.077,ask
76479.3,0.359,ask
76479.4,0.002,ask
76479.5,0.01,ask
76479.6,0.156,ask
76479.7,0.945,ask
76479.8,0.014,ask
76479.9,0.026,ask
76480.0,0.336,ask
76480.1,0.065,ask
76480.4,0.002,ask
76480.5,1.24,ask
76480.6,0.065,ask
76480.7,0.066,ask
76480.8,0.379,ask
76480.9,0.105,ask
76481.0,0.066,ask
76481.1,0.121,ask
76481.2,0.106,ask
76481.3,0.013,ask
76481.4,0.06,ask
76481.5,0.021,ask
76481.6,0.099,ask
76481.7,0.099,ask
76481.8,0.012,ask
76481.9,0.066,ask
76482.0,0.212,ask
76482.1,0.001,ask
76482.2,0.378,ask
76482.3,0.016,ask
76482.4,0.418,ask
76482.5,1.532,ask
76482.6,0.13,ask
76482.7,1.489,ask
76482.8,0.803,ask
76483.0,0.357,ask
76483.1,0.359,ask
76483.3,0.006,ask
76483.4,0.56,ask
76483.5,2.291,ask
76483.6,1.964,ask
76483.7,0.008,ask
76483.8,0.011,ask
76483.9,0.014,ask
76484.0,0.037,ask
76484.1,0.374,ask
76484.2,0.065,ask
76484.4,0.362,ask
76484.5,0.36,ask
76484.6,0.008,ask
76484.7,2.551,ask
76484.8,1.0,ask
76485.0,0.36,ask
76485.1,0.003,ask
76485.2,0.387,ask
76485.3,0.001,ask
76485.4,0.359,ask
76485.5,0.184,ask
76485.7,0.205,ask
76485.8,0.001,ask
76485.9,0.009,ask
76486.2,1.439,ask
76486.3,0.003,ask
76486.4,0.159,ask
76486.6,0.094,ask
76486.7,0.065,ask
76486.8,0.002,ask
76487.0,0.576,ask
76487.2,0.1,ask
76487.4,0.014,ask
76487.5,0.001,ask
76487.6,0.065,ask
76487.7,0.081,ask
76487.8,0.004,ask
76487.9,0.868,ask
76488.0,0.982,ask
76488.2,0.07,ask
76488.3,0.012,ask
76488.4,0.065,ask
76488.5,0.023,ask
76488.9,0.015,ask
76489.0,0.156,ask
76489.3,0.024,ask
76489.5,0.009,ask
76489.6,0.007,ask
76489.7,0.003,ask
76489.8,0.156,ask
76489.9,0.034,ask
76490.0,0.042,ask
76490.1,0.057,ask
76490.2,1.439,ask
76490.3,3.735,ask
76490.5,0.662,ask
76490.6,0.079,ask
76490.7,0.043,ask
76490.8,0.012,ask
76490.9,0.894,ask
76491.0,0.121,ask
76491.3,0.009,ask
76491.4,0.079,ask
76491.5,0.072,ask
76491.6,5.493,ask
76491.7,0.002,ask
76491.8,0.224,ask
76491.9,0.981,ask
76492.1,0.033,ask
76492.2,0.292,ask
76492.3,0.001,ask
76492.5,0.001,ask
76492.6,0.123,ask
76492.7,0.361,ask
76493.2,0.371,ask
76493.5,0.114,ask
76493.7,1.439,ask
76493.9,0.152,ask
76494.0,0.008,ask
76494.1,2.126,ask
76494.2,3.062,ask
76494.4,0.746,ask
price,volume,side
76630.9,9.591,bid
76629.2,0.156,bid
76629.0,0.104,bid
76628.9,0.001,bid
76628.6,0.001,bid
76628.0,0.052,bid
76627.9,0.001,bid
76627.6,0.001,bid
76627.4,0.013,bid
76627.1,0.001,bid
76626.9,0.001,bid
76626.5,0.06,bid
76626.3,0.041,bid
76626.2,0.001,bid
76626.1,0.16,bid
76626.0,0.08,bid
76625.9,0.06,bid
76625.8,0.559,bid
76625.6,1.147,bid
76625.5,0.675,bid
76625.1,0.046,bid
76625.0,0.014,bid
76624.9,0.086,bid
76624.8,0.385,bid
76624.6,0.491,bid
76624.5,0.231,bid
76624.4,0.294,bid
76624.3,0.158,bid
76624.1,0.18,bid
76624.0,0.118,bid
76623.9,0.04,bid
76623.8,0.079,bid
76623.6,0.088,bid
76623.3,0.001,bid
76623.2,0.073,bid
76623.1,0.378,bid
76623.0,0.02,bid
76622.9,0.04,bid
76622.6,0.066,bid
76622.5,0.001,bid
76622.4,0.177,bid
76622.0,0.241,bid
76621.8,0.001,bid
76621.6,0.02,bid
76621.0,0.001,bid
76620.4,0.001,bid
76620.2,0.001,bid
76620.1,0.719,bid
76620.0,0.053,bid
76619.9,0.027,bid
76619.7,0.514,bid
76619.6,0.001,bid
76619.5,0.027,bid
76619.3,0.091,bid
76619.1,0.358,bid
76619.0,0.157,bid
76618.9,0.065,bid
76618.8,0.065,bid
76618.7,0.001,bid
76618.6,0.091,bid
76618.5,0.156,bid
76618.3,1.297,bid
76618.1,0.358,bid
76617.9,0.027,bid
76617.8,0.067,bid
76617.5,0.001,bid
76617.2,0.001,bid
76616.5,0.423,bid
76616.4,0.001,bid
76616.1,0.001,bid
76616.0,0.052,bid
76615.8,0.001,bid
76615.6,0.426,bid
76615.5,0.001,bid
76615.3,0.4,bid
76615.2,0.13,bid
76615.0,0.416,bid
76614.9,0.001,bid
76614.8,0.358,bid
76614.4,1.01,bid
76614.3,0.065,bid
76614.2,0.13,bid
76614.1,0.358,bid
76613.9,0.077,bid
76613.8,0.359,bid
76613.6,0.001,bid
76613.5,0.026,bid
76613.4,0.002,bid
76613.3,0.026,bid
76612.9,0.009,bid
76612.7,0.01,bid
76612.5,0.033,bid
76612.4,0.03,bid
76612.2,1.594,bid
76612.0,0.052,bid
76611.8,0.067,bid
76611.7,0.236,bid
76611.5,0.156,bid
76611.4,0.04,bid
76611.1,0.078,bid
76610.5,0.007,bid
76610.4,0.032,bid
76610.3,0.022,bid
76610.0,0.001,bid
76609.9,0.013,bid
76609.5,0.01,bid
76609.0,0.059,bid
76608.9,0.006,bid
76608.8,0.174,bid
76608.5,0.764,bid
76608.4,0.001,bid
76608.1,1.652,bid
76608.0,0.895,bid
76607.8,2.054,bid
76607.7,0.945,bid
76607.5,0.001,bid
76607.3,0.006,bid
76607.2,0.001,bid
76607.1,0.013,bid
76607.0,0.042,bid
76606.6,0.03,bid
76606.5,0.249,bid
76606.3,0.01,bid
76606.1,0.04,bid
76606.0,0.03,bid
76605.9,0.001,bid
76605.7,0.001,bid
76605.6,0.065,bid
76605.5,0.196,bid
76605.4,0.156,bid
76605.2,0.156,bid
76605.1,0.005,bid
76605.0,0.001,bid
76604.9,0.002,bid
76604.6,0.001,bid
76604.5,0.157,bid
76604.2,3.758,bid
76604.1,0.799,bid
76604.0,0.052,bid
76603.9,0.313,bid
76603.7,0.765,bid
76602.8,1.437,bid
76602.7,0.001,bid
76602.5,0.001,bid
76602.0,0.006,bid
76601.5,0.006,bid
76601.4,0.026,bid
76601.1,0.127,bid
76600.7,0.946,bid
76600.6,0.001,bid
76600.4,0.006,bid
76600.3,0.392,bid
76600.2,0.647,bid
76600.0,0.25,bid
76599.8,2.408,bid
76599.7,1.437,bid
76599.6,0.001,bid
76599.5,0.001,bid
76599.4,0.023,bid
76599.2,0.065,bid
76599.0,0.011,bid
76598.9,0.007,bid
76598.8,0.085,bid
76598.7,0.155,bid
76598.6,0.01,bid
76598.4,0.065,bid
76598.3,1.413,bid
76598.1,0.002,bid
76598.0,0.001,bid
76597.7,1.467,bid
76597.6,0.073,bid
76597.5,0.001,bid
76597.3,0.002,bid
76597.0,0.003,bid
76596.9,0.262,bid
76596.8,1.022,bid
76596.5,3.387,bid
76596.4,2.943,bid
76596.3,0.813,bid
76596.2,0.005,bid
76596.1,1.567,bid
76596.0,0.17,bid
76595.9,0.001,bid
76595.8,0.04,bid
76595.7,0.039,bid
76595.6,0.039,bid
76595.5,0.039,bid
76595.3,0.001,bid
76595.2,0.065,bid
76595.0,0.002,bid
76594.5,1.957,bid
76594.4,0.065,bid
76594.2,0.013,bid
76594.1,0.006,bid
76594.0,0.014,bid
76593.8,0.262,bid
76593.7,0.001,bid
76593.6,0.262,bid
76593.5,0.001,bid
76593.2,0.013,bid
76631.0,10.156,ask
76631.3,0.015,ask
76631.8,0.002,ask
76631.9,0.001,ask
76632.0,0.052,ask
76632.4,0.004,ask
76632.5,0.156,ask
76632.9,0.545,ask
76633.0,1.437,ask
76633.1,0.001,ask
76633.2,0.026,ask
76633.4,0.013,ask
76633.5,0.016,ask
76633.9,0.002,ask
76634.0,0.304,ask
76634.2,0.016,ask
76634.5,0.001,ask
76634.6,0.001,ask
76634.9,0.196,ask
76635.0,0.732,ask
76635.1,0.001,ask
76635.3,0.001,ask
76635.4,0.001,ask
76635.5,0.06,ask
76636.0,0.364,ask
76636.1,0.358,ask
76636.2,0.001,ask
76636.3,1.568,ask
76636.4,0.002,ask
76636.5,0.001,ask
76636.9,0.001,ask
76637.3,0.001,ask
76637.5,0.076,ask
76637.7,0.001,ask
76637.8,0.13,ask
76638.5,0.169,ask
76638.6,0.213,ask
76638.7,0.002,ask
76638.9,0.001,ask
76639.0,0.001,ask
76639.2,0.001,ask
76639.3,0.092,ask
76639.4,0.156,ask
76639.5,0.158,ask
76640.0,0.054,ask
76640.1,0.13,ask
76640.2,0.042,ask
76640.8,0.001,ask
76641.0,0.359,ask
76641.5,0.001,ask
76641.6,0.01,ask
76642.1,0.02,ask
76642.3,0.027,ask
76642.4,0.358,ask
76642.5,0.001,ask
76642.6,0.99,ask
76642.8,0.158,ask
76642.9,0.013,ask
76643.0,0.186,ask
76643.1,0.002,ask
76643.2,1.675,ask
76643.4,0.015,ask
76643.8,0.007,ask
76644.0,0.016,ask
76644.1,0.065,ask
76644.2,0.026,ask
76644.4,0.104,ask
76644.6,0.376,ask
76644.7,0.014,ask
76644.9,0.022,ask
76645.0,0.001,ask
76645.1,0.13,ask
76645.2,0.13,ask
76645.3,0.001,ask
76645.4,0.001,ask
76645.5,0.014,ask
76645.6,0.358,ask
76645.8,0.15,ask
76646.0,0.066,ask
76646.1,0.245,ask
76646.2,2.348,ask
76646.3,0.02,ask
76646.4,0.06,ask
76646.6,0.021,ask
76646.7,0.02,ask
76646.8,0.007,ask
76646.9,0.04,ask
76647.0,0.132,ask
76647.1,0.04,ask
76647.2,0.081,ask
76647.3,0.094,ask
76647.4,0.072,ask
76647.5,0.503,ask
76647.6,0.152,ask
76647.7,0.23,ask
76647.8,0.309,ask
76647.9,1.245,ask
76648.0,0.245,ask
76648.1,0.065,ask
76648.2,0.013,ask
76648.3,0.04,ask
76648.4,0.034,ask
76648.5,0.042,ask
76648.6,0.024,ask
76648.7,0.086,ask
76648.8,0.026,ask
76648.9,0.247,ask
76649.0,1.444,ask
76649.1,0.04,ask
76649.2,0.014,ask
76649.4,0.281,ask
76649.6,0.358,ask
76649.7,0.144,ask
76649.9,0.001,ask
76650.0,0.725,ask
76650.1,0.091,ask
76650.2,0.359,ask
76650.3,0.04,ask
76650.4,0.027,ask
76650.5,0.091,ask
76650.6,0.085,ask
76650.7,0.745,ask
76650.8,0.066,ask
76650.9,0.056,ask
76651.0,0.17,ask
76651.2,0.063,ask
76651.5,2.741,ask
76651.7,0.026,ask
76651.8,0.007,ask
76652.1,1.438,ask
76652.4,0.081,ask
76652.5,0.001,ask
76652.6,0.157,ask
76652.8,0.13,ask
76652.9,4.627,ask
76653.0,1.537,ask
76653.2,0.001,ask
76653.3,0.913,ask
76653.4,0.945,ask
76653.5,0.005,ask
76653.6,0.044,ask
76653.8,0.001,ask
76653.9,0.17,ask
76654.0,0.113,ask
76654.2,0.065,ask
76654.3,0.001,ask
76654.4,0.004,ask
76654.5,0.001,ask
76654.7,0.66,ask
76654.9,0.132,ask
76655.0,0.092,ask
76655.1,2.289,ask
76655.2,1.439,ask
76655.3,0.107,ask
76655.4,0.196,ask
76655.5,0.092,ask
76655.6,1.255,ask
76655.7,0.791,ask
76655.8,0.268,ask
76655.9,1.006,ask
76656.0,0.058,ask
76656.2,0.011,ask
76656.3,0.011,ask
76656.4,0.052,ask
76656.6,0.085,ask
76656.7,0.064,ask
76656.8,0.054,ask
76657.0,0.35,ask
76657.1,0.027,ask
76657.2,0.015,ask
76657.3,0.945,ask
76657.4,0.079,ask
76657.5,0.002,ask
76657.6,0.001,ask
76657.7,0.003,ask
76657.9,0.014,ask
76658.0,0.076,ask
76658.1,0.23,ask
76658.2,0.173,ask
76658.3,2.778,ask
76658.4,1.437,ask
76658.5,0.01,ask
76658.6,3.859,ask
76658.7,0.007,ask
76658.8,0.137,ask
76659.0,0.003,ask
76659.1,0.001,ask
76659.2,0.014,ask
76659.3,0.015,ask
76659.4,0.046,ask
76659.5,0.225,ask
76659.6,0.079,ask
76659.7,0.002,ask
76659.8,0.015,ask
76659.9,0.015,ask
76660.0,1.319,ask
76660.1,0.008,ask
76660.2,0.017,ask
76660.3,0.1,ask
76660.4,0.007,ask
price,volume,side
76704.0,5.115,bid
76703.2,0.001,bid
76702.8,0.001,bid
76702.5,0.156,bid
76702.0,0.141,bid
76701.2,0.002,bid
76700.6,0.104,bid
76700.5,0.001,bid
76700.1,1.465,bid
76700.0,0.073,bid
76699.9,0.001,bid
76699.0,0.156,bid
76698.9,0.001,bid
76697.9,0.001,bid
76697.5,0.001,bid
76697.4,0.001,bid
76697.2,0.156,bid
76696.9,0.515,bid
76696.6,0.001,bid
76696.4,0.001,bid
76696.1,0.002,bid
76696.0,0.41,bid
76695.9,0.002,bid
76695.5,0.156,bid
76695.2,0.001,bid
76695.1,0.001,bid
76695.0,0.001,bid
76694.7,0.05,bid
76694.3,0.001,bid
76693.9,1.438,bid
76693.6,0.104,bid
76693.5,0.436,bid
76692.8,0.001,bid
76692.7,0.001,bid
76692.5,0.001,bid
76692.1,0.04,bid
76692.0,0.273,bid
76691.9,0.103,bid
76691.8,0.001,bid
76691.6,0.001,bid
76691.3,0.066,bid
76690.8,0.02,bid
76690.6,0.02,bid
76690.4,0.156,bid
76690.1,0.092,bid
76690.0,0.003,bid
76689.9,0.097,bid
76689.8,0.197,bid
76689.7,0.945,bid
76689.6,0.001,bid
76689.5,0.048,bid
76689.4,0.018,bid
76689.3,0.098,bid
76689.1,0.026,bid
76689.0,1.438,bid
76688.9,0.193,bid
76688.8,0.11,bid
76688.7,0.065,bid
76688.6,0.139,bid
76688.5,0.015,bid
76688.0,0.052,bid
76687.9,0.181,bid
76687.8,0.026,bid
76687.6,0.073,bid
76687.5,0.027,bid
76687.4,0.053,bid
76687.2,0.066,bid
76687.1,0.985,bid
76687.0,0.156,bid
76686.7,0.001,bid
76686.3,0.21,bid
76686.2,0.03,bid
76686.1,0.156,bid
76686.0,0.543,bid
76685.9,0.094,bid
76685.8,0.945,bid
76685.3,0.535,bid
76685.2,0.375,bid
76685.0,0.158,bid
76684.8,0.011,bid
76684.0,0.052,bid
76683.9,0.358,bid
76683.7,0.065,bid
76683.6,0.157,bid
76682.7,0.358,bid
76682.6,0.04,bid
76682.5,0.001,bid
76682.4,0.013,bid
76682.1,0.544,bid
76682.0,0.566,bid
76681.6,0.007,bid
76681.5,1.209,bid
76681.4,1.985,bid
76681.3,0.972,bid
76681.2,0.001,bid
76681.1,0.378,bid
76681.0,0.377,bid
76680.9,0.719,bid
76680.8,0.026,bid
76680.6,0.001,bid
76680.2,0.156,bid
76680.1,0.286,bid
76680.0,0.222,bid
76679.8,0.001,bid
76679.7,0.012,bid
76679.6,0.021,bid
76679.5,0.093,bid
76679.4,0.001,bid
76679.1,0.001,bid
76679.0,0.01,bid
76678.9,0.052,bid
76678.8,0.065,bid
76678.5,0.002,bid
76678.4,0.156,bid
76678.2,0.582,bid
76678.0,2.134,bid
76677.9,0.912,bid
76677.8,0.196,bid
76677.7,0.358,bid
76677.5,1.979,bid
76677.4,0.946,bid
76677.2,0.012,bid
76676.8,0.156,bid
76676.7,0.065,bid
76676.6,0.391,bid
76676.4,0.01,bid
76676.2,0.195,bid
76676.1,0.026,bid
76676.0,0.145,bid
76675.9,0.065,bid
76675.8,0.001,bid
76675.7,0.132,bid
76675.5,0.001,bid
76675.4,0.091,bid
76675.3,0.026,bid
76675.2,0.13,bid
76675.0,0.028,bid
76674.8,0.084,bid
76674.7,2.448,bid
76674.6,0.182,bid
76674.5,0.157,bid
76674.4,1.567,bid
76674.3,0.934,bid
76674.2,0.013,bid
76673.9,0.026,bid
76673.7,0.358,bid
76673.6,0.535,bid
76673.5,0.066,bid
76673.4,0.156,bid
76673.3,0.008,bid
76673.0,0.001,bid
76672.8,0.509,bid
76672.7,0.065,bid
76672.6,0.013,bid
76672.5,0.359,bid
76672.3,0.19,bid
76672.0,0.052,bid
76671.9,1.481,bid
76671.8,0.958,bid
76671.7,0.078,bid
76671.6,0.001,bid
76671.4,0.001,bid
76671.3,0.017,bid
76671.0,0.16,bid
76670.9,1.437,bid
76670.5,0.013,bid
76670.4,0.543,bid
76670.0,0.105,bid
76669.9,0.001,bid
76669.7,0.537,bid
76669.6,0.262,bid
76669.4,0.001,bid
76669.3,0.026,bid
76669.2,0.651,bid
76669.1,0.2,bid
76669.0,0.026,bid
76668.9,0.589,bid
76668.5,0.058,bid
76668.4,0.287,bid
76668.3,0.051,bid
76668.2,2.57,bid
76668.1,0.003,bid
76668.0,0.144,bid
76667.9,0.945,bid
76667.6,0.42,bid
76667.5,0.157,bid
76667.4,2.366,bid
76667.1,0.279,bid
76666.6,0.052,bid
76666.5,0.554,bid
76666.0,0.079,bid
76665.9,0.001,bid
76665.8,0.535,bid
76665.7,0.002,bid
76665.0,0.001,bid
76664.5,0.13,bid
76664.4,2.45,bid
76664.3,1.437,bid
76664.0,0.997,bid
76663.8,0.098,bid
76704.1,10.085,ask
76704.5,0.065,ask
76704.8,0.065,ask
76705.0,1.086,ask
76705.1,0.158,ask
76705.3,1.172,ask
76705.4,0.019,ask
76705.6,0.003,ask
76706.3,0.001,ask
76706.7,0.01,ask
76707.1,0.196,ask
76707.3,0.917,ask
76707.9,0.02,ask
76708.0,0.052,ask
76708.8,0.001,ask
76709.3,0.132,ask
76709.4,0.252,ask
76709.5,0.156,ask
76709.6,0.025,ask
76709.7,0.065,ask
76709.8,0.014,ask
76710.0,0.283,ask
76710.1,0.002,ask
76710.4,0.001,ask
76710.5,0.018,ask
76710.8,0.105,ask
76710.9,0.091,ask
76711.0,0.34,ask
76711.2,0.945,ask
76711.3,0.065,ask
76711.4,0.014,ask
76711.5,0.004,ask
76711.7,0.013,ask
76711.8,0.016,ask
76711.9,0.065,ask
76712.0,0.682,ask
76712.1,0.039,ask
76712.2,0.014,ask
76712.3,0.019,ask
76712.4,0.026,ask
76712.5,0.027,ask
76712.6,0.013,ask
76712.8,0.001,ask
76713.0,0.003,ask
76713.2,0.001,ask
76713.5,0.014,ask
76713.6,0.077,ask
76713.8,1.472,ask
76713.9,0.014,ask
76714.1,0.006,ask
76714.2,0.047,ask
76714.3,0.133,ask
76714.4,0.93,ask
76714.6,0.278,ask
76714.7,0.029,ask
76714.8,0.012,ask
76714.9,0.197,ask
76715.0,0.127,ask
76715.1,0.011,ask
76715.2,0.014,ask
76715.3,0.004,ask
76715.4,0.385,ask
76715.5,0.006,ask
76715.6,0.001,ask
76715.7,0.002,ask
76715.8,0.004,ask
76715.9,0.02,ask
76716.2,0.001,ask
76716.3,0.014,ask
76716.4,0.02,ask
76716.5,0.002,ask
76716.6,0.017,ask
76716.8,0.053,ask
76716.9,1.53,ask
76717.0,1.397,ask
76717.2,0.013,ask
76717.3,0.086,ask
76717.4,0.225,ask
76717.5,0.001,ask
76717.6,0.04,ask
76717.7,0.004,ask
76717.9,0.015,ask
76718.0,0.026,ask
76718.1,0.001,ask
76718.3,0.001,ask
76718.4,0.006,ask
76718.5,0.067,ask
76718.7,0.009,ask
76718.8,0.079,ask
76719.0,0.05,ask
76719.1,0.026,ask
76719.2,0.326,ask
76719.4,0.011,ask
76719.5,0.015,ask
76719.6,0.027,ask
76719.8,0.193,ask
76719.9,0.105,ask
76720.0,0.667,ask
76720.1,0.001,ask
76720.2,0.001,ask
76720.4,1.489,ask
76720.5,0.091,ask
76720.6,0.004,ask
76720.7,0.013,ask
76720.8,0.223,ask
76720.9,0.945,ask
76721.1,0.001,ask
76721.2,0.001,ask
76721.6,0.065,ask
76721.7,0.001,ask
76721.8,0.001,ask
76721.9,0.014,ask
76722.0,0.143,ask
76722.1,0.032,ask
76722.2,0.068,ask
76722.3,0.013,ask
76722.5,0.032,ask
76722.8,0.001,ask
76723.0,0.001,ask
76723.1,0.358,ask
76723.2,0.295,ask
76723.3,3.166,ask
76723.4,0.041,ask
76723.7,0.11,ask
76723.8,0.183,ask
76723.9,0.016,ask
76724.0,0.139,ask
76724.1,0.009,ask
76724.2,0.002,ask
76724.4,0.001,ask
76724.5,0.529,ask
76724.6,0.001,ask
76724.7,1.483,ask
76724.8,0.997,ask
76725.0,0.444,ask
76725.4,0.253,ask
76725.5,0.002,ask
76725.8,3.146,ask
76726.0,0.014,ask
76726.2,0.001,ask
76726.3,0.016,ask
76726.4,0.008,ask
76726.5,0.001,ask
76726.6,0.156,ask
76726.7,0.013,ask
76727.0,0.358,ask
76727.1,0.002,ask
76727.2,0.136,ask
76727.3,0.148,ask
76727.4,0.001,ask
76727.5,0.001,ask
76727.6,0.001,ask
76727.7,0.066,ask
76727.9,1.437,ask
76728.0,0.016,ask
76728.4,0.006,ask
76728.5,0.001,ask
76728.6,0.135,ask
76728.7,0.945,ask
76728.9,0.033,ask
76729.1,0.047,ask
76729.4,0.429,ask
76729.5,0.001,ask
76729.7,0.196,ask
76729.8,4.712,ask
76729.9,5.101,ask
76730.0,0.106,ask
76730.1,0.002,ask
76730.2,0.174,ask
76730.3,0.026,ask
76730.4,0.262,ask
76730.6,0.18,ask
76730.7,0.071,ask
76730.8,0.058,ask
76731.0,0.117,ask
76731.3,0.001,ask
76731.4,0.004,ask
76731.5,0.307,ask
76731.7,0.001,ask
76731.8,0.002,ask
76731.9,0.002,ask
76732.0,0.1,ask
76732.3,0.004,ask
76732.4,0.012,ask
76732.5,0.002,ask
76732.6,0.956,ask
76732.7,0.273,ask
76732.8,0.165,ask
76733.0,0.015,ask
76733.3,0.022,ask
76733.5,0.03,ask
76733.7,0.26,ask
76733.8,0.065,ask
76733.9,0.031,ask
76734.1,0.132,ask
76734.2,0.017,ask
76734.3,0.01,ask
76734.5,0.065,ask
76734.6,0.081,ask
76734.8,0.249,ask
price,volume,side
76647.0,12.929,bid
76646.9,0.097,bid
76646.8,0.951,bid
76646.3,0.001,bid
76646.2,1.663,bid
76646.1,0.183,bid
76645.9,0.065,bid
76645.8,0.067,bid
76645.5,0.065,bid
76645.4,0.001,bid
76645.2,0.359,bid
76645.1,0.065,bid
76645.0,0.001,bid
76644.8,0.006,bid
76644.7,0.066,bid
76644.3,0.065,bid
76644.1,0.001,bid
76643.9,0.118,bid
76643.2,0.015,bid
76643.1,0.002,bid
76643.0,0.156,bid
76642.9,0.001,bid
76642.8,0.156,bid
76642.5,0.001,bid
76642.4,0.001,bid
76642.2,2.299,bid
76642.0,0.065,bid
76641.6,0.001,bid
76641.5,0.006,bid
76641.4,0.013,bid
76641.2,0.071,bid
76641.0,1.001,bid
76640.9,0.099,bid
76640.8,0.006,bid
76640.7,0.13,bid
76640.4,0.026,bid
76640.3,0.006,bid
76640.1,0.008,bid
76640.0,0.111,bid
76639.9,0.013,bid
76639.8,0.043,bid
76639.7,0.052,bid
76639.6,0.092,bid
76639.5,0.286,bid
76639.4,0.156,bid
76639.3,0.36,bid
76639.2,0.008,bid
76639.1,0.359,bid
76639.0,0.372,bid
76638.6,3.757,bid
76638.5,0.888,bid
76638.4,0.045,bid
76638.3,0.02,bid
76638.2,0.001,bid
76638.1,0.481,bid
76638.0,2.977,bid
76637.9,1.475,bid
76637.8,0.081,bid
76637.7,0.053,bid
76637.6,0.08,bid
76637.5,0.071,bid
76637.4,0.02,bid
76637.2,0.026,bid
76637.0,0.001,bid
76636.9,0.01,bid
76636.7,0.019,bid
76636.6,0.222,bid
76636.5,0.21,bid
76636.4,0.446,bid
76636.3,0.839,bid
76636.2,0.026,bid
76636.1,0.77,bid
76636.0,0.488,bid
76635.9,0.111,bid
76635.8,0.163,bid
76635.7,0.309,bid
76635.6,0.961,bid
76635.5,0.014,bid
76635.4,0.359,bid
76635.2,0.001,bid
76635.0,0.001,bid
76634.9,0.038,bid
76634.8,0.006,bid
76634.7,0.36,bid
76634.6,1.487,bid
76634.5,1.996,bid
76634.4,0.03,bid
76634.2,0.021,bid
76634.1,0.02,bid
76634.0,0.097,bid
76633.8,0.01,bid
76633.7,0.006,bid
76633.6,0.202,bid
76633.5,0.004,bid
76633.4,0.052,bid
76633.3,0.001,bid
76633.2,0.001,bid
76632.9,0.028,bid
76632.8,0.065,bid
76632.6,0.162,bid
76632.5,0.134,bid
76632.4,0.039,bid
76632.3,0.043,bid
76632.2,0.001,bid
76632.1,0.001,bid
76631.9,0.067,bid
76631.8,0.527,bid
76631.7,0.946,bid
76631.6,0.041,bid
76631.4,0.066,bid
76631.3,0.092,bid
76631.2,0.065,bid
76631.0,1.552,bid
76630.9,0.002,bid
76630.8,2.063,bid
76630.7,0.052,bid
76630.6,0.016,bid
76630.5,0.164,bid
76630.4,0.06,bid
76630.3,0.012,bid
76630.2,0.007,bid
76630.1,0.785,bid
76630.0,0.132,bid
76629.9,0.131,bid
76629.8,0.165,bid
76629.7,0.065,bid
76629.6,0.026,bid
76629.5,0.012,bid
76629.4,0.095,bid
76629.2,0.156,bid
76629.0,1.688,bid
76628.9,0.065,bid
76628.8,0.032,bid
76628.7,0.014,bid
76628.6,0.221,bid
76628.4,0.071,bid
76628.1,0.001,bid
76628.0,0.095,bid
76627.9,0.044,bid
76627.8,0.975,bid
76627.7,0.002,bid
76627.6,0.105,bid
76627.5,0.112,bid
76627.3,0.003,bid
76627.2,1.532,bid
76627.1,1.481,bid
76627.0,1.964,bid
76626.9,1.445,bid
76626.8,0.002,bid
76626.7,0.065,bid
76626.4,0.065,bid
76626.3,0.088,bid
76626.2,0.85,bid
76626.1,0.026,bid
76626.0,0.784,bid
76625.9,0.079,bid
76625.8,0.156,bid
76625.6,0.001,bid
76625.5,0.665,bid
76625.3,0.026,bid
76625.1,0.006,bid
76625.0,0.001,bid
76624.8,0.043,bid
76624.7,0.099,bid
76624.5,0.065,bid
76624.3,0.065,bid
76624.1,0.389,bid
76624.0,0.03,bid
76623.7,0.001,bid
76623.6,0.003,bid
76623.5,0.124,bid
76623.4,0.007,bid
76623.3,0.092,bid
76623.2,1.462,bid
76623.1,1.667,bid
76622.9,0.036,bid
76622.8,0.068,bid
76622.7,0.324,bid
76622.5,0.002,bid
76622.4,0.209,bid
76622.3,0.785,bid
76622.2,0.002,bid
76622.1,0.788,bid
76622.0,0.156,bid
76621.8,0.012,bid
76621.6,0.002,bid
76621.0,1.957,bid
76620.9,0.22,bid
76620.5,0.007,bid
76620.4,0.007,bid
76620.3,0.156,bid
76620.1,0.945,bid
76620.0,0.983,bid
76619.9,0.001,bid
76619.7,0.006,bid
76619.5,0.001,bid
76619.2,2.463,bid
76619.1,0.016,bid
76619.0,0.009,bid
76618.9,1.435,bid
76647.1,8.496,ask
76647.6,0.002,ask
76649.0,0.01,ask
76649.1,0.001,ask
76649.2,0.003,ask
76649.5,0.031,ask
76649.6,0.104,ask
76649.9,0.857,ask
76650.0,1.03,ask
76650.1,0.001,ask
76650.2,0.001,ask
76650.4,0.001,ask
76650.7,0.001,ask
76650.8,0.013,ask
76651.3,0.024,ask
76651.5,0.001,ask
76651.6,0.012,ask
76652.0,0.07,ask
76652.5,0.001,ask
76652.7,0.001,ask
76652.9,0.123,ask
76653.0,1.539,ask
76653.5,0.013,ask
76653.6,0.014,ask
76653.9,0.001,ask
76654.0,0.926,ask
76654.3,0.001,ask
76654.4,0.012,ask
76654.5,0.001,ask
76654.9,0.99,ask
76655.0,0.001,ask
76655.3,0.359,ask
76655.5,0.526,ask
76655.6,0.005,ask
76655.9,0.001,ask
76656.0,0.069,ask
76656.1,0.034,ask
76656.2,0.001,ask
76656.3,0.008,ask
76656.4,0.243,ask
76656.8,1.5,ask
76657.1,0.066,ask
76657.2,0.065,ask
76657.4,0.026,ask
76657.5,0.001,ask
76657.7,0.059,ask
76657.8,0.172,ask
76657.9,0.1,ask
76658.0,0.002,ask
76658.1,0.106,ask
76658.2,0.021,ask
76658.3,0.08,ask
76658.4,0.085,ask
76658.5,0.06,ask
76658.6,0.092,ask
76658.7,0.078,ask
76658.8,0.971,ask
76658.9,0.13,ask
76659.0,1.198,ask
76659.1,0.073,ask
76659.2,0.212,ask
76659.3,0.339,ask
76659.4,0.762,ask
76659.5,1.028,ask
76659.6,0.537,ask
76659.7,0.269,ask
76659.8,4.212,ask
76659.9,1.942,ask
76660.0,7.499,ask
76660.1,0.422,ask
76660.2,0.102,ask
76660.3,0.13,ask
76660.4,0.02,ask
76660.5,0.276,ask
76660.6,0.105,ask
76660.7,0.06,ask
76660.9,0.105,ask
76661.1,0.025,ask
76661.4,1.46,ask
76661.5,0.003,ask
76661.6,0.015,ask
76661.9,0.362,ask
76662.1,0.02,ask
76662.2,0.24,ask
76662.3,0.431,ask
76662.4,0.083,ask
76662.5,0.021,ask
76662.6,0.396,ask
76662.7,0.948,ask
76662.8,0.401,ask
76662.9,0.041,ask
76663.0,0.01,ask
76663.2,0.105,ask
76663.3,0.018,ask
76663.4,0.154,ask
76663.5,0.065,ask
76663.9,0.945,ask
76664.0,0.052,ask
76664.1,0.006,ask
76664.2,0.438,ask
76664.3,0.029,ask
76664.6,0.121,ask
76664.7,0.165,ask
76664.8,0.014,ask
76664.9,0.398,ask
76665.0,1.879,ask
76665.1,0.002,ask
76665.2,0.105,ask
76665.3,0.065,ask
76665.4,0.131,ask
76665.5,0.9,ask
76665.6,0.36,ask
76665.7,0.066,ask
76665.8,0.002,ask
76665.9,0.196,ask
76666.0,0.42,ask
76666.1,0.065,ask
76666.3,0.156,ask
76666.4,0.132,ask
76666.5,0.143,ask
76666.6,1.699,ask
76666.8,0.217,ask
76666.9,0.455,ask
76667.0,0.007,ask
76667.1,0.754,ask
76667.2,0.002,ask
76667.3,0.028,ask
76667.4,0.003,ask
76667.5,0.001,ask
76667.6,0.008,ask
76667.8,0.954,ask
76667.9,0.008,ask
76668.0,0.069,ask
76668.2,0.006,ask
76668.4,0.015,ask
76668.9,0.004,ask
76669.2,0.048,ask
76669.3,0.003,ask
76669.5,3.415,ask
76669.6,0.094,ask
76669.7,0.792,ask
76669.8,0.021,ask
76669.9,1.493,ask
76670.0,6.203,ask
76670.2,0.039,ask
76670.3,0.002,ask
76670.5,0.007,ask
76670.6,0.076,ask
76670.8,0.003,ask
76671.0,1.374,ask
76671.1,0.025,ask
76671.2,0.097,ask
76671.4,0.014,ask
76671.5,0.065,ask
76671.6,0.378,ask
76671.7,0.946,ask
76671.9,0.001,ask
76672.0,0.001,ask
76672.1,0.001,ask
76672.2,0.03,ask
76672.3,0.01,ask
76672.4,0.814,ask
76672.5,0.001,ask
76672.8,0.009,ask
76672.9,0.821,ask
76673.0,2.508,ask
76673.1,0.784,ask
76673.2,0.652,ask
76673.3,0.609,ask
76673.4,0.105,ask
76673.6,2.219,ask
76673.7,0.132,ask
76673.8,0.004,ask
76673.9,0.053,ask
76674.5,0.002,ask
76674.6,0.143,ask
76674.7,0.014,ask
76674.8,0.144,ask
76675.0,1.003,ask
76675.2,0.014,ask
76675.5,0.013,ask
76675.6,0.961,ask
76675.8,2.476,ask
76675.9,0.002,ask
76676.0,0.081,ask
76676.1,1.441,ask
76676.2,0.036,ask
76676.3,0.019,ask
76676.4,0.04,ask
76676.6,0.002,ask
76676.8,1.323,ask
76676.9,0.001,ask
76677.0,0.827,ask
76677.2,0.005,ask
76677.3,0.06,ask
76677.4,1.707,ask
76677.5,4.389,ask
76677.6,0.001,ask
76677.8,0.001,ask
76677.9,1.501,ask
price,volume,side
76479.0,36.424,bid
76477.9,0.179,bid
76477.8,0.233,bid
76477.5,0.001,bid
76477.3,0.001,bid
76476.5,0.132,bid
76476.2,0.104,bid
76475.8,0.002,bid
76475.1,0.006,bid
76475.0,0.159,bid
76474.7,0.223,bid
76474.6,0.012,bid
76474.5,0.001,bid
76474.3,0.001,bid
76474.2,0.012,bid
76474.1,0.633,bid
76473.9,0.945,bid
76473.8,0.002,bid
76473.6,0.222,bid
76473.5,0.003,bid
76472.8,0.105,bid
76472.5,0.001,bid
76472.1,0.015,bid
76472.0,1.436,bid
76471.9,0.001,bid
76471.8,0.001,bid
76471.6,0.009,bid
76471.5,0.156,bid
76471.4,0.009,bid
76471.3,0.001,bid
76471.2,0.001,bid
76470.2,0.359,bid
76470.1,0.003,bid
76470.0,0.001,bid
76469.9,0.009,bid
76469.8,1.044,bid
76469.7,0.946,bid
76469.4,0.214,bid
76469.3,0.18,bid
76469.0,0.053,bid
76468.9,1.439,bid
76468.8,0.002,bid
76468.6,0.274,bid
76468.2,0.001,bid
76468.0,0.156,bid
76467.8,0.028,bid
76467.7,0.757,bid
76467.5,0.163,bid
76467.4,3.096,bid
76467.3,0.003,bid
76467.2,0.175,bid
76467.1,0.006,bid
76466.8,0.533,bid
76466.7,0.026,bid
76466.6,0.01,bid
76466.1,1.535,bid
76466.0,0.119,bid
76465.9,0.001,bid
76465.8,1.48,bid
76465.7,3.648,bid
76465.6,0.677,bid
76465.5,0.009,bid
76465.4,0.196,bid
76465.3,0.071,bid
76465.2,0.74,bid
76465.1,0.36,bid
76465.0,0.006,bid
76464.9,0.09,bid
76464.8,0.018,bid
76464.7,0.065,bid
76464.5,0.196,bid
76464.4,0.029,bid
76464.3,0.086,bid
76464.2,0.071,bid
76464.1,0.425,bid
76464.0,0.026,bid
76463.9,0.052,bid
76463.8,0.458,bid
76463.7,0.026,bid
76463.6,0.388,bid
76463.5,0.374,bid
76463.4,0.538,bid
76463.3,0.227,bid
76463.2,0.167,bid
76463.1,0.06,bid
76463.0,0.033,bid
76462.9,0.092,bid
76462.8,0.026,bid
76462.7,0.205,bid
76462.6,0.613,bid
76462.5,0.022,bid
76462.4,2.046,bid
76462.3,0.78,bid
76462.2,0.065,bid
76462.1,0.114,bid
76462.0,0.065,bid
76461.9,0.065,bid
76461.8,0.1,bid
76461.7,0.947,bid
76461.6,0.134,bid
76461.5,0.098,bid
76461.4,0.124,bid
76461.3,0.143,bid
76461.2,0.001,bid
76461.1,0.392,bid
76461.0,0.202,bid
76460.9,0.014,bid
76460.8,0.027,bid
76460.7,0.092,bid
76460.6,1.435,bid
76460.5,0.034,bid
76460.4,0.118,bid
76460.1,0.236,bid
76460.0,1.044,bid
76459.9,0.457,bid
76459.8,0.069,bid
76459.7,0.142,bid
76459.6,0.04,bid
76459.5,0.131,bid
76459.4,0.04,bid
76459.3,0.002,bid
76459.2,0.238,bid
76459.1,0.169,bid
76459.0,0.793,bid
76458.9,0.02,bid
76458.8,0.14,bid
76458.6,0.157,bid
76458.4,0.715,bid
76458.3,0.095,bid
76458.2,0.423,bid
76458.1,0.79,bid
76458.0,0.022,bid
76457.9,0.03,bid
76457.8,0.945,bid
76457.7,0.002,bid
76457.6,0.03,bid
76457.5,0.191,bid
76457.4,0.052,bid
76457.3,0.021,bid
76457.1,0.021,bid
76456.8,0.041,bid
76456.6,0.015,bid
76456.5,0.04,bid
76456.3,0.026,bid
76456.2,0.001,bid
76456.1,1.474,bid
76456.0,1.328,bid
76455.9,0.001,bid
76455.8,0.463,bid
76455.7,0.039,bid
76455.6,0.003,bid
76455.5,0.011,bid
76455.3,0.001,bid
76455.1,1.962,bid
76455.0,0.012,bid
76454.9,0.001,bid
76454.6,0.014,bid
76454.5,1.093,bid
76454.4,0.001,bid
76454.3,0.014,bid
76454.2,0.824,bid
76454.1,0.274,bid
76454.0,0.176,bid
76453.8,0.001,bid
76453.7,0.097,bid
76453.6,0.194,bid
76453.2,0.015,bid
76453.1,0.001,bid
76453.0,0.001,bid
76452.8,0.005,bid
76452.7,0.002,bid
76452.6,0.018,bid
76452.5,0.015,bid
76452.4,0.105,bid
76452.3,0.052,bid
76452.2,0.284,bid
76452.1,1.864,bid
76452.0,1.511,bid
76451.9,0.092,bid
76451.8,0.016,bid
76451.7,0.034,bid
76451.5,0.001,bid
76451.4,0.007,bid
76451.3,0.955,bid
76451.2,0.136,bid
76451.1,0.002,bid
76451.0,0.192,bid
76450.9,0.001,bid
76450.8,0.02,bid
76450.6,0.78,bid
76450.5,0.287,bid
76450.4,0.134,bid
76450.3,0.726,bid
76450.1,0.002,bid
76450.0,0.873,bid
76449.9,0.001,bid
76449.8,0.008,bid
76449.5,0.005,bid
76449.4,0.915,bid
76449.2,0.014,bid
76479.1,0.51,ask
76479.5,0.001,ask
76479.7,0.04,ask
76479.8,0.012,ask
76480.0,0.026,ask
76480.1,0.001,ask
76480.2,0.02,ask
76480.3,0.005,ask
76481.2,0.02,ask
76481.5,0.02,ask
76481.7,0.02,ask
76481.8,0.001,ask
76482.0,0.27,ask
76482.3,0.04,ask
76482.4,0.052,ask
76482.5,0.052,ask
76482.6,0.048,ask
76482.7,0.014,ask
76482.8,0.013,ask
76482.9,0.001,ask
76483.0,0.177,ask
76483.4,0.001,ask
76483.5,0.07,ask
76483.7,0.013,ask
76483.9,0.026,ask
76484.0,0.429,ask
76484.1,0.067,ask
76484.2,0.204,ask
76484.3,0.177,ask
76484.4,0.29,ask
76484.5,0.154,ask
76484.6,0.223,ask
76484.7,0.033,ask
76484.8,0.046,ask
76484.9,0.014,ask
76485.0,0.001,ask
76485.4,0.041,ask
76485.5,0.158,ask
76485.6,0.021,ask
76485.8,0.022,ask
76486.0,0.359,ask
76486.2,0.02,ask
76486.4,0.556,ask
76486.5,0.849,ask
76486.6,0.216,ask
76486.7,0.722,ask
76486.8,0.087,ask
76486.9,0.046,ask
76487.0,0.052,ask
76487.1,0.026,ask
76487.2,0.053,ask
76487.3,0.013,ask
76487.4,0.001,ask
76487.5,0.001,ask
76487.6,0.012,ask
76487.9,0.001,ask
76488.0,0.085,ask
76488.2,0.02,ask
76488.7,0.004,ask
76489.0,0.156,ask
76489.1,0.02,ask
76489.2,0.01,ask
76489.4,0.001,ask
76489.5,0.001,ask
76489.6,0.001,ask
76489.7,0.053,ask
76489.8,0.182,ask
76489.9,0.718,ask
76490.0,0.011,ask
76490.2,1.252,ask
76490.3,1.794,ask
76490.9,0.359,ask
76491.0,0.001,ask
76491.1,0.026,ask
76491.2,0.453,ask
76491.4,0.001,ask
76491.8,0.002,ask
76491.9,0.065,ask
76492.0,0.069,ask
76492.1,0.065,ask
76492.2,0.008,ask
76492.4,0.043,ask
76492.5,0.158,ask
76492.6,0.068,ask
76492.8,0.065,ask
76492.9,0.301,ask
76493.0,0.065,ask
76493.1,0.065,ask
76493.2,0.165,ask
76493.3,0.145,ask
76493.4,0.004,ask
76493.5,0.196,ask
76493.6,0.026,ask
76493.7,0.091,ask
76493.8,0.04,ask
76493.9,0.002,ask
76494.0,0.001,ask
76494.1,1.348,ask
76494.3,0.522,ask
76494.4,0.949,ask
76494.5,0.026,ask
76494.7,1.435,ask
76495.0,0.004,ask
76495.1,0.104,ask
76495.2,0.026,ask
76495.5,0.066,ask
76495.6,0.001,ask
76496.0,0.225,ask
76496.1,0.065,ask
76496.2,0.13,ask
76496.5,0.065,ask
76496.6,0.156,ask
76496.8,0.02,ask
76496.9,0.075,ask
76497.0,0.006,ask
76497.1,0.016,ask
76497.2,0.043,ask
76497.3,0.025,ask
76497.4,0.038,ask
76497.5,0.001,ask
76497.6,0.945,ask
76497.7,0.157,ask
76497.8,0.082,ask
76498.1,2.606,ask
76498.2,0.378,ask
76498.3,1.435,ask
76498.6,0.013,ask
76498.7,0.007,ask
76499.0,0.007,ask
76499.1,0.36,ask
76499.2,0.016,ask
76499.3,0.003,ask
76499.5,0.254,ask
76499.8,2.461,ask
76500.0,0.237,ask
76500.2,0.001,ask
76500.3,0.047,ask
76500.5,0.2,ask
76500.7,0.01,ask
76500.9,0.008,ask
76501.1,0.157,ask
76501.3,0.295,ask
76501.4,1.632,ask
76501.7,0.001,ask
76501.8,1.647,ask
76501.9,0.073,ask
76502.0,0.987,ask
76502.1,0.18,ask
76502.2,0.001,ask
76502.3,0.014,ask
76502.5,0.001,ask
76502.6,0.014,ask
76502.8,0.013,ask
76502.9,0.028,ask
76503.0,0.014,ask
76503.1,0.161,ask
76503.2,0.325,ask
76503.3,0.017,ask
76504.0,0.001,ask
76504.2,0.011,ask
76504.3,0.012,ask
76504.4,0.004,ask
76504.5,0.015,ask
76504.7,0.776,ask
76504.9,0.001,ask
76505.0,0.062,ask
76505.1,0.18,ask
76505.2,0.146,ask
76505.3,0.009,ask
76505.4,1.64,ask
76505.5,0.032,ask
76505.6,0.728,ask
76505.7,0.022,ask
76505.8,0.179,ask
76505.9,0.095,ask
76506.0,1.379,ask
76506.3,0.001,ask
76506.4,0.023,ask
76506.5,0.014,ask
76506.6,0.337,ask
76506.7,0.052,ask
76506.8,0.5,ask
76506.9,0.017,ask
76507.1,0.13,ask
76507.2,0.065,ask
76507.3,0.747,ask
76507.5,0.001,ask
76507.7,0.121,ask
76507.8,0.017,ask
76508.1,0.016,ask
76508.3,0.065,ask
76508.4,0.392,ask
76508.6,0.73,ask
76508.8,0.262,ask
76509.0,0.052,ask
76509.2,2.376,ask
76509.3,0.001,ask
76509.6,0.945,ask
76509.7,0.079,ask
76509.8,0.079,ask
price,volume,side
76401.0,20.946,bid
76400.9,2.322,bid
76400.8,0.001,bid
76400.5,0.001,bid
76400.2,0.001,bid
76400.1,1.078,bid
76400.0,12.626,bid
76399.9,0.309,bid
76399.4,0.003,bid
76399.3,0.116,bid
76399.1,0.006,bid
76399.0,0.393,bid
76398.7,0.004,bid
76398.6,0.001,bid
76398.1,0.5,bid
76398.0,0.402,bid
76397.9,0.003,bid
76397.8,0.002,bid
76397.7,0.087,bid
76397.3,0.016,bid
76397.1,0.001,bid
76396.8,0.03,bid
76396.5,1.1,bid
76396.4,0.001,bid
76396.3,0.001,bid
76396.0,0.001,bid
76395.8,0.002,bid
76395.6,0.001,bid
76395.4,0.001,bid
76395.2,0.02,bid
76395.0,0.048,bid
76394.8,0.016,bid
76394.7,0.001,bid
76394.6,0.678,bid
76394.5,0.18,bid
76394.3,0.013,bid
76393.8,0.001,bid
76393.7,0.014,bid
76393.4,0.006,bid
76393.3,0.045,bid
76393.2,0.954,bid
76393.1,0.04,bid
76393.0,0.02,bid
76392.9,0.082,bid
76392.8,0.04,bid
76392.5,0.02,bid
76392.4,0.031,bid
76392.3,0.171,bid
76392.2,0.001,bid
76392.1,0.021,bid
76392.0,0.084,bid
76391.9,0.078,bid
76391.8,0.005,bid
76391.5,0.047,bid
76391.4,0.001,bid
76391.3,0.004,bid
76391.2,0.164,bid
76391.1,0.1,bid
76391.0,0.161,bid
76390.9,1.926,bid
76390.6,0.078,bid
76390.5,1.059,bid
76390.4,0.095,bid
76390.1,1.435,bid
76390.0,1.018,bid
76389.9,0.001,bid
76389.6,0.014,bid
76389.5,0.001,bid
76389.4,0.02,bid
76389.3,0.296,bid
76389.1,0.039,bid
76389.0,0.433,bid
76388.8,0.103,bid
76388.7,0.014,bid
76388.6,0.02,bid
76388.5,0.401,bid
76388.4,0.042,bid
76388.3,0.066,bid
76388.1,0.479,bid
76388.0,0.311,bid
76387.9,0.692,bid
76387.8,0.176,bid
76387.5,0.161,bid
76387.4,0.002,bid
76387.2,0.359,bid
76387.1,2.336,bid
76387.0,2.056,bid
76386.8,0.359,bid
76386.7,0.004,bid
76386.6,0.001,bid
76386.4,0.065,bid
76386.3,0.026,bid
76386.2,0.026,bid
76386.1,0.065,bid
76386.0,0.375,bid
76385.9,1.304,bid
76385.8,0.126,bid
76385.7,0.004,bid
76385.6,0.026,bid
76385.5,0.043,bid
76385.4,0.133,bid
76385.3,0.166,bid
76385.2,0.14,bid
76385.1,0.091,bid
76385.0,0.254,bid
76384.9,0.118,bid
76384.8,0.065,bid
76384.7,0.039,bid
76384.6,0.422,bid
76384.5,0.079,bid
76384.4,0.156,bid
76384.3,0.105,bid
76384.2,0.029,bid
76384.1,0.25,bid
76384.0,0.676,bid
76383.9,0.066,bid
76383.8,1.435,bid
76383.7,2.722,bid
76383.5,0.065,bid
76383.4,0.048,bid
76383.3,0.065,bid
76383.1,0.014,bid
76383.0,0.367,bid
76382.9,0.039,bid
76382.7,0.166,bid
76382.6,0.065,bid
76382.5,0.001,bid
76382.3,0.004,bid
76382.1,0.079,bid
76382.0,0.947,bid
76381.9,0.001,bid
76381.8,0.007,bid
76381.7,0.02,bid
76381.5,0.002,bid
76381.1,0.112,bid
76381.0,0.223,bid
76380.8,0.002,bid
76380.5,2.599,bid
76380.1,0.002,bid
76380.0,1.958,bid
76379.9,0.001,bid
76379.5,1.542,bid
76379.3,0.001,bid
76379.2,0.06,bid
76379.1,0.007,bid
76379.0,0.012,bid
76378.9,0.007,bid
76378.7,0.916,bid
76378.5,0.004,bid
76378.4,0.109,bid
76378.3,0.009,bid
76378.2,0.001,bid
76378.1,0.275,bid
76378.0,0.294,bid
76377.7,0.002,bid
76377.6,0.156,bid
76377.5,0.158,bid
76377.4,1.436,bid
76377.3,0.167,bid
76377.2,0.2,bid
76377.1,0.043,bid
76377.0,0.457,bid
76376.9,0.266,bid
76376.7,0.001,bid
76376.6,0.784,bid
76376.5,0.817,bid
76376.4,0.021,bid
76376.3,0.003,bid
76376.2,0.065,bid
76376.1,0.065,bid
76376.0,0.129,bid
76375.8,0.02,bid
76375.7,0.025,bid
76375.6,2.197,bid
76375.5,0.945,bid
76375.4,0.065,bid
76375.3,0.13,bid
76375.2,0.065,bid
76375.1,0.001,bid
76375.0,0.061,bid
76374.9,0.082,bid
76374.8,0.002,bid
76374.7,0.364,bid
76374.5,0.065,bid
76374.4,0.001,bid
76374.2,0.378,bid
76374.1,0.074,bid
76374.0,0.672,bid
76373.8,0.011,bid
76373.7,1.435,bid
76373.6,0.011,bid
76373.5,0.202,bid
76373.2,0.003,bid
76373.1,0.014,bid
76373.0,0.001,bid
76372.9,0.061,bid
76372.8,0.03,bid
76372.7,1.317,bid
76372.6,0.694,bid
76372.5,0.002,bid
76401.1,54.82,ask
76401.2,0.002,ask
76401.4,1.567,ask
76401.5,0.038,ask
76401.6,0.026,ask
76401.8,0.014,ask
76402.0,0.113,ask
76402.4,0.001,ask
76402.5,0.001,ask
76402.6,0.014,ask
76402.8,0.002,ask
76403.1,0.016,ask
76403.4,0.001,ask
76403.5,0.53,ask
76403.7,0.022,ask
76403.8,0.021,ask
76403.9,0.008,ask
76404.0,1.898,ask
76404.1,0.002,ask
76404.7,0.001,ask
76404.8,0.186,ask
76405.0,0.157,ask
76405.4,0.001,ask
76405.6,0.001,ask
76406.2,1.486,ask
76406.3,0.001,ask
76406.4,0.102,ask
76406.6,1.25,ask
76406.7,0.001,ask
76406.8,0.042,ask
76406.9,0.027,ask
76407.1,0.043,ask
76407.5,0.001,ask
76407.6,0.001,ask
76407.7,0.021,ask
76408.1,0.02,ask
76408.2,0.208,ask
76408.3,0.065,ask
76408.4,0.02,ask
76408.5,0.157,ask
76408.6,0.015,ask
76408.8,0.2,ask
76408.9,0.947,ask
76409.0,0.02,ask
76409.1,0.013,ask
76409.2,0.413,ask
76409.3,0.04,ask
76409.4,1.436,ask
76409.5,0.359,ask
76409.6,0.045,ask
76410.0,0.002,ask
76410.1,0.001,ask
76410.3,0.014,ask
76410.4,0.362,ask
76410.6,1.565,ask
76410.8,0.053,ask
76410.9,0.04,ask
76411.0,0.001,ask
76411.1,0.359,ask
76411.3,0.065,ask
76411.4,0.026,ask
76411.5,0.021,ask
76411.6,0.156,ask
76411.7,0.001,ask
76412.0,0.156,ask
76412.2,0.02,ask
76412.3,0.004,ask
76412.4,0.065,ask
76412.5,0.389,ask
76412.7,1.435,ask
76412.8,0.951,ask
76412.9,0.002,ask
76413.0,0.1,ask
76413.1,0.092,ask
76413.2,0.001,ask
76413.3,0.004,ask
76413.4,0.094,ask
76413.5,0.915,ask
76413.7,0.007,ask
76413.8,0.069,ask
76414.3,2.436,ask
76414.6,0.178,ask
76414.7,0.09,ask
76414.8,0.001,ask
76415.0,0.163,ask
76415.1,0.365,ask
76415.2,2.427,ask
76415.3,0.097,ask
76415.5,0.21,ask
76415.6,0.119,ask
76415.7,0.055,ask
76415.8,0.119,ask
76415.9,0.12,ask
76416.0,1.721,ask
76416.1,0.001,ask
76416.2,0.132,ask
76416.3,0.444,ask
76416.4,0.004,ask
76416.6,0.083,ask
76416.9,0.065,ask
76417.0,0.027,ask
76417.1,0.091,ask
76417.2,0.945,ask
76417.3,0.158,ask
76417.4,0.075,ask
76417.5,0.033,ask
76417.6,0.171,ask
76417.7,0.031,ask
76417.8,0.013,ask
76417.9,0.029,ask
76418.0,0.124,ask
76418.1,0.028,ask
76418.2,1.565,ask
76418.4,0.156,ask
76418.5,0.014,ask
76418.9,0.804,ask
76419.0,0.156,ask
76419.1,1.526,ask
76419.2,0.015,ask
76419.7,0.097,ask
76419.9,0.392,ask
76420.0,0.197,ask
76420.1,0.196,ask
76420.2,0.51,ask
76420.3,0.079,ask
76420.4,0.025,ask
76420.7,0.002,ask
76420.8,0.001,ask
76421.1,0.359,ask
76421.5,0.196,ask
76421.8,0.156,ask
76421.9,0.065,ask
76422.0,2.118,ask
76422.1,0.061,ask
76422.2,1.544,ask
76422.5,0.157,ask
76422.7,0.001,ask
76422.8,0.784,ask
76422.9,0.014,ask
76423.0,1.89,ask
76423.2,0.007,ask
76423.4,0.007,ask
76423.5,0.059,ask
76423.6,0.092,ask
76423.7,0.002,ask
76423.8,0.008,ask
76423.9,0.002,ask
76424.0,1.899,ask
76424.1,0.007,ask
76424.2,0.007,ask
76424.4,0.016,ask
76424.5,0.393,ask
76424.7,0.001,ask
76424.9,0.234,ask
76425.0,0.001,ask
76425.2,0.156,ask
76425.3,0.001,ask
76425.4,2.219,ask
76425.6,0.002,ask
76425.8,1.996,ask
76425.9,0.007,ask
76426.0,0.156,ask
76426.1,0.043,ask
76426.7,0.706,ask
76426.8,0.36,ask
76426.9,0.945,ask
76427.1,0.006,ask
76427.2,0.078,ask
76427.5,0.017,ask
76427.7,0.111,ask
76427.8,0.079,ask
76427.9,0.13,ask
76428.0,0.006,ask
76428.1,0.044,ask
76428.3,0.001,ask
76428.5,0.001,ask
76428.6,0.052,ask
76428.8,0.196,ask
76429.0,1.435,ask
76429.1,0.095,ask
76429.3,0.693,ask
76429.4,2.749,ask
76429.5,2.616,ask
76429.6,0.014,ask
76429.7,0.52,ask
76429.9,0.001,ask
76430.0,0.001,ask
76430.1,0.166,ask
76430.2,0.015,ask
76430.6,0.74,ask
76431.0,0.014,ask
76431.1,0.001,ask
76431.3,0.001,ask
76431.4,0.015,ask
76431.6,0.395,ask
76431.7,0.237,ask
76431.8,0.13,ask
76431.9,0.106,ask
76432.0,0.01,ask
76432.1,2.026,ask
price,volume,side
76411.4,24.456,bid
76411.3,0.944,bid
76410.1,1.297,bid
76410.0,0.286,bid
76409.4,0.001,bid
76409.3,0.006,bid
76408.8,0.002,bid
76408.5,0.156,bid
76408.2,0.156,bid
76407.5,0.946,bid
76407.4,0.001,bid
76407.1,0.046,bid
76407.0,1.054,bid
76406.2,0.053,bid
76406.1,2.021,bid
76405.8,0.001,bid
76405.6,0.002,bid
76405.5,0.011,bid
76405.4,0.01,bid
76405.3,0.018,bid
76405.0,0.185,bid
76404.9,0.001,bid
76404.8,0.157,bid
76404.4,0.041,bid
76404.0,1.488,bid
76403.9,0.359,bid
76403.8,0.438,bid
76403.7,0.001,bid
76403.6,0.947,bid
76403.3,0.072,bid
76403.2,0.001,bid
76403.1,0.122,bid
76403.0,0.165,bid
76402.8,0.097,bid
76402.7,0.527,bid
76402.6,0.016,bid
76402.5,0.002,bid
76402.2,0.011,bid
76402.1,0.011,bid
76402.0,0.001,bid
76401.9,0.008,bid
76401.8,0.001,bid
76401.7,0.501,bid
76401.5,0.156,bid
76401.4,0.156,bid
76401.3,0.001,bid
76401.1,0.02,bid
76401.0,0.467,bid
76400.9,0.024,bid
76400.8,0.061,bid
76400.6,0.085,bid
76400.5,0.196,bid
76400.4,1.435,bid
76400.3,7.732,bid
76400.2,0.003,bid
76400.1,0.881,bid
76400.0,10.05,bid
76399.9,1.776,bid
76399.8,0.494,bid
76399.7,0.945,bid
76399.6,0.493,bid
76399.5,0.359,bid
76399.4,0.027,bid
76399.3,0.181,bid
76399.1,0.106,bid
76399.0,0.393,bid
76398.9,0.001,bid
76398.8,2.954,bid
76398.7,0.004,bid
76398.6,0.001,bid
76398.5,0.066,bid
76398.3,0.45,bid
76398.1,0.638,bid
76398.0,0.447,bid
76397.9,0.386,bid
76397.8,0.368,bid
76397.7,0.087,bid
76397.5,0.374,bid
76397.4,0.001,bid
76397.3,0.016,bid
76397.2,0.01,bid
76397.1,0.066,bid
76397.0,0.028,bid
76396.8,0.03,bid
76396.4,0.041,bid
76396.3,0.021,bid
76396.2,0.392,bid
76396.1,0.939,bid
76396.0,0.154,bid
76395.9,0.091,bid
76395.8,0.973,bid
76395.7,0.065,bid
76395.4,0.054,bid
76395.3,0.05,bid
76395.2,0.072,bid
76395.1,0.039,bid
76395.0,0.192,bid
76394.9,0.065,bid
76394.8,0.093,bid
76394.7,0.066,bid
76394.6,0.268,bid
76394.5,0.206,bid
76394.4,0.085,bid
76394.3,0.086,bid
76394.2,0.001,bid
76394.1,0.085,bid
76394.0,2.014,bid
76393.9,0.144,bid
76393.8,0.067,bid
76393.7,0.001,bid
76393.6,0.026,bid
76393.5,0.065,bid
76393.4,0.006,bid
76393.3,1.437,bid
76393.0,0.01,bid
76392.9,0.058,bid
76392.5,0.02,bid
76392.4,0.018,bid
76392.3,0.175,bid
76392.2,0.8,bid
76392.1,0.063,bid
76392.0,0.084,bid
76391.9,0.078,bid
76391.8,0.006,bid
76391.7,0.945,bid
76391.6,0.065,bid
76391.5,0.047,bid
76391.4,0.001,bid
76391.3,0.004,bid
76391.2,0.164,bid
76391.1,0.001,bid
76391.0,0.226,bid
76390.9,1.763,bid
76390.8,0.011,bid
76390.4,0.001,bid
76390.2,0.015,bid
76390.1,1.474,bid
76390.0,1.727,bid
76389.9,0.001,bid
76389.8,0.069,bid
76389.7,0.053,bid
76389.6,0.007,bid
76389.5,0.016,bid
76389.4,0.026,bid
76389.3,0.004,bid
76389.1,0.022,bid
76389.0,0.102,bid
76388.9,0.004,bid
76388.8,0.003,bid
76388.7,0.001,bid
76388.5,0.015,bid
76388.4,0.011,bid
76388.3,0.785,bid
76388.2,0.78,bid
76388.0,0.325,bid
76387.9,0.001,bid
76387.8,0.163,bid
76387.6,0.009,bid
76387.5,0.158,bid
76387.3,0.014,bid
76387.2,0.107,bid
76387.1,2.323,bid
76387.0,1.456,bid
76386.9,0.028,bid
76386.7,0.001,bid
76386.6,0.002,bid
76386.5,0.009,bid
76386.0,0.662,bid
76385.9,0.974,bid
76385.7,0.001,bid
76385.6,0.001,bid
76385.5,0.017,bid
76385.4,0.001,bid
76385.3,0.012,bid
76385.2,0.01,bid
76385.1,2.47,bid
76385.0,0.041,bid
76384.9,0.002,bid
76384.8,0.014,bid
76384.7,0.007,bid
76384.6,0.043,bid
76384.4,0.888,bid
76384.3,0.79,bid
76384.2,0.001,bid
76384.1,0.257,bid
76384.0,0.555,bid
76383.9,0.001,bid
76383.8,1.435,bid
76383.7,0.102,bid
76383.4,0.076,bid
76383.2,0.017,bid
76383.0,0.296,bid
76382.9,0.05,bid
76382.7,0.053,bid
76382.6,0.015,bid
76382.5,0.009,bid
76382.4,0.03,bid
76382.3,0.004,bid
76382.2,0.039,bid
76382.1,2.622,bid
76411.5,13.325,ask
76411.6,0.188,ask
76412.0,0.128,ask
76412.2,0.4,ask
76412.3,0.066,ask
76412.8,0.013,ask
76413.0,0.004,ask
76413.1,0.001,ask
76413.2,0.001,ask
76413.8,0.001,ask
76414.6,1.199,ask
76414.9,2.922,ask
76415.0,0.16,ask
76415.3,0.001,ask
76415.4,0.001,ask
76415.5,0.156,ask
76415.9,0.01,ask
76416.0,0.052,ask
76416.1,0.002,ask
76416.3,0.001,ask
76416.5,0.057,ask
76416.9,0.021,ask
76417.0,0.002,ask
76417.1,0.041,ask
76417.4,0.112,ask
76417.5,0.021,ask
76417.6,0.001,ask
76417.7,0.379,ask
76417.8,0.04,ask
76417.9,0.02,ask
76418.2,0.001,ask
76418.3,0.02,ask
76418.4,0.157,ask
76418.5,0.02,ask
76418.7,1.327,ask
76419.0,1.604,ask
76419.2,0.012,ask
76419.3,0.021,ask
76419.4,0.582,ask
76419.5,0.088,ask
76419.6,0.053,ask
76419.7,0.103,ask
76419.8,0.016,ask
76419.9,0.001,ask
76420.0,0.507,ask
76420.1,0.012,ask
76420.2,0.001,ask
76420.3,0.02,ask
76420.4,0.02,ask
76420.6,0.012,ask
76420.7,0.001,ask
76420.8,0.081,ask
76420.9,0.547,ask
76421.0,0.086,ask
76421.1,0.036,ask
76421.2,0.059,ask
76421.3,0.059,ask
76421.4,0.059,ask
76421.5,0.079,ask
76421.7,0.003,ask
76421.8,0.156,ask
76421.9,0.012,ask
76422.0,0.007,ask
76422.1,1.436,ask
76422.2,0.124,ask
76422.3,0.209,ask
76422.4,0.092,ask
76422.5,0.222,ask
76422.6,1.822,ask
76422.7,0.228,ask
76422.8,0.222,ask
76422.9,0.563,ask
76423.0,0.478,ask
76423.1,0.076,ask
76423.2,0.985,ask
76423.3,0.065,ask
76423.4,0.013,ask
76423.5,0.007,ask
76423.6,0.021,ask
76423.7,0.072,ask
76423.8,0.001,ask
76423.9,0.002,ask
76424.0,0.066,ask
76424.1,0.013,ask
76424.2,0.041,ask
76424.3,0.065,ask
76424.5,0.001,ask
76424.6,0.082,ask
76424.7,0.386,ask
76424.8,0.104,ask
76424.9,0.439,ask
76425.0,0.001,ask
76425.1,0.118,ask
76425.2,1.591,ask
76425.3,0.053,ask
76425.4,0.05,ask
76425.5,0.425,ask
76425.6,0.028,ask
76425.7,0.065,ask
76425.8,0.359,ask
76425.9,0.106,ask
76426.0,1.367,ask
76426.1,0.005,ask
76426.2,0.002,ask
76426.3,0.015,ask
76426.4,0.001,ask
76426.5,0.014,ask
76426.7,0.765,ask
76426.8,0.073,ask
76426.9,0.014,ask
76427.2,0.096,ask
76427.3,0.065,ask
76427.5,0.001,ask
76427.6,0.017,ask
76427.8,0.065,ask
76428.0,0.052,ask
76428.1,0.001,ask
76428.2,0.001,ask
76428.3,1.448,ask
76428.4,0.002,ask
76428.5,0.017,ask
76428.6,0.178,ask
76428.7,0.13,ask
76428.9,0.13,ask
76429.2,0.014,ask
76429.3,0.04,ask
76429.4,0.014,ask
76429.5,1.231,ask
76429.7,1.846,ask
76429.8,0.095,ask
76429.9,0.045,ask
76430.0,0.112,ask
76430.2,0.111,ask
76430.3,0.001,ask
76430.4,0.196,ask
76430.6,0.778,ask
76430.7,0.001,ask
76430.9,0.014,ask
76431.0,0.036,ask
76431.4,2.352,ask
76431.5,0.489,ask
76431.6,0.002,ask
76431.7,0.026,ask
76431.8,0.002,ask
76432.0,0.208,ask
76432.2,0.014,ask
76432.3,0.001,ask
76432.4,0.066,ask
76432.5,0.005,ask
76432.6,0.053,ask
76432.8,0.052,ask
76432.9,0.118,ask
76433.0,0.156,ask
76433.1,0.22,ask
76433.2,0.003,ask
76433.3,0.014,ask
76433.4,1.125,ask
76433.7,0.046,ask
76433.8,0.091,ask
76433.9,2.486,ask
76434.0,0.651,ask
76434.1,0.242,ask
76434.2,0.062,ask
76434.3,0.014,ask
76434.4,0.268,ask
76434.5,2.221,ask
76434.6,0.014,ask
76434.8,0.184,ask
76434.9,0.014,ask
76435.0,0.001,ask
76435.1,0.512,ask
76435.2,0.359,ask
76435.3,0.009,ask
76435.4,0.156,ask
76435.5,0.166,ask
76435.7,0.001,ask
76435.8,2.52,ask
76435.9,0.028,ask
76436.0,0.631,ask
76436.1,0.002,ask
76436.3,0.012,ask
76436.5,0.156,ask
76437.0,0.065,ask
76437.1,3.863,ask
76437.2,0.104,ask
76437.4,0.182,ask
76437.5,0.002,ask
76437.6,1.435,ask
76437.7,0.033,ask
76437.9,0.021,ask
76438.0,0.007,ask
76438.3,0.156,ask
76438.4,1.734,ask
76438.5,1.125,ask
76438.6,0.375,ask
76438.8,0.052,ask
76439.0,0.381,ask
76439.3,0.018,ask
76439.4,0.03,ask
76439.6,0.016,ask
