date,open,high,low,close,volume,y,coef,upper_band,lower_band,band_dist,extrema,last_min_peak,last_max_peak,h_dist,l_dist,h_ratio,l_ratio,l_h_ratio,l_l_ratio,last_max,last_min,enter_tag,enter_long,enter_short
2024-11-16 03:37:00+00:00,91311.0,91428.7,91276.0,91399.7,153.704,90870.33795071079,-0.06426742706762488,91195.12221667275,90545.55368474883,649.5685319239274,1,91105.1,91275.2,233.5777833272441,0.0,0.3595891300882768,0.0,0.3205620695376841,-1.0591906290804354,91202.2,91137.3,,,
2024-11-16 03:38:00+00:00,91399.7,91413.4,91286.6,91311.1,38.393,90870.27368328373,-0.06426742706762488,91195.05794924569,90545.48941732176,649.5685319239274,0,91105.1,91275.2,0.0,0.0,0.0,0.0,0.3205620695376841,-1.0591906290804354,91202.2,91137.3,,,
2024-11-16 03:39:00+00:00,91311.1,91353.4,91273.6,91328.3,62.616,90870.20941585665,-0.06426742706762488,91194.99368181861,90545.42514989468,649.5685319239274,0,91105.1,91275.2,0.0,0.0,0.0,0.0,0.3205620695376841,-1.0591906290804354,91202.2,91137.3,,,
2024-11-16 03:40:00+00:00,91328.3,91374.4,91311.6,91365.2,34.798,90870.14514842958,-0.06426742706762488,91194.92941439155,90545.36088246762,649.5685319239274,0,91105.1,91275.2,0.0,0.0,0.0,0.0,0.3205620695376841,-1.0591906290804354,91202.2,91137.3,,,
2024-11-16 03:41:00+00:00,91365.2,91390.3,91350.0,91390.3,27.085,90870.08088100252,-0.06426742706762488,91194.86514696448,90545.29661504056,649.5685319239274,0,91105.1,91275.2,0.0,0.0,0.0,0.0,0.3205620695376841,-1.0591906290804354,91202.2,91137.3,,,
2024-11-16 03:42:00+00:00,91390.3,91393.0,91286.5,91302.0,58.153,90870.01661357546,-0.06426742706762488,91194.80087953742,90545.23234761349,649.5685319239274,0,91105.1,91275.2,0.0,0.0,0.0,0.0,0.3205620695376841,-1.0591906290804354,91202.2,91137.3,,,
2024-11-16 03:43:00+00:00,91302.0,91338.6,91291.2,91333.4,17.481,90869.95234614838,-0.06426742706762488,91194.73661211034,90545.16808018641,649.5685319239274,0,91105.1,91275.2,0.0,0.0,0.0,0.0,0.3205620695376841,-1.0591906290804354,91202.2,91137.3,,,
2024-11-16 03:44:00+00:00,91333.4,91336.6,91300.0,91305.6,33.437,90869.88807872131,-0.06426742706762488,91194.67234468328,90545.10381275935,649.5685319239274,0,91105.1,91275.2,0.0,0.0,0.0,0.0,0.3205620695376841,-1.0591906290804354,91202.2,91137.3,,,
2024-11-16 03:45:00+00:00,91305.6,91305.6,91214.6,91277.0,44.573,90869.82381129425,-0.06426742706762488,91194.60807725621,90545.03954533229,649.5685319239274,0,91105.1,91275.2,0.0,0.0,0.0,0.0,0.3205620695376841,-1.0591906290804354,91202.2,91137.3,,,
2024-11-16 03:46:00+00:00,91277.0,91277.1,91212.6,91269.4,19.051,90869.75954386719,-0.06426742706762488,91194.54380982915,90544.97527790522,649.5685319239274,0,91105.1,91275.2,0.0,0.0,0.0,0.0,0.3205620695376841,-1.0591906290804354,91202.2,91137.3,,,
2024-11-16 03:47:00+00:00,91269.4,91324.5,91269.4,91296.1,22.36,90869.6952764401,-0.06426742706762488,91194.47954240207,90544.91101047814,649.5685319239274,0,91105.1,91275.2,0.0,0.0,0.0,0.0,0.3205620695376841,-1.0591906290804354,91202.2,91137.3,,,
2024-11-16 03:48:00+00:00,91296.1,91327.1,91280.4,91312.2,11.069,90869.63100901304,-0.06426742706762488,91194.415274975,90544.84674305108,649.5685319239274,0,91105.1,91275.2,0.0,0.0,0.0,0.0,0.3205620695376841,-1.0591906290804354,91202.2,91137.3,,,
2024-11-16 03:49:00+00:00,91312.2,91320.0,91276.2,91276.2,5.283,90869.56674158598,-0.06426742706762488,91194.35100754794,90544.78247562402,649.5685319239274,0,91105.1,91275.2,0.0,0.0,0.0,0.0,0.3205620695376841,-1.0591906290804354,91202.2,91137.3,,,
2024-11-16 03:50:00+00:00,91276.2,91288.2,91248.6,91266.4,16.527,90869.50247415891,-0.06426742706762488,91194.28674012088,90544.71820819695,649.5685319239274,0,91105.1,91275.2,0.0,0.0,0.0,0.0,0.3205620695376841,-1.0591906290804354,91202.2,91137.3,,,
2024-11-16 03:51:00+00:00,91266.4,91324.0,91260.0,91321.3,11.175,90869.43820673184,-0.06426742706762488,91194.2224726938,90544.65394076987,649.5685319239274,0,91105.1,91275.2,0.0,0.0,0.0,0.0,0.3205620695376841,-1.0591906290804354,91202.2,91137.3,,,
2024-11-16 03:52:00+00:00,91321.3,91321.4,91206.9,91208.9,23.221,90869.37393930477,-0.06426742706762488,91194.15820526674,90544.58967334281,649.5685319239274,0,91105.1,91275.2,0.0,0.0,0.0,0.0,0.3205620695376841,-1.0591906290804354,91202.2,91137.3,,,
2024-11-16 03:53:00+00:00,91208.9,91227.2,91165.9,91203.0,22.458,90869.30967187771,-0.06426742706762488,91194.09393783967,90544.52540591575,649.5685319239274,-1,91105.1,91275.2,0.0,-621.3745940842491,0.0,-0.9565958995024406,0.3205620695376841,-1.0591906290804354,91202.2,91137.3,,,
2024-11-16 03:54:00+00:00,91203.0,91264.4,91203.0,91260.9,21.392,90869.24540445064,-0.06426742706762488,91194.02967041261,90544.46113848868,649.5685319239274,0,91105.1,91275.2,0.0,0.0,0.0,0.0,0.3205620695376841,-1.0591906290804354,91202.2,91137.3,,,
2024-11-16 03:55:00+00:00,91260.9,91321.7,91260.9,91321.7,11.4,90869.18113702357,-0.06426742706762488,91193.96540298553,90544.3968710616,649.5685319239274,0,91105.1,91275.2,0.0,0.0,0.0,0.0,0.3205620695376841,-1.0591906290804354,91202.2,91137.3,,,
2024-11-16 03:56:00+00:00,91321.7,91388.0,91321.6,91388.0,27.777,90869.1168695965,-0.06426742706762488,91193.90113555847,90544.33260363454,649.5685319239274,0,91105.1,91275.2,0.0,0.0,0.0,0.0,0.3205620695376841,-1.0591906290804354,91202.2,91137.3,,,
2024-11-16 03:57:00+00:00,91388.0,91388.7,91339.1,91339.2,32.486,90869.05260216944,-0.06426742706762488,91193.8368681314,90544.26833620747,649.5685319239274,0,91105.1,91275.2,0.0,0.0,0.0,0.0,0.3205620695376841,-1.0591906290804354,91202.2,91137.3,,,
2024-11-16 03:58:00+00:00,91339.2,91413.0,91332.9,91411.1,32.418,90868.98833474237,-0.06426742706762488,91193.77260070434,90544.20406878041,649.5685319239274,0,91105.1,91275.2,0.0,0.0,0.0,0.0,0.3205620695376841,-1.0591906290804354,91202.2,91137.3,,,
2024-11-16 03:59:00+00:00,91411.1,91411.1,91321.2,91321.3,15.692,90868.9240673153,-0.06426742706762488,91193.70833327726,90544.13980135333,649.5685319239274,0,91105.1,91275.2,0.0,0.0,0.0,0.0,0.3205620695376841,-1.0591906290804354,91202.2,91137.3,,,
2024-11-16 04:00:00+00:00,91321.3,91321.3,91244.7,91317.7,72.261,90868.85979988823,-0.06426742706762488,91193.6440658502,90544.07553392627,649.5685319239274,0,91105.1,91275.2,0.0,0.0,0.0,0.0,0.3205620695376841,-1.0591906290804354,91202.2,91137.3,,,
2024-11-16 04:01:00+00:00,91317.7,91365.3,91284.9,91365.2,24.332,90868.79553246117,-0.06426742706762488,91193.57979842313,90544.0112664992,649.5685319239274,0,91105.1,91275.2,0.0,0.0,0.0,0.0,0.3205620695376841,-1.0591906290804354,91202.2,91137.3,,,
2024-11-16 04:02:00+00:00,91365.2,91477.2,91365.1,91466.2,61.302,90868.7312650341,-0.06426742706762488,91193.51553099607,90543.94699907214,649.5685319239274,1,91105.1,91275.2,283.6844690039288,0.0,0.43672754307185535,0.0,0.3205620695376841,-1.0591906290804354,91202.2,91137.3,,,
2024-11-16 04:03:00+00:00,91466.2,91466.2,91309.6,91309.7,20.356,90868.66699760703,-0.06426742706762488,91193.45126356899,90543.88273164506,649.5685319239274,0,91105.1,91275.2,0.0,0.0,0.0,0.0,0.3205620695376841,-1.0591906290804354,91202.2,91137.3,,,
2024-11-16 04:04:00+00:00,91309.7,91309.7,91200.0,91220.7,75.338,90868.60273017996,-0.06426742706762488,91193.38699614193,90543.818464218,649.5685319239274,0,91105.1,91275.2,0.0,0.0,0.0,0.0,0.3205620695376841,-1.0591906290804354,91202.2,91137.3,,,
2024-11-16 04:05:00+00:00,91220.7,91250.0,91171.0,91190.7,21.288,90868.5384627529,-0.06426742706762488,91193.32272871486,90543.75419679093,649.5685319239274,-1,91105.1,91275.2,0.0,-627.2458032090653,0.0,-0.9656345287405698,0.3205620695376841,-1.0591906290804354,91202.2,91137.3,,,
2024-11-16 04:06:00+00:00,91190.7,91314.9,91190.7,91288.1,32.618,90868.47419532583,-0.06426742706762488,91193.2584612878,90543.68992936387,649.5685319239274,0,91105.1,91275.2,0.0,0.0,0.0,0.0,0.3205620695376841,-1.0591906290804354,91202.2,91137.3,,,
2024-11-16 04:07:00+00:00,91288.1,91318.4,91270.0,91298.8,20.235,90868.40992789876,-0.06426742706762488,91193.19419386072,90543.62566193679,649.5685319239274,0,91105.1,91275.2,0.0,0.0,0.0,0.0,0.3205620695376841,-1.0591906290804354,91202.2,91137.3,,,
2024-11-16 04:08:00+00:00,91298.8,91302.3,91273.0,91299.8,7.618,90868.34566047169,-0.06426742706762488,91193.12992643366,90543.56139450973,649.5685319239274,0,91105.1,91275.2,0.0,0.0,0.0,0.0,0.3205620695376841,-1.0591906290804354,91202.2,91137.3,,,
2024-11-16 04:09:00+00:00,91299.8,91311.0,91238.3,91254.7,44.24,90868.28139304463,-0.06426742706762488,91193.06565900659,90543.49712708266,649.5685319239274,0,91105.1,91275.2,0.0,0.0,0.0,0.0,0.3205620695376841,-1.0591906290804354,91202.2,91137.3,,,
2024-11-16 04:10:00+00:00,91254.7,91279.9,91215.9,91225.5,13.682,90868.21712561756,-0.06426742706762488,91193.00139157953,90543.4328596556,649.5685319239274,0,91105.1,91275.2,0.0,0.0,0.0,0.0,0.3205620695376841,-1.0591906290804354,91202.2,91137.3,,,
2024-11-16 04:11:00+00:00,91225.5,91236.0,91192.1,91208.5,14.872,90868.15285819049,-0.06426742706762488,91192.93712415245,90543.36859222852,649.5685319239274,0,91105.1,91275.2,0.0,0.0,0.0,0.0,0.3205620695376841,-1.0591906290804354,91202.2,91137.3,,,
2024-11-16 04:12:00+00:00,91208.5,91208.5,91123.0,91198.5,47.526,90868.08859076342,-0.06426742706762488,91192.87285672539,90543.30432480146,649.5685319239274,-1,91105.1,91275.2,0.0,-579.6956751985417,0.0,-0.8924318939551575,0.3205620695376841,-1.0591906290804354,91202.2,91137.3,,,
2024-11-16 04:13:00+00:00,91198.5,91251.9,91171.7,91248.8,22.262,90868.02432333636,-0.06426742706762488,91192.80858929832,90543.2400573744,649.5685319239274,0,91105.1,91275.2,0.0,0.0,0.0,0.0,0.3205620695376841,-1.0591906290804354,91202.2,91137.3,,,
2024-11-16 04:14:00+00:00,91248.8,91248.8,91158.4,91196.7,30.249,90867.9600559093,-0.06426742706762488,91192.74432187126,90543.17578994733,649.5685319239274,0,91105.1,91275.2,0.0,0.0,0.0,0.0,0.3205620695376841,-1.0591906290804354,91202.2,91137.3,,,
2024-11-16 04:15:00+00:00,91196.7,91197.3,91152.1,91178.9,13.057,90867.89578848222,-0.06426742706762488,91192.68005444418,90543.11152252025,649.5685319239274,0,91105.1,91275.2,0.0,0.0,0.0,0.0,0.3205620695376841,-1.0591906290804354,91202.2,91137.3,,,
2024-11-16 04:16:00+00:00,91178.9,91198.0,91178.9,91195.0,8.353,90867.83152105515,-0.06426742706762488,91192.61578701712,90543.04725509319,649.5685319239274,0,91105.1,91275.2,0.0,0.0,0.0,0.0,0.3205620695376841,-1.0591906290804354,91202.2,91137.3,,,
2024-11-16 04:17:00+00:00,91195.0,91235.7,91195.0,91235.6,13.184,90867.76725362809,-0.06426742706762488,91192.55151959005,90542.98298766612,649.5685319239274,0,91105.1,91275.2,0.0,0.0,0.0,0.0,0.3205620695376841,-1.0591906290804354,91202.2,91137.3,,,
2024-11-16 04:18:00+00:00,91235.6,91259.7,91215.1,91229.7,11.107,90867.70298620101,-0.06426742706762488,91192.48725216297,90542.91872023905,649.5685319239274,1,91105.1,91275.2,67.21274783702393,0.0,0.10347291245459438,0.0,0.3205620695376841,-1.0591906290804354,91202.2,91137.3,,,
2024-11-16 04:19:00+00:00,91229.7,91229.8,91148.6,91149.8,35.26,90867.63871877395,-0.06426742706762488,91192.42298473591,90542.85445281198,649.5685319239274,0,91105.1,91275.2,0.0,0.0,0.0,0.0,0.3205620695376841,-1.0591906290804354,91202.2,91137.3,,,
2024-11-16 04:20:00+00:00,91149.8,91190.4,91144.0,91171.5,11.073,90867.57445134688,-0.06426742706762488,91192.35871730885,90542.79018538492,649.5685319239274,-1,91105.1,91275.2,0.0,-601.209814615082,0.0,-0.9255525553776229,0.3205620695376841,-1.0591906290804354,91202.2,91137.3,,,
2024-11-16 04:21:00+00:00,91171.5,91171.8,91151.4,91163.8,7.758,90867.51018391982,-0.06426742706762488,91192.29444988178,90542.72591795785,649.5685319239274,0,91105.1,91275.2,0.0,0.0,0.0,0.0,0.3205620695376841,-1.0591906290804354,91202.2,91137.3,,,
2024-11-16 04:22:00+00:00,91163.8,91209.7,91163.7,91189.0,12.929,90867.44591649274,-0.06426742706762488,91192.2301824547,90542.66165053078,649.5685319239274,0,91105.1,91275.2,0.0,0.0,0.0,0.0,0.3205620695376841,-1.0591906290804354,91202.2,91137.3,,,
2024-11-16 04:23:00+00:00,91189.0,91225.0,91179.2,91219.3,8.167,90867.38164906568,-0.06426742706762488,91192.16591502764,90542.59738310371,649.5685319239274,0,91105.1,91275.2,0.0,0.0,0.0,0.0,0.3205620695376841,-1.0591906290804354,91202.2,91137.3,,,
2024-11-16 04:24:00+00:00,91219.3,91232.0,91209.6,91231.1,7.028,90867.31738163861,-0.06426742706762488,91192.10164760058,90542.53311567665,649.5685319239274,0,91105.1,91275.2,0.0,0.0,0.0,0.0,0.3205620695376841,-1.0591906290804354,91202.2,91137.3,,,
2024-11-16 04:25:00+00:00,91231.1,91248.2,91200.0,91241.3,8.742,90867.25311421155,-0.06426742706762488,91192.03738017351,90542.46884824958,649.5685319239274,0,91105.1,91275.2,0.0,0.0,0.0,0.0,0.3205620695376841,-1.0591906290804354,91202.2,91137.3,,,
2024-11-16 04:26:00+00:00,91241.3,91274.8,91230.1,91230.1,18.886,90867.18884678447,-0.06426742706762488,91191.97311274643,90542.4045808225,649.5685319239274,0,91105.1,91275.2,0.0,0.0,0.0,0.0,0.3205620695376841,-1.0591906290804354,91202.2,91137.3,,,
2024-11-16 04:27:00+00:00,91230.1,91231.9,91190.3,91231.2,12.048,90867.1245793574,-0.06426742706762488,91191.90884531937,90542.34031339544,649.5685319239274,0,91105.1,91275.2,0.0,0.0,0.0,0.0,0.3205620695376841,-1.0591906290804354,91202.2,91137.3,,,
2024-11-16 04:28:00+00:00,91231.2,91250.0,91231.2,91237.2,4.074,90867.06031193034,-0.06426742706762488,91191.8445778923,90542.27604596838,649.5685319239274,0,91105.1,91275.2,0.0,0.0,0.0,0.0,0.3205620695376841,-1.0591906290804354,91202.2,91137.3,,,
2024-11-16 04:29:00+00:00,91237.2,91250.0,91237.2,91250.0,5.339,90866.99604450328,-0.06426742706762488,91191.78031046524,90542.21177854131,649.5685319239274,0,91105.1,91275.2,0.0,0.0,0.0,0.0,0.3205620695376841,-1.0591906290804354,91202.2,91137.3,,,
2024-11-16 04:30:00+00:00,91250.0,91275.1,91249.7,91271.9,30.636,90866.9317770762,-0.06426742706762488,91191.71604303816,90542.14751111424,649.5685319239274,0,91105.1,91275.2,0.0,0.0,0.0,0.0,0.3205620695376841,-1.0591906290804354,91202.2,91137.3,,,
2024-11-16 04:31:00+00:00,91271.9,91300.0,91271.9,91289.8,11.422,90866.86750964914,-0.06426742706762488,91191.6517756111,90542.08324368717,649.5685319239274,0,91105.1,91275.2,0.0,0.0,0.0,0.0,0.3205620695376841,-1.0591906290804354,91202.2,91137.3,,,
2024-11-16 04:32:00+00:00,91289.8,91300.0,91272.9,91291.9,15.522,90866.80324222207,-0.06426742706762488,91191.58750818403,90542.01897626011,649.5685319239274,0,91105.1,91275.2,0.0,0.0,0.0,0.0,0.3205620695376841,-1.0591906290804354,91202.2,91137.3,,,
2024-11-16 04:33:00+00:00,91291.9,91333.0,91275.1,91332.9,18.18,90866.73897479501,-0.06426742706762488,91191.52324075697,90541.95470883304,649.5685319239274,0,91105.1,91275.2,0.0,0.0,0.0,0.0,0.3205620695376841,-1.0591906290804354,91202.2,91137.3,,,
2024-11-16 04:34:00+00:00,91332.9,91343.8,91286.3,91303.8,25.794,90866.67470736793,-0.06426742706762488,91191.45897332989,90541.89044140597,649.5685319239274,0,91105.1,91275.2,0.0,0.0,0.0,0.0,0.3205620695376841,-1.0591906290804354,91202.2,91137.3,,,
2024-11-16 04:35:00+00:00,91303.8,91368.8,91292.8,91368.7,13.325,90866.61043994087,-0.06426742706762488,91191.39470590283,90541.8261739789,649.5685319239274,0,91105.1,91275.2,0.0,0.0,0.0,0.0,0.3205620695376841,-1.0591906290804354,91202.2,91137.3,,,
2024-11-16 04:36:00+00:00,91368.7,91368.8,91303.7,91312.9,13.423,90866.5461725138,-0.06426742706762488,91191.33043847576,90541.76190655184,649.5685319239274,0,91105.1,91275.2,0.0,0.0,0.0,0.0,0.3205620695376841,-1.0591906290804354,91202.2,91137.3,,,
2024-11-16 04:37:00+00:00,91312.9,91347.1,91312.9,91344.4,13.349,90866.48190508674,-0.06426742706762488,91191.2661710487,90541.69763912477,649.5685319239274,0,91105.1,91275.2,0.0,0.0,0.0,0.0,0.3205620695376841,-1.0591906290804354,91202.2,91137.3,,,
2024-11-16 04:38:00+00:00,91344.4,91344.4,91301.9,91301.9,5.972,90866.41763765966,-0.06426742706762488,91191.20190362162,90541.6333716977,649.5685319239274,0,91105.1,91275.2,0.0,0.0,0.0,0.0,0.3205620695376841,-1.0591906290804354,91202.2,91137.3,,,
2024-11-16 04:39:00+00:00,91301.9,91345.0,91284.5,91344.9,18.521,90866.3533702326,-0.06426742706762488,91191.13763619456,90541.56910427063,649.5685319239274,0,91105.1,91275.2,0.0,0.0,0.0,0.0,0.3205620695376841,-1.0591906290804354,91202.2,91137.3,,,
2024-11-16 04:40:00+00:00,91344.9,91371.1,91319.1,91345.4,19.66,90866.28910280553,-0.06426742706762488,91191.0733687675,90541.50483684357,649.5685319239274,1,91105.1,91275.2,180.02663123251114,0.0,0.27714801808409417,0.0,0.3205620695376841,-1.0591906290804354,91202.2,91137.3,,,
2024-11-16 04:41:00+00:00,91345.4,91362.5,91335.6,91355.7,11.106,90866.22483537847,-0.06426742706762488,91191.00910134043,90541.4405694165,649.5685319239274,0,91105.1,91275.2,0.0,0.0,0.0,0.0,0.3205620695376841,-1.0591906290804354,91202.2,91137.3,,,
2024-11-16 04:42:00+00:00,91355.7,91355.8,91263.2,91263.2,20.58,90866.16056795139,-0.06426742706762488,91190.94483391335,90541.37630198942,649.5685319239274,0,91105.1,91275.2,0.0,0.0,0.0,0.0,0.3205620695376841,-1.0591906290804354,91202.2,91137.3,,,
2024-11-16 04:43:00+00:00,91263.2,91274.3,91263.2,91267.7,13.367,90866.09630052432,-0.06426742706762488,91190.88056648629,90541.31203456236,649.5685319239274,0,91105.1,91275.2,0.0,0.0,0.0,0.0,0.3205620695376841,-1.0591906290804354,91202.2,91137.3,,,
2024-11-16 04:44:00+00:00,91267.7,91267.8,91218.7,91218.7,10.27,90866.03203309726,-0.06426742706762488,91190.81629905922,90541.2477671353,649.5685319239274,0,91105.1,91275.2,0.0,0.0,0.0,0.0,0.3205620695376841,-1.0591906290804354,91202.2,91137.3,,,
2024-11-16 04:45:00+00:00,91218.7,91251.4,91188.0,91251.4,13.164,90865.9677656702,-0.06426742706762488,91190.75203163216,90541.18349970823,649.5685319239274,-1,91105.1,91275.2,0.0,-646.8165002917667,0.0,-0.995763292867637,0.3205620695376841,-1.0591906290804354,91202.2,91137.3,,,
2024-11-16 04:46:00+00:00,91251.4,91283.9,91251.4,91272.4,9.945,90865.90349824312,-0.06426742706762488,91190.68776420508,90541.11923228115,649.5685319239274,0,91105.1,91275.2,0.0,0.0,0.0,0.0,0.3205620695376841,-1.0591906290804354,91202.2,91137.3,,,
2024-11-16 04:47:00+00:00,91272.4,91345.0,91272.4,91339.4,10.901,90865.83923081605,-0.06426742706762488,91190.62349677802,90541.05496485409,649.5685319239274,0,91105.1,91275.2,0.0,0.0,0.0,0.0,0.3205620695376841,-1.0591906290804354,91202.2,91137.3,,,
2024-11-16 04:48:00+00:00,91339.4,91353.5,91318.5,91318.5,14.647,90865.77496338899,-0.06426742706762488,91190.55922935095,90540.99069742703,649.5685319239274,0,91105.1,91275.2,0.0,0.0,0.0,0.0,0.3205620695376841,-1.0591906290804354,91202.2,91137.3,,,
2024-11-16 04:49:00+00:00,91318.5,91335.2,91316.7,91322.7,3.513,90865.71069596193,-0.06426742706762488,91190.49496192389,90540.92642999996,649.5685319239274,0,91105.1,91275.2,0.0,0.0,0.0,0.0,0.3205620695376841,-1.0591906290804354,91202.2,91137.3,,,
2024-11-16 04:50:00+00:00,91322.7,91322.7,91284.1,91312.3,4.937,90865.64642853485,-0.06426742706762488,91190.43069449681,90540.86216257288,649.5685319239274,0,91105.1,91275.2,0.0,0.0,0.0,0.0,0.3205620695376841,-1.0591906290804354,91202.2,91137.3,,,
2024-11-16 04:51:00+00:00,91312.3,91429.7,91312.3,91429.6,37.707,90865.58216110778,-0.06426742706762488,91190.36642706975,90540.79789514582,649.5685319239274,0,91105.1,91275.2,0.0,0.0,0.0,0.0,0.3205620695376841,-1.0591906290804354,91202.2,91137.3,,,
2024-11-16 04:52:00+00:00,91429.6,91429.6,91352.0,91365.3,23.621,90865.51789368072,-0.06426742706762488,91190.30215964268,90540.73362771876,649.5685319239274,0,91105.1,91275.2,0.0,0.0,0.0,0.0,0.3205620695376841,-1.0591906290804354,91202.2,91137.3,,,
2024-11-16 04:53:00+00:00,91365.3,91442.0,91365.2,91441.9,20.864,90865.45362625366,-0.06426742706762488,91190.23789221562,90540.6693602917,649.5685319239274,1,91105.1,91275.2,251.76210778437962,0.0,0.3875835965124372,0.0,0.3205620695376841,-1.0591906290804354,91202.2,91137.3,,,
2024-11-16 04:54:00+00:00,91441.9,91441.9,91400.9,91412.0,14.201,90865.38935882658,-0.06426742706762488,91190.17362478854,90540.60509286461,649.5685319239274,0,91105.1,91275.2,0.0,0.0,0.0,0.0,0.3205620695376841,-1.0591906290804354,91202.2,91137.3,,,
2024-11-16 04:55:00+00:00,91412.0,91412.1,91342.0,91345.1,23.195,90865.32509139951,-0.06426742706762488,91190.10935736148,90540.54082543755,649.5685319239274,0,91105.1,91275.2,0.0,0.0,0.0,0.0,0.3205620695376841,-1.0591906290804354,91202.2,91137.3,,,
2024-11-16 04:56:00+00:00,91345.1,91367.3,91336.7,91338.4,8.051,90865.26082397245,-0.06426742706762488,91190.04508993441,90540.47655801049,649.5685319239274,0,91105.1,91275.2,0.0,0.0,0.0,0.0,0.3205620695376841,-1.0591906290804354,91202.2,91137.3,,,
2024-11-16 04:57:00+00:00,91338.4,91338.4,91332.7,91338.1,6.293,90865.19655654539,-0.06426742706762488,91189.98082250735,90540.41229058342,649.5685319239274,0,91105.1,91275.2,0.0,0.0,0.0,0.0,0.3205620695376841,-1.0591906290804354,91202.2,91137.3,,,
2024-11-16 04:58:00+00:00,91338.1,91350.0,91338.0,91350.0,16.596,90865.13228911831,-0.06426742706762488,91189.91655508027,90540.34802315634,649.5685319239274,0,91105.1,91275.2,0.0,0.0,0.0,0.0,0.3205620695376841,-1.0591906290804354,91202.2,91137.3,,,
2024-11-16 04:59:00+00:00,91350.0,91367.1,91349.9,91363.9,10.185,90865.06802169124,-0.06426742706762488,91189.85228765321,90540.28375572928,649.5685319239274,0,91105.1,91275.2,0.0,0.0,0.0,0.0,0.3205620695376841,-1.0591906290804354,91202.2,91137.3,,,
2024-11-16 05:00:00+00:00,91363.9,91363.9,91332.4,91350.5,8.863,90865.00375426418,-0.06426742706762488,91189.78802022614,90540.21948830222,649.5685319239274,0,91105.1,91275.2,0.0,0.0,0.0,0.0,0.3205620695376841,-1.0591906290804354,91202.2,91137.3,,,
2024-11-16 05:01:00+00:00,91350.5,91350.5,91284.6,91301.4,19.637,90864.9394868371,-0.06426742706762488,91189.72375279907,90540.15522087514,649.5685319239274,0,91105.1,91275.2,0.0,0.0,0.0,0.0,0.3205620695376841,-1.0591906290804354,91202.2,91137.3,,,
2024-11-16 05:02:00+00:00,91301.4,91336.0,91295.2,91295.2,17.437,90864.87521941004,-0.06426742706762488,91189.659485372,90540.09095344807,649.5685319239274,0,91105.1,91275.2,0.0,0.0,0.0,0.0,0.3205620695376841,-1.0591906290804354,91202.2,91137.3,,,
2024-11-16 05:03:00+00:00,91295.2,91295.3,91231.3,91234.7,22.629,90864.81095198297,-0.06426742706762488,91189.59521794494,90540.02668602101,649.5685319239274,0,91105.1,91275.2,0.0,0.0,0.0,0.0,0.3205620695376841,-1.0591906290804354,91202.2,91137.3,,,
2024-11-16 05:04:00+00:00,91234.7,91309.7,91230.3,91309.1,11.757,90864.74668455591,-0.06426742706762488,91189.53095051787,90539.96241859395,649.5685319239274,-1,91105.1,91275.2,0.0,-690.3375814060564,0.0,-1.062763276665169,0.3205620695376841,-1.0591906290804354,91202.2,91137.3,,,
2024-11-16 05:05:00+00:00,91309.1,91312.2,91289.9,91312.2,7.159,90864.68241712883,-0.06426742706762488,91189.4666830908,90539.89815116687,649.5685319239274,0,91105.1,91275.2,0.0,0.0,0.0,0.0,0.3205620695376841,-1.0591906290804354,91202.2,91137.3,,,
2024-11-16 05:06:00+00:00,91312.2,91366.5,91312.1,91366.5,17.731,90864.61814970177,-0.06426742706762488,91189.40241566373,90539.8338837398,649.5685319239274,0,91105.1,91275.2,0.0,0.0,0.0,0.0,0.3205620695376841,-1.0591906290804354,91202.2,91137.3,,,
2024-11-16 05:07:00+00:00,91366.5,91461.0,91366.5,91435.0,70.382,90864.5538822747,-0.06426742706762488,91189.33814823667,90539.76961631274,649.5685319239274,0,91105.1,91275.2,0.0,0.0,0.0,0.0,0.3205620695376841,-1.0591906290804354,91202.2,91137.3,,,
2024-11-16 05:08:00+00:00,91435.0,91453.4,91435.0,91453.3,8.484,90864.48961484764,-0.06426742706762488,91189.2738808096,90539.70534888568,649.5685319239274,0,91105.1,91275.2,0.0,0.0,0.0,0.0,0.3205620695376841,-1.0591906290804354,91202.2,91137.3,,,
2024-11-16 05:09:00+00:00,91453.3,91453.4,91376.0,91409.9,21.114,90864.42534742056,-0.06426742706762488,91189.20961338253,90539.6410814586,649.5685319239274,0,91105.1,91275.2,0.0,0.0,0.0,0.0,0.3205620695376841,-1.0591906290804354,91202.2,91137.3,,,
2024-11-16 05:10:00+00:00,91409.9,91440.0,91379.1,91398.9,16.737,90864.3610799935,-0.06426742706762488,91189.14534595546,90539.57681403153,649.5685319239274,0,91105.1,91275.2,0.0,0.0,0.0,0.0,0.3205620695376841,-1.0591906290804354,91202.2,91137.3,,,
2024-11-16 05:11:00+00:00,91398.9,91439.8,91398.9,91439.8,6.822,90864.29681256643,-0.06426742706762488,91189.0810785284,90539.51254660447,649.5685319239274,0,91105.1,91275.2,0.0,0.0,0.0,0.0,0.3205620695376841,-1.0591906290804354,91202.2,91137.3,,,
2024-11-16 05:12:00+00:00,91439.8,91460.0,91439.5,91442.0,9.765,90864.23254513937,-0.06426742706762488,91189.01681110133,90539.4482791774,649.5685319239274,0,91105.1,91275.2,0.0,0.0,0.0,0.0,0.3205620695376841,-1.0591906290804354,91202.2,91137.3,,,
2024-11-16 05:13:00+00:00,91442.0,91470.0,91406.5,91406.5,36.85,90864.16827771229,-0.06426742706762488,91188.95254367426,90539.38401175033,649.5685319239274,0,91105.1,91275.2,0.0,0.0,0.0,0.0,0.3205620695376841,-1.0591906290804354,91202.2,91137.3,,,
2024-11-16 05:14:00+00:00,91406.5,91498.0,91406.5,91497.9,20.514,90864.10401028523,-0.06426742706762488,91188.88827624719,90539.31974432326,649.5685319239274,0,91105.1,91275.2,0.0,0.0,0.0,0.0,0.3205620695376841,-1.0591906290804354,91202.2,91137.3,,,
2024-11-16 05:15:00+00:00,91497.9,91498.5,91470.3,91470.4,18.791,90864.03974285816,-0.06426742706762488,91188.82400882013,90539.2554768962,649.5685319239274,0,91105.1,91275.2,0.0,0.0,0.0,0.0,0.3205620695376841,-1.0591906290804354,91202.2,91137.3,,,
2024-11-16 05:16:00+00:00,91470.4,91490.2,91430.4,91447.0,29.917,90863.9754754311,-0.06426742706762488,91188.75974139306,90539.19120946914,649.5685319239274,0,91105.1,91275.2,0.0,0.0,0.0,0.0,0.3205620695376841,-1.0591906290804354,91202.2,91137.3,,,
2024-11-16 05:17:00+00:00,91447.0,91560.0,91447.0,91537.4,76.236,90863.91120800402,-0.06426742706762488,91188.69547396599,90539.12694204206,649.5685319239274,0,91105.1,91275.2,0.0,0.0,0.0,0.0,0.3205620695376841,-1.0591906290804354,91202.2,91137.3,,,
2024-11-16 05:18:00+00:00,91537.4,91550.0,91537.4,91549.9,28.336,90863.84694057696,-0.06426742706762488,91188.63120653892,90539.062674615,649.5685319239274,0,91105.1,91275.2,0.0,0.0,0.0,0.0,0.3205620695376841,-1.0591906290804354,91202.2,91137.3,,,
2024-11-16 05:19:00+00:00,91549.9,91610.0,91549.9,91610.0,36.605,90863.7826731499,-0.06426742706762488,91188.56693911186,90538.99840718793,649.5685319239274,0,91105.1,91275.2,0.0,0.0,0.0,0.0,0.3205620695376841,-1.0591906290804354,91202.2,91137.3,,,
2024-11-16 05:20:00+00:00,91610.0,91633.2,91567.9,91607.3,48.863,90863.71840572283,-0.06426742706762488,91188.5026716848,90538.93413976087,649.5685319239274,0,91105.1,91275.2,0.0,0.0,0.0,0.0,0.3205620695376841,-1.0591906290804354,91202.2,91137.3,,,
2024-11-16 05:21:00+00:00,91607.3,91630.8,91601.9,91613.4,32.448,90863.65413829575,-0.06426742706762488,91188.43840425771,90538.86987233379,649.5685319239274,0,91105.1,91275.2,0.0,0.0,0.0,0.0,0.3205620695376841,-1.0591906290804354,91202.2,91137.3,,,
2024-11-16 05:22:00+00:00,91613.4,91613.4,91569.9,91609.5,32.253,90863.58987086869,-0.06426742706762488,91188.37413683065,90538.80560490672,649.5685319239274,0,91105.1,91275.2,0.0,0.0,0.0,0.0,0.3205620695376841,-1.0591906290804354,91202.2,91137.3,,,
2024-11-16 05:23:00+00:00,91609.5,91679.8,91609.4,91679.8,62.636,90863.52560344162,-0.06426742706762488,91188.30986940359,90538.74133747966,649.5685319239274,0,91105.1,91275.2,0.0,0.0,0.0,0.0,0.3205620695376841,-1.0591906290804354,91202.2,91137.3,,,
2024-11-16 05:24:00+00:00,91679.8,91856.3,91679.7,91838.4,157.374,90863.46133601456,-0.06426742706762488,91188.24560197652,90538.6770700526,649.5685319239274,1,91105.1,91275.2,668.0543980234797,0.0,1.0284586847900405,0.0,0.3205620695376841,-1.0591906290804354,91202.2,91137.3,,,
2024-11-16 05:25:00+00:00,91838.4,91838.4,91715.9,91757.8,100.577,90863.39706858748,-0.06426742706762488,91188.18133454944,90538.61280262552,649.5685319239274,0,91105.1,91275.2,0.0,0.0,0.0,0.0,0.3205620695376841,-1.0591906290804354,91202.2,91137.3,,,
2024-11-16 05:26:00+00:00,91757.8,91780.0,91701.4,91722.5,30.545,90863.33280116042,-0.06426742706762488,91188.11706712238,90538.54853519845,649.5685319239274,0,91105.1,91275.2,0.0,0.0,0.0,0.0,0.3205620695376841,-1.0591906290804354,91202.2,91137.3,,,
2024-11-16 05:27:00+00:00,91722.5,91749.4,91600.0,91645.2,75.235,90863.26853373335,-0.06426742706762488,91188.05279969532,90538.48426777139,649.5685319239274,0,91105.1,91275.2,0.0,0.0,0.0,0.0,0.3205620695376841,-1.0591906290804354,91202.2,91137.3,,,
2024-11-16 05:28:00+00:00,91645.2,91670.0,91602.3,91608.8,34.508,90863.20426630629,-0.06426742706762488,91187.98853226825,90538.42000034433,649.5685319239274,0,91105.1,91275.2,0.0,0.0,0.0,0.0,0.3205620695376841,-1.0591906290804354,91202.2,91137.3,,,
2024-11-16 05:29:00+00:00,91608.8,91647.0,91585.8,91627.9,36.137,90863.13999887921,-0.06426742706762488,91187.92426484117,90538.35573291725,649.5685319239274,0,91105.1,91275.2,0.0,0.0,0.0,0.0,0.3205620695376841,-1.0591906290804354,91202.2,91137.3,,,
2024-11-16 05:30:00+00:00,91627.9,91691.3,91627.8,91644.6,21.583,90863.07573145215,-0.06426742706762488,91187.85999741411,90538.29146549018,649.5685319239274,0,91105.1,91275.2,0.0,0.0,0.0,0.0,0.3205620695376841,-1.0591906290804354,91202.2,91137.3,,,
2024-11-16 05:31:00+00:00,91644.6,91672.6,91530.0,91530.0,44.869,90863.01146402508,-0.06426742706762488,91187.79572998705,90538.22719806312,649.5685319239274,0,91105.1,91275.2,0.0,0.0,0.0,0.0,0.3205620695376841,-1.0591906290804354,91202.2,91137.3,,,
2024-11-16 05:32:00+00:00,91530.0,91640.0,91530.0,91631.8,40.317,90862.94719659802,-0.06426742706762488,91187.73146255998,90538.16293063606,649.5685319239274,0,91105.1,91275.2,0.0,0.0,0.0,0.0,0.3205620695376841,-1.0591906290804354,91202.2,91137.3,,,
2024-11-16 05:33:00+00:00,91631.8,91636.0,91599.5,91619.7,20.327,90862.88292917094,-0.06426742706762488,91187.6671951329,90538.09866320898,649.5685319239274,0,91105.1,91275.2,0.0,0.0,0.0,0.0,0.3205620695376841,-1.0591906290804354,91202.2,91137.3,,,
2024-11-16 05:34:00+00:00,91619.7,91635.9,91571.2,91576.7,11.216,90862.81866174388,-0.06426742706762488,91187.60292770584,90538.03439578191,649.5685319239274,0,91105.1,91275.2,0.0,0.0,0.0,0.0,0.3205620695376841,-1.0591906290804354,91202.2,91137.3,,,
2024-11-16 05:35:00+00:00,91576.7,91686.1,91576.7,91677.6,20.551,90862.75439431681,-0.06426742706762488,91187.53866027878,90537.97012835485,649.5685319239274,0,91105.1,91275.2,0.0,0.0,0.0,0.0,0.3205620695376841,-1.0591906290804354,91202.2,91137.3,,,
2024-11-16 05:36:00+00:00,91677.6,91677.6,91614.7,91614.7,29.769,90862.69012688975,-0.06426742706762488,91187.47439285171,90537.90586092779,649.5685319239274,0,91105.1,91275.2,0.0,0.0,0.0,0.0,0.3205620695376841,-1.0591906290804354,91202.2,91137.3,,,
2024-11-16 05:37:00+00:00,91614.7,91614.7,91511.0,91511.7,29.374,90862.62585946267,-0.06426742706762488,91187.41012542463,90537.8415935007,649.5685319239274,0,91105.1,91275.2,0.0,0.0,0.0,0.0,0.3205620695376841,-1.0591906290804354,91202.2,91137.3,,,
2024-11-16 05:38:00+00:00,91511.7,91553.4,91438.9,91456.1,104.079,90862.5615920356,-0.06426742706762488,91187.34585799757,90537.77732607364,649.5685319239274,0,91105.1,91275.2,0.0,0.0,0.0,0.0,0.3205620695376841,-1.0591906290804354,91202.2,91137.3,,,
2024-11-16 05:39:00+00:00,91456.1,91498.8,91456.0,91484.9,26.535,90862.49732460854,-0.06426742706762488,91187.2815905705,90537.71305864658,649.5685319239274,0,91105.1,91275.2,0.0,0.0,0.0,0.0,0.3205620695376841,-1.0591906290804354,91202.2,91137.3,,,
2024-11-16 05:40:00+00:00,91484.9,91519.2,91484.9,91514.5,15.996,90862.43305718146,-0.06426742706762488,91187.21732314343,90537.6487912195,649.5685319239274,0,91105.1,91275.2,0.0,0.0,0.0,0.0,0.3205620695376841,-1.0591906290804354,91202.2,91137.3,,,
2024-11-16 05:41:00+00:00,91514.5,91514.6,91466.8,91466.8,48.854,90862.3687897544,-0.06426742706762488,91187.15305571636,90537.58452379244,649.5685319239274,0,91105.1,91275.2,0.0,0.0,0.0,0.0,0.3205620695376841,-1.0591906290804354,91202.2,91137.3,,,
2024-11-16 05:42:00+00:00,91466.8,91493.8,91466.8,91466.9,26.359,90862.30452232734,-0.06426742706762488,91187.0887882893,90537.52025636537,649.5685319239274,0,91105.1,91275.2,0.0,0.0,0.0,0.0,0.3205620695376841,-1.0591906290804354,91202.2,91137.3,,,
2024-11-16 05:43:00+00:00,91466.9,91483.3,91434.0,91448.7,54.955,90862.24025490027,-0.06426742706762488,91187.02452086224,90537.45598893831,649.5685319239274,0,91105.1,91275.2,0.0,0.0,0.0,0.0,0.3205620695376841,-1.0591906290804354,91202.2,91137.3,,,
2024-11-16 05:44:00+00:00,91448.7,91472.9,91443.2,91444.3,107.467,90862.1759874732,-0.06426742706762488,91186.96025343516,90537.39172151123,649.5685319239274,0,91105.1,91275.2,0.0,0.0,0.0,0.0,0.3205620695376841,-1.0591906290804354,91202.2,91137.3,,,
2024-11-16 05:45:00+00:00,91444.3,91497.4,91444.3,91471.0,28.614,90862.11172004613,-0.06426742706762488,91186.8959860081,90537.32745408417,649.5685319239274,0,91105.1,91275.2,0.0,0.0,0.0,0.0,0.3205620695376841,-1.0591906290804354,91202.2,91137.3,,,
2024-11-16 05:46:00+00:00,91471.0,91494.7,91421.5,91465.7,32.981,90862.04745261907,-0.06426742706762488,91186.83171858103,90537.2631866571,649.5685319239274,-1,91105.1,91275.2,0.0,-884.2368133428972,0.0,-1.3612679338451272,0.3205620695376841,-1.0591906290804354,91202.2,91137.3,,,
2024-11-16 05:47:00+00:00,91465.7,91497.4,91443.3,91480.9,25.792,90861.983185192,-0.06426742706762488,91186.76745115397,90537.19891923004,649.5685319239274,0,91105.1,91275.2,0.0,0.0,0.0,0.0,0.3205620695376841,-1.0591906290804354,91202.2,91137.3,,,
2024-11-16 05:48:00+00:00,91480.9,91510.4,91480.8,91510.4,10.633,90861.91891776492,-0.06426742706762488,91186.70318372689,90537.13465180296,649.5685319239274,0,91105.1,91275.2,0.0,0.0,0.0,0.0,0.3205620695376841,-1.0591906290804354,91202.2,91137.3,,,
2024-11-16 05:49:00+00:00,91510.4,91552.7,91510.3,91550.0,22.887,90861.85465033786,-0.06426742706762488,91186.63891629982,90537.0703843759,649.5685319239274,0,91105.1,91275.2,0.0,0.0,0.0,0.0,0.3205620695376841,-1.0591906290804354,91202.2,91137.3,,,
2024-11-16 05:50:00+00:00,91550.0,91564.3,91528.6,91564.3,20.011,90861.7903829108,-0.06426742706762488,91186.57464887276,90537.00611694883,649.5685319239274,0,91105.1,91275.2,0.0,0.0,0.0,0.0,0.3205620695376841,-1.0591906290804354,91202.2,91137.3,,,
2024-11-16 05:51:00+00:00,91564.3,91567.9,91517.0,91517.1,16.091,90861.72611548373,-0.06426742706762488,91186.5103814457,90536.94184952177,649.5685319239274,1,91105.1,91275.2,381.38961855429807,0.0,0.587143003101886,0.0,0.3205620695376841,-1.0591906290804354,91202.2,91137.3,,,
2024-11-16 05:52:00+00:00,91517.1,91529.3,91481.1,91481.1,28.609,90861.66184805665,-0.06426742706762488,91186.44611401862,90536.87758209469,649.5685319239274,0,91105.1,91275.2,0.0,0.0,0.0,0.0,0.3205620695376841,-1.0591906290804354,91202.2,91137.3,,,
2024-11-16 05:53:00+00:00,91481.1,91503.1,91449.0,91449.0,16.607,90861.59758062959,-0.06426742706762488,91186.38184659155,90536.81331466763,649.5685319239274,0,91105.1,91275.2,0.0,0.0,0.0,0.0,0.3205620695376841,-1.0591906290804354,91202.2,91137.3,,,
2024-11-16 05:54:00+00:00,91449.0,91449.1,91415.7,91415.8,21.823,90861.53331320253,-0.06426742706762488,91186.31757916449,90536.74904724056,649.5685319239274,0,91105.1,91275.2,0.0,0.0,0.0,0.0,0.3205620695376841,-1.0591906290804354,91202.2,91137.3,,,
2024-11-16 05:55:00+00:00,91415.8,91415.8,91402.4,91406.0,14.25,90861.46904577546,-0.06426742706762488,91186.25331173743,90536.6847798135,649.5685319239274,0,91105.1,91275.2,0.0,0.0,0.0,0.0,0.3205620695376841,-1.0591906290804354,91202.2,91137.3,,,
2024-11-16 05:56:00+00:00,91406.0,91406.0,91395.0,91395.1,18.094,90861.40477834838,-0.06426742706762488,91186.18904431035,90536.62051238642,649.5685319239274,0,91105.1,91275.2,0.0,0.0,0.0,0.0,0.3205620695376841,-1.0591906290804354,91202.2,91137.3,,,
2024-11-16 05:57:00+00:00,91395.1,91411.5,91384.0,91386.9,22.851,90861.34051092132,-0.06426742706762488,91186.12477688328,90536.55624495936,649.5685319239274,0,91105.1,91275.2,0.0,0.0,0.0,0.0,0.3205620695376841,-1.0591906290804354,91202.2,91137.3,,,
2024-11-16 05:58:00+00:00,91386.9,91417.7,91386.8,91417.7,7.655,90861.27624349426,-0.06426742706762488,91186.06050945622,90536.49197753229,649.5685319239274,0,91105.1,91275.2,0.0,0.0,0.0,0.0,0.3205620695376841,-1.0591906290804354,91202.2,91137.3,,,
2024-11-16 05:59:00+00:00,91417.7,91430.6,91412.9,91413.9,15.359,90861.21197606719,-0.06426742706762488,91185.99624202916,90536.42771010523,649.5685319239274,0,91105.1,91275.2,0.0,0.0,0.0,0.0,0.3205620695376841,-1.0591906290804354,91202.2,91137.3,,,
2024-11-16 06:00:00+00:00,91413.9,91430.5,91389.7,91389.7,22.081,90861.14770864011,-0.06426742706762488,91185.93197460208,90536.36344267815,649.5685319239274,0,91105.1,91275.2,0.0,0.0,0.0,0.0,0.3205620695376841,-1.0591906290804354,91202.2,91137.3,,,
2024-11-16 06:01:00+00:00,91389.7,91389.8,91387.1,91387.2,6.507,90861.08344121305,-0.06426742706762488,91185.86770717501,90536.29917525109,649.5685319239274,0,91105.1,91275.2,0.0,0.0,0.0,0.0,0.3205620695376841,-1.0591906290804354,91202.2,91137.3,,,
2024-11-16 06:02:00+00:00,91387.2,91400.0,91380.0,91380.0,11.302,90861.01917378599,-0.06426742706762488,91185.80343974795,90536.23490782402,649.5685319239274,0,91105.1,91275.2,0.0,0.0,0.0,0.0,0.3205620695376841,-1.0591906290804354,91202.2,91137.3,,,
2024-11-16 06:03:00+00:00,91380.0,91383.6,91369.0,91382.8,34.783,90860.95490635892,-0.06426742706762488,91185.73917232089,90536.17064039696,649.5685319239274,0,91105.1,91275.2,0.0,0.0,0.0,0.0,0.3205620695376841,-1.0591906290804354,91202.2,91137.3,,,
2024-11-16 06:04:00+00:00,91382.8,91406.6,91357.7,91357.8,30.791,90860.89063893184,-0.06426742706762488,91185.6749048938,90536.10637296988,649.5685319239274,0,91105.1,91275.2,0.0,0.0,0.0,0.0,0.3205620695376841,-1.0591906290804354,91202.2,91137.3,,,
2024-11-16 06:05:00+00:00,91357.8,91357.8,91287.1,91335.5,48.828,90860.82637150478,-0.06426742706762488,91185.61063746674,90536.04210554282,649.5685319239274,-1,91105.1,91275.2,0.0,-751.0578944571898,0.0,-1.1562411932620347,0.3205620695376841,-1.0591906290804354,91202.2,91137.3,,,
2024-11-16 06:06:00+00:00,91335.5,91392.8,91320.8,91320.8,16.684,90860.76210407772,-0.06426742706762488,91185.54637003968,90535.97783811575,649.5685319239274,0,91105.1,91275.2,0.0,0.0,0.0,0.0,0.3205620695376841,-1.0591906290804354,91202.2,91137.3,,,
2024-11-16 06:07:00+00:00,91320.8,91365.7,91300.3,91330.2,17.021,90860.69783665065,-0.06426742706762488,91185.48210261262,90535.91357068869,649.5685319239274,0,91105.1,91275.2,0.0,0.0,0.0,0.0,0.3205620695376841,-1.0591906290804354,91202.2,91137.3,,,
2024-11-16 06:08:00+00:00,91330.2,91360.7,91312.2,91320.6,17.789,90860.63356922357,-0.06426742706762488,91185.41783518554,90535.84930326161,649.5685319239274,0,91105.1,91275.2,0.0,0.0,0.0,0.0,0.3205620695376841,-1.0591906290804354,91202.2,91137.3,,,
2024-11-16 06:09:00+00:00,91320.6,91342.6,91297.3,91297.4,22.249,90860.56930179651,-0.06426742706762488,91185.35356775847,90535.78503583455,649.5685319239274,0,91105.1,91275.2,0.0,0.0,0.0,0.0,0.3205620695376841,-1.0591906290804354,91202.2,91137.3,,,
2024-11-16 06:10:00+00:00,91297.4,91340.6,91291.6,91340.5,36.4,90860.50503436945,-0.06426742706762488,91185.28930033141,90535.72076840748,649.5685319239274,0,91105.1,91275.2,0.0,0.0,0.0,0.0,0.3205620695376841,-1.0591906290804354,91202.2,91137.3,,,
2024-11-16 06:11:00+00:00,91340.5,91347.4,91328.8,91341.5,10.274,90860.44076694238,-0.06426742706762488,91185.22503290435,90535.65650098042,649.5685319239274,0,91105.1,91275.2,0.0,0.0,0.0,0.0,0.3205620695376841,-1.0591906290804354,91202.2,91137.3,,,
2024-11-16 06:12:00+00:00,91341.5,91363.9,91339.2,91354.7,12.76,90860.3764995153,-0.06426742706762488,91185.16076547727,90535.59223355334,649.5685319239274,0,91105.1,91275.2,0.0,0.0,0.0,0.0,0.3205620695376841,-1.0591906290804354,91202.2,91137.3,,,
2024-11-16 06:13:00+00:00,91354.7,91363.8,91273.0,91277.9,54.41,90860.31223208824,-0.06426742706762488,91185.0964980502,90535.52796612628,649.5685319239274,-1,91105.1,91275.2,0.0,-737.4720338737243,0.0,-1.1353259858346887,0.3205620695376841,-1.0591906290804354,91202.2,91137.3,,,
2024-11-16 06:14:00+00:00,91277.9,91356.2,91277.8,91347.2,37.7,90860.24796466118,-0.06426742706762488,91185.03223062314,90535.46369869921,649.5685319239274,0,91105.1,91275.2,0.0,0.0,0.0,0.0,0.3205620695376841,-1.0591906290804354,91202.2,91137.3,,,
2024-11-16 06:15:00+00:00,91347.2,91435.0,91347.2,91435.0,27.891,90860.18369723411,-0.06426742706762488,91184.96796319608,90535.39943127215,649.5685319239274,0,91105.1,91275.2,0.0,0.0,0.0,0.0,0.3205620695376841,-1.0591906290804354,91202.2,91137.3,,,
2024-11-16 06:16:00+00:00,91435.0,91515.8,91435.0,91452.6,74.412,90860.11942980703,-0.06426742706762488,91184.903695769,90535.33516384507,649.5685319239274,0,91105.1,91275.2,0.0,0.0,0.0,0.0,0.3205620695376841,-1.0591906290804354,91202.2,91137.3,,,
2024-11-16 06:17:00+00:00,91452.6,91458.5,91375.3,91375.3,47.31,90860.05516237997,-0.06426742706762488,91184.83942834193,90535.270896418,649.5685319239274,0,91105.1,91275.2,0.0,0.0,0.0,0.0,0.3205620695376841,-1.0591906290804354,91202.2,91137.3,,,
2024-11-16 06:18:00+00:00,91375.3,91400.3,91310.0,91397.4,50.029,90859.9908949529,-0.06426742706762488,91184.77516091487,90535.20662899094,649.5685319239274,0,91105.1,91275.2,0.0,0.0,0.0,0.0,0.3205620695376841,-1.0591906290804354,91202.2,91137.3,,,
2024-11-16 06:19:00+00:00,91397.4,91463.3,91361.5,91457.9,27.338,90859.92662752583,-0.06426742706762488,91184.71089348779,90535.14236156386,649.5685319239274,0,91105.1,91275.2,0.0,0.0,0.0,0.0,0.3205620695376841,-1.0591906290804354,91202.2,91137.3,,,
2024-11-16 06:20:00+00:00,91457.9,91527.7,91457.8,91495.5,33.466,90859.86236009876,-0.06426742706762488,91184.64662606073,90535.0780941368,649.5685319239274,1,91105.1,91275.2,343.0533739392704,0.0,0.5281249892497044,0.0,0.3205620695376841,-1.0591906290804354,91202.2,91137.3,,,
2024-11-16 06:21:00+00:00,91495.5,91500.0,91453.8,91453.8,26.337,90859.7980926717,-0.06426742706762488,91184.58235863366,90535.01382670974,649.5685319239274,0,91105.1,91275.2,0.0,0.0,0.0,0.0,0.3205620695376841,-1.0591906290804354,91202.2,91137.3,,,
2024-11-16 06:22:00+00:00,91453.8,91462.0,91387.6,91387.6,12.442,90859.73382524464,-0.06426742706762488,91184.5180912066,90534.94955928267,649.5685319239274,0,91105.1,91275.2,0.0,0.0,0.0,0.0,0.3205620695376841,-1.0591906290804354,91202.2,91137.3,,,
2024-11-16 06:23:00+00:00,91387.6,91400.0,91374.9,91374.9,19.346,90859.66955781756,-0.06426742706762488,91184.45382377952,90534.8852918556,649.5685319239274,0,91105.1,91275.2,0.0,0.0,0.0,0.0,0.3205620695376841,-1.0591906290804354,91202.2,91137.3,,,
2024-11-16 06:24:00+00:00,91374.9,91399.9,91370.8,91399.9,9.719,90859.6052903905,-0.06426742706762488,91184.38955635246,90534.82102442853,649.5685319239274,0,91105.1,91275.2,0.0,0.0,0.0,0.0,0.3205620695376841,-1.0591906290804354,91202.2,91137.3,,,
2024-11-16 06:25:00+00:00,91399.9,91429.3,91390.1,91424.1,10.498,90859.54102296343,-0.06426742706762488,91184.32528892539,90534.75675700147,649.5685319239274,0,91105.1,91275.2,0.0,0.0,0.0,0.0,0.3205620695376841,-1.0591906290804354,91202.2,91137.3,,,
2024-11-16 06:26:00+00:00,91424.1,91448.5,91422.0,91440.3,8.826,90859.47675553637,-0.06426742706762488,91184.26102149833,90534.6924895744,649.5685319239274,0,91105.1,91275.2,0.0,0.0,0.0,0.0,0.3205620695376841,-1.0591906290804354,91202.2,91137.3,,,
2024-11-16 06:27:00+00:00,91440.3,91455.7,91429.0,91430.6,11.119,90859.41248810929,-0.06426742706762488,91184.19675407125,90534.62822214732,649.5685319239274,0,91105.1,91275.2,0.0,0.0,0.0,0.0,0.3205620695376841,-1.0591906290804354,91202.2,91137.3,,,
2024-11-16 06:28:00+00:00,91430.6,91485.2,91429.6,91471.0,12.922,90859.34822068222,-0.06426742706762488,91184.13248664419,90534.56395472026,649.5685319239274,1,91105.1,91275.2,301.06751335581066,0.0,0.4634884520407609,0.0,0.3205620695376841,-1.0591906290804354,91202.2,91137.3,,,
2024-11-16 06:29:00+00:00,91471.0,91471.0,91448.0,91448.1,7.084,90859.28395325516,-0.06426742706762488,91184.06821921712,90534.4996872932,649.5685319239274,0,91105.1,91275.2,0.0,0.0,0.0,0.0,0.3205620695376841,-1.0591906290804354,91202.2,91137.3,,,
2024-11-16 06:30:00+00:00,91448.1,91448.1,91418.5,91424.8,14.793,90859.2196858281,-0.06426742706762488,91184.00395179006,90534.43541986613,649.5685319239274,0,91105.1,91275.2,0.0,0.0,0.0,0.0,0.3205620695376841,-1.0591906290804354,91202.2,91137.3,,,
2024-11-16 06:31:00+00:00,91424.8,91424.8,91372.2,91416.1,26.304,90859.15541840102,-0.06426742706762488,91183.93968436298,90534.37115243905,649.5685319239274,0,91105.1,91275.2,0.0,0.0,0.0,0.0,0.3205620695376841,-1.0591906290804354,91202.2,91137.3,,,
2024-11-16 06:32:00+00:00,91416.1,91420.0,91330.0,91330.1,58.862,90859.09115097395,-0.06426742706762488,91183.87541693592,90534.30688501199,649.5685319239274,0,91105.1,91275.2,0.0,0.0,0.0,0.0,0.3205620695376841,-1.0591906290804354,91202.2,91137.3,,,
2024-11-16 06:33:00+00:00,91330.1,91367.5,91330.0,91332.5,22.363,90859.02688354689,-0.06426742706762488,91183.81114950885,90534.24261758493,649.5685319239274,0,91105.1,91275.2,0.0,0.0,0.0,0.0,0.3205620695376841,-1.0591906290804354,91202.2,91137.3,,,
2024-11-16 06:34:00+00:00,91332.5,91363.1,91330.0,91330.0,50.117,90858.96261611982,-0.06426742706762488,91183.74688208179,90534.17835015786,649.5685319239274,0,91105.1,91275.2,0.0,0.0,0.0,0.0,0.3205620695376841,-1.0591906290804354,91202.2,91137.3,,,
2024-11-16 06:35:00+00:00,91330.0,91330.1,91254.6,91264.5,90.877,90858.89834869275,-0.06426742706762488,91183.68261465471,90534.11408273078,649.5685319239274,-1,91105.1,91275.2,0.0,-720.4859172692231,0.0,-1.1091761405609486,0.3205620695376841,-1.0591906290804354,91202.2,91137.3,,,
2024-11-16 06:36:00+00:00,91264.5,91325.0,91264.4,91324.9,16.99,90858.83408126568,-0.06426742706762488,91183.61834722765,90534.04981530372,649.5685319239274,0,91105.1,91275.2,0.0,0.0,0.0,0.0,0.3205620695376841,-1.0591906290804354,91202.2,91137.3,,,
2024-11-16 06:37:00+00:00,91324.9,91358.1,91305.9,91345.9,14.418,90858.76981383862,-0.06426742706762488,91183.55407980058,90533.98554787665,649.5685319239274,0,91105.1,91275.2,0.0,0.0,0.0,0.0,0.3205620695376841,-1.0591906290804354,91202.2,91137.3,,,
2024-11-16 06:38:00+00:00,91345.9,91360.1,91333.1,91344.4,13.722,90858.70554641155,-0.06426742706762488,91183.48981237352,90533.92128044959,649.5685319239274,0,91105.1,91275.2,0.0,0.0,0.0,0.0,0.3205620695376841,-1.0591906290804354,91202.2,91137.3,,,
2024-11-16 06:39:00+00:00,91344.4,91344.5,91285.0,91300.7,33.701,90858.64127898448,-0.06426742706762488,91183.42554494644,90533.85701302251,649.5685319239274,0,91105.1,91275.2,0.0,0.0,0.0,0.0,0.3205620695376841,-1.0591906290804354,91202.2,91137.3,,,
2024-11-16 06:40:00+00:00,91300.7,91314.1,91285.0,91293.9,9.341,90858.57701155741,-0.06426742706762488,91183.36127751938,90533.79274559545,649.5685319239274,0,91105.1,91275.2,0.0,0.0,0.0,0.0,0.3205620695376841,-1.0591906290804354,91202.2,91137.3,,,
2024-11-16 06:41:00+00:00,91293.9,91342.6,91268.8,91342.6,35.554,90858.51274413035,-0.06426742706762488,91183.29701009231,90533.72847816838,649.5685319239274,0,91105.1,91275.2,0.0,0.0,0.0,0.0,0.3205620695376841,-1.0591906290804354,91202.2,91137.3,,,
2024-11-16 06:42:00+00:00,91342.6,91344.1,91313.5,91313.5,9.926,90858.44847670328,-0.06426742706762488,91183.23274266525,90533.66421074132,649.5685319239274,0,91105.1,91275.2,0.0,0.0,0.0,0.0,0.3205620695376841,-1.0591906290804354,91202.2,91137.3,,,
2024-11-16 06:43:00+00:00,91313.5,91344.1,91303.5,91344.0,13.481,90858.3842092762,-0.06426742706762488,91183.16847523817,90533.59994331424,649.5685319239274,0,91105.1,91275.2,0.0,0.0,0.0,0.0,0.3205620695376841,-1.0591906290804354,91202.2,91137.3,,,
2024-11-16 06:44:00+00:00,91344.0,91369.5,91334.7,91367.9,17.631,90858.31994184914,-0.06426742706762488,91183.1042078111,90533.53567588718,649.5685319239274,0,91105.1,91275.2,0.0,0.0,0.0,0.0,0.3205620695376841,-1.0591906290804354,91202.2,91137.3,,,
2024-11-16 06:45:00+00:00,91367.9,91416.4,91354.9,91416.4,25.981,90858.25567442208,-0.06426742706762488,91183.03994038404,90533.47140846011,649.5685319239274,0,91105.1,91275.2,0.0,0.0,0.0,0.0,0.3205620695376841,-1.0591906290804354,91202.2,91137.3,,,
2024-11-16 06:46:00+00:00,91416.4,91467.6,91408.8,91467.5,17.416,90858.19140699501,-0.06426742706762488,91182.97567295698,90533.40714103305,649.5685319239274,0,91105.1,91275.2,0.0,0.0,0.0,0.0,0.3205620695376841,-1.0591906290804354,91202.2,91137.3,,,
2024-11-16 06:47:00+00:00,91467.5,91487.8,91420.5,91420.6,21.357,90858.12713956794,-0.06426742706762488,91182.9114055299,90533.34287360597,649.5685319239274,1,91105.1,91275.2,304.88859447010327,0.0,0.46937094315062905,0.0,0.3205620695376841,-1.0591906290804354,91202.2,91137.3,,,
2024-11-16 06:48:00+00:00,91420.6,91451.9,91410.6,91451.2,42.876,90858.06287214087,-0.06426742706762488,91182.84713810284,90533.27860617891,649.5685319239274,0,91105.1,91275.2,0.0,0.0,0.0,0.0,0.3205620695376841,-1.0591906290804354,91202.2,91137.3,,,
2024-11-16 06:49:00+00:00,91451.2,91467.3,91450.0,91458.3,6.624,90857.99860471381,-0.06426742706762488,91182.78287067577,90533.21433875184,649.5685319239274,0,91105.1,91275.2,0.0,0.0,0.0,0.0,0.3205620695376841,-1.0591906290804354,91202.2,91137.3,,,
2024-11-16 06:50:00+00:00,91458.3,91458.4,91393.3,91398.0,31.119,90857.93433728674,-0.06426742706762488,91182.71860324871,90533.15007132478,649.5685319239274,0,91105.1,91275.2,0.0,0.0,0.0,0.0,0.3205620695376841,-1.0591906290804354,91202.2,91137.3,,,
2024-11-16 06:51:00+00:00,91398.0,91398.0,91353.7,91387.4,20.627,90857.87006985967,-0.06426742706762488,91182.65433582163,90533.0858038977,649.5685319239274,0,91105.1,91275.2,0.0,0.0,0.0,0.0,0.3205620695376841,-1.0591906290804354,91202.2,91137.3,,,
2024-11-16 06:52:00+00:00,91387.4,91387.5,91345.1,91358.0,40.139,90857.8058024326,-0.06426742706762488,91182.59006839457,90533.02153647064,649.5685319239274,0,91105.1,91275.2,0.0,0.0,0.0,0.0,0.3205620695376841,-1.0591906290804354,91202.2,91137.3,,,
2024-11-16 06:53:00+00:00,91358.0,91358.1,91345.1,91345.1,12.274,90857.74153500554,-0.06426742706762488,91182.5258009675,90532.95726904357,649.5685319239274,0,91105.1,91275.2,0.0,0.0,0.0,0.0,0.3205620695376841,-1.0591906290804354,91202.2,91137.3,,,
2024-11-16 06:54:00+00:00,91345.1,91376.9,91273.0,91274.5,51.489,90857.67726757847,-0.06426742706762488,91182.46153354044,90532.89300161651,649.5685319239274,0,91105.1,91275.2,0.0,0.0,0.0,0.0,0.3205620695376841,-1.0591906290804354,91202.2,91137.3,,,
2024-11-16 06:55:00+00:00,91274.5,91296.2,91260.0,91260.0,25.617,90857.6130001514,-0.06426742706762488,91182.39726611336,90532.82873418943,649.5685319239274,0,91105.1,91275.2,0.0,0.0,0.0,0.0,0.3205620695376841,-1.0591906290804354,91202.2,91137.3,,,
2024-11-16 06:56:00+00:00,91260.0,91310.9,91233.4,91310.9,55.355,90857.54873272433,-0.06426742706762488,91182.3329986863,90532.76446676237,649.5685319239274,-1,91105.1,91275.2,0.0,-700.6355332376261,0.0,-1.0786168030068293,0.3205620695376841,-1.0591906290804354,91202.2,91137.3,,,
2024-11-16 06:57:00+00:00,91310.9,91319.9,91250.7,91250.7,23.366,90857.48446529727,-0.06426742706762488,91182.26873125923,90532.7001993353,649.5685319239274,0,91105.1,91275.2,0.0,0.0,0.0,0.0,0.3205620695376841,-1.0591906290804354,91202.2,91137.3,,,
2024-11-16 06:58:00+00:00,91250.7,91310.0,91250.7,91300.3,17.275,90857.42019787019,-0.06426742706762488,91182.20446383215,90532.63593190823,649.5685319239274,0,91105.1,91275.2,0.0,0.0,0.0,0.0,0.3205620695376841,-1.0591906290804354,91202.2,91137.3,,,
2024-11-16 06:59:00+00:00,91300.3,91300.3,91276.3,91277.5,8.919,90857.35593044313,-0.06426742706762488,91182.14019640509,90532.57166448116,649.5685319239274,0,91105.1,91275.2,0.0,0.0,0.0,0.0,0.3205620695376841,-1.0591906290804354,91202.2,91137.3,,,
2024-11-16 07:00:00+00:00,91277.5,91280.0,91260.5,91274.9,15.665,90857.29166301606,-0.06426742706762488,91182.07592897803,90532.5073970541,649.5685319239274,0,91105.1,91275.2,0.0,0.0,0.0,0.0,0.3205620695376841,-1.0591906290804354,91202.2,91137.3,,,
2024-11-16 07:01:00+00:00,91274.9,91310.0,91261.4,91310.0,18.667,90857.227395589,-0.06426742706762488,91182.01166155096,90532.44312962703,649.5685319239274,0,91105.1,91275.2,0.0,0.0,0.0,0.0,0.3205620695376841,-1.0591906290804354,91202.2,91137.3,,,
2024-11-16 07:02:00+00:00,91310.0,91320.4,91292.6,91300.4,16.916,90857.16312816192,-0.06426742706762488,91181.94739412388,90532.37886219996,649.5685319239274,0,91105.1,91275.2,0.0,0.0,0.0,0.0,0.3205620695376841,-1.0591906290804354,91202.2,91137.3,,,
2024-11-16 07:03:00+00:00,91300.4,91340.1,91300.3,91335.8,24.438,90857.09886073486,-0.06426742706762488,91181.88312669682,90532.31459477289,649.5685319239274,0,91105.1,91275.2,0.0,0.0,0.0,0.0,0.3205620695376841,-1.0591906290804354,91202.2,91137.3,,,
2024-11-16 07:04:00+00:00,91335.8,91335.8,91245.1,91245.1,35.221,90857.03459330779,-0.06426742706762488,91181.81885926976,90532.25032734583,649.5685319239274,0,91105.1,91275.2,0.0,0.0,0.0,0.0,0.3205620695376841,-1.0591906290804354,91202.2,91137.3,,,
2024-11-16 07:05:00+00:00,91245.1,91250.3,91230.0,91236.7,26.097,90856.97032588073,-0.06426742706762488,91181.75459184269,90532.18605991876,649.5685319239274,-1,91105.1,91275.2,0.0,-697.8139400812361,0.0,-1.0742730070596445,0.3205620695376841,-1.0591906290804354,91202.2,91137.3,,,
2024-11-16 07:06:00+00:00,91236.7,91276.5,91236.7,91276.5,31.341,90856.90605845365,-0.06426742706762488,91181.69032441561,90532.12179249169,649.5685319239274,0,91105.1,91275.2,0.0,0.0,0.0,0.0,0.3205620695376841,-1.0591906290804354,91202.2,91137.3,,,
2024-11-16 07:07:00+00:00,91276.5,91350.7,91251.4,91350.6,42.531,90856.84179102659,-0.06426742706762488,91181.62605698855,90532.05752506462,649.5685319239274,0,91105.1,91275.2,0.0,0.0,0.0,0.0,0.3205620695376841,-1.0591906290804354,91202.2,91137.3,,,
2024-11-16 07:08:00+00:00,91350.6,91380.0,91292.3,91319.8,88.58,90856.77752359952,-0.06426742706762488,91181.56178956149,90531.99325763756,649.5685319239274,0,91105.1,91275.2,0.0,0.0,0.0,0.0,0.3205620695376841,-1.0591906290804354,91202.2,91137.3,,,
2024-11-16 07:09:00+00:00,91319.8,91376.5,91311.1,91363.6,36.812,90856.71325617246,-0.06426742706762488,91181.49752213442,90531.9289902105,649.5685319239274,0,91105.1,91275.2,0.0,0.0,0.0,0.0,0.3205620695376841,-1.0591906290804354,91202.2,91137.3,,,
2024-11-16 07:10:00+00:00,91363.6,91479.0,91363.6,91460.0,82.758,90856.64898874538,-0.06426742706762488,91181.43325470734,90531.86472278342,649.5685319239274,1,91105.1,91275.2,297.5667452926573,0.0,0.458099077569703,0.0,0.3205620695376841,-1.0591906290804354,91202.2,91137.3,,,
2024-11-16 07:11:00+00:00,91460.0,91463.1,91409.1,91425.3,37.083,90856.58472131832,-0.06426742706762488,91181.36898728028,90531.80045535635,649.5685319239274,0,91105.1,91275.2,0.0,0.0,0.0,0.0,0.3205620695376841,-1.0591906290804354,91202.2,91137.3,,,
2024-11-16 07:12:00+00:00,91425.3,91425.4,91413.0,91425.4,11.531,90856.52045389125,-0.06426742706762488,91181.30471985321,90531.73618792929,649.5685319239274,0,91105.1,91275.2,0.0,0.0,0.0,0.0,0.3205620695376841,-1.0591906290804354,91202.2,91137.3,,,
2024-11-16 07:13:00+00:00,91425.4,91437.3,91419.5,91429.5,4.638,90856.45618646419,-0.06426742706762488,91181.24045242615,90531.67192050222,649.5685319239274,0,91105.1,91275.2,0.0,0.0,0.0,0.0,0.3205620695376841,-1.0591906290804354,91202.2,91137.3,,,
2024-11-16 07:14:00+00:00,91429.5,91430.0,91429.5,91429.9,8.41,90856.39191903711,-0.06426742706762488,91181.17618499907,90531.60765307515,649.5685319239274,0,91105.1,91275.2,0.0,0.0,0.0,0.0,0.3205620695376841,-1.0591906290804354,91202.2,91137.3,,,
2024-11-16 07:15:00+00:00,91429.9,91448.2,91427.7,91427.7,20.405,90856.32765161004,-0.06426742706762488,91181.11191757201,90531.54338564808,649.5685319239274,0,91105.1,91275.2,0.0,0.0,0.0,0.0,0.3205620695376841,-1.0591906290804354,91202.2,91137.3,,,
2024-11-16 07:16:00+00:00,91427.7,91471.9,91427.7,91471.8,13.382,90856.26338418298,-0.06426742706762488,91181.04765014494,90531.47911822102,649.5685319239274,0,91105.1,91275.2,0.0,0.0,0.0,0.0,0.3205620695376841,-1.0591906290804354,91202.2,91137.3,,,
2024-11-16 07:17:00+00:00,91471.8,91473.2,91449.8,91472.6,18.017,90856.19911675592,-0.06426742706762488,91180.98338271788,90531.41485079395,649.5685319239274,0,91105.1,91275.2,0.0,0.0,0.0,0.0,0.3205620695376841,-1.0591906290804354,91202.2,91137.3,,,
2024-11-16 07:18:00+00:00,91472.6,91480.7,91459.1,91480.6,16.397,90856.13484932884,-0.06426742706762488,91180.9191152908,90531.35058336688,649.5685319239274,0,91105.1,91275.2,0.0,0.0,0.0,0.0,0.3205620695376841,-1.0591906290804354,91202.2,91137.3,,,
2024-11-16 07:19:00+00:00,91480.6,91480.8,91456.9,91480.8,22.072,90856.07058190177,-0.06426742706762488,91180.85484786374,90531.28631593981,649.5685319239274,0,91105.1,91275.2,0.0,0.0,0.0,0.0,0.3205620695376841,-1.0591906290804354,91202.2,91137.3,,,
2024-11-16 07:20:00+00:00,91480.8,91484.9,91430.9,91436.3,48.028,90856.00631447471,-0.06426742706762488,91180.79058043667,90531.22204851275,649.5685319239274,1,91105.1,91275.2,304.10941956331953,0.0,0.46817141628242326,0.0,0.3205620695376841,-1.0591906290804354,91202.2,91137.3,,,
2024-11-16 07:21:00+00:00,91436.3,91447.2,91429.7,91435.9,7.465,90855.94204704765,-0.06426742706762488,91180.72631300961,90531.15778108568,649.5685319239274,0,91105.1,91275.2,0.0,0.0,0.0,0.0,0.3205620695376841,-1.0591906290804354,91202.2,91137.3,,,
2024-11-16 07:22:00+00:00,91435.9,91457.0,91430.0,91442.9,13.453,90855.87777962057,-0.06426742706762488,91180.66204558253,90531.0935136586,649.5685319239274,0,91105.1,91275.2,0.0,0.0,0.0,0.0,0.3205620695376841,-1.0591906290804354,91202.2,91137.3,,,
2024-11-16 07:23:00+00:00,91442.9,91443.0,91419.9,91419.9,10.083,90855.8135121935,-0.06426742706762488,91180.59777815547,90531.02924623154,649.5685319239274,0,91105.1,91275.2,0.0,0.0,0.0,0.0,0.3205620695376841,-1.0591906290804354,91202.2,91137.3,,,
2024-11-16 07:24:00+00:00,91419.9,91442.7,91392.7,91442.7,65.232,90855.74924476644,-0.06426742706762488,91180.5335107284,90530.96497880448,649.5685319239274,0,91105.1,91275.2,0.0,0.0,0.0,0.0,0.3205620695376841,-1.0591906290804354,91202.2,91137.3,,,
2024-11-16 07:25:00+00:00,91442.7,91448.1,91399.1,91405.0,23.832,90855.68497733938,-0.06426742706762488,91180.46924330134,90530.90071137741,649.5685319239274,0,91105.1,91275.2,0.0,0.0,0.0,0.0,0.3205620695376841,-1.0591906290804354,91202.2,91137.3,,,
2024-11-16 07:26:00+00:00,91405.0,91423.4,91397.0,91400.0,22.593,90855.6207099123,-0.06426742706762488,91180.40497587426,90530.83644395033,649.5685319239274,0,91105.1,91275.2,0.0,0.0,0.0,0.0,0.3205620695376841,-1.0591906290804354,91202.2,91137.3,,,
2024-11-16 07:27:00+00:00,91400.0,91434.3,91399.9,91434.2,3.936,90855.55644248523,-0.06426742706762488,91180.3407084472,90530.77217652327,649.5685319239274,0,91105.1,91275.2,0.0,0.0,0.0,0.0,0.3205620695376841,-1.0591906290804354,91202.2,91137.3,,,
2024-11-16 07:28:00+00:00,91434.2,91447.9,91390.1,91447.9,28.015,90855.49217505817,-0.06426742706762488,91180.27644102013,90530.7079090962,649.5685319239274,0,91105.1,91275.2,0.0,0.0,0.0,0.0,0.3205620695376841,-1.0591906290804354,91202.2,91137.3,,,
2024-11-16 07:29:00+00:00,91447.9,91447.9,91403.2,91403.2,17.231,90855.4279076311,-0.06426742706762488,91180.21217359307,90530.64364166914,649.5685319239274,0,91105.1,91275.2,0.0,0.0,0.0,0.0,0.3205620695376841,-1.0591906290804354,91202.2,91137.3,,,
2024-11-16 07:30:00+00:00,91403.2,91405.1,91388.0,91388.1,13.734,90855.36364020403,-0.06426742706762488,91180.14790616599,90530.57937424206,649.5685319239274,0,91105.1,91275.2,0.0,0.0,0.0,0.0,0.3205620695376841,-1.0591906290804354,91202.2,91137.3,,,
2024-11-16 07:31:00+00:00,91388.1,91388.1,91354.9,91354.9,24.45,90855.29937277696,-0.06426742706762488,91180.08363873893,90530.515106815,649.5685319239274,0,91105.1,91275.2,0.0,0.0,0.0,0.0,0.3205620695376841,-1.0591906290804354,91202.2,91137.3,,,
2024-11-16 07:32:00+00:00,91354.9,91370.0,91258.1,91258.1,67.851,90855.2351053499,-0.06426742706762488,91180.01937131186,90530.45083938794,649.5685319239274,0,91105.1,91275.2,0.0,0.0,0.0,0.0,0.3205620695376841,-1.0591906290804354,91202.2,91137.3,,,
2024-11-16 07:33:00+00:00,91258.1,91303.2,91258.0,91300.0,35.453,90855.17083792284,-0.06426742706762488,91179.9551038848,90530.38657196087,649.5685319239274,0,91105.1,91275.2,0.0,0.0,0.0,0.0,0.3205620695376841,-1.0591906290804354,91202.2,91137.3,,,
2024-11-16 07:34:00+00:00,91300.0,91325.9,91289.3,91325.9,18.152,90855.10657049576,-0.06426742706762488,91179.89083645772,90530.3223045338,649.5685319239274,0,91105.1,91275.2,0.0,0.0,0.0,0.0,0.3205620695376841,-1.0591906290804354,91202.2,91137.3,,,
2024-11-16 07:35:00+00:00,91325.9,91362.1,91302.8,91318.9,50.26,90855.0423030687,-0.06426742706762488,91179.82656903066,90530.25803710673,649.5685319239274,0,91105.1,91275.2,0.0,0.0,0.0,0.0,0.3205620695376841,-1.0591906290804354,91202.2,91137.3,,,
2024-11-16 07:36:00+00:00,91318.9,91318.9,91222.3,91229.4,48.9,90854.97803564163,-0.06426742706762488,91179.7623016036,90530.19376967967,649.5685319239274,0,91105.1,91275.2,0.0,0.0,0.0,0.0,0.3205620695376841,-1.0591906290804354,91202.2,91137.3,,,
2024-11-16 07:37:00+00:00,91229.4,91294.9,91229.4,91287.9,45.813,90854.91376821457,-0.06426742706762488,91179.69803417653,90530.1295022526,649.5685319239274,0,91105.1,91275.2,0.0,0.0,0.0,0.0,0.3205620695376841,-1.0591906290804354,91202.2,91137.3,,,
2024-11-16 07:38:00+00:00,91287.9,91287.9,91274.6,91274.6,5.664,90854.84950078749,-0.06426742706762488,91179.63376674945,90530.06523482552,649.5685319239274,0,91105.1,91275.2,0.0,0.0,0.0,0.0,0.3205620695376841,-1.0591906290804354,91202.2,91137.3,,,
2024-11-16 07:39:00+00:00,91274.6,91274.7,91250.0,91258.5,20.665,90854.78523336042,-0.06426742706762488,91179.56949932239,90530.00096739846,649.5685319239274,0,91105.1,91275.2,0.0,0.0,0.0,0.0,0.3205620695376841,-1.0591906290804354,91202.2,91137.3,,,
2024-11-16 07:40:00+00:00,91258.5,91265.9,91250.0,91250.0,13.683,90854.72096593336,-0.06426742706762488,91179.50523189532,90529.9366999714,649.5685319239274,0,91105.1,91275.2,0.0,0.0,0.0,0.0,0.3205620695376841,-1.0591906290804354,91202.2,91137.3,,,
2024-11-16 07:41:00+00:00,91250.0,91250.3,91228.2,91234.9,48.164,90854.65669850628,-0.06426742706762488,91179.44096446825,90529.87243254432,649.5685319239274,0,91105.1,91275.2,0.0,0.0,0.0,0.0,0.3205620695376841,-1.0591906290804354,91202.2,91137.3,,,
2024-11-16 07:42:00+00:00,91234.9,91235.0,91221.9,91226.3,12.229,90854.59243107922,-0.06426742706762488,91179.37669704118,90529.80816511725,649.5685319239274,0,91105.1,91275.2,0.0,0.0,0.0,0.0,0.3205620695376841,-1.0591906290804354,91202.2,91137.3,,,
2024-11-16 07:43:00+00:00,91226.3,91275.6,91226.2,91238.1,23.473,90854.52816365215,-0.06426742706762488,91179.31242961412,90529.74389769019,649.5685319239274,0,91105.1,91275.2,0.0,0.0,0.0,0.0,0.3205620695376841,-1.0591906290804354,91202.2,91137.3,,,
2024-11-16 07:44:00+00:00,91238.1,91238.2,91204.6,91204.6,40.291,90854.46389622509,-0.06426742706762488,91179.24816218705,90529.67963026313,649.5685319239274,0,91105.1,91275.2,0.0,0.0,0.0,0.0,0.3205620695376841,-1.0591906290804354,91202.2,91137.3,,,
2024-11-16 07:45:00+00:00,91204.6,91204.7,91196.0,91196.0,33.152,90854.39962879801,-0.06426742706762488,91179.18389475998,90529.61536283605,649.5685319239274,0,91105.1,91275.2,0.0,0.0,0.0,0.0,0.3205620695376841,-1.0591906290804354,91202.2,91137.3,,,
2024-11-16 07:46:00+00:00,91196.0,91205.5,91170.0,91173.4,46.425,90854.33536137095,-0.06426742706762488,91179.11962733291,90529.55109540898,649.5685319239274,-1,91105.1,91275.2,0.0,-640.4489045910159,0.0,-0.985960484714522,0.3205620695376841,-1.0591906290804354,91202.2,91137.3,,,
2024-11-16 07:47:00+00:00,91173.4,91204.2,91173.3,91204.1,41.57,90854.27109394388,-0.06426742706762488,91179.05535990585,90529.48682798192,649.5685319239274,0,91105.1,91275.2,0.0,0.0,0.0,0.0,0.3205620695376841,-1.0591906290804354,91202.2,91137.3,,,
2024-11-16 07:48:00+00:00,91204.1,91243.0,91204.1,91243.0,19.153,90854.20682651682,-0.06426742706762488,91178.99109247878,90529.42256055486,649.5685319239274,0,91105.1,91275.2,0.0,0.0,0.0,0.0,0.3205620695376841,-1.0591906290804354,91202.2,91137.3,,,
2024-11-16 07:49:00+00:00,91243.0,91249.9,91242.9,91249.8,11.377,90854.14255908974,-0.06426742706762488,91178.9268250517,90529.35829312778,649.5685319239274,0,91105.1,91275.2,0.0,0.0,0.0,0.0,0.3205620695376841,-1.0591906290804354,91202.2,91137.3,,,
2024-11-16 07:50:00+00:00,91249.8,91277.8,91249.8,91277.8,24.741,90854.07829166268,-0.06426742706762488,91178.86255762464,90529.29402570071,649.5685319239274,0,91105.1,91275.2,0.0,0.0,0.0,0.0,0.3205620695376841,-1.0591906290804354,91202.2,91137.3,,,
2024-11-16 07:51:00+00:00,91277.8,91277.8,91266.4,91266.5,4.7,90854.01402423561,-0.06426742706762488,91178.79829019758,90529.22975827365,649.5685319239274,0,91105.1,91275.2,0.0,0.0,0.0,0.0,0.3205620695376841,-1.0591906290804354,91202.2,91137.3,,,
2024-11-16 07:52:00+00:00,91266.5,91296.9,91222.1,91296.9,36.578,90853.94975680855,-0.06426742706762488,91178.73402277051,90529.16549084659,649.5685319239274,0,91105.1,91275.2,0.0,0.0,0.0,0.0,0.3205620695376841,-1.0591906290804354,91202.2,91137.3,,,
2024-11-16 07:53:00+00:00,91296.9,91297.7,91250.0,91250.1,20.376,90853.88548938147,-0.06426742706762488,91178.66975534344,90529.10122341951,649.5685319239274,1,91105.1,91275.2,119.03024465656199,0.0,0.18324509086672,0.0,0.3205620695376841,-1.0591906290804354,91202.2,91137.3,,,
2024-11-16 07:54:00+00:00,91250.1,91258.6,91240.7,91258.5,9.269,90853.82122195441,-0.06426742706762488,91178.60548791637,90529.03695599244,649.5685319239274,0,91105.1,91275.2,0.0,0.0,0.0,0.0,0.3205620695376841,-1.0591906290804354,91202.2,91137.3,,,
2024-11-16 07:55:00+00:00,91258.5,91297.7,91258.5,91286.6,10.313,90853.75695452734,-0.06426742706762488,91178.54122048931,90528.97268856538,649.5685319239274,1,91105.1,91275.2,119.15877951068978,0.0,0.18344296814650002,0.0,0.3205620695376841,-1.0591906290804354,91202.2,91137.3,,,
2024-11-16 07:56:00+00:00,91286.6,91286.6,91264.1,91274.4,42.758,90853.69268710028,-0.06426742706762488,91178.47695306224,90528.90842113832,649.5685319239274,0,91105.1,91275.2,0.0,0.0,0.0,0.0,0.3205620695376841,-1.0591906290804354,91202.2,91137.3,,,
2024-11-16 07:57:00+00:00,91274.4,91274.5,91214.1,91214.1,15.568,90853.6284196732,-0.06426742706762488,91178.41268563516,90528.84415371124,649.5685319239274,0,91105.1,91275.2,0.0,0.0,0.0,0.0,0.3205620695376841,-1.0591906290804354,91202.2,91137.3,,,
2024-11-16 07:58:00+00:00,91214.1,91227.9,91200.0,91225.1,22.709,90853.56415224614,-0.06426742706762488,91178.3484182081,90528.77988628417,649.5685319239274,-1,91105.1,91275.2,0.0,-671.2201137158263,0.0,-1.0333322516836985,0.3205620695376841,-1.0591906290804354,91202.2,91137.3,,,
2024-11-16 07:59:00+00:00,91225.1,91225.2,91211.0,91220.5,10.988,90853.49988481907,-0.06426742706762488,91178.28415078104,90528.71561885711,649.5685319239274,0,91105.1,91275.2,0.0,0.0,0.0,0.0,0.3205620695376841,-1.0591906290804354,91202.2,91137.3,,,
2024-11-16 08:00:00+00:00,91220.5,91226.6,91211.0,91226.1,18.241,90853.43561739201,-0.06426742706762488,91178.21988335397,90528.65135143005,649.5685319239274,0,91105.1,91275.2,0.0,0.0,0.0,0.0,0.3205620695376841,-1.0591906290804354,91202.2,91137.3,,,
2024-11-16 08:01:00+00:00,91226.1,91262.9,91209.3,91255.4,16.487,90853.37134996493,-0.06426742706762488,91178.1556159269,90528.58708400297,649.5685319239274,0,91105.1,91275.2,0.0,0.0,0.0,0.0,0.3205620695376841,-1.0591906290804354,91202.2,91137.3,,,
2024-11-16 08:02:00+00:00,91255.4,91299.0,91255.4,91298.9,18.986,90853.30708253787,-0.06426742706762488,91178.09134849983,90528.5228165759,649.5685319239274,0,91105.1,91275.2,0.0,0.0,0.0,0.0,0.3205620695376841,-1.0591906290804354,91202.2,91137.3,,,
2024-11-16 08:03:00+00:00,91298.9,91327.7,91298.9,91327.7,19.157,90853.2428151108,-0.06426742706762488,91178.02708107277,90528.45854914884,649.5685319239274,1,91105.1,91275.2,149.67291892723006,0.0,0.23041898055609417,0.0,0.3205620695376841,-1.0591906290804354,91202.2,91137.3,,,
2024-11-16 08:04:00+00:00,91327.7,91327.7,91297.6,91297.6,15.952,90853.17854768374,-0.06426742706762488,91177.9628136457,90528.39428172178,649.5685319239274,1,91105.1,91275.2,149.73718635429395,0.0,0.23051791919598416,0.0,0.3205620695376841,-1.0591906290804354,91202.2,91137.3,,,
2024-11-16 08:05:00+00:00,91297.6,91308.4,91294.5,91294.6,14.978,90853.11428025666,-0.06426742706762488,91177.89854621862,90528.3300142947,649.5685319239274,0,91105.1,91275.2,0.0,0.0,0.0,0.0,0.3205620695376841,-1.0591906290804354,91202.2,91137.3,,,
2024-11-16 08:06:00+00:00,91294.6,91294.6,91272.0,91280.1,16.392,90853.0500128296,-0.06426742706762488,91177.83427879156,90528.26574686763,649.5685319239274,0,91105.1,91275.2,0.0,0.0,0.0,0.0,0.3205620695376841,-1.0591906290804354,91202.2,91137.3,,,
2024-11-16 08:07:00+00:00,91280.1,91280.1,91232.3,91232.3,8.009,90852.98574540253,-0.06426742706762488,91177.7700113645,90528.20147944057,649.5685319239274,0,91105.1,91275.2,0.0,0.0,0.0,0.0,0.3205620695376841,-1.0591906290804354,91202.2,91137.3,,,
2024-11-16 08:08:00+00:00,91232.3,91241.3,91222.7,91241.3,6.917,90852.92147797547,-0.06426742706762488,91177.70574393743,90528.1372120135,649.5685319239274,0,91105.1,91275.2,0.0,0.0,0.0,0.0,0.3205620695376841,-1.0591906290804354,91202.2,91137.3,,,
2024-11-16 08:09:00+00:00,91241.3,91287.7,91241.2,91287.7,5.902,90852.85721054839,-0.06426742706762488,91177.64147651035,90528.07294458643,649.5685319239274,0,91105.1,91275.2,0.0,0.0,0.0,0.0,0.3205620695376841,-1.0591906290804354,91202.2,91137.3,,,
2024-11-16 08:10:00+00:00,91287.7,91287.7,91202.8,91202.8,22.058,90852.79294312133,-0.06426742706762488,91177.57720908329,90528.00867715936,649.5685319239274,0,91105.1,91275.2,0.0,0.0,0.0,0.0,0.3205620695376841,-1.0591906290804354,91202.2,91137.3,,,
2024-11-16 08:11:00+00:00,91202.8,91242.4,91202.8,91215.3,11.982,90852.72867569426,-0.06426742706762488,91177.51294165623,90527.9444097323,649.5685319239274,0,91105.1,91275.2,0.0,0.0,0.0,0.0,0.3205620695376841,-1.0591906290804354,91202.2,91137.3,,,
2024-11-16 08:12:00+00:00,91215.3,91225.8,91215.3,91225.8,5.223,90852.6644082672,-0.06426742706762488,91177.44867422916,90527.88014230524,649.5685319239274,0,91105.1,91275.2,0.0,0.0,0.0,0.0,0.3205620695376841,-1.0591906290804354,91202.2,91137.3,,,
2024-11-16 08:13:00+00:00,91225.8,91225.8,91175.0,91211.8,43.413,90852.60014084012,-0.06426742706762488,91177.38440680208,90527.81587487816,649.5685319239274,0,91105.1,91275.2,0.0,0.0,0.0,0.0,0.3205620695376841,-1.0591906290804354,91202.2,91137.3,,,
2024-11-16 08:14:00+00:00,91211.8,91211.9,91139.3,91163.6,60.631,90852.53587341306,-0.06426742706762488,91177.32013937502,90527.7516074511,649.5685319239274,0,91105.1,91275.2,0.0,0.0,0.0,0.0,0.3205620695376841,-1.0591906290804354,91202.2,91137.3,,,
2024-11-16 08:15:00+00:00,91163.6,91195.0,91100.0,91195.0,107.827,90852.471605986,-0.06426742706762488,91177.25587194796,90527.68734002403,649.5685319239274,-1,91105.1,91275.2,0.0,-572.3126599759707,0.0,-0.8810658642604869,0.3205620695376841,-1.0591906290804354,91202.2,91137.3,,,
2024-11-16 08:16:00+00:00,91195.0,91206.5,91160.0,91160.0,23.95,90852.40733855893,-0.06426742706762488,91177.1916045209,90527.62307259697,649.5685319239274,0,91105.1,91275.2,0.0,0.0,0.0,0.0,0.3205620695376841,-1.0591906290804354,91202.2,91137.3,,,
2024-11-16 08:17:00+00:00,91160.0,91204.8,91160.0,91204.7,13.245,90852.34307113185,-0.06426742706762488,91177.12733709381,90527.55880516989,649.5685319239274,0,91105.1,91275.2,0.0,0.0,0.0,0.0,0.3205620695376841,-1.0591906290804354,91202.2,91137.3,,,
2024-11-16 08:18:00+00:00,91204.7,91247.2,91204.7,91223.5,29.593,90852.27880370479,-0.06426742706762488,91177.06306966675,90527.49453774282,649.5685319239274,0,91105.1,91275.2,0.0,0.0,0.0,0.0,0.3205620695376841,-1.0591906290804354,91202.2,91137.3,,,
2024-11-16 08:19:00+00:00,91223.5,91254.2,91201.9,91229.8,18.255,90852.21453627772,-0.06426742706762488,91176.99880223969,90527.43027031576,649.5685319239274,0,91105.1,91275.2,0.0,0.0,0.0,0.0,0.3205620695376841,-1.0591906290804354,91202.2,91137.3,,,
2024-11-16 08:20:00+00:00,91229.8,91259.3,91229.8,91259.3,14.948,90852.15026885064,-0.06426742706762488,91176.93453481261,90527.36600288868,649.5685319239274,0,91105.1,91275.2,0.0,0.0,0.0,0.0,0.3205620695376841,-1.0591906290804354,91202.2,91137.3,,,
2024-11-16 08:21:00+00:00,91259.3,91318.0,91259.2,91317.9,20.029,90852.08600142358,-0.06426742706762488,91176.87026738554,90527.30173546162,649.5685319239274,0,91105.1,91275.2,0.0,0.0,0.0,0.0,0.3205620695376841,-1.0591906290804354,91202.2,91137.3,,,
2024-11-16 08:22:00+00:00,91317.9,91320.6,91317.9,91320.5,37.021,90852.02173399652,-0.06426742706762488,91176.80599995848,90527.23746803455,649.5685319239274,0,91105.1,91275.2,0.0,0.0,0.0,0.0,0.3205620695376841,-1.0591906290804354,91202.2,91137.3,,,
2024-11-16 08:23:00+00:00,91320.5,91393.0,91320.5,91393.0,63.54,90851.95746656945,-0.06426742706762488,91176.74173253142,90527.17320060749,649.5685319239274,1,91105.1,91275.2,216.25826746858365,0.0,0.3329260221828452,0.0,0.3205620695376841,-1.0591906290804354,91202.2,91137.3,,,
2024-11-16 08:24:00+00:00,91393.0,91393.0,91287.1,91287.1,79.809,90851.89319914237,-0.06426742706762488,91176.67746510434,90527.10893318041,649.5685319239274,0,91105.1,91275.2,0.0,0.0,0.0,0.0,0.3205620695376841,-1.0591906290804354,91202.2,91137.3,,,
2024-11-16 08:25:00+00:00,91287.1,91311.8,91273.0,91281.6,44.319,90851.82893171531,-0.06426742706762488,91176.61319767727,90527.04466575335,649.5685319239274,0,91105.1,91275.2,0.0,0.0,0.0,0.0,0.3205620695376841,-1.0591906290804354,91202.2,91137.3,,,
2024-11-16 08:26:00+00:00,91281.6,91300.8,91281.6,91283.6,14.994,90851.76466428825,-0.06426742706762488,91176.54893025021,90526.98039832628,649.5685319239274,0,91105.1,91275.2,0.0,0.0,0.0,0.0,0.3205620695376841,-1.0591906290804354,91202.2,91137.3,,,
2024-11-16 08:27:00+00:00,91283.6,91314.6,91283.0,91299.0,21.937,90851.70039686118,-0.06426742706762488,91176.48466282315,90526.91613089922,649.5685319239274,0,91105.1,91275.2,0.0,0.0,0.0,0.0,0.3205620695376841,-1.0591906290804354,91202.2,91137.3,,,
2024-11-16 08:28:00+00:00,91299.0,91335.3,91278.2,91332.3,19.214,90851.6361294341,-0.06426742706762488,91176.42039539607,90526.85186347214,649.5685319239274,0,91105.1,91275.2,0.0,0.0,0.0,0.0,0.3205620695376841,-1.0591906290804354,91202.2,91137.3,,,
2024-11-16 08:29:00+00:00,91332.3,91347.7,91307.9,91308.0,14.744,90851.57186200704,-0.06426742706762488,91176.356127969,90526.78759604508,649.5685319239274,0,91105.1,91275.2,0.0,0.0,0.0,0.0,0.3205620695376841,-1.0591906290804354,91202.2,91137.3,,,
2024-11-16 08:30:00+00:00,91308.0,91485.9,91307.9,91485.9,102.198,90851.50759457998,-0.06426742706762488,91176.29186054194,90526.72332861801,649.5685319239274,0,91105.1,91275.2,0.0,0.0,0.0,0.0,0.3205620695376841,-1.0591906290804354,91202.2,91137.3,,,
2024-11-16 08:31:00+00:00,91485.9,91485.9,91457.3,91461.7,43.585,90851.44332715291,-0.06426742706762488,91176.22759311488,90526.65906119095,649.5685319239274,0,91105.1,91275.2,0.0,0.0,0.0,0.0,0.3205620695376841,-1.0591906290804354,91202.2,91137.3,,,
2024-11-16 08:32:00+00:00,91461.7,91461.7,91459.7,91459.7,19.138,90851.37905972583,-0.06426742706762488,91176.1633256878,90526.59479376387,649.5685319239274,0,91105.1,91275.2,0.0,0.0,0.0,0.0,0.3205620695376841,-1.0591906290804354,91202.2,91137.3,,,
2024-11-16 08:33:00+00:00,91459.7,91460.0,91393.3,91434.9,33.866,90851.31479229877,-0.06426742706762488,91176.09905826073,90526.5305263368,649.5685319239274,0,91105.1,91275.2,0.0,0.0,0.0,0.0,0.3205620695376841,-1.0591906290804354,91202.2,91137.3,,,
2024-11-16 08:34:00+00:00,91434.9,91500.0,91420.5,91464.9,87.647,90851.2505248717,-0.06426742706762488,91176.03479083367,90526.46625890974,649.5685319239274,1,91105.1,91275.2,323.96520916633017,0.0,0.49873907562423386,0.0,0.3205620695376841,-1.0591906290804354,91202.2,91137.3,,,
2024-11-16 08:35:00+00:00,91464.9,91490.0,91450.4,91450.4,20.557,90851.18625744464,-0.06426742706762488,91175.9705234066,90526.40199148268,649.5685319239274,0,91105.1,91275.2,0.0,0.0,0.0,0.0,0.3205620695376841,-1.0591906290804354,91202.2,91137.3,,,
2024-11-16 08:36:00+00:00,91450.4,91457.7,91364.1,91374.3,25.933,90851.12199001756,-0.06426742706762488,91175.90625597953,90526.3377240556,649.5685319239274,0,91105.1,91275.2,0.0,0.0,0.0,0.0,0.3205620695376841,-1.0591906290804354,91202.2,91137.3,,,
2024-11-16 08:37:00+00:00,91374.3,91374.4,91371.6,91371.6,7.661,90851.0577225905,-0.06426742706762488,91175.84198855246,90526.27345662854,649.5685319239274,0,91105.1,91275.2,0.0,0.0,0.0,0.0,0.3205620695376841,-1.0591906290804354,91202.2,91137.3,,,
2024-11-16 08:38:00+00:00,91371.6,91397.4,91368.3,91397.4,12.808,90850.99345516344,-0.06426742706762488,91175.7777211254,90526.20918920147,649.5685319239274,0,91105.1,91275.2,0.0,0.0,0.0,0.0,0.3205620695376841,-1.0591906290804354,91202.2,91137.3,,,
2024-11-16 08:39:00+00:00,91397.4,91459.3,91397.4,91459.2,18.847,90850.92918773637,-0.06426742706762488,91175.71345369834,90526.14492177441,649.5685319239274,0,91105.1,91275.2,0.0,0.0,0.0,0.0,0.3205620695376841,-1.0591906290804354,91202.2,91137.3,,,
2024-11-16 08:40:00+00:00,91459.2,91459.3,91373.0,91381.6,15.062,90850.8649203093,-0.06426742706762488,91175.64918627126,90526.08065434733,649.5685319239274,0,91105.1,91275.2,0.0,0.0,0.0,0.0,0.3205620695376841,-1.0591906290804354,91202.2,91137.3,,,
2024-11-16 08:41:00+00:00,91381.6,91407.8,91381.5,91399.6,24.128,90850.80065288223,-0.06426742706762488,91175.5849188442,90526.01638692027,649.5685319239274,0,91105.1,91275.2,0.0,0.0,0.0,0.0,0.3205620695376841,-1.0591906290804354,91202.2,91137.3,,,
2024-11-16 08:42:00+00:00,91399.6,91407.3,91370.5,91377.3,15.662,90850.73638545517,-0.06426742706762488,91175.52065141713,90525.9521194932,649.5685319239274,0,91105.1,91275.2,0.0,0.0,0.0,0.0,0.3205620695376841,-1.0591906290804354,91202.2,91137.3,,,
2024-11-16 08:43:00+00:00,91377.3,91388.2,91368.2,91371.9,7.056,90850.6721180281,-0.06426742706762488,91175.45638399007,90525.88785206614,649.5685319239274,0,91105.1,91275.2,0.0,0.0,0.0,0.0,0.3205620695376841,-1.0591906290804354,91202.2,91137.3,,,
2024-11-16 08:44:00+00:00,91371.9,91371.9,91357.1,91370.0,11.456,90850.60785060102,-0.06426742706762488,91175.39211656299,90525.82358463906,649.5685319239274,0,91105.1,91275.2,0.0,0.0,0.0,0.0,0.3205620695376841,-1.0591906290804354,91202.2,91137.3,,,
2024-11-16 08:45:00+00:00,91370.0,91370.0,91329.1,91369.3,21.487,90850.54358317396,-0.06426742706762488,91175.32784913592,90525.759317212,649.5685319239274,-1,91105.1,91275.2,0.0,-803.3406827880099,0.0,-1.236729680251954,0.3205620695376841,-1.0591906290804354,91202.2,91137.3,,,
2024-11-16 08:46:00+00:00,91369.3,91429.3,91369.3,91390.4,18.327,90850.4793157469,-0.06426742706762488,91175.26358170886,90525.69504978493,649.5685319239274,0,91105.1,91275.2,0.0,0.0,0.0,0.0,0.3205620695376841,-1.0591906290804354,91202.2,91137.3,,,
2024-11-16 08:47:00+00:00,91390.4,91429.4,91390.3,91426.7,17.397,90850.41504831983,-0.06426742706762488,91175.1993142818,90525.63078235787,649.5685319239274,0,91105.1,91275.2,0.0,0.0,0.0,0.0,0.3205620695376841,-1.0591906290804354,91202.2,91137.3,,,
2024-11-16 08:48:00+00:00,91426.7,91426.7,91400.0,91403.2,8.973,90850.35078089275,-0.06426742706762488,91175.13504685472,90525.56651493079,649.5685319239274,0,91105.1,91275.2,0.0,0.0,0.0,0.0,0.3205620695376841,-1.0591906290804354,91202.2,91137.3,,,
2024-11-16 08:49:00+00:00,91403.2,91440.9,91400.0,91440.9,16.796,90850.28651346569,-0.06426742706762488,91175.07077942765,90525.50224750373,649.5685319239274,1,91105.1,91275.2,265.829220572341,0.0,0.4092396837405186,0.0,0.3205620695376841,-1.0591906290804354,91202.2,91137.3,,,
2024-11-16 08:50:00+00:00,91440.9,91440.9,91383.3,91383.4,18.687,90850.22224603863,-0.06426742706762488,91175.00651200059,90525.43798007666,649.5685319239274,1,91105.1,91275.2,265.8934879994049,0.0,0.4093386223804086,0.0,0.3205620695376841,-1.0591906290804354,91202.2,91137.3,,,
2024-11-16 08:51:00+00:00,91383.4,91434.9,91383.3,91425.2,9.896,90850.15797861156,-0.06426742706762488,91174.94224457353,90525.3737126496,649.5685319239274,0,91105.1,91275.2,0.0,0.0,0.0,0.0,0.3205620695376841,-1.0591906290804354,91202.2,91137.3,,,
2024-11-16 08:52:00+00:00,91425.2,91425.2,91394.1,91394.1,8.588,90850.09371118448,-0.06426742706762488,91174.87797714645,90525.30944522252,649.5685319239274,0,91105.1,91275.2,0.0,0.0,0.0,0.0,0.3205620695376841,-1.0591906290804354,91202.2,91137.3,,,
2024-11-16 08:53:00+00:00,91394.1,91394.2,91368.5,91368.6,10.674,90850.02944375742,-0.06426742706762488,91174.81370971938,90525.24517779546,649.5685319239274,-1,91105.1,91275.2,0.0,-843.2548222045443,0.0,-1.2981768370258737,0.3205620695376841,-1.0591906290804354,91202.2,91137.3,,,
2024-11-16 08:54:00+00:00,91368.6,91378.4,91368.5,91378.4,5.789,90849.96517633036,-0.06426742706762488,91174.74944229232,90525.18091036839,649.5685319239274,-1,91105.1,91275.2,0.0,-843.3190896316082,0.0,-1.2982757756657637,0.3205620695376841,-1.0591906290804354,91202.2,91137.3,,,
2024-11-16 08:55:00+00:00,91378.4,91418.2,91378.4,91409.8,62.526,90849.90090890329,-0.06426742706762488,91174.68517486526,90525.11664294133,649.5685319239274,0,91105.1,91275.2,0.0,0.0,0.0,0.0,0.3205620695376841,-1.0591906290804354,91202.2,91137.3,,,
2024-11-16 08:56:00+00:00,91409.8,91435.0,91409.8,91434.9,33.671,90849.83664147621,-0.06426742706762488,91174.62090743818,90525.05237551425,649.5685319239274,0,91105.1,91275.2,0.0,0.0,0.0,0.0,0.3205620695376841,-1.0591906290804354,91202.2,91137.3,,,
2024-11-16 08:57:00+00:00,91434.9,91455.0,91419.6,91443.4,42.365,90849.77237404915,-0.06426742706762488,91174.55664001111,90524.98810808719,649.5685319239274,0,91105.1,91275.2,0.0,0.0,0.0,0.0,0.3205620695376841,-1.0591906290804354,91202.2,91137.3,,,
2024-11-16 08:58:00+00:00,91443.4,91486.1,91409.7,91460.0,71.973,90849.70810662209,-0.06426742706762488,91174.49237258405,90524.92384066012,649.5685319239274,0,91105.1,91275.2,0.0,0.0,0.0,0.0,0.3205620695376841,-1.0591906290804354,91202.2,91137.3,,,
2024-11-16 08:59:00+00:00,91460.0,91488.3,91448.0,91488.2,53.491,90849.643839195,-0.06426742706762488,91174.42810515697,90524.85957323304,649.5685319239274,1,91105.1,91275.2,313.87189484303235,0.0,0.4832005853383777,0.0,0.3205620695376841,-1.0591906290804354,91202.2,91137.3,,,
2024-11-16 09:00:00+00:00,91488.2,91488.3,91461.1,91466.1,14.064,90849.57957176794,-0.06426742706762488,91174.3638377299,90524.79530580598,649.5685319239274,1,91105.1,91275.2,313.93616227009625,0.0,0.48329952397826764,0.0,0.3205620695376841,-1.0591906290804354,91202.2,91137.3,,,
2024-11-16 09:01:00+00:00,91466.1,91485.4,91461.0,91461.1,9.106,90849.51530434088,-0.06426742706762488,91174.29957030284,90524.73103837892,649.5685319239274,0,91105.1,91275.2,0.0,0.0,0.0,0.0,0.3205620695376841,-1.0591906290804354,91202.2,91137.3,,,
2024-11-16 09:02:00+00:00,91461.1,91479.9,91461.0,91477.1,6.76,90849.45103691382,-0.06426742706762488,91174.23530287578,90524.66677095185,649.5685319239274,0,91105.1,91275.2,0.0,0.0,0.0,0.0,0.3205620695376841,-1.0591906290804354,91202.2,91137.3,,,
2024-11-16 09:03:00+00:00,91477.1,91477.1,91452.0,91452.1,9.941,90849.38676948674,-0.06426742706762488,91174.1710354487,90524.60250352477,649.5685319239274,0,91105.1,91275.2,0.0,0.0,0.0,0.0,0.3205620695376841,-1.0591906290804354,91202.2,91137.3,,,
2024-11-16 09:04:00+00:00,91452.1,91452.1,91428.8,91433.1,23.179,90849.32250205967,-0.06426742706762488,91174.10676802164,90524.53823609771,649.5685319239274,0,91105.1,91275.2,0.0,0.0,0.0,0.0,0.3205620695376841,-1.0591906290804354,91202.2,91137.3,,,
2024-11-16 09:05:00+00:00,91433.1,91437.9,91407.6,91407.6,16.843,90849.25823463261,-0.06426742706762488,91174.04250059457,90524.47396867065,649.5685319239274,0,91105.1,91275.2,0.0,0.0,0.0,0.0,0.3205620695376841,-1.0591906290804354,91202.2,91137.3,,,
2024-11-16 09:06:00+00:00,91407.6,91417.0,91367.6,91417.0,38.371,90849.19396720555,-0.06426742706762488,91173.97823316751,90524.40970124358,649.5685319239274,-1,91105.1,91275.2,0.0,-843.1902987564245,0.0,-1.298077504245807,0.3205620695376841,-1.0591906290804354,91202.2,91137.3,,,
2024-11-16 09:07:00+00:00,91417.0,91417.0,91403.5,91403.6,15.489,90849.12969977847,-0.06426742706762488,91173.91396574043,90524.3454338165,649.5685319239274,0,91105.1,91275.2,0.0,0.0,0.0,0.0,0.3205620695376841,-1.0591906290804354,91202.2,91137.3,,,
2024-11-16 09:08:00+00:00,91403.6,91410.0,91399.0,91410.0,9.54,90849.0654323514,-0.06426742706762488,91173.84969831337,90524.28116638944,649.5685319239274,0,91105.1,91275.2,0.0,0.0,0.0,0.0,0.3205620695376841,-1.0591906290804354,91202.2,91137.3,,,
2024-11-16 09:09:00+00:00,91410.0,91410.0,91385.6,91386.1,7.061,90849.00116492434,-0.06426742706762488,91173.7854308863,90524.21689896238,649.5685319239274,0,91105.1,91275.2,0.0,0.0,0.0,0.0,0.3205620695376841,-1.0591906290804354,91202.2,91137.3,,,
2024-11-16 09:10:00+00:00,91386.1,91386.1,91373.1,91373.1,3.69,90848.93689749727,-0.06426742706762488,91173.72116345924,90524.15263153531,649.5685319239274,0,91105.1,91275.2,0.0,0.0,0.0,0.0,0.3205620695376841,-1.0591906290804354,91202.2,91137.3,,,
2024-11-16 09:11:00+00:00,91373.1,91443.3,91372.6,91443.3,14.253,90848.8726300702,-0.06426742706762488,91173.65689603216,90524.08836410823,649.5685319239274,0,91105.1,91275.2,0.0,0.0,0.0,0.0,0.3205620695376841,-1.0591906290804354,91202.2,91137.3,,,
2024-11-16 09:12:00+00:00,91443.3,91473.5,91443.3,91449.4,10.139,90848.80836264313,-0.06426742706762488,91173.5926286051,90524.02409668117,649.5685319239274,0,91105.1,91275.2,0.0,0.0,0.0,0.0,0.3205620695376841,-1.0591906290804354,91202.2,91137.3,,,
2024-11-16 09:13:00+00:00,91449.4,91499.9,91446.6,91499.5,61.892,90848.74409521607,-0.06426742706762488,91173.52836117803,90523.9598292541,649.5685319239274,1,91105.1,91275.2,326.3716388219618,0.0,0.5024437342358574,0.0,0.3205620695376841,-1.0591906290804354,91202.2,91137.3,,,
2024-11-16 09:14:00+00:00,91499.5,91499.6,91461.0,91461.1,12.823,90848.679827789,-0.06426742706762488,91173.46409375097,90523.89556182704,649.5685319239274,0,91105.1,91275.2,0.0,0.0,0.0,0.0,0.3205620695376841,-1.0591906290804354,91202.2,91137.3,,,
2024-11-16 09:15:00+00:00,91461.1,91472.1,91441.8,91463.8,13.417,90848.61556036193,-0.06426742706762488,91173.39982632389,90523.83129439996,649.5685319239274,0,91105.1,91275.2,0.0,0.0,0.0,0.0,0.3205620695376841,-1.0591906290804354,91202.2,91137.3,,,
2024-11-16 09:16:00+00:00,91463.8,91484.8,91453.5,91467.0,5.194,90848.55129293486,-0.06426742706762488,91173.33555889683,90523.7670269729,649.5685319239274,0,91105.1,91275.2,0.0,0.0,0.0,0.0,0.3205620695376841,-1.0591906290804354,91202.2,91137.3,,,
2024-11-16 09:17:00+00:00,91467.0,91471.1,91437.9,91449.3,4.277,90848.4870255078,-0.06426742706762488,91173.27129146976,90523.70275954583,649.5685319239274,0,91105.1,91275.2,0.0,0.0,0.0,0.0,0.3205620695376841,-1.0591906290804354,91202.2,91137.3,,,
2024-11-16 09:18:00+00:00,91449.3,91462.5,91436.2,91449.3,10.031,90848.42275808073,-0.06426742706762488,91173.2070240427,90523.63849211877,649.5685319239274,0,91105.1,91275.2,0.0,0.0,0.0,0.0,0.3205620695376841,-1.0591906290804354,91202.2,91137.3,,,
2024-11-16 09:19:00+00:00,91449.3,91455.8,91449.3,91455.8,3.333,90848.35849065366,-0.06426742706762488,91173.14275661562,90523.57422469169,649.5685319239274,0,91105.1,91275.2,0.0,0.0,0.0,0.0,0.3205620695376841,-1.0591906290804354,91202.2,91137.3,,,
2024-11-16 09:20:00+00:00,91455.8,91455.8,91407.3,91437.0,8.251,90848.29422322659,-0.06426742706762488,91173.07848918856,90523.50995726463,649.5685319239274,0,91105.1,91275.2,0.0,0.0,0.0,0.0,0.3205620695376841,-1.0591906290804354,91202.2,91137.3,,,
2024-11-16 09:21:00+00:00,91437.0,91478.1,91437.0,91461.9,11.231,90848.22995579953,-0.06426742706762488,91173.01422176149,90523.44568983756,649.5685319239274,0,91105.1,91275.2,0.0,0.0,0.0,0.0,0.3205620695376841,-1.0591906290804354,91202.2,91137.3,,,
2024-11-16 09:22:00+00:00,91461.9,91462.0,91436.6,91439.5,8.165,90848.16568837246,-0.06426742706762488,91172.94995433443,90523.3814224105,649.5685319239274,0,91105.1,91275.2,0.0,0.0,0.0,0.0,0.3205620695376841,-1.0591906290804354,91202.2,91137.3,,,
2024-11-16 09:23:00+00:00,91439.5,91449.7,91431.3,91446.9,8.307,90848.10142094539,-0.06426742706762488,91172.88568690735,90523.31715498342,649.5685319239274,0,91105.1,91275.2,0.0,0.0,0.0,0.0,0.3205620695376841,-1.0591906290804354,91202.2,91137.3,,,
2024-11-16 09:24:00+00:00,91446.9,91458.0,91360.6,91361.4,39.046,90848.03715351832,-0.06426742706762488,91172.82141948029,90523.25288755636,649.5685319239274,0,91105.1,91275.2,0.0,0.0,0.0,0.0,0.3205620695376841,-1.0591906290804354,91202.2,91137.3,,,
2024-11-16 09:25:00+00:00,91361.4,91381.8,91331.1,91342.5,22.115,90847.97288609126,-0.06426742706762488,91172.75715205322,90523.1886201293,649.5685319239274,0,91105.1,91275.2,0.0,0.0,0.0,0.0,0.3205620695376841,-1.0591906290804354,91202.2,91137.3,,,
2024-11-16 09:26:00+00:00,91342.5,91349.5,91320.0,91321.8,11.659,90847.9086186642,-0.06426742706762488,91172.69288462616,90523.12435270223,649.5685319239274,0,91105.1,91275.2,0.0,0.0,0.0,0.0,0.3205620695376841,-1.0591906290804354,91202.2,91137.3,,,
2024-11-16 09:27:00+00:00,91321.8,91386.6,91321.8,91355.3,40.677,90847.84435123712,-0.06426742706762488,91172.62861719908,90523.06008527515,649.5685319239274,0,91105.1,91275.2,0.0,0.0,0.0,0.0,0.3205620695376841,-1.0591906290804354,91202.2,91137.3,,,
2024-11-16 09:28:00+00:00,91355.3,91367.9,91332.0,91332.0,8.059,90847.78008381005,-0.06426742706762488,91172.56434977202,90522.99581784809,649.5685319239274,0,91105.1,91275.2,0.0,0.0,0.0,0.0,0.3205620695376841,-1.0591906290804354,91202.2,91137.3,,,
2024-11-16 09:29:00+00:00,91332.0,91337.3,91287.0,91337.3,44.659,90847.71581638299,-0.06426742706762488,91172.50008234495,90522.93155042102,649.5685319239274,-1,91105.1,91275.2,0.0,-764.0684495789756,0.0,-1.1762707274564488,0.3205620695376841,-1.0591906290804354,91202.2,91137.3,,,
2024-11-16 09:30:00+00:00,91337.3,91370.3,91332.6,91351.4,15.028,90847.65154895592,-0.06426742706762488,91172.43581491789,90522.86728299396,649.5685319239274,0,91105.1,91275.2,0.0,0.0,0.0,0.0,0.3205620695376841,-1.0591906290804354,91202.2,91137.3,,,
2024-11-16 09:31:00+00:00,91351.4,91411.4,91347.1,91411.4,20.573,90847.58728152885,-0.06426742706762488,91172.37154749081,90522.80301556688,649.5685319239274,0,91105.1,91275.2,0.0,0.0,0.0,0.0,0.3205620695376841,-1.0591906290804354,91202.2,91137.3,,,
2024-11-16 09:32:00+00:00,91411.4,91438.5,91364.1,91432.2,19.98,90847.52301410178,-0.06426742706762488,91172.30728006375,90522.73874813982,649.5685319239274,0,91105.1,91275.2,0.0,0.0,0.0,0.0,0.3205620695376841,-1.0591906290804354,91202.2,91137.3,,,
2024-11-16 09:33:00+00:00,91432.2,91442.9,91375.3,91375.4,14.678,90847.45874667472,-0.06426742706762488,91172.24301263668,90522.67448071275,649.5685319239274,0,91105.1,91275.2,0.0,0.0,0.0,0.0,0.3205620695376841,-1.0591906290804354,91202.2,91137.3,,,
2024-11-16 09:34:00+00:00,91375.4,91375.5,91341.7,91341.7,7.61,90847.39447924765,-0.06426742706762488,91172.17874520962,90522.61021328569,649.5685319239274,0,91105.1,91275.2,0.0,0.0,0.0,0.0,0.3205620695376841,-1.0591906290804354,91202.2,91137.3,,,
2024-11-16 09:35:00+00:00,91341.7,91350.0,91319.0,91347.0,22.021,90847.33021182058,-0.06426742706762488,91172.11447778254,90522.54594585861,649.5685319239274,0,91105.1,91275.2,0.0,0.0,0.0,0.0,0.3205620695376841,-1.0591906290804354,91202.2,91137.3,,,
2024-11-16 09:36:00+00:00,91347.0,91375.3,91347.0,91375.3,13.456,90847.26594439351,-0.06426742706762488,91172.05021035548,90522.48167843155,649.5685319239274,0,91105.1,91275.2,0.0,0.0,0.0,0.0,0.3205620695376841,-1.0591906290804354,91202.2,91137.3,,,
2024-11-16 09:37:00+00:00,91375.3,91387.1,91315.3,91333.7,70.31,90847.20167696645,-0.06426742706762488,91171.98594292841,90522.41741100448,649.5685319239274,-1,91105.1,91275.2,0.0,-792.8825889955187,0.0,-1.2206296180129232,0.3205620695376841,-1.0591906290804354,91202.2,91137.3,,,
2024-11-16 09:38:00+00:00,91333.7,91395.4,91333.7,91395.4,17.236,90847.13740953938,-0.06426742706762488,91171.92167550135,90522.35314357742,649.5685319239274,0,91105.1,91275.2,0.0,0.0,0.0,0.0,0.3205620695376841,-1.0591906290804354,91202.2,91137.3,,,
2024-11-16 09:39:00+00:00,91395.4,91448.4,91394.6,91448.3,22.389,90847.0731421123,-0.06426742706762488,91171.85740807427,90522.28887615034,649.5685319239274,0,91105.1,91275.2,0.0,0.0,0.0,0.0,0.3205620695376841,-1.0591906290804354,91202.2,91137.3,,,
2024-11-16 09:40:00+00:00,91448.3,91484.9,91446.0,91470.5,45.306,90847.00887468524,-0.06426742706762488,91171.7931406472,90522.22460872328,649.5685319239274,0,91105.1,91275.2,0.0,0.0,0.0,0.0,0.3205620695376841,-1.0591906290804354,91202.2,91137.3,,,
2024-11-16 09:41:00+00:00,91470.5,91473.6,91443.0,91452.3,6.688,90846.94460725818,-0.06426742706762488,91171.72887322014,90522.16034129621,649.5685319239274,0,91105.1,91275.2,0.0,0.0,0.0,0.0,0.3205620695376841,-1.0591906290804354,91202.2,91137.3,,,
2024-11-16 09:42:00+00:00,91452.3,91500.0,91444.0,91499.9,32.516,90846.8803398311,-0.06426742706762488,91171.66460579306,90522.09607386914,649.5685319239274,0,91105.1,91275.2,0.0,0.0,0.0,0.0,0.3205620695376841,-1.0591906290804354,91202.2,91137.3,,,
2024-11-16 09:43:00+00:00,91499.9,91541.6,91484.9,91507.6,134.486,90846.81607240404,-0.06426742706762488,91171.600338366,90522.03180644207,649.5685319239274,1,91105.1,91275.2,369.99966163400677,0.0,0.5696083530064513,0.0,0.3205620695376841,-1.0591906290804354,91202.2,91137.3,,,
2024-11-16 09:44:00+00:00,91507.6,91520.3,91460.1,91461.6,33.367,90846.75180497697,-0.06426742706762488,91171.53607093894,90521.96753901501,649.5685319239274,0,91105.1,91275.2,0.0,0.0,0.0,0.0,0.3205620695376841,-1.0591906290804354,91202.2,91137.3,,,
2024-11-16 09:45:00+00:00,91461.6,91487.6,91461.6,91466.7,12.35,90846.68753754991,-0.06426742706762488,91171.47180351187,90521.90327158794,649.5685319239274,0,91105.1,91275.2,0.0,0.0,0.0,0.0,0.3205620695376841,-1.0591906290804354,91202.2,91137.3,,,
2024-11-16 09:46:00+00:00,91466.7,91466.7,91441.4,91444.1,7.533,90846.62327012283,-0.06426742706762488,91171.4075360848,90521.83900416087,649.5685319239274,0,91105.1,91275.2,0.0,0.0,0.0,0.0,0.3205620695376841,-1.0591906290804354,91202.2,91137.3,,,
2024-11-16 09:47:00+00:00,91444.1,91444.1,91412.1,91433.3,22.099,90846.55900269577,-0.06426742706762488,91171.34326865773,90521.7747367338,649.5685319239274,0,91105.1,91275.2,0.0,0.0,0.0,0.0,0.3205620695376841,-1.0591906290804354,91202.2,91137.3,,,
2024-11-16 09:48:00+00:00,91433.3,91452.7,91415.0,91423.0,19.388,90846.4947352687,-0.06426742706762488,91171.27900123067,90521.71046930674,649.5685319239274,0,91105.1,91275.2,0.0,0.0,0.0,0.0,0.3205620695376841,-1.0591906290804354,91202.2,91137.3,,,
2024-11-16 09:49:00+00:00,91423.0,91423.0,91415.0,91415.1,4.387,90846.43046784164,-0.06426742706762488,91171.2147338036,90521.64620187967,649.5685319239274,0,91105.1,91275.2,0.0,0.0,0.0,0.0,0.3205620695376841,-1.0591906290804354,91202.2,91137.3,,,
2024-11-16 09:50:00+00:00,91415.1,91450.0,91411.3,91450.0,15.203,90846.36620041456,-0.06426742706762488,91171.15046637652,90521.5819344526,649.5685319239274,0,91105.1,91275.2,0.0,0.0,0.0,0.0,0.3205620695376841,-1.0591906290804354,91202.2,91137.3,,,
2024-11-16 09:51:00+00:00,91450.0,91450.0,91413.1,91433.0,5.184,90846.3019329875,-0.06426742706762488,91171.08619894946,90521.51766702553,649.5685319239274,0,91105.1,91275.2,0.0,0.0,0.0,0.0,0.3205620695376841,-1.0591906290804354,91202.2,91137.3,,,
2024-11-16 09:52:00+00:00,91433.0,91449.2,91400.0,91400.1,32.38,90846.23766556043,-0.06426742706762488,91171.0219315224,90521.45339959847,649.5685319239274,0,91105.1,91275.2,0.0,0.0,0.0,0.0,0.3205620695376841,-1.0591906290804354,91202.2,91137.3,,,
2024-11-16 09:53:00+00:00,91400.1,91400.1,91346.5,91383.1,39.652,90846.17339813337,-0.06426742706762488,91170.95766409533,90521.3891321714,649.5685319239274,0,91105.1,91275.2,0.0,0.0,0.0,0.0,0.3205620695376841,-1.0591906290804354,91202.2,91137.3,,,
2024-11-16 09:54:00+00:00,91383.1,91411.5,91383.1,91383.4,7.941,90846.10913070629,-0.06426742706762488,91170.89339666825,90521.32486474433,649.5685319239274,0,91105.1,91275.2,0.0,0.0,0.0,0.0,0.3205620695376841,-1.0591906290804354,91202.2,91137.3,,,
2024-11-16 09:55:00+00:00,91383.4,91392.8,91361.2,91380.3,10.489,90846.04486327922,-0.06426742706762488,91170.82912924119,90521.26059731726,649.5685319239274,0,91105.1,91275.2,0.0,0.0,0.0,0.0,0.3205620695376841,-1.0591906290804354,91202.2,91137.3,,,
2024-11-16 09:56:00+00:00,91380.3,91400.0,91372.0,91388.4,5.533,90845.98059585216,-0.06426742706762488,91170.76486181412,90521.1963298902,649.5685319239274,0,91105.1,91275.2,0.0,0.0,0.0,0.0,0.3205620695376841,-1.0591906290804354,91202.2,91137.3,,,
2024-11-16 09:57:00+00:00,91388.4,91400.0,91380.2,91380.4,3.541,90845.9163284251,-0.06426742706762488,91170.70059438706,90521.13206246313,649.5685319239274,0,91105.1,91275.2,0.0,0.0,0.0,0.0,0.3205620695376841,-1.0591906290804354,91202.2,91137.3,,,
2024-11-16 09:58:00+00:00,91380.4,91388.4,91346.5,91361.6,11.331,90845.85206099802,-0.06426742706762488,91170.63632695998,90521.06779503606,649.5685319239274,0,91105.1,91275.2,0.0,0.0,0.0,0.0,0.3205620695376841,-1.0591906290804354,91202.2,91137.3,,,
2024-11-16 09:59:00+00:00,91361.6,91368.5,91313.0,91313.0,16.654,90845.78779357095,-0.06426742706762488,91170.57205953292,90521.00352760899,649.5685319239274,0,91105.1,91275.2,0.0,0.0,0.0,0.0,0.3205620695376841,-1.0591906290804354,91202.2,91137.3,,,
2024-11-16 10:00:00+00:00,91313.0,91372.4,91313.0,91372.3,17.616,90845.72352614389,-0.06426742706762488,91170.50779210585,90520.93926018193,649.5685319239274,0,91105.1,91275.2,0.0,0.0,0.0,0.0,0.3205620695376841,-1.0591906290804354,91202.2,91137.3,,,
2024-11-16 10:01:00+00:00,91372.3,91402.7,91284.4,91393.5,66.694,90845.65925871683,-0.06426742706762488,91170.44352467879,90520.87499275486,649.5685319239274,-1,91105.1,91275.2,0.0,-763.5250072451308,0.0,-1.175434106981262,0.3205620695376841,-1.0591906290804354,91202.2,91137.3,,,
2024-11-16 10:02:00+00:00,91393.5,91413.5,91368.3,91368.3,25.918,90845.59499128975,-0.06426742706762488,91170.37925725171,90520.81072532778,649.5685319239274,0,91105.1,91275.2,0.0,0.0,0.0,0.0,0.3205620695376841,-1.0591906290804354,91202.2,91137.3,,,
2024-11-16 10:03:00+00:00,91368.3,91374.8,91333.0,91367.5,8.21,90845.53072386268,-0.06426742706762488,91170.31498982465,90520.74645790072,649.5685319239274,0,91105.1,91275.2,0.0,0.0,0.0,0.0,0.3205620695376841,-1.0591906290804354,91202.2,91137.3,,,
2024-11-16 10:04:00+00:00,91367.5,91413.5,91344.3,91413.2,27.637,90845.46645643562,-0.06426742706762488,91170.25072239758,90520.68219047366,649.5685319239274,0,91105.1,91275.2,0.0,0.0,0.0,0.0,0.3205620695376841,-1.0591906290804354,91202.2,91137.3,,,
2024-11-16 10:05:00+00:00,91413.2,91459.7,91413.2,91459.7,26.463,90845.40218900856,-0.06426742706762488,91170.18645497052,90520.6179230466,649.5685319239274,0,91105.1,91275.2,0.0,0.0,0.0,0.0,0.3205620695376841,-1.0591906290804354,91202.2,91137.3,,,
2024-11-16 10:06:00+00:00,91459.7,91459.7,91419.4,91419.4,17.638,90845.33792158148,-0.06426742706762488,91170.12218754344,90520.55365561951,649.5685319239274,0,91105.1,91275.2,0.0,0.0,0.0,0.0,0.3205620695376841,-1.0591906290804354,91202.2,91137.3,,,
2024-11-16 10:07:00+00:00,91419.4,91439.5,91412.5,91418.0,40.275,90845.27365415441,-0.06426742706762488,91170.05792011638,90520.48938819245,649.5685319239274,0,91105.1,91275.2,0.0,0.0,0.0,0.0,0.3205620695376841,-1.0591906290804354,91202.2,91137.3,,,
2024-11-16 10:08:00+00:00,91418.0,91427.0,91400.5,91420.8,7.303,90845.20938672735,-0.06426742706762488,91169.99365268931,90520.42512076539,649.5685319239274,0,91105.1,91275.2,0.0,0.0,0.0,0.0,0.3205620695376841,-1.0591906290804354,91202.2,91137.3,,,
2024-11-16 10:09:00+00:00,91420.8,91462.4,91420.8,91456.5,17.442,90845.14511930029,-0.06426742706762488,91169.92938526225,90520.36085333832,649.5685319239274,0,91105.1,91275.2,0.0,0.0,0.0,0.0,0.3205620695376841,-1.0591906290804354,91202.2,91137.3,,,
2024-11-16 10:10:00+00:00,91456.5,91468.7,91427.4,91447.3,15.356,90845.08085187321,-0.06426742706762488,91169.86511783517,90520.29658591124,649.5685319239274,0,91105.1,91275.2,0.0,0.0,0.0,0.0,0.3205620695376841,-1.0591906290804354,91202.2,91137.3,,,
2024-11-16 10:11:00+00:00,91447.3,91462.0,91437.0,91461.9,9.424,90845.01658444614,-0.06426742706762488,91169.80085040811,90520.23231848418,649.5685319239274,0,91105.1,91275.2,0.0,0.0,0.0,0.0,0.3205620695376841,-1.0591906290804354,91202.2,91137.3,,,
2024-11-16 10:12:00+00:00,91461.9,91474.4,91441.4,91450.1,35.875,90844.95231701908,-0.06426742706762488,91169.73658298104,90520.16805105712,649.5685319239274,1,91105.1,91275.2,304.66341701895,0.0,0.46902428619283837,0.0,0.3205620695376841,-1.0591906290804354,91202.2,91137.3,,,
2024-11-16 10:13:00+00:00,91450.1,91450.1,91374.3,91398.2,40.02,90844.88804959202,-0.06426742706762488,91169.67231555398,90520.10378363005,649.5685319239274,0,91105.1,91275.2,0.0,0.0,0.0,0.0,0.3205620695376841,-1.0591906290804354,91202.2,91137.3,,,
2024-11-16 10:14:00+00:00,91398.2,91405.1,91382.4,91382.6,5.149,90844.82378216494,-0.06426742706762488,91169.6080481269,90520.03951620297,649.5685319239274,0,91105.1,91275.2,0.0,0.0,0.0,0.0,0.3205620695376841,-1.0591906290804354,91202.2,91137.3,,,
2024-11-16 10:15:00+00:00,91382.6,91396.7,91354.9,91363.2,13.588,90844.75951473787,-0.06426742706762488,91169.54378069984,90519.97524877591,649.5685319239274,0,91105.1,91275.2,0.0,0.0,0.0,0.0,0.3205620695376841,-1.0591906290804354,91202.2,91137.3,,,
2024-11-16 10:16:00+00:00,91363.2,91401.6,91334.9,91401.6,14.94,90844.69524731081,-0.06426742706762488,91169.47951327277,90519.91098134885,649.5685319239274,-1,91105.1,91275.2,0.0,-814.9890186511475,0.0,-1.2546621004519243,0.3205620695376841,-1.0591906290804354,91202.2,91137.3,,,
2024-11-16 10:17:00+00:00,91401.6,91442.5,91401.6,91424.2,8.163,90844.63097988375,-0.06426742706762488,91169.41524584571,90519.84671392178,649.5685319239274,0,91105.1,91275.2,0.0,0.0,0.0,0.0,0.3205620695376841,-1.0591906290804354,91202.2,91137.3,,,
2024-11-16 10:18:00+00:00,91424.2,91452.4,91419.7,91452.3,32.64,90844.56671245667,-0.06426742706762488,91169.35097841863,90519.7824464947,649.5685319239274,0,91105.1,91275.2,0.0,0.0,0.0,0.0,0.3205620695376841,-1.0591906290804354,91202.2,91137.3,,,
2024-11-16 10:19:00+00:00,91452.3,91467.4,91438.8,91464.4,11.608,90844.5024450296,-0.06426742706762488,91169.28671099157,90519.71817906764,649.5685319239274,0,91105.1,91275.2,0.0,0.0,0.0,0.0,0.3205620695376841,-1.0591906290804354,91202.2,91137.3,,,
2024-11-16 10:20:00+00:00,91464.4,91476.0,91456.7,91456.8,13.142,90844.43817760254,-0.06426742706762488,91169.2224435645,90519.65391164058,649.5685319239274,0,91105.1,91275.2,0.0,0.0,0.0,0.0,0.3205620695376841,-1.0591906290804354,91202.2,91137.3,,,
2024-11-16 10:21:00+00:00,91456.8,91476.2,91450.0,91476.1,5.246,90844.37391017546,-0.06426742706762488,91169.15817613743,90519.5896442135,649.5685319239274,0,91105.1,91275.2,0.0,0.0,0.0,0.0,0.3205620695376841,-1.0591906290804354,91202.2,91137.3,,,
2024-11-16 10:22:00+00:00,91476.1,91477.0,91465.8,91465.9,7.187,90844.3096427484,-0.06426742706762488,91169.09390871036,90519.52537678643,649.5685319239274,0,91105.1,91275.2,0.0,0.0,0.0,0.0,0.3205620695376841,-1.0591906290804354,91202.2,91137.3,,,
2024-11-16 10:23:00+00:00,91465.9,91465.9,91446.5,91460.7,25.767,90844.24537532133,-0.06426742706762488,91169.0296412833,90519.46110935937,649.5685319239274,0,91105.1,91275.2,0.0,0.0,0.0,0.0,0.3205620695376841,-1.0591906290804354,91202.2,91137.3,,,
2024-11-16 10:24:00+00:00,91460.7,91494.3,91460.7,91493.8,33.956,90844.18110789427,-0.06426742706762488,91168.96537385623,90519.3968419323,649.5685319239274,0,91105.1,91275.2,0.0,0.0,0.0,0.0,0.3205620695376841,-1.0591906290804354,91202.2,91137.3,,,
2024-11-16 10:25:00+00:00,91493.8,91519.9,91472.6,91519.8,39.896,90844.11684046719,-0.06426742706762488,91168.90110642916,90519.33257450523,649.5685319239274,0,91105.1,91275.2,0.0,0.0,0.0,0.0,0.3205620695376841,-1.0591906290804354,91202.2,91137.3,,,
2024-11-16 10:26:00+00:00,91519.8,91530.9,91490.1,91510.9,46.205,90844.05257304013,-0.06426742706762488,91168.83683900209,90519.26830707816,649.5685319239274,0,91105.1,91275.2,0.0,0.0,0.0,0.0,0.3205620695376841,-1.0591906290804354,91202.2,91137.3,,,
2024-11-16 10:27:00+00:00,91510.9,91511.0,91484.2,91490.4,13.78,90843.98830561306,-0.06426742706762488,91168.77257157503,90519.2040396511,649.5685319239274,0,91105.1,91275.2,0.0,0.0,0.0,0.0,0.3205620695376841,-1.0591906290804354,91202.2,91137.3,,,
2024-11-16 10:28:00+00:00,91490.4,91505.1,91484.4,91493.3,5.91,90843.924038186,-0.06426742706762488,91168.70830414796,90519.13977222404,649.5685319239274,0,91105.1,91275.2,0.0,0.0,0.0,0.0,0.3205620695376841,-1.0591906290804354,91202.2,91137.3,,,
2024-11-16 10:29:00+00:00,91493.3,91503.5,91493.3,91503.4,3.784,90843.85977075892,-0.06426742706762488,91168.64403672089,90519.07550479696,649.5685319239274,0,91105.1,91275.2,0.0,0.0,0.0,0.0,0.3205620695376841,-1.0591906290804354,91202.2,91137.3,,,
2024-11-16 10:30:00+00:00,91503.4,91509.9,91486.0,91500.3,17.123,90843.79550333186,-0.06426742706762488,91168.57976929382,90519.0112373699,649.5685319239274,0,91105.1,91275.2,0.0,0.0,0.0,0.0,0.3205620695376841,-1.0591906290804354,91202.2,91137.3,,,
2024-11-16 10:31:00+00:00,91500.3,91529.6,91490.7,91529.6,19.421,90843.7312359048,-0.06426742706762488,91168.51550186676,90518.94696994283,649.5685319239274,0,91105.1,91275.2,0.0,0.0,0.0,0.0,0.3205620695376841,-1.0591906290804354,91202.2,91137.3,,,
2024-11-16 10:32:00+00:00,91529.6,91565.6,91518.1,91564.2,42.008,90843.66696847773,-0.06426742706762488,91168.4512344397,90518.88270251577,649.5685319239274,0,91105.1,91275.2,0.0,0.0,0.0,0.0,0.3205620695376841,-1.0591906290804354,91202.2,91137.3,,,
2024-11-16 10:33:00+00:00,91564.2,91619.5,91547.8,91605.5,98.508,90843.60270105065,-0.06426742706762488,91168.38696701262,90518.81843508869,649.5685319239274,0,91105.1,91275.2,0.0,0.0,0.0,0.0,0.3205620695376841,-1.0591906290804354,91202.2,91137.3,,,
2024-11-16 10:34:00+00:00,91605.5,91625.7,91602.8,91625.7,38.337,90843.53843362359,-0.06426742706762488,91168.32269958555,90518.75416766162,649.5685319239274,0,91105.1,91275.2,0.0,0.0,0.0,0.0,0.3205620695376841,-1.0591906290804354,91202.2,91137.3,,,
2024-11-16 10:35:00+00:00,91625.7,91635.8,91605.1,91619.9,55.443,90843.47416619652,-0.06426742706762488,91168.25843215849,90518.68990023456,649.5685319239274,0,91105.1,91275.2,0.0,0.0,0.0,0.0,0.3205620695376841,-1.0591906290804354,91202.2,91137.3,,,
2024-11-16 10:36:00+00:00,91619.9,91646.6,91600.0,91646.6,21.921,90843.40989876946,-0.06426742706762488,91168.19416473142,90518.6256328075,649.5685319239274,0,91105.1,91275.2,0.0,0.0,0.0,0.0,0.3205620695376841,-1.0591906290804354,91202.2,91137.3,,,
2024-11-16 10:37:00+00:00,91646.6,91683.6,91637.0,91663.8,117.111,90843.34563134238,-0.06426742706762488,91168.12989730434,90518.56136538042,649.5685319239274,1,91105.1,91275.2,515.4701026956609,0.0,0.7935576884688572,0.0,0.3205620695376841,-1.0591906290804354,91202.2,91137.3,,,
2024-11-16 10:38:00+00:00,91663.8,91663.8,91591.0,91597.8,54.137,90843.28136391532,-0.06426742706762488,91168.06562987728,90518.49709795335,649.5685319239274,0,91105.1,91275.2,0.0,0.0,0.0,0.0,0.3205620695376841,-1.0591906290804354,91202.2,91137.3,,,
2024-11-16 10:39:00+00:00,91597.8,91597.9,91525.8,91558.2,33.893,90843.21709648825,-0.06426742706762488,91168.00136245022,90518.43283052629,649.5685319239274,-1,91105.1,91275.2,0.0,-1007.3671694737131,0.0,-1.5508250784409743,0.3205620695376841,-1.0591906290804354,91202.2,91137.3,,,
2024-11-16 10:40:00+00:00,91558.2,91634.3,91558.2,91632.0,14.7,90843.15282906119,-0.06426742706762488,91167.93709502315,90518.36856309923,649.5685319239274,0,91105.1,91275.2,0.0,0.0,0.0,0.0,0.3205620695376841,-1.0591906290804354,91202.2,91137.3,,,
2024-11-16 10:41:00+00:00,91632.0,91661.1,91600.1,91621.8,35.725,90843.08856163411,-0.06426742706762488,91167.87282759607,90518.30429567215,649.5685319239274,0,91105.1,91275.2,0.0,0.0,0.0,0.0,0.3205620695376841,-1.0591906290804354,91202.2,91137.3,,,
2024-11-16 10:42:00+00:00,91621.8,91621.9,91581.5,91605.0,25.874,90843.02429420705,-0.06426742706762488,91167.80856016901,90518.24002824508,649.5685319239274,0,91105.1,91275.2,0.0,0.0,0.0,0.0,0.3205620695376841,-1.0591906290804354,91202.2,91137.3,,,
2024-11-16 10:43:00+00:00,91605.0,91618.7,91583.4,91618.7,22.904,90842.96002677998,-0.06426742706762488,91167.74429274195,90518.17576081802,649.5685319239274,0,91105.1,91275.2,0.0,0.0,0.0,0.0,0.3205620695376841,-1.0591906290804354,91202.2,91137.3,,,
2024-11-16 10:44:00+00:00,91618.7,91663.1,91609.0,91663.1,30.931,90842.89575935292,-0.06426742706762488,91167.68002531488,90518.11149339096,649.5685319239274,0,91105.1,91275.2,0.0,0.0,0.0,0.0,0.3205620695376841,-1.0591906290804354,91202.2,91137.3,,,
2024-11-16 10:45:00+00:00,91663.1,91663.1,91603.4,91606.0,63.509,90842.83149192584,-0.06426742706762488,91167.6157578878,90518.04722596388,649.5685319239274,1,91105.1,91275.2,495.4842421122012,0.0,0.7627897870062286,0.0,0.3205620695376841,-1.0591906290804354,91202.2,91137.3,,,
2024-11-16 10:46:00+00:00,91606.0,91618.4,91603.4,91616.9,14.131,90842.76722449878,-0.06426742706762488,91167.55149046074,90517.98295853681,649.5685319239274,0,91105.1,91275.2,0.0,0.0,0.0,0.0,0.3205620695376841,-1.0591906290804354,91202.2,91137.3,,,
2024-11-16 10:47:00+00:00,91616.9,91617.0,91589.7,91597.3,18.349,90842.70295707171,-0.06426742706762488,91167.48722303368,90517.91869110975,649.5685319239274,0,91105.1,91275.2,0.0,0.0,0.0,0.0,0.3205620695376841,-1.0591906290804354,91202.2,91137.3,,,
2024-11-16 10:48:00+00:00,91597.3,91612.9,91589.9,91612.8,14.434,90842.63868964465,-0.06426742706762488,91167.42295560661,90517.85442368269,649.5685319239274,0,91105.1,91275.2,0.0,0.0,0.0,0.0,0.3205620695376841,-1.0591906290804354,91202.2,91137.3,,,
2024-11-16 10:49:00+00:00,91612.8,91612.8,91589.3,91589.4,10.811,90842.57442221757,-0.06426742706762488,91167.35868817953,90517.7901562556,649.5685319239274,0,91105.1,91275.2,0.0,0.0,0.0,0.0,0.3205620695376841,-1.0591906290804354,91202.2,91137.3,,,
2024-11-16 10:50:00+00:00,91589.4,91600.0,91534.7,91560.3,24.938,90842.5101547905,-0.06426742706762488,91167.29442075247,90517.72588882854,649.5685319239274,0,91105.1,91275.2,0.0,0.0,0.0,0.0,0.3205620695376841,-1.0591906290804354,91202.2,91137.3,,,
2024-11-16 10:51:00+00:00,91560.3,91560.3,91526.3,91557.5,17.265,90842.44588736344,-0.06426742706762488,91167.2301533254,90517.66162140148,649.5685319239274,0,91105.1,91275.2,0.0,0.0,0.0,0.0,0.3205620695376841,-1.0591906290804354,91202.2,91137.3,,,
2024-11-16 10:52:00+00:00,91557.5,91573.8,91555.8,91558.4,10.388,90842.38161993638,-0.06426742706762488,91167.16588589834,90517.59735397442,649.5685319239274,0,91105.1,91275.2,0.0,0.0,0.0,0.0,0.3205620695376841,-1.0591906290804354,91202.2,91137.3,,,
2024-11-16 10:53:00+00:00,91558.4,91558.5,91524.0,91524.1,13.406,90842.3173525093,-0.06426742706762488,91167.10161847126,90517.53308654734,649.5685319239274,0,91105.1,91275.2,0.0,0.0,0.0,0.0,0.3205620695376841,-1.0591906290804354,91202.2,91137.3,,,
2024-11-16 10:54:00+00:00,91524.1,91558.2,91524.0,91525.3,6.729,90842.25308508224,-0.06426742706762488,91167.0373510442,90517.46881912027,649.5685319239274,0,91105.1,91275.2,0.0,0.0,0.0,0.0,0.3205620695376841,-1.0591906290804354,91202.2,91137.3,,,
2024-11-16 10:55:00+00:00,91525.3,91530.0,91457.7,91470.1,51.802,90842.18881765517,-0.06426742706762488,91166.97308361714,90517.40455169321,649.5685319239274,0,91105.1,91275.2,0.0,0.0,0.0,0.0,0.3205620695376841,-1.0591906290804354,91202.2,91137.3,,,
2024-11-16 10:56:00+00:00,91470.1,91508.5,91470.1,91508.4,15.91,90842.12455022811,-0.06426742706762488,91166.90881619007,90517.34028426615,649.5685319239274,0,91105.1,91275.2,0.0,0.0,0.0,0.0,0.3205620695376841,-1.0591906290804354,91202.2,91137.3,,,
2024-11-16 10:57:00+00:00,91508.4,91527.1,91500.0,91521.8,6.534,90842.06028280103,-0.06426742706762488,91166.844548763,90517.27601683907,649.5685319239274,0,91105.1,91275.2,0.0,0.0,0.0,0.0,0.3205620695376841,-1.0591906290804354,91202.2,91137.3,,,
2024-11-16 10:58:00+00:00,91521.8,91521.8,91481.4,91499.8,8.528,90841.99601537397,-0.06426742706762488,91166.78028133593,90517.211749412,649.5685319239274,0,91105.1,91275.2,0.0,0.0,0.0,0.0,0.3205620695376841,-1.0591906290804354,91202.2,91137.3,,,
2024-11-16 10:59:00+00:00,91499.8,91499.9,91465.0,91465.0,22.581,90841.9317479469,-0.06426742706762488,91166.71601390887,90517.14748198494,649.5685319239274,0,91105.1,91275.2,0.0,0.0,0.0,0.0,0.3205620695376841,-1.0591906290804354,91202.2,91137.3,,,
2024-11-16 11:00:00+00:00,91465.0,91488.1,91457.1,91457.1,15.654,90841.86748051982,-0.06426742706762488,91166.65174648179,90517.08321455786,649.5685319239274,0,91105.1,91275.2,0.0,0.0,0.0,0.0,0.3205620695376841,-1.0591906290804354,91202.2,91137.3,,,
2024-11-16 11:01:00+00:00,91457.1,91458.5,91450.0,91453.7,13.378,90841.80321309276,-0.06426742706762488,91166.58747905472,90517.0189471308,649.5685319239274,0,91105.1,91275.2,0.0,0.0,0.0,0.0,0.3205620695376841,-1.0591906290804354,91202.2,91137.3,,,
2024-11-16 11:02:00+00:00,91453.7,91453.7,91413.8,91436.5,46.643,90841.7389456657,-0.06426742706762488,91166.52321162766,90516.95467970373,649.5685319239274,0,91105.1,91275.2,0.0,0.0,0.0,0.0,0.3205620695376841,-1.0591906290804354,91202.2,91137.3,,,
2024-11-16 11:03:00+00:00,91436.5,91450.0,91400.0,91400.0,39.205,90841.67467823863,-0.06426742706762488,91166.4589442006,90516.89041227667,649.5685319239274,0,91105.1,91275.2,0.0,0.0,0.0,0.0,0.3205620695376841,-1.0591906290804354,91202.2,91137.3,,,
2024-11-16 11:04:00+00:00,91400.0,91420.0,91338.1,91354.4,93.473,90841.61041081155,-0.06426742706762488,91166.39467677352,90516.82614484959,649.5685319239274,-1,91105.1,91275.2,0.0,-821.2738551504153,0.0,-1.264337502184599,0.3205620695376841,-1.0591906290804354,91202.2,91137.3,,,
2024-11-16 11:05:00+00:00,91354.4,91399.9,91354.3,91374.4,25.614,90841.54614338449,-0.06426742706762488,91166.33040934645,90516.76187742253,649.5685319239274,0,91105.1,91275.2,0.0,0.0,0.0,0.0,0.3205620695376841,-1.0591906290804354,91202.2,91137.3,,,
2024-11-16 11:06:00+00:00,91374.4,91429.4,91374.3,91400.2,18.113,90841.48187595743,-0.06426742706762488,91166.26614191939,90516.69760999546,649.5685319239274,0,91105.1,91275.2,0.0,0.0,0.0,0.0,0.3205620695376841,-1.0591906290804354,91202.2,91137.3,,,
2024-11-16 11:07:00+00:00,91400.2,91446.5,91400.2,91415.8,39.937,90841.41760853036,-0.06426742706762488,91166.20187449233,90516.6333425684,649.5685319239274,0,91105.1,91275.2,0.0,0.0,0.0,0.0,0.3205620695376841,-1.0591906290804354,91202.2,91137.3,,,
2024-11-16 11:08:00+00:00,91415.8,91426.0,91400.3,91408.4,9.137,90841.35334110328,-0.06426742706762488,91166.13760706525,90516.56907514132,649.5685319239274,0,91105.1,91275.2,0.0,0.0,0.0,0.0,0.3205620695376841,-1.0591906290804354,91202.2,91137.3,,,
2024-11-16 11:09:00+00:00,91408.4,91434.7,91408.4,91431.3,14.594,90841.28907367622,-0.06426742706762488,91166.07333963818,90516.50480771426,649.5685319239274,0,91105.1,91275.2,0.0,0.0,0.0,0.0,0.3205620695376841,-1.0591906290804354,91202.2,91137.3,,,
2024-11-16 11:10:00+00:00,91431.3,91468.9,91431.2,91450.0,15.597,90841.22480624916,-0.06426742706762488,91166.00907221112,90516.44054028719,649.5685319239274,1,91105.1,91275.2,302.89092778887425,0.0,0.46629556837021563,0.0,0.3205620695376841,-1.0591906290804354,91202.2,91137.3,,,
2024-11-16 11:11:00+00:00,91450.0,91450.1,91392.5,91413.8,14.326,90841.16053882209,-0.06426742706762488,91165.94480478406,90516.37627286013,649.5685319239274,0,91105.1,91275.2,0.0,0.0,0.0,0.0,0.3205620695376841,-1.0591906290804354,91202.2,91137.3,,,
2024-11-16 11:12:00+00:00,91413.8,91444.1,91413.7,91436.7,5.222,90841.09627139501,-0.06426742706762488,91165.88053735698,90516.31200543305,649.5685319239274,0,91105.1,91275.2,0.0,0.0,0.0,0.0,0.3205620695376841,-1.0591906290804354,91202.2,91137.3,,,
2024-11-16 11:13:00+00:00,91436.7,91436.7,91416.6,91416.6,19.404,90841.03200396795,-0.06426742706762488,91165.81626992991,90516.24773800599,649.5685319239274,0,91105.1,91275.2,0.0,0.0,0.0,0.0,0.3205620695376841,-1.0591906290804354,91202.2,91137.3,,,
2024-11-16 11:14:00+00:00,91416.6,91430.5,91415.7,91415.8,12.528,90840.96773654089,-0.06426742706762488,91165.75200250285,90516.18347057892,649.5685319239274,0,91105.1,91275.2,0.0,0.0,0.0,0.0,0.3205620695376841,-1.0591906290804354,91202.2,91137.3,,,
2024-11-16 11:15:00+00:00,91415.8,91415.8,91358.5,91379.1,35.317,90840.90346911382,-0.06426742706762488,91165.68773507579,90516.11920315186,649.5685319239274,0,91105.1,91275.2,0.0,0.0,0.0,0.0,0.3205620695376841,-1.0591906290804354,91202.2,91137.3,,,
2024-11-16 11:16:00+00:00,91379.1,91413.3,91335.5,91350.0,74.923,90840.83920168674,-0.06426742706762488,91165.62346764871,90516.05493572478,649.5685319239274,0,91105.1,91275.2,0.0,0.0,0.0,0.0,0.3205620695376841,-1.0591906290804354,91202.2,91137.3,,,
2024-11-16 11:17:00+00:00,91350.0,91350.0,91316.2,91322.6,39.802,90840.77493425968,-0.06426742706762488,91165.55920022164,90515.99066829772,649.5685319239274,0,91105.1,91275.2,0.0,0.0,0.0,0.0,0.3205620695376841,-1.0591906290804354,91202.2,91137.3,,,
2024-11-16 11:18:00+00:00,91322.6,91347.0,91322.5,91332.9,19.065,90840.71066683262,-0.06426742706762488,91165.49493279458,90515.92640087065,649.5685319239274,0,91105.1,91275.2,0.0,0.0,0.0,0.0,0.3205620695376841,-1.0591906290804354,91202.2,91137.3,,,
2024-11-16 11:19:00+00:00,91332.9,91332.9,91304.3,91304.4,29.459,90840.64639940555,-0.06426742706762488,91165.43066536752,90515.86213344359,649.5685319239274,0,91105.1,91275.2,0.0,0.0,0.0,0.0,0.3205620695376841,-1.0591906290804354,91202.2,91137.3,,,
2024-11-16 11:20:00+00:00,91304.4,91320.5,91280.0,91296.3,58.509,90840.58213197847,-0.06426742706762488,91165.36639794044,90515.79786601651,649.5685319239274,0,91105.1,91275.2,0.0,0.0,0.0,0.0,0.3205620695376841,-1.0591906290804354,91202.2,91137.3,,,
2024-11-16 11:21:00+00:00,91296.3,91320.0,91274.9,91275.0,52.52,90840.51786455141,-0.06426742706762488,91165.30213051337,90515.73359858945,649.5685319239274,0,91105.1,91275.2,0.0,0.0,0.0,0.0,0.3205620695376841,-1.0591906290804354,91202.2,91137.3,,,
2024-11-16 11:22:00+00:00,91275.0,91275.0,91221.2,91236.4,102.618,90840.45359712435,-0.06426742706762488,91165.23786308631,90515.66933116238,649.5685319239274,0,91105.1,91275.2,0.0,0.0,0.0,0.0,0.3205620695376841,-1.0591906290804354,91202.2,91137.3,,,
2024-11-16 11:23:00+00:00,91236.4,91236.4,91174.0,91174.6,100.688,90840.38932969728,-0.06426742706762488,91165.17359565925,90515.60506373532,649.5685319239274,0,91105.1,91275.2,0.0,0.0,0.0,0.0,0.3205620695376841,-1.0591906290804354,91202.2,91137.3,,,
2024-11-16 11:24:00+00:00,91174.6,91266.1,91130.1,91255.1,182.536,90840.3250622702,-0.06426742706762488,91165.10932823217,90515.54079630824,649.5685319239274,-1,91105.1,91275.2,0.0,-614.559203691766,0.0,-0.9461037188355341,0.3205620695376841,-1.0591906290804354,91202.2,91137.3,,,
2024-11-16 11:25:00+00:00,91255.1,91312.4,91225.1,91291.5,159.515,90840.26079484314,-0.06426742706762488,91165.0450608051,90515.47652888118,649.5685319239274,0,91105.1,91275.2,0.0,0.0,0.0,0.0,0.3205620695376841,-1.0591906290804354,91202.2,91137.3,,,
2024-11-16 11:26:00+00:00,91291.5,91305.6,91236.1,91281.2,35.431,90840.19652741608,-0.06426742706762488,91164.98079337804,90515.41226145411,649.5685319239274,0,91105.1,91275.2,0.0,0.0,0.0,0.0,0.3205620695376841,-1.0591906290804354,91202.2,91137.3,,,
2024-11-16 11:27:00+00:00,91281.2,91316.0,91215.3,91242.9,40.257,90840.13225998901,-0.06426742706762488,91164.91652595098,90515.34799402705,649.5685319239274,0,91105.1,91275.2,0.0,0.0,0.0,0.0,0.3205620695376841,-1.0591906290804354,91202.2,91137.3,,,
2024-11-16 11:28:00+00:00,91242.9,91303.4,91239.4,91270.0,22.048,90840.06799256193,-0.06426742706762488,91164.8522585239,90515.28372659997,649.5685319239274,0,91105.1,91275.2,0.0,0.0,0.0,0.0,0.3205620695376841,-1.0591906290804354,91202.2,91137.3,,,
2024-11-16 11:29:00+00:00,91270.0,91302.0,91259.3,91301.5,23.237,90840.00372513487,-0.06426742706762488,91164.78799109683,90515.2194591729,649.5685319239274,0,91105.1,91275.2,0.0,0.0,0.0,0.0,0.3205620695376841,-1.0591906290804354,91202.2,91137.3,,,
2024-11-16 11:30:00+00:00,91301.5,91301.6,91219.0,91244.3,29.612,90839.9394577078,-0.06426742706762488,91164.72372366977,90515.15519174584,649.5685319239274,0,91105.1,91275.2,0.0,0.0,0.0,0.0,0.3205620695376841,-1.0591906290804354,91202.2,91137.3,,,
2024-11-16 11:31:00+00:00,91244.3,91249.8,91209.4,91242.5,25.532,90839.87519028074,-0.06426742706762488,91164.6594562427,90515.09092431878,649.5685319239274,0,91105.1,91275.2,0.0,0.0,0.0,0.0,0.3205620695376841,-1.0591906290804354,91202.2,91137.3,,,
2024-11-16 11:32:00+00:00,91242.5,91242.5,91160.0,91160.1,32.349,90839.81092285366,-0.06426742706762488,91164.59518881563,90515.0266568917,649.5685319239274,0,91105.1,91275.2,0.0,0.0,0.0,0.0,0.3205620695376841,-1.0591906290804354,91202.2,91137.3,,,
2024-11-16 11:33:00+00:00,91160.1,91170.5,91156.3,91164.8,50.258,90839.7466554266,-0.06426742706762488,91164.53092138856,90514.96238946464,649.5685319239274,0,91105.1,91275.2,0.0,0.0,0.0,0.0,0.3205620695376841,-1.0591906290804354,91202.2,91137.3,,,
2024-11-16 11:34:00+00:00,91164.8,91222.3,91129.0,91222.3,60.69,90839.68238799954,-0.06426742706762488,91164.4666539615,90514.89812203757,649.5685319239274,-1,91105.1,91275.2,0.0,-614.1018779624283,0.0,-0.9453996734471541,0.3205620695376841,-1.0591906290804354,91202.2,91137.3,,,
2024-11-16 11:35:00+00:00,91222.3,91269.1,91219.6,91236.1,79.869,90839.61812057247,-0.06426742706762488,91164.40238653444,90514.83385461051,649.5685319239274,0,91105.1,91275.2,0.0,0.0,0.0,0.0,0.3205620695376841,-1.0591906290804354,91202.2,91137.3,,,
2024-11-16 11:36:00+00:00,91236.1,91251.9,91171.9,91171.9,76.828,90839.5538531454,-0.06426742706762488,91164.33811910736,90514.76958718343,649.5685319239274,0,91105.1,91275.2,0.0,0.0,0.0,0.0,0.3205620695376841,-1.0591906290804354,91202.2,91137.3,,,
2024-11-16 11:37:00+00:00,91171.9,91232.0,91161.0,91230.3,37.093,90839.48958571833,-0.06426742706762488,91164.2738516803,90514.70531975637,649.5685319239274,0,91105.1,91275.2,0.0,0.0,0.0,0.0,0.3205620695376841,-1.0591906290804354,91202.2,91137.3,,,
2024-11-16 11:38:00+00:00,91230.3,91230.3,91138.0,91164.1,20.197,90839.42531829127,-0.06426742706762488,91164.20958425323,90514.6410523293,649.5685319239274,0,91105.1,91275.2,0.0,0.0,0.0,0.0,0.3205620695376841,-1.0591906290804354,91202.2,91137.3,,,
2024-11-16 11:39:00+00:00,91164.1,91180.6,91130.0,91141.0,42.172,90839.36105086419,-0.06426742706762488,91164.14531682615,90514.57678490222,649.5685319239274,0,91105.1,91275.2,0.0,0.0,0.0,0.0,0.3205620695376841,-1.0591906290804354,91202.2,91137.3,,,
2024-11-16 11:40:00+00:00,91141.0,91179.4,91137.1,91162.1,32.847,90839.29678343712,-0.06426742706762488,91164.08104939909,90514.51251747516,649.5685319239274,0,91105.1,91275.2,0.0,0.0,0.0,0.0,0.3205620695376841,-1.0591906290804354,91202.2,91137.3,,,
2024-11-16 11:41:00+00:00,91162.1,91189.8,91100.1,91100.3,107.202,90839.23251601006,-0.06426742706762488,91164.01678197202,90514.4482500481,649.5685319239274,0,91105.1,91275.2,0.0,0.0,0.0,0.0,0.3205620695376841,-1.0591906290804354,91202.2,91137.3,,,
2024-11-16 11:42:00+00:00,91100.3,91100.3,91075.9,91076.2,85.773,90839.168248583,-0.06426742706762488,91163.95251454496,90514.38398262103,649.5685319239274,0,91105.1,91275.2,0.0,0.0,0.0,0.0,0.3205620695376841,-1.0591906290804354,91202.2,91137.3,,,
2024-11-16 11:43:00+00:00,91076.2,91148.9,91074.4,91142.6,65.142,90839.10398115592,-0.06426742706762488,91163.88824711788,90514.31971519395,649.5685319239274,0,91105.1,91275.2,0.0,0.0,0.0,0.0,0.3205620695376841,-1.0591906290804354,91202.2,91137.3,,,
2024-11-16 11:44:00+00:00,91142.6,91142.6,91093.0,91093.0,25.289,90839.03971372885,-0.06426742706762488,91163.82397969082,90514.25544776689,649.5685319239274,0,91105.1,91275.2,0.0,0.0,0.0,0.0,0.3205620695376841,-1.0591906290804354,91202.2,91137.3,,,
2024-11-16 11:45:00+00:00,91093.0,91152.3,91093.0,91133.6,36.061,90838.97544630179,-0.06426742706762488,91163.75971226375,90514.19118033983,649.5685319239274,0,91105.1,91275.2,0.0,0.0,0.0,0.0,0.3205620695376841,-1.0591906290804354,91202.2,91137.3,,,
2024-11-16 11:46:00+00:00,91133.6,91133.6,91070.0,91070.0,33.796,90838.91117887473,-0.06426742706762488,91163.69544483669,90514.12691291276,649.5685319239274,-1,91105.1,91275.2,0.0,-555.8730870872387,0.0,-0.8557574139880569,0.3205620695376841,-1.0591906290804354,91202.2,91137.3,,,
2024-11-16 11:47:00+00:00,91070.0,91140.8,91070.0,91113.6,40.075,90838.84691144765,-0.06426742706762488,91163.63117740961,90514.06264548568,649.5685319239274,-1,91105.1,91275.2,0.0,-555.9373545143171,0.0,-0.8558563526279693,0.3205620695376841,-1.0591906290804354,91202.2,91137.3,,,
2024-11-16 11:48:00+00:00,91113.6,91206.6,91113.5,91171.6,108.99,90838.78264402058,-0.06426742706762488,91163.56690998255,90513.99837805862,649.5685319239274,0,91105.1,91275.2,0.0,0.0,0.0,0.0,0.3205620695376841,-1.0591906290804354,91202.2,91137.3,,,
2024-11-16 11:49:00+00:00,91171.6,91171.6,91110.6,91110.6,61.175,90838.71837659352,-0.06426742706762488,91163.50264255548,90513.93411063156,649.5685319239274,0,91105.1,91275.2,0.0,0.0,0.0,0.0,0.3205620695376841,-1.0591906290804354,91202.2,91137.3,,,
2024-11-16 11:50:00+00:00,91110.6,91215.3,91107.5,91215.1,55.348,90838.65410916645,-0.06426742706762488,91163.43837512842,90513.86984320449,649.5685319239274,0,91105.1,91275.2,0.0,0.0,0.0,0.0,0.3205620695376841,-1.0591906290804354,91202.2,91137.3,,,
2024-11-16 11:51:00+00:00,91215.1,91280.9,91211.9,91254.0,91.867,90838.58984173938,-0.06426742706762488,91163.37410770134,90513.80557577741,649.5685319239274,0,91105.1,91275.2,0.0,0.0,0.0,0.0,0.3205620695376841,-1.0591906290804354,91202.2,91137.3,,,
2024-11-16 11:52:00+00:00,91254.0,91313.3,91249.1,91249.1,121.15,90838.52557431231,-0.06426742706762488,91163.30984027428,90513.74130835035,649.5685319239274,1,91105.1,91275.2,149.9901597257267,0.0,0.2309073675128284,0.0,0.3205620695376841,-1.0591906290804354,91202.2,91137.3,,,
2024-11-16 11:53:00+00:00,91249.1,91249.2,91193.5,91203.1,29.635,90838.46130688525,-0.06426742706762488,91163.24557284721,90513.67704092328,649.5685319239274,0,91105.1,91275.2,0.0,0.0,0.0,0.0,0.3205620695376841,-1.0591906290804354,91202.2,91137.3,,,
2024-11-16 11:54:00+00:00,91203.1,91268.1,91200.8,91201.8,35.156,90838.39703945818,-0.06426742706762488,91163.18130542015,90513.61277349622,649.5685319239274,0,91105.1,91275.2,0.0,0.0,0.0,0.0,0.3205620695376841,-1.0591906290804354,91202.2,91137.3,,,
2024-11-16 11:55:00+00:00,91201.8,91246.5,91201.8,91246.0,58.207,90838.3327720311,-0.06426742706762488,91163.11703799307,90513.54850606914,649.5685319239274,0,91105.1,91275.2,0.0,0.0,0.0,0.0,0.3205620695376841,-1.0591906290804354,91202.2,91137.3,,,
2024-11-16 11:56:00+00:00,91246.0,91263.9,91237.1,91248.6,29.415,90838.26850460404,-0.06426742706762488,91163.052770566,90513.48423864208,649.5685319239274,0,91105.1,91275.2,0.0,0.0,0.0,0.0,0.3205620695376841,-1.0591906290804354,91202.2,91137.3,,,
2024-11-16 11:57:00+00:00,91248.6,91248.6,91180.0,91213.1,41.822,90838.20423717698,-0.06426742706762488,91162.98850313894,90513.41997121501,649.5685319239274,-1,91105.1,91275.2,0.0,-666.5800287849852,0.0,-1.0261889177584884,0.3205620695376841,-1.0591906290804354,91202.2,91137.3,,,
2024-11-16 11:58:00+00:00,91213.1,91256.8,91207.2,91220.0,17.464,90838.13996974991,-0.06426742706762488,91162.92423571188,90513.35570378795,649.5685319239274,0,91105.1,91275.2,0.0,0.0,0.0,0.0,0.3205620695376841,-1.0591906290804354,91202.2,91137.3,,,
2024-11-16 11:59:00+00:00,91220.0,91258.9,91220.0,91246.5,18.574,90838.07570232284,-0.06426742706762488,91162.8599682848,90513.29143636087,649.5685319239274,0,91105.1,91275.2,0.0,0.0,0.0,0.0,0.3205620695376841,-1.0591906290804354,91202.2,91137.3,,,
2024-11-16 12:00:00+00:00,91246.5,91320.0,91240.1,91320.0,68.129,90838.01143489577,-0.06426742706762488,91162.79570085774,90513.22716893381,649.5685319239274,0,91105.1,91275.2,0.0,0.0,0.0,0.0,0.3205620695376841,-1.0591906290804354,91202.2,91137.3,,,
2024-11-16 12:01:00+00:00,91320.0,91347.0,91224.1,91224.1,57.115,90837.94716746871,-0.06426742706762488,91162.73143343067,90513.16290150674,649.5685319239274,0,91105.1,91275.2,0.0,0.0,0.0,0.0,0.3205620695376841,-1.0591906290804354,91202.2,91137.3,,,
2024-11-16 12:02:00+00:00,91224.1,91260.9,91199.9,91206.8,42.705,90837.88290004164,-0.06426742706762488,91162.66716600361,90513.09863407968,649.5685319239274,0,91105.1,91275.2,0.0,0.0,0.0,0.0,0.3205620695376841,-1.0591906290804354,91202.2,91137.3,,,
2024-11-16 12:03:00+00:00,91206.8,91239.3,91190.0,91239.3,30.836,90837.81863261457,-0.06426742706762488,91162.60289857653,90513.0343666526,649.5685319239274,0,91105.1,91275.2,0.0,0.0,0.0,0.0,0.3205620695376841,-1.0591906290804354,91202.2,91137.3,,,
2024-11-16 12:04:00+00:00,91239.3,91387.0,91239.2,91368.0,66.918,90837.7543651875,-0.06426742706762488,91162.53863114947,90512.97009922554,649.5685319239274,0,91105.1,91275.2,0.0,0.0,0.0,0.0,0.3205620695376841,-1.0591906290804354,91202.2,91137.3,,,
2024-11-16 12:05:00+00:00,91368.0,91390.0,91300.9,91300.9,111.616,90837.69009776044,-0.06426742706762488,91162.4743637224,90512.90583179847,649.5685319239274,1,91105.1,91275.2,227.5256362775981,0.0,0.35027194991065885,0.0,0.3205620695376841,-1.0591906290804354,91202.2,91137.3,,,
2024-11-16 12:06:00+00:00,91300.9,91300.9,91150.0,91150.1,62.369,90837.62583033337,-0.06426742706762488,91162.41009629534,90512.84156437141,649.5685319239274,0,91105.1,91275.2,0.0,0.0,0.0,0.0,0.3205620695376841,-1.0591906290804354,91202.2,91137.3,,,
2024-11-16 12:07:00+00:00,91150.1,91150.1,90960.3,91005.9,435.602,90837.5615629063,-0.06426742706762488,91162.34582886826,90512.77729694433,649.5685319239274,0,91105.1,91275.2,0.0,0.0,0.0,0.0,0.3205620695376841,-1.0591906290804354,91202.2,91137.3,,,
2024-11-16 12:08:00+00:00,91005.9,91058.0,90946.5,90968.0,229.007,90837.49729547923,-0.06426742706762488,91162.2815614412,90512.71302951727,649.5685319239274,0,91105.1,91275.2,0.0,0.0,0.0,0.0,0.3205620695376841,-1.0591906290804354,91202.2,91137.3,,,
2024-11-16 12:09:00+00:00,90968.0,90984.5,90686.0,90906.1,935.176,90837.43302805217,-0.06426742706762488,91162.21729401413,90512.6487620902,649.5685319239274,0,91105.1,91275.2,0.0,0.0,0.0,0.0,0.3205620695376841,-1.0591906290804354,91202.2,91137.3,,,
2024-11-16 12:10:00+00:00,90906.1,91020.0,90776.6,90975.2,376.78,90837.3687606251,-0.06426742706762488,91162.15302658707,90512.58449466314,649.5685319239274,0,91105.1,91275.2,0.0,0.0,0.0,0.0,0.3205620695376841,-1.0591906290804354,91202.2,91137.3,,,
2024-11-16 12:11:00+00:00,90975.2,91038.8,90975.2,90975.6,144.269,90837.30449319803,-0.06426742706762488,91162.08875915999,90512.52022723606,649.5685319239274,0,91105.1,91275.2,0.0,0.0,0.0,0.0,0.3205620695376841,-1.0591906290804354,91202.2,91137.3,,,
2024-11-16 12:12:00+00:00,90975.6,90975.7,90839.2,90883.5,144.323,90837.24022577096,-0.06426742706762488,91162.02449173293,90512.455959809,649.5685319239274,0,91105.1,91275.2,0.0,0.0,0.0,0.0,0.3205620695376841,-1.0591906290804354,91202.2,91137.3,,,
2024-11-16 12:13:00+00:00,90883.5,90900.0,90801.5,90801.5,111.262,90837.1759583439,-0.06426742706762488,91161.96022430586,90512.39169238193,649.5685319239274,0,91105.1,91275.2,0.0,0.0,0.0,0.0,0.3205620695376841,-1.0591906290804354,91202.2,91137.3,,,1.0
2024-11-16 12:14:00+00:00,90801.5,90803.2,90630.0,90725.5,472.943,90837.11169091683,-0.06426742706762488,91161.8959568788,90512.32742495487,649.5685319239274,0,91105.1,91275.2,0.0,0.0,0.0,0.0,0.3205620695376841,-1.0591906290804354,91202.2,91137.3,,,
2024-11-16 12:15:00+00:00,90725.5,90746.3,90551.9,90678.9,401.741,90837.04742348976,-0.06426742706762488,91161.83168945172,90512.26315752779,649.5685319239274,-1,91105.1,91275.2,0.0,-39.63684247220226,0.0,-0.061020262719321865,0.3205620695376841,-1.0591906290804354,91202.2,91137.3,,,
2024-11-16 12:16:00+00:00,90678.9,90899.1,90670.8,90859.0,183.484,90836.98315606269,-0.06426742706762488,91161.76742202466,90512.19889010073,649.5685319239274,0,91105.1,91275.2,0.0,0.0,0.0,0.0,0.3205620695376841,-1.0591906290804354,91202.2,91137.3,,,
2024-11-16 12:17:00+00:00,90859.0,90909.7,90824.2,90900.6,97.757,90836.91888863563,-0.06426742706762488,91161.70315459759,90512.13462267366,649.5685319239274,0,91105.1,91275.2,0.0,0.0,0.0,0.0,0.3205620695376841,-1.0591906290804354,91202.2,91137.3,,,
2024-11-16 12:18:00+00:00,90900.6,90974.5,90830.9,90839.6,78.739,90836.85462120856,-0.06426742706762488,91161.63888717053,90512.0703552466,649.5685319239274,0,91105.1,91275.2,0.0,0.0,0.0,0.0,0.3205620695376841,-1.0591906290804354,91202.2,91137.3,,,
2024-11-16 12:19:00+00:00,90839.6,90935.5,90828.4,90869.4,53.836,90836.79035378149,-0.06426742706762488,91161.57461974345,90512.00608781952,649.5685319239274,0,91105.1,91275.2,0.0,0.0,0.0,0.0,0.3205620695376841,-1.0591906290804354,91202.2,91137.3,,,
2024-11-16 12:20:00+00:00,90869.4,90968.4,90869.4,90948.4,56.625,90836.72608635442,-0.06426742706762488,91161.51035231639,90511.94182039246,649.5685319239274,0,91105.1,91275.2,0.0,0.0,0.0,0.0,0.3205620695376841,-1.0591906290804354,91202.2,91137.3,,,
2024-11-16 12:21:00+00:00,90948.4,90963.7,90910.5,90938.2,46.678,90836.66181892736,-0.06426742706762488,91161.44608488932,90511.8775529654,649.5685319239274,0,91105.1,91275.2,0.0,0.0,0.0,0.0,0.3205620695376841,-1.0591906290804354,91202.2,91137.3,,,
2024-11-16 12:22:00+00:00,90938.2,90989.9,90912.7,90986.4,54.763,90836.59755150028,-0.06426742706762488,91161.38181746224,90511.81328553832,649.5685319239274,1,91105.1,91275.2,-171.48181746224873,0.0,-0.2639934187611345,0.0,0.3205620695376841,-1.0591906290804354,91202.2,91137.3,,,
2024-11-16 12:23:00+00:00,90986.4,90986.4,90912.6,90928.1,89.105,90836.53328407322,-0.06426742706762488,91161.31755003518,90511.74901811125,649.5685319239274,0,91105.1,91275.2,0.0,0.0,0.0,0.0,0.3205620695376841,-1.0591906290804354,91202.2,91137.3,,,
2024-11-16 12:24:00+00:00,90928.1,90980.9,90830.0,90843.2,41.475,90836.46901664615,-0.06426742706762488,91161.25328260812,90511.68475068419,649.5685319239274,0,91105.1,91275.2,0.0,0.0,0.0,0.0,0.3205620695376841,-1.0591906290804354,91202.2,91137.3,,,
2024-11-16 12:25:00+00:00,90843.2,90913.8,90821.5,90895.5,75.073,90836.40474921909,-0.06426742706762488,91161.18901518105,90511.62048325712,649.5685319239274,0,91105.1,91275.2,0.0,0.0,0.0,0.0,0.3205620695376841,-1.0591906290804354,91202.2,91137.3,,,
2024-11-16 12:26:00+00:00,90895.5,90895.9,90821.3,90847.3,30.825,90836.34048179201,-0.06426742706762488,91161.12474775397,90511.55621583005,649.5685319239274,0,91105.1,91275.2,0.0,0.0,0.0,0.0,0.3205620695376841,-1.0591906290804354,91202.2,91137.3,,,
2024-11-16 12:27:00+00:00,90847.3,90869.2,90800.7,90817.6,27.573,90836.27621436495,-0.06426742706762488,91161.06048032691,90511.49194840298,649.5685319239274,-1,91105.1,91275.2,0.0,-289.2080515970156,0.0,-0.4452310070200345,0.3205620695376841,-1.0591906290804354,91202.2,91137.3,,,1.0
2024-11-16 12:28:00+00:00,90817.6,90900.0,90808.4,90900.0,77.23,90836.21194693788,-0.06426742706762488,91160.99621289984,90511.42768097592,649.5685319239274,0,91105.1,91275.2,0.0,0.0,0.0,0.0,0.3205620695376841,-1.0591906290804354,91202.2,91137.3,,,
2024-11-16 12:29:00+00:00,90900.0,90900.0,90833.6,90871.7,27.649,90836.14767951082,-0.06426742706762488,91160.93194547278,90511.36341354885,649.5685319239274,0,91105.1,91275.2,0.0,0.0,0.0,0.0,0.3205620695376841,-1.0591906290804354,91202.2,91137.3,,,
2024-11-16 12:30:00+00:00,90871.7,90900.0,90849.9,90899.9,90.838,90836.08341208374,-0.06426742706762488,91160.8676780457,90511.29914612178,649.5685319239274,0,91105.1,91275.2,0.0,0.0,0.0,0.0,0.3205620695376841,-1.0591906290804354,91202.2,91137.3,,,
2024-11-16 12:31:00+00:00,90899.9,90935.3,90883.2,90883.2,54.056,90836.01914465668,-0.06426742706762488,91160.80341061864,90511.23487869471,649.5685319239274,0,91105.1,91275.2,0.0,0.0,0.0,0.0,0.3205620695376841,-1.0591906290804354,91202.2,91137.3,,,
2024-11-16 12:32:00+00:00,90883.2,90943.4,90877.0,90903.6,41.136,90835.95487722961,-0.06426742706762488,91160.73914319157,90511.17061126765,649.5685319239274,0,91105.1,91275.2,0.0,0.0,0.0,0.0,0.3205620695376841,-1.0591906290804354,91202.2,91137.3,,,
2024-11-16 12:33:00+00:00,90903.6,90929.2,90894.6,90900.0,24.232,90835.89060980255,-0.06426742706762488,91160.67487576451,90511.10634384058,649.5685319239274,0,91105.1,91275.2,0.0,0.0,0.0,0.0,0.3205620695376841,-1.0591906290804354,91202.2,91137.3,,,
2024-11-16 12:34:00+00:00,90900.0,90950.0,90783.1,90950.0,123.102,90835.82634237547,-0.06426742706762488,91160.61060833743,90511.0420764135,649.5685319239274,-1,91105.1,91275.2,0.0,-272.0579235865007,0.0,-0.4188286689022708,0.3205620695376841,-1.0591906290804354,91202.2,91137.3,,,
2024-11-16 12:35:00+00:00,90950.0,91031.2,90914.7,90984.8,188.82,90835.7620749484,-0.06426742706762488,91160.54634091037,90510.97780898644,649.5685319239274,0,91105.1,91275.2,0.0,0.0,0.0,0.0,0.3205620695376841,-1.0591906290804354,91202.2,91137.3,,,
2024-11-16 12:36:00+00:00,90984.8,91055.0,90947.7,91051.8,101.322,90835.69780752134,-0.06426742706762488,91160.4820734833,90510.91354155938,649.5685319239274,1,91105.1,91275.2,-105.4820734833047,0.0,-0.16238790566236663,0.0,0.3205620695376841,-1.0591906290804354,91202.2,91137.3,,,
2024-11-16 12:37:00+00:00,91051.8,91055.0,91013.9,91035.4,67.661,90835.63354009428,-0.06426742706762488,91160.41780605624,90510.84927413231,649.5685319239274,0,91105.1,91275.2,0.0,0.0,0.0,0.0,0.3205620695376841,-1.0591906290804354,91202.2,91137.3,,,
2024-11-16 12:38:00+00:00,91035.4,91055.0,91011.2,91029.3,51.129,90835.5692726672,-0.06426742706762488,91160.35353862916,90510.78500670523,649.5685319239274,0,91105.1,91275.2,0.0,0.0,0.0,0.0,0.3205620695376841,-1.0591906290804354,91202.2,91137.3,,,
2024-11-16 12:39:00+00:00,91029.3,91055.0,90959.1,90963.9,33.105,90835.50500524013,-0.06426742706762488,91160.2892712021,90510.72073927817,649.5685319239274,0,91105.1,91275.2,0.0,0.0,0.0,0.0,0.3205620695376841,-1.0591906290804354,91202.2,91137.3,,,
2024-11-16 12:40:00+00:00,90963.9,90986.0,90886.4,90925.9,88.444,90835.44073781307,-0.06426742706762488,91160.22500377503,90510.6564718511,649.5685319239274,0,91105.1,91275.2,0.0,0.0,0.0,0.0,0.3205620695376841,-1.0591906290804354,91202.2,91137.3,,,
2024-11-16 12:41:00+00:00,90925.9,90926.0,90881.9,90924.2,47.923,90835.376470386,-0.06426742706762488,91160.16073634797,90510.59220442404,649.5685319239274,-1,91105.1,91275.2,0.0,-371.3077955759509,0.0,-0.5716222035513193,0.3205620695376841,-1.0591906290804354,91202.2,91137.3,,,
2024-11-16 12:42:00+00:00,90924.2,90995.2,90924.1,90975.1,35.264,90835.31220295893,-0.06426742706762488,91160.09646892089,90510.52793699696,649.5685319239274,0,91105.1,91275.2,0.0,0.0,0.0,0.0,0.3205620695376841,-1.0591906290804354,91202.2,91137.3,,,
2024-11-16 12:43:00+00:00,90975.1,91056.2,90975.1,91056.1,61.605,90835.24793553186,-0.06426742706762488,91160.03220149383,90510.4636695699,649.5685319239274,1,91105.1,91275.2,-103.83220149383123,0.0,-0.15984795505147914,0.0,0.3205620695376841,-1.0591906290804354,91202.2,91137.3,,,
2024-11-16 12:44:00+00:00,91056.1,91056.1,90988.5,90988.5,50.48,90835.1836681048,-0.06426742706762488,91159.96793406676,90510.39940214284,649.5685319239274,0,91105.1,91275.2,0.0,0.0,0.0,0.0,0.3205620695376841,-1.0591906290804354,91202.2,91137.3,,,
2024-11-16 12:45:00+00:00,90988.5,91047.6,90988.5,90996.2,27.243,90835.11940067774,-0.06426742706762488,91159.9036666397,90510.33513471577,649.5685319239274,0,91105.1,91275.2,0.0,0.0,0.0,0.0,0.3205620695376841,-1.0591906290804354,91202.2,91137.3,,,
2024-11-16 12:46:00+00:00,90996.2,91009.4,90958.5,90989.5,32.859,90835.05513325066,-0.06426742706762488,91159.83939921262,90510.2708672887,649.5685319239274,0,91105.1,91275.2,0.0,0.0,0.0,0.0,0.3205620695376841,-1.0591906290804354,91202.2,91137.3,,,
2024-11-16 12:47:00+00:00,90989.5,91000.0,90915.7,90929.1,37.549,90834.9908658236,-0.06426742706762488,91159.77513178556,90510.20659986163,649.5685319239274,0,91105.1,91275.2,0.0,0.0,0.0,0.0,0.3205620695376841,-1.0591906290804354,91202.2,91137.3,,,
2024-11-16 12:48:00+00:00,90929.1,90962.9,90915.8,90940.5,20.159,90834.92659839653,-0.06426742706762488,91159.7108643585,90510.14233243457,649.5685319239274,0,91105.1,91275.2,0.0,0.0,0.0,0.0,0.3205620695376841,-1.0591906290804354,91202.2,91137.3,,,
2024-11-16 12:49:00+00:00,90940.5,90987.9,90915.8,90985.3,18.168,90834.86233096947,-0.06426742706762488,91159.64659693143,90510.0780650075,649.5685319239274,0,91105.1,91275.2,0.0,0.0,0.0,0.0,0.3205620695376841,-1.0591906290804354,91202.2,91137.3,,,
2024-11-16 12:50:00+00:00,90985.3,91036.9,90985.3,91002.1,29.077,90834.79806354239,-0.06426742706762488,91159.58232950435,90510.01379758042,649.5685319239274,0,91105.1,91275.2,0.0,0.0,0.0,0.0,0.3205620695376841,-1.0591906290804354,91202.2,91137.3,,,
2024-11-16 12:51:00+00:00,91002.1,91025.3,90987.7,91000.1,33.966,90834.73379611532,-0.06426742706762488,91159.51806207729,90509.94953015336,649.5685319239274,0,91105.1,91275.2,0.0,0.0,0.0,0.0,0.3205620695376841,-1.0591906290804354,91202.2,91137.3,,,
2024-11-16 12:52:00+00:00,91000.1,91024.1,90940.0,90940.1,19.939,90834.66952868826,-0.06426742706762488,91159.45379465022,90509.8852627263,649.5685319239274,0,91105.1,91275.2,0.0,0.0,0.0,0.0,0.3205620695376841,-1.0591906290804354,91202.2,91137.3,,,
2024-11-16 12:53:00+00:00,90940.1,90983.4,90918.1,90979.3,25.753,90834.6052612612,-0.06426742706762488,91159.38952722316,90509.82099529923,649.5685319239274,0,91105.1,91275.2,0.0,0.0,0.0,0.0,0.3205620695376841,-1.0591906290804354,91202.2,91137.3,,,
2024-11-16 12:54:00+00:00,90979.3,90982.5,90930.1,90956.4,12.605,90834.54099383412,-0.06426742706762488,91159.32525979608,90509.75672787215,649.5685319239274,0,91105.1,91275.2,0.0,0.0,0.0,0.0,0.3205620695376841,-1.0591906290804354,91202.2,91137.3,,,
2024-11-16 12:55:00+00:00,90956.4,90972.2,90923.4,90923.5,17.229,90834.47672640705,-0.06426742706762488,91159.26099236902,90509.69246044509,649.5685319239274,0,91105.1,91275.2,0.0,0.0,0.0,0.0,0.3205620695376841,-1.0591906290804354,91202.2,91137.3,,,
2024-11-16 12:56:00+00:00,90923.5,90960.1,90915.3,90947.8,66.858,90834.41245897999,-0.06426742706762488,91159.19672494195,90509.62819301803,649.5685319239274,0,91105.1,91275.2,0.0,0.0,0.0,0.0,0.3205620695376841,-1.0591906290804354,91202.2,91137.3,,,
2024-11-16 12:57:00+00:00,90947.8,91018.5,90947.7,90976.6,75.96,90834.34819155293,-0.06426742706762488,91159.13245751489,90509.56392559096,649.5685319239274,0,91105.1,91275.2,0.0,0.0,0.0,0.0,0.3205620695376841,-1.0591906290804354,91202.2,91137.3,,,
2024-11-16 12:58:00+00:00,90976.6,91012.9,90948.5,90948.6,20.564,90834.28392412585,-0.06426742706762488,91159.06819008781,90509.49965816388,649.5685319239274,0,91105.1,91275.2,0.0,0.0,0.0,0.0,0.3205620695376841,-1.0591906290804354,91202.2,91137.3,,,
2024-11-16 12:59:00+00:00,90948.6,90959.9,90902.2,90959.9,14.573,90834.21965669878,-0.06426742706762488,91159.00392266075,90509.43539073682,649.5685319239274,-1,91105.1,91275.2,0.0,-392.7646092631767,0.0,-0.6046546129626463,0.3205620695376841,-1.0591906290804354,91202.2,91137.3,,,
2024-11-16 13:00:00+00:00,90959.9,90970.0,90928.1,90935.0,15.759,90834.15538927172,-0.06426742706762488,91158.93965523368,90509.37112330976,649.5685319239274,0,91105.1,91275.2,0.0,0.0,0.0,0.0,0.3205620695376841,-1.0591906290804354,91202.2,91137.3,,,
2024-11-16 13:01:00+00:00,90935.0,90970.0,90927.6,90949.9,39.867,90834.09112184464,-0.06426742706762488,91158.8753878066,90509.30685588268,649.5685319239274,0,91105.1,91275.2,0.0,0.0,0.0,0.0,0.3205620695376841,-1.0591906290804354,91202.2,91137.3,,,
2024-11-16 13:02:00+00:00,90949.9,91051.3,90949.9,91051.3,31.405,90834.02685441758,-0.06426742706762488,91158.81112037954,90509.24258845561,649.5685319239274,0,91105.1,91275.2,0.0,0.0,0.0,0.0,0.3205620695376841,-1.0591906290804354,91202.2,91137.3,,,
2024-11-16 13:03:00+00:00,91051.3,91132.3,91025.9,91053.7,124.175,90833.96258699051,-0.06426742706762488,91158.74685295248,90509.17832102855,649.5685319239274,0,91105.1,91275.2,0.0,0.0,0.0,0.0,0.3205620695376841,-1.0591906290804354,91202.2,91137.3,,,
2024-11-16 13:04:00+00:00,91053.7,91066.8,91021.5,91066.8,24.156,90833.89831956345,-0.06426742706762488,91158.68258552541,90509.11405360149,649.5685319239274,0,91105.1,91275.2,0.0,0.0,0.0,0.0,0.3205620695376841,-1.0591906290804354,91202.2,91137.3,,,
2024-11-16 13:05:00+00:00,91066.8,91148.0,91051.1,91148.0,45.797,90833.83405213637,-0.06426742706762488,91158.61831809834,90509.04978617441,649.5685319239274,0,91105.1,91275.2,0.0,0.0,0.0,0.0,0.3205620695376841,-1.0591906290804354,91202.2,91137.3,,,
2024-11-16 13:06:00+00:00,91148.0,91195.4,91133.7,91167.8,84.513,90833.76978470931,-0.06426742706762488,91158.55405067127,90508.98551874734,649.5685319239274,0,91105.1,91275.2,0.0,0.0,0.0,0.0,0.3205620695376841,-1.0591906290804354,91202.2,91137.3,,,
2024-11-16 13:07:00+00:00,91167.8,91178.7,91134.1,91178.6,41.642,90833.70551728224,-0.06426742706762488,91158.48978324421,90508.92125132028,649.5685319239274,0,91105.1,91275.2,0.0,0.0,0.0,0.0,0.3205620695376841,-1.0591906290804354,91202.2,91137.3,,,
2024-11-16 13:08:00+00:00,91178.6,91192.0,91135.8,91161.3,43.812,90833.64124985518,-0.06426742706762488,91158.42551581714,90508.85698389322,649.5685319239274,0,91105.1,91275.2,0.0,0.0,0.0,0.0,0.3205620695376841,-1.0591906290804354,91202.2,91137.3,,,
2024-11-16 13:09:00+00:00,91161.3,91195.2,91154.0,91171.6,21.211,90833.5769824281,-0.06426742706762488,91158.36124839007,90508.79271646614,649.5685319239274,0,91105.1,91275.2,0.0,0.0,0.0,0.0,0.3205620695376841,-1.0591906290804354,91202.2,91137.3,,,
2024-11-16 13:10:00+00:00,91171.6,91256.2,91171.5,91238.9,183.816,90833.51271500104,-0.06426742706762488,91158.296980963,90508.72844903907,649.5685319239274,0,91105.1,91275.2,0.0,0.0,0.0,0.0,0.3205620695376841,-1.0591906290804354,91202.2,91137.3,,,
2024-11-16 13:11:00+00:00,91238.9,91239.0,91168.1,91211.2,32.064,90833.44844757397,-0.06426742706762488,91158.23271353594,90508.66418161201,649.5685319239274,0,91105.1,91275.2,0.0,0.0,0.0,0.0,0.3205620695376841,-1.0591906290804354,91202.2,91137.3,,,
2024-11-16 13:12:00+00:00,91211.2,91224.1,91180.0,91199.9,21.583,90833.38418014691,-0.06426742706762488,91158.16844610887,90508.59991418495,649.5685319239274,0,91105.1,91275.2,0.0,0.0,0.0,0.0,0.3205620695376841,-1.0591906290804354,91202.2,91137.3,,,
2024-11-16 13:13:00+00:00,91199.9,91259.1,91199.9,91238.9,38.635,90833.31991271983,-0.06426742706762488,91158.1041786818,90508.53564675787,649.5685319239274,0,91105.1,91275.2,0.0,0.0,0.0,0.0,0.3205620695376841,-1.0591906290804354,91202.2,91137.3,,,
2024-11-16 13:14:00+00:00,91238.9,91268.6,91209.2,91268.6,33.513,90833.25564529277,-0.06426742706762488,91158.03991125473,90508.4713793308,649.5685319239274,0,91105.1,91275.2,0.0,0.0,0.0,0.0,0.3205620695376841,-1.0591906290804354,91202.2,91137.3,,,
2024-11-16 13:15:00+00:00,91268.6,91268.8,91221.1,91226.4,125.888,90833.1913778657,-0.06426742706762488,91157.97564382767,90508.40711190374,649.5685319239274,1,91105.1,91275.2,110.82435617233568,0.0,0.1706122614100318,0.0,0.3205620695376841,-1.0591906290804354,91202.2,91137.3,,,
2024-11-16 13:16:00+00:00,91226.4,91265.4,91209.3,91232.5,29.536,90833.12711043864,-0.06426742706762488,91157.9113764006,90508.34284447668,649.5685319239274,0,91105.1,91275.2,0.0,0.0,0.0,0.0,0.3205620695376841,-1.0591906290804354,91202.2,91137.3,,,
2024-11-16 13:17:00+00:00,91232.5,91232.6,91168.2,91190.9,45.518,90833.06284301156,-0.06426742706762488,91157.84710897352,90508.2785770496,649.5685319239274,0,91105.1,91275.2,0.0,0.0,0.0,0.0,0.3205620695376841,-1.0591906290804354,91202.2,91137.3,,,
2024-11-16 13:18:00+00:00,91190.9,91224.0,91172.6,91224.0,22.166,90832.9985755845,-0.06426742706762488,91157.78284154646,90508.21430962253,649.5685319239274,0,91105.1,91275.2,0.0,0.0,0.0,0.0,0.3205620695376841,-1.0591906290804354,91202.2,91137.3,,,
2024-11-16 13:19:00+00:00,91224.0,91224.9,91158.2,91158.2,19.745,90832.93430815743,-0.06426742706762488,91157.7185741194,90508.15004219547,649.5685319239274,0,91105.1,91275.2,0.0,0.0,0.0,0.0,0.3205620695376841,-1.0591906290804354,91202.2,91137.3,,,
2024-11-16 13:20:00+00:00,91158.2,91177.0,91125.0,91135.1,29.515,90832.87004073037,-0.06426742706762488,91157.65430669233,90508.0857747684,649.5685319239274,0,91105.1,91275.2,0.0,0.0,0.0,0.0,0.3205620695376841,-1.0591906290804354,91202.2,91137.3,,,
2024-11-16 13:21:00+00:00,91135.1,91139.6,91117.5,91134.0,14.68,90832.80577330329,-0.06426742706762488,91157.59003926525,90508.02150734133,649.5685319239274,0,91105.1,91275.2,0.0,0.0,0.0,0.0,0.3205620695376841,-1.0591906290804354,91202.2,91137.3,,,
2024-11-16 13:22:00+00:00,91134.0,91134.1,91024.2,91054.9,95.838,90832.74150587623,-0.06426742706762488,91157.52577183819,90507.95723991426,649.5685319239274,0,91105.1,91275.2,0.0,0.0,0.0,0.0,0.3205620695376841,-1.0591906290804354,91202.2,91137.3,,,
2024-11-16 13:23:00+00:00,91054.9,91127.6,91031.8,91115.4,35.294,90832.67723844916,-0.06426742706762488,91157.46150441113,90507.8929724872,649.5685319239274,0,91105.1,91275.2,0.0,0.0,0.0,0.0,0.3205620695376841,-1.0591906290804354,91202.2,91137.3,,,
2024-11-16 13:24:00+00:00,91115.4,91148.9,91098.3,91103.7,13.282,90832.6129710221,-0.06426742706762488,91157.39723698406,90507.82870506014,649.5685319239274,0,91105.1,91275.2,0.0,0.0,0.0,0.0,0.3205620695376841,-1.0591906290804354,91202.2,91137.3,,,
2024-11-16 13:25:00+00:00,91103.7,91103.8,91060.4,91090.8,86.865,90832.54870359502,-0.06426742706762488,91157.33296955698,90507.76443763306,649.5685319239274,0,91105.1,91275.2,0.0,0.0,0.0,0.0,0.3205620695376841,-1.0591906290804354,91202.2,91137.3,,,
2024-11-16 13:26:00+00:00,91090.8,91118.2,91055.0,91062.5,31.365,90832.48443616796,-0.06426742706762488,91157.26870212992,90507.700170206,649.5685319239274,0,91105.1,91275.2,0.0,0.0,0.0,0.0,0.3205620695376841,-1.0591906290804354,91202.2,91137.3,,,
2024-11-16 13:27:00+00:00,91062.5,91062.5,91033.8,91040.9,44.448,90832.4201687409,-0.06426742706762488,91157.20443470286,90507.63590277893,649.5685319239274,0,91105.1,91275.2,0.0,0.0,0.0,0.0,0.3205620695376841,-1.0591906290804354,91202.2,91137.3,,,
2024-11-16 13:28:00+00:00,91040.9,91045.2,91000.5,91009.9,30.718,90832.35590131383,-0.06426742706762488,91157.1401672758,90507.57163535187,649.5685319239274,0,91105.1,91275.2,0.0,0.0,0.0,0.0,0.3205620695376841,-1.0591906290804354,91202.2,91137.3,,,
2024-11-16 13:29:00+00:00,91009.9,91080.0,91000.5,91000.6,34.703,90832.29163388675,-0.06426742706762488,91157.07589984871,90507.50736792479,649.5685319239274,0,91105.1,91275.2,0.0,0.0,0.0,0.0,0.3205620695376841,-1.0591906290804354,91202.2,91137.3,,,
2024-11-16 13:30:00+00:00,91000.6,91034.9,90958.7,90958.7,70.098,90832.22736645969,-0.06426742706762488,91157.01163242165,90507.44310049772,649.5685319239274,0,91105.1,91275.2,0.0,0.0,0.0,0.0,0.3205620695376841,-1.0591906290804354,91202.2,91137.3,,,
2024-11-16 13:31:00+00:00,90958.7,90987.4,90946.0,90987.4,77.44,90832.16309903262,-0.06426742706762488,91156.94736499459,90507.37883307066,649.5685319239274,0,91105.1,91275.2,0.0,0.0,0.0,0.0,0.3205620695376841,-1.0591906290804354,91202.2,91137.3,,,
2024-11-16 13:32:00+00:00,90987.4,90987.4,90900.4,90984.2,57.289,90832.09883160556,-0.06426742706762488,91156.88309756752,90507.3145656436,649.5685319239274,0,91105.1,91275.2,0.0,0.0,0.0,0.0,0.3205620695376841,-1.0591906290804354,91202.2,91137.3,,,
2024-11-16 13:33:00+00:00,90984.2,90999.9,90937.8,90969.5,124.378,90832.03456417848,-0.06426742706762488,91156.81883014044,90507.25029821652,649.5685319239274,0,91105.1,91275.2,0.0,0.0,0.0,0.0,0.3205620695376841,-1.0591906290804354,91202.2,91137.3,,,
2024-11-16 13:34:00+00:00,90969.5,90969.6,90922.5,90922.7,32.639,90831.97029675142,-0.06426742706762488,91156.75456271338,90507.18603078945,649.5685319239274,0,91105.1,91275.2,0.0,0.0,0.0,0.0,0.3205620695376841,-1.0591906290804354,91202.2,91137.3,,,
2024-11-16 13:35:00+00:00,90922.7,90958.0,90916.0,90954.0,51.43,90831.90602932435,-0.06426742706762488,91156.69029528632,90507.12176336239,649.5685319239274,0,91105.1,91275.2,0.0,0.0,0.0,0.0,0.3205620695376841,-1.0591906290804354,91202.2,91137.3,,,
2024-11-16 13:36:00+00:00,90954.0,90982.0,90916.0,90916.0,34.89,90831.84176189729,-0.06426742706762488,91156.62602785925,90507.05749593533,649.5685319239274,0,91105.1,91275.2,0.0,0.0,0.0,0.0,0.3205620695376841,-1.0591906290804354,91202.2,91137.3,,,
2024-11-16 13:37:00+00:00,90916.0,90971.7,90914.4,90914.4,40.956,90831.77749447021,-0.06426742706762488,91156.56176043217,90506.99322850825,649.5685319239274,0,91105.1,91275.2,0.0,0.0,0.0,0.0,0.3205620695376841,-1.0591906290804354,91202.2,91137.3,,,
2024-11-16 13:38:00+00:00,90914.4,90921.3,90899.8,90901.1,52.276,90831.71322704315,-0.06426742706762488,91156.49749300511,90506.92896108118,649.5685319239274,0,91105.1,91275.2,0.0,0.0,0.0,0.0,0.3205620695376841,-1.0591906290804354,91202.2,91137.3,,,
2024-11-16 13:39:00+00:00,90901.1,90940.8,90825.0,90934.4,119.66,90831.64895961608,-0.06426742706762488,91156.43322557805,90506.86469365412,649.5685319239274,-1,91105.1,91275.2,0.0,-318.13530634588096,0.0,-0.48976403675776986,0.3205620695376841,-1.0591906290804354,91202.2,91137.3,,,
2024-11-16 13:40:00+00:00,90934.4,90990.0,90869.2,90869.2,60.449,90831.584692189,-0.06426742706762488,91156.36895815097,90506.80042622704,649.5685319239274,1,91105.1,91275.2,-166.36895815096796,0.0,-0.2561222565049562,0.0,0.3205620695376841,-1.0591906290804354,91202.2,91137.3,,,
2024-11-16 13:41:00+00:00,90869.2,90909.1,90841.5,90900.0,42.521,90831.52042476194,-0.06426742706762488,91156.3046907239,90506.73615879998,649.5685319239274,0,91105.1,91275.2,0.0,0.0,0.0,0.0,0.3205620695376841,-1.0591906290804354,91202.2,91137.3,,,
2024-11-16 13:42:00+00:00,90900.0,90916.0,90836.5,90899.9,94.663,90831.45615733488,-0.06426742706762488,91156.24042329684,90506.67189137291,649.5685319239274,0,91105.1,91275.2,0.0,0.0,0.0,0.0,0.3205620695376841,-1.0591906290804354,91202.2,91137.3,,,
2024-11-16 13:43:00+00:00,90899.9,90930.9,90869.7,90930.9,25.705,90831.39188990781,-0.06426742706762488,91156.17615586978,90506.60762394585,649.5685319239274,0,91105.1,91275.2,0.0,0.0,0.0,0.0,0.3205620695376841,-1.0591906290804354,91202.2,91137.3,,,
2024-11-16 13:44:00+00:00,90930.9,90980.1,90920.0,90975.5,39.003,90831.32762248073,-0.06426742706762488,91156.1118884427,90506.54335651877,649.5685319239274,0,91105.1,91275.2,0.0,0.0,0.0,0.0,0.3205620695376841,-1.0591906290804354,91202.2,91137.3,,,
2024-11-16 13:45:00+00:00,90975.5,90980.2,90917.3,90958.7,32.398,90831.26335505367,-0.06426742706762488,91156.04762101563,90506.4790890917,649.5685319239274,0,91105.1,91275.2,0.0,0.0,0.0,0.0,0.3205620695376841,-1.0591906290804354,91202.2,91137.3,,,
2024-11-16 13:46:00+00:00,90958.7,90959.8,90900.0,90947.7,57.449,90831.1990876266,-0.06426742706762488,91155.98335358857,90506.41482166464,649.5685319239274,0,91105.1,91275.2,0.0,0.0,0.0,0.0,0.3205620695376841,-1.0591906290804354,91202.2,91137.3,,,
2024-11-16 13:47:00+00:00,90947.7,90947.8,90892.2,90892.2,29.232,90831.13482019954,-0.06426742706762488,91155.9190861615,90506.35055423758,649.5685319239274,0,91105.1,91275.2,0.0,0.0,0.0,0.0,0.3205620695376841,-1.0591906290804354,91202.2,91137.3,,,
2024-11-16 13:48:00+00:00,90892.2,90892.3,90838.9,90851.4,36.307,90831.07055277246,-0.06426742706762488,91155.85481873443,90506.2862868105,649.5685319239274,0,91105.1,91275.2,0.0,0.0,0.0,0.0,0.3205620695376841,-1.0591906290804354,91202.2,91137.3,,,
2024-11-16 13:49:00+00:00,90851.4,90945.1,90851.4,90923.7,16.273,90831.0062853454,-0.06426742706762488,91155.79055130736,90506.22201938344,649.5685319239274,0,91105.1,91275.2,0.0,0.0,0.0,0.0,0.3205620695376841,-1.0591906290804354,91202.2,91137.3,,,
2024-11-16 13:50:00+00:00,90923.7,90937.3,90893.6,90920.6,59.717,90830.94201791834,-0.06426742706762488,91155.7262838803,90506.15775195637,649.5685319239274,0,91105.1,91275.2,0.0,0.0,0.0,0.0,0.3205620695376841,-1.0591906290804354,91202.2,91137.3,,,
2024-11-16 13:51:00+00:00,90920.6,90926.3,90872.7,90922.7,18.094,90830.87775049127,-0.06426742706762488,91155.66201645324,90506.09348452931,649.5685319239274,0,91105.1,91275.2,0.0,0.0,0.0,0.0,0.3205620695376841,-1.0591906290804354,91202.2,91137.3,,,
2024-11-16 13:52:00+00:00,90922.7,90931.3,90893.6,90929.0,11.891,90830.8134830642,-0.06426742706762488,91155.59774902616,90506.02921710223,649.5685319239274,0,91105.1,91275.2,0.0,0.0,0.0,0.0,0.3205620695376841,-1.0591906290804354,91202.2,91137.3,,,
2024-11-16 13:53:00+00:00,90929.0,90947.9,90913.6,90947.8,13.146,90830.74921563713,-0.06426742706762488,91155.5334815991,90505.96494967517,649.5685319239274,0,91105.1,91275.2,0.0,0.0,0.0,0.0,0.3205620695376841,-1.0591906290804354,91202.2,91137.3,,,
2024-11-16 13:54:00+00:00,90947.8,90981.8,90947.8,90968.6,20.49,90830.68494821007,-0.06426742706762488,91155.46921417203,90505.9006822481,649.5685319239274,1,91105.1,91275.2,-173.66921417202684,0.0,-0.2673608797791419,0.0,0.3205620695376841,-1.0591906290804354,91202.2,91137.3,,,
2024-11-16 13:55:00+00:00,90968.6,90969.2,90863.0,90868.3,24.903,90830.620680783,-0.06426742706762488,91155.40494674497,90505.83641482104,649.5685319239274,0,91105.1,91275.2,0.0,0.0,0.0,0.0,0.3205620695376841,-1.0591906290804354,91202.2,91137.3,,,
2024-11-16 13:56:00+00:00,90868.3,90868.4,90780.0,90846.0,82.926,90830.55641335592,-0.06426742706762488,91155.34067931789,90505.77214739396,649.5685319239274,0,91105.1,91275.2,0.0,0.0,0.0,0.0,0.3205620695376841,-1.0591906290804354,91202.2,91137.3,,,
2024-11-16 13:57:00+00:00,90846.0,90854.3,90803.1,90825.2,33.49,90830.49214592886,-0.06426742706762488,91155.27641189082,90505.7078799669,649.5685319239274,0,91105.1,91275.2,0.0,0.0,0.0,0.0,0.3205620695376841,-1.0591906290804354,91202.2,91137.3,,,1.0
2024-11-16 13:58:00+00:00,90825.2,90825.2,90742.3,90756.9,78.764,90830.4278785018,-0.06426742706762488,91155.21214446376,90505.64361253983,649.5685319239274,-1,91105.1,91275.2,0.0,-236.65638746017066,0.0,-0.36432859017851266,0.3205620695376841,-1.0591906290804354,91202.2,91137.3,,,
2024-11-16 13:59:00+00:00,90756.9,90848.0,90751.8,90829.6,20.793,90830.36361107473,-0.06426742706762488,91155.1478770367,90505.57934511277,649.5685319239274,0,91105.1,91275.2,0.0,0.0,0.0,0.0,0.3205620695376841,-1.0591906290804354,91202.2,91137.3,,,
2024-11-16 14:00:00+00:00,90829.6,90886.0,90814.0,90872.1,39.39,90830.29934364765,-0.06426742706762488,91155.08360960962,90505.51507768569,649.5685319239274,0,91105.1,91275.2,0.0,0.0,0.0,0.0,0.3205620695376841,-1.0591906290804354,91202.2,91137.3,,,
2024-11-16 14:01:00+00:00,90872.1,90900.0,90823.0,90852.0,34.823,90830.23507622059,-0.06426742706762488,91155.01934218255,90505.45081025863,649.5685319239274,0,91105.1,91275.2,0.0,0.0,0.0,0.0,0.3205620695376841,-1.0591906290804354,91202.2,91137.3,,,
2024-11-16 14:02:00+00:00,90852.0,90898.4,90801.0,90876.1,13.272,90830.17080879353,-0.06426742706762488,91154.95507475549,90505.38654283156,649.5685319239274,0,91105.1,91275.2,0.0,0.0,0.0,0.0,0.3205620695376841,-1.0591906290804354,91202.2,91137.3,,,
2024-11-16 14:03:00+00:00,90876.1,90900.0,90840.2,90878.7,29.707,90830.10654136646,-0.06426742706762488,91154.89080732843,90505.3222754045,649.5685319239274,0,91105.1,91275.2,0.0,0.0,0.0,0.0,0.3205620695376841,-1.0591906290804354,91202.2,91137.3,,,
2024-11-16 14:04:00+00:00,90878.7,90885.3,90775.4,90777.8,18.948,90830.04227393938,-0.06426742706762488,91154.82653990135,90505.25800797742,649.5685319239274,0,91105.1,91275.2,0.0,0.0,0.0,0.0,0.3205620695376841,-1.0591906290804354,91202.2,91137.3,,,1.0
2024-11-16 14:05:00+00:00,90777.8,90899.9,90777.8,90885.4,22.185,90829.97800651232,-0.06426742706762488,91154.76227247428,90505.19374055036,649.5685319239274,0,91105.1,91275.2,0.0,0.0,0.0,0.0,0.3205620695376841,-1.0591906290804354,91202.2,91137.3,,,
2024-11-16 14:06:00+00:00,90885.4,90916.2,90858.4,90916.2,24.751,90829.91373908526,-0.06426742706762488,91154.69800504722,90505.12947312329,649.5685319239274,0,91105.1,91275.2,0.0,0.0,0.0,0.0,0.3205620695376841,-1.0591906290804354,91202.2,91137.3,,,
2024-11-16 14:07:00+00:00,90916.2,90942.0,90877.3,90899.0,36.227,90829.84947165819,-0.06426742706762488,91154.63373762016,90505.06520569623,649.5685319239274,0,91105.1,91275.2,0.0,0.0,0.0,0.0,0.3205620695376841,-1.0591906290804354,91202.2,91137.3,,,
2024-11-16 14:08:00+00:00,90899.0,90917.8,90889.0,90889.0,42.229,90829.78520423111,-0.06426742706762488,91154.56947019308,90505.00093826915,649.5685319239274,0,91105.1,91275.2,0.0,0.0,0.0,0.0,0.3205620695376841,-1.0591906290804354,91202.2,91137.3,,,
2024-11-16 14:09:00+00:00,90889.0,90945.0,90889.0,90921.1,49.795,90829.72093680405,-0.06426742706762488,91154.50520276601,90504.93667084209,649.5685319239274,1,91105.1,91275.2,-209.5052027660131,0.0,-0.3225297908836335,0.0,0.3205620695376841,-1.0591906290804354,91202.2,91137.3,,,
2024-11-16 14:10:00+00:00,90921.1,90921.2,90854.6,90882.6,12.871,90829.65666937699,-0.06426742706762488,91154.44093533895,90504.87240341502,649.5685319239274,0,91105.1,91275.2,0.0,0.0,0.0,0.0,0.3205620695376841,-1.0591906290804354,91202.2,91137.3,,,
2024-11-16 14:11:00+00:00,90882.6,90911.6,90855.0,90911.6,28.966,90829.59240194992,-0.06426742706762488,91154.37666791189,90504.80813598796,649.5685319239274,0,91105.1,91275.2,0.0,0.0,0.0,0.0,0.3205620695376841,-1.0591906290804354,91202.2,91137.3,,,
2024-11-16 14:12:00+00:00,90911.6,90938.0,90898.9,90909.4,16.177,90829.52813452284,-0.06426742706762488,91154.3124004848,90504.74386856088,649.5685319239274,0,91105.1,91275.2,0.0,0.0,0.0,0.0,0.3205620695376841,-1.0591906290804354,91202.2,91137.3,,,
2024-11-16 14:13:00+00:00,90909.4,90909.5,90870.1,90893.4,17.357,90829.46386709578,-0.06426742706762488,91154.24813305774,90504.67960113382,649.5685319239274,0,91105.1,91275.2,0.0,0.0,0.0,0.0,0.3205620695376841,-1.0591906290804354,91202.2,91137.3,,,
2024-11-16 14:14:00+00:00,90893.4,90898.1,90868.4,90879.3,20.903,90829.39959966872,-0.06426742706762488,91154.18386563068,90504.61533370675,649.5685319239274,0,91105.1,91275.2,0.0,0.0,0.0,0.0,0.3205620695376841,-1.0591906290804354,91202.2,91137.3,,,
2024-11-16 14:15:00+00:00,90879.3,90933.0,90862.3,90927.9,22.08,90829.33533224165,-0.06426742706762488,91154.11959820362,90504.55106627969,649.5685319239274,0,91105.1,91275.2,0.0,0.0,0.0,0.0,0.3205620695376841,-1.0591906290804354,91202.2,91137.3,,,
2024-11-16 14:16:00+00:00,90927.9,90940.0,90910.0,90940.0,16.75,90829.27106481457,-0.06426742706762488,91154.05533077654,90504.48679885261,649.5685319239274,0,91105.1,91275.2,0.0,0.0,0.0,0.0,0.3205620695376841,-1.0591906290804354,91202.2,91137.3,,,
2024-11-16 14:17:00+00:00,90940.0,90951.0,90861.7,90863.7,80.912,90829.20679738751,-0.06426742706762488,91153.99106334947,90504.42253142555,649.5685319239274,0,91105.1,91275.2,0.0,0.0,0.0,0.0,0.3205620695376841,-1.0591906290804354,91202.2,91137.3,,,
2024-11-16 14:18:00+00:00,90863.7,90896.5,90720.8,90720.8,66.225,90829.14252996045,-0.06426742706762488,91153.92679592241,90504.35826399848,649.5685319239274,0,91105.1,91275.2,0.0,0.0,0.0,0.0,0.3205620695376841,-1.0591906290804354,91202.2,91137.3,,,1.0
2024-11-16 14:19:00+00:00,90720.8,90720.9,90668.0,90669.8,99.69,90829.07826253338,-0.06426742706762488,91153.86252849535,90504.29399657142,649.5685319239274,-1,91105.1,91275.2,0.0,-163.70600342858233,0.0,-0.25202268180034676,0.3205620695376841,-1.0591906290804354,91202.2,91137.3,,,
2024-11-16 14:20:00+00:00,90669.8,90796.8,90669.7,90796.8,45.145,90829.0139951063,-0.06426742706762488,91153.79826106827,90504.22972914434,649.5685319239274,0,91105.1,91275.2,0.0,0.0,0.0,0.0,0.3205620695376841,-1.0591906290804354,91202.2,91137.3,,,
2024-11-16 14:21:00+00:00,90796.8,90879.9,90781.7,90810.8,38.226,90828.94972767924,-0.06426742706762488,91153.7339936412,90504.16546171728,649.5685319239274,0,91105.1,91275.2,0.0,0.0,0.0,0.0,0.3205620695376841,-1.0591906290804354,91202.2,91137.3,,,
2024-11-16 14:22:00+00:00,90810.8,90936.6,90788.9,90936.6,45.418,90828.88546025218,-0.06426742706762488,91153.66972621414,90504.10119429021,649.5685319239274,0,91105.1,91275.2,0.0,0.0,0.0,0.0,0.3205620695376841,-1.0591906290804354,91202.2,91137.3,,,
2024-11-16 14:23:00+00:00,90936.6,90962.8,90874.9,90957.6,80.151,90828.8211928251,-0.06426742706762488,91153.60545878706,90504.03692686313,649.5685319239274,0,91105.1,91275.2,0.0,0.0,0.0,0.0,0.3205620695376841,-1.0591906290804354,91202.2,91137.3,,,
2024-11-16 14:24:00+00:00,90957.6,91046.4,90957.6,91034.3,121.324,90828.75692539803,-0.06426742706762488,91153.54119136,90503.97265943607,649.5685319239274,0,91105.1,91275.2,0.0,0.0,0.0,0.0,0.3205620695376841,-1.0591906290804354,91202.2,91137.3,,,
2024-11-16 14:25:00+00:00,91034.3,91051.6,90938.2,90946.4,83.271,90828.69265797097,-0.06426742706762488,91153.47692393293,90503.908392009,649.5685319239274,0,91105.1,91275.2,0.0,0.0,0.0,0.0,0.3205620695376841,-1.0591906290804354,91202.2,91137.3,,,
2024-11-16 14:26:00+00:00,90946.4,90985.5,90936.0,90970.6,24.229,90828.6283905439,-0.06426742706762488,91153.41265650587,90503.84412458194,649.5685319239274,0,91105.1,91275.2,0.0,0.0,0.0,0.0,0.3205620695376841,-1.0591906290804354,91202.2,91137.3,,,
2024-11-16 14:27:00+00:00,90970.6,91026.0,90960.1,91004.4,42.088,90828.56412311683,-0.06426742706762488,91153.34838907879,90503.77985715486,649.5685319239274,0,91105.1,91275.2,0.0,0.0,0.0,0.0,0.3205620695376841,-1.0591906290804354,91202.2,91137.3,,,
2024-11-16 14:28:00+00:00,91004.4,91040.0,90991.0,91023.2,102.385,90828.49985568976,-0.06426742706762488,91153.28412165173,90503.7155897278,649.5685319239274,0,91105.1,91275.2,0.0,0.0,0.0,0.0,0.3205620695376841,-1.0591906290804354,91202.2,91137.3,,,
2024-11-16 14:29:00+00:00,91023.2,91115.6,91023.1,91115.5,60.326,90828.4355882627,-0.06426742706762488,91153.21985422466,90503.65132230074,649.5685319239274,0,91105.1,91275.2,0.0,0.0,0.0,0.0,0.3205620695376841,-1.0591906290804354,91202.2,91137.3,,,
2024-11-16 14:30:00+00:00,91115.5,91138.0,91096.2,91106.8,83.884,90828.37132083563,-0.06426742706762488,91153.1555867976,90503.58705487367,649.5685319239274,1,91105.1,91275.2,-15.155586797598517,0.0,-0.02333177494406922,0.0,0.3205620695376841,-1.0591906290804354,91202.2,91137.3,,,
2024-11-16 14:31:00+00:00,91106.8,91106.8,91008.0,91012.4,68.298,90828.30705340856,-0.06426742706762488,91153.09131937052,90503.52278744659,649.5685319239274,0,91105.1,91275.2,0.0,0.0,0.0,0.0,0.3205620695376841,-1.0591906290804354,91202.2,91137.3,,,
2024-11-16 14:32:00+00:00,91012.4,91034.7,90980.9,90999.9,19.147,90828.24278598149,-0.06426742706762488,91153.02705194346,90503.45852001953,649.5685319239274,0,91105.1,91275.2,0.0,0.0,0.0,0.0,0.3205620695376841,-1.0591906290804354,91202.2,91137.3,,,
2024-11-16 14:33:00+00:00,90999.9,91000.0,90949.8,90963.1,27.114,90828.17851855443,-0.06426742706762488,91152.96278451639,90503.39425259246,649.5685319239274,0,91105.1,91275.2,0.0,0.0,0.0,0.0,0.3205620695376841,-1.0591906290804354,91202.2,91137.3,,,
2024-11-16 14:34:00+00:00,90963.1,91008.0,90942.5,90942.5,18.064,90828.11425112736,-0.06426742706762488,91152.89851708933,90503.3299851654,649.5685319239274,0,91105.1,91275.2,0.0,0.0,0.0,0.0,0.3205620695376841,-1.0591906290804354,91202.2,91137.3,,,
2024-11-16 14:35:00+00:00,90942.5,90964.9,90909.9,90935.4,21.66,90828.04998370029,-0.06426742706762488,91152.83424966225,90503.26571773832,649.5685319239274,0,91105.1,91275.2,0.0,0.0,0.0,0.0,0.3205620695376841,-1.0591906290804354,91202.2,91137.3,,,
2024-11-16 14:36:00+00:00,90935.4,90967.3,90874.9,90967.2,37.873,90827.98571627322,-0.06426742706762488,91152.76998223519,90503.20145031126,649.5685319239274,-1,91105.1,91275.2,0.0,-371.6985496887355,0.0,-0.5722237630382411,0.3205620695376841,-1.0591906290804354,91202.2,91137.3,,,
2024-11-16 14:37:00+00:00,90967.2,91044.0,90967.2,91038.7,17.196,90827.92144884616,-0.06426742706762488,91152.70571480812,90503.1371828842,649.5685319239274,0,91105.1,91275.2,0.0,0.0,0.0,0.0,0.3205620695376841,-1.0591906290804354,91202.2,91137.3,,,
2024-11-16 14:38:00+00:00,91038.7,91075.7,91018.9,91071.4,15.584,90827.8571814191,-0.06426742706762488,91152.64144738106,90503.07291545713,649.5685319239274,0,91105.1,91275.2,0.0,0.0,0.0,0.0,0.3205620695376841,-1.0591906290804354,91202.2,91137.3,,,
2024-11-16 14:39:00+00:00,91071.4,91071.4,90989.5,90989.5,21.265,90827.79291399202,-0.06426742706762488,91152.57717995398,90503.00864803005,649.5685319239274,0,91105.1,91275.2,0.0,0.0,0.0,0.0,0.3205620695376841,-1.0591906290804354,91202.2,91137.3,,,
2024-11-16 14:40:00+00:00,90989.5,91034.2,90984.1,90988.0,9.174,90827.72864656495,-0.06426742706762488,91152.51291252692,90502.94438060299,649.5685319239274,0,91105.1,91275.2,0.0,0.0,0.0,0.0,0.3205620695376841,-1.0591906290804354,91202.2,91137.3,,,
2024-11-16 14:41:00+00:00,90988.0,91092.0,90976.1,91091.9,28.513,90827.66437913789,-0.06426742706762488,91152.44864509985,90502.88011317592,649.5685319239274,0,91105.1,91275.2,0.0,0.0,0.0,0.0,0.3205620695376841,-1.0591906290804354,91202.2,91137.3,,,
2024-11-16 14:42:00+00:00,91091.9,91094.7,91059.8,91080.0,6.991,90827.60011171082,-0.06426742706762488,91152.38437767279,90502.81584574886,649.5685319239274,1,91105.1,91275.2,-57.684377672791015,0.0,-0.08880414434784624,0.0,0.3205620695376841,-1.0591906290804354,91202.2,91137.3,,,
2024-11-16 14:43:00+00:00,91080.0,91087.9,91044.0,91044.0,23.402,90827.53584428375,-0.06426742706762488,91152.32011024571,90502.75157832178,649.5685319239274,0,91105.1,91275.2,0.0,0.0,0.0,0.0,0.3205620695376841,-1.0591906290804354,91202.2,91137.3,,,
2024-11-16 14:44:00+00:00,91044.0,91048.0,90997.6,91029.7,50.503,90827.47157685668,-0.06426742706762488,91152.25584281865,90502.68731089472,649.5685319239274,0,91105.1,91275.2,0.0,0.0,0.0,0.0,0.3205620695376841,-1.0591906290804354,91202.2,91137.3,,,
2024-11-16 14:45:00+00:00,91029.7,91061.5,91004.8,91049.8,14.642,90827.40730942962,-0.06426742706762488,91152.19157539158,90502.62304346765,649.5685319239274,0,91105.1,91275.2,0.0,0.0,0.0,0.0,0.3205620695376841,-1.0591906290804354,91202.2,91137.3,,,
2024-11-16 14:46:00+00:00,91049.8,91092.3,91047.9,91092.3,10.261,90827.34304200255,-0.06426742706762488,91152.12730796452,90502.55877604059,649.5685319239274,0,91105.1,91275.2,0.0,0.0,0.0,0.0,0.3205620695376841,-1.0591906290804354,91202.2,91137.3,,,
2024-11-16 14:47:00+00:00,91092.3,91094.4,91073.1,91073.5,22.668,90827.27877457548,-0.06426742706762488,91152.06304053744,90502.49450861351,649.5685319239274,0,91105.1,91275.2,0.0,0.0,0.0,0.0,0.3205620695376841,-1.0591906290804354,91202.2,91137.3,,,
2024-11-16 14:48:00+00:00,91073.5,91093.1,91042.8,91063.7,23.459,90827.21450714841,-0.06426742706762488,91151.99877311038,90502.43024118645,649.5685319239274,0,91105.1,91275.2,0.0,0.0,0.0,0.0,0.3205620695376841,-1.0591906290804354,91202.2,91137.3,,,
2024-11-16 14:49:00+00:00,91063.7,91063.8,91002.0,91011.8,19.689,90827.15023972135,-0.06426742706762488,91151.93450568331,90502.36597375938,649.5685319239274,0,91105.1,91275.2,0.0,0.0,0.0,0.0,0.3205620695376841,-1.0591906290804354,91202.2,91137.3,,,
2024-11-16 14:50:00+00:00,91011.8,91081.3,91001.1,91009.0,20.481,90827.08597229428,-0.06426742706762488,91151.87023825625,90502.30170633232,649.5685319239274,0,91105.1,91275.2,0.0,0.0,0.0,0.0,0.3205620695376841,-1.0591906290804354,91202.2,91137.3,,,
2024-11-16 14:51:00+00:00,91009.0,91053.3,90986.0,90998.2,19.46,90827.0217048672,-0.06426742706762488,91151.80597082917,90502.23743890524,649.5685319239274,0,91105.1,91275.2,0.0,0.0,0.0,0.0,0.3205620695376841,-1.0591906290804354,91202.2,91137.3,,,
2024-11-16 14:52:00+00:00,90998.2,91015.2,90966.7,90998.4,20.263,90826.95743744014,-0.06426742706762488,91151.7417034021,90502.17317147818,649.5685319239274,-1,91105.1,91275.2,0.0,-464.52682852181897,0.0,-0.715131361345289,0.3205620695376841,-1.0591906290804354,91202.2,91137.3,,,
2024-11-16 14:53:00+00:00,90998.4,91066.3,90997.8,91029.8,8.065,90826.89317001308,-0.06426742706762488,91151.67743597504,90502.10890405111,649.5685319239274,0,91105.1,91275.2,0.0,0.0,0.0,0.0,0.3205620695376841,-1.0591906290804354,91202.2,91137.3,,,
2024-11-16 14:54:00+00:00,91029.8,91029.9,90989.6,90997.6,27.657,90826.82890258601,-0.06426742706762488,91151.61316854798,90502.04463662405,649.5685319239274,0,91105.1,91275.2,0.0,0.0,0.0,0.0,0.3205620695376841,-1.0591906290804354,91202.2,91137.3,,,
2024-11-16 14:55:00+00:00,90997.6,91073.0,90982.5,91043.6,10.939,90826.76463515894,-0.06426742706762488,91151.5489011209,90501.98036919697,649.5685319239274,0,91105.1,91275.2,0.0,0.0,0.0,0.0,0.3205620695376841,-1.0591906290804354,91202.2,91137.3,,,
2024-11-16 14:56:00+00:00,91043.6,91090.8,91020.0,91090.8,15.881,90826.70036773187,-0.06426742706762488,91151.48463369384,90501.91610176991,649.5685319239274,0,91105.1,91275.2,0.0,0.0,0.0,0.0,0.3205620695376841,-1.0591906290804354,91202.2,91137.3,,,
2024-11-16 14:57:00+00:00,91090.8,91115.0,91076.7,91114.9,27.609,90826.63610030481,-0.06426742706762488,91151.42036626677,90501.85183434284,649.5685319239274,1,91105.1,91275.2,-36.42036626677145,0.0,-0.05606855085621164,0.0,0.3205620695376841,-1.0591906290804354,91202.2,91137.3,,,
2024-11-16 14:58:00+00:00,91114.9,91115.0,91054.2,91060.9,56.254,90826.57183287774,-0.06426742706762488,91151.35609883971,90501.78756691578,649.5685319239274,1,91105.1,91275.2,-36.356098839707556,0.0,-0.055969612216321636,0.0,0.3205620695376841,-1.0591906290804354,91202.2,91137.3,,,
2024-11-16 14:59:00+00:00,91060.9,91060.9,91019.8,91041.5,11.723,90826.50756545067,-0.06426742706762488,91151.29183141263,90501.7232994887,649.5685319239274,0,91105.1,91275.2,0.0,0.0,0.0,0.0,0.3205620695376841,-1.0591906290804354,91202.2,91137.3,,,
2024-11-16 15:00:00+00:00,91041.5,91073.2,91029.0,91029.1,17.675,90826.4432980236,-0.06426742706762488,91151.22756398557,90501.65903206164,649.5685319239274,0,91105.1,91275.2,0.0,0.0,0.0,0.0,0.3205620695376841,-1.0591906290804354,91202.2,91137.3,,,
2024-11-16 15:01:00+00:00,91029.1,91090.0,91029.0,91035.5,25.302,90826.37903059654,-0.06426742706762488,91151.1632965585,90501.59476463457,649.5685319239274,0,91105.1,91275.2,0.0,0.0,0.0,0.0,0.3205620695376841,-1.0591906290804354,91202.2,91137.3,,,
2024-11-16 15:02:00+00:00,91035.5,91035.5,90965.0,90965.1,36.604,90826.31476316946,-0.06426742706762488,91151.09902913142,90501.5304972075,649.5685319239274,0,91105.1,91275.2,0.0,0.0,0.0,0.0,0.3205620695376841,-1.0591906290804354,91202.2,91137.3,,,
2024-11-16 15:03:00+00:00,90965.1,90983.1,90932.0,90932.0,44.684,90826.2504957424,-0.06426742706762488,91151.03476170436,90501.46622978043,649.5685319239274,0,91105.1,91275.2,0.0,0.0,0.0,0.0,0.3205620695376841,-1.0591906290804354,91202.2,91137.3,,,
2024-11-16 15:04:00+00:00,90932.0,90937.5,90892.0,90892.0,30.53,90826.18622831533,-0.06426742706762488,91150.9704942773,90501.40196235337,649.5685319239274,0,91105.1,91275.2,0.0,0.0,0.0,0.0,0.3205620695376841,-1.0591906290804354,91202.2,91137.3,,,
2024-11-16 15:05:00+00:00,90892.0,90959.8,90892.0,90959.8,40.49,90826.12196088827,-0.06426742706762488,91150.90622685023,90501.3376949263,649.5685319239274,0,91105.1,91275.2,0.0,0.0,0.0,0.0,0.3205620695376841,-1.0591906290804354,91202.2,91137.3,,,
2024-11-16 15:06:00+00:00,90959.8,90959.8,90890.0,90917.3,32.651,90826.05769346119,-0.06426742706762488,91150.84195942315,90501.27342749923,649.5685319239274,0,91105.1,91275.2,0.0,0.0,0.0,0.0,0.3205620695376841,-1.0591906290804354,91202.2,91137.3,,,
2024-11-16 15:07:00+00:00,90917.3,90917.3,90741.6,90818.0,158.489,90825.99342603413,-0.06426742706762488,91150.77769199609,90501.20916007216,649.5685319239274,0,91105.1,91275.2,0.0,0.0,0.0,0.0,0.3205620695376841,-1.0591906290804354,91202.2,91137.3,,,1.0
2024-11-16 15:08:00+00:00,90818.0,90868.4,90774.0,90780.0,46.676,90825.92915860706,-0.06426742706762488,91150.71342456902,90501.1448926451,649.5685319239274,0,91105.1,91275.2,0.0,0.0,0.0,0.0,0.3205620695376841,-1.0591906290804354,91202.2,91137.3,,,
2024-11-16 15:09:00+00:00,90780.0,90813.0,90696.4,90812.9,112.558,90825.86489118,-0.06426742706762488,91150.64915714196,90501.08062521803,649.5685319239274,0,91105.1,91275.2,0.0,0.0,0.0,0.0,0.3205620695376841,-1.0591906290804354,91202.2,91137.3,,,
2024-11-16 15:10:00+00:00,90812.9,90843.9,90593.5,90601.5,210.603,90825.80062375292,-0.06426742706762488,91150.58488971488,90501.01635779096,649.5685319239274,0,91105.1,91275.2,0.0,0.0,0.0,0.0,0.3205620695376841,-1.0591906290804354,91202.2,91137.3,,,
2024-11-16 15:11:00+00:00,90601.5,90690.9,90593.4,90683.1,132.083,90825.73635632586,-0.06426742706762488,91150.52062228782,90500.95209036389,649.5685319239274,0,91105.1,91275.2,0.0,0.0,0.0,0.0,0.3205620695376841,-1.0591906290804354,91202.2,91137.3,,,
2024-11-16 15:12:00+00:00,90683.1,90735.6,90671.6,90710.2,79.261,90825.67208889879,-0.06426742706762488,91150.45635486075,90500.88782293683,649.5685319239274,0,91105.1,91275.2,0.0,0.0,0.0,0.0,0.3205620695376841,-1.0591906290804354,91202.2,91137.3,,,
2024-11-16 15:13:00+00:00,90710.2,90724.8,90588.0,90675.9,97.599,90825.60782147173,-0.06426742706762488,91150.39208743369,90500.82355550976,649.5685319239274,-1,91105.1,91275.2,0.0,-87.17644449023646,0.0,-0.13420669291357532,0.3205620695376841,-1.0591906290804354,91202.2,91137.3,,,
2024-11-16 15:14:00+00:00,90675.9,90706.9,90591.2,90595.8,86.94,90825.54355404465,-0.06426742706762488,91150.32782000661,90500.75928808269,649.5685319239274,0,91105.1,91275.2,0.0,0.0,0.0,0.0,0.3205620695376841,-1.0591906290804354,91202.2,91137.3,,,
2024-11-16 15:15:00+00:00,90595.8,90734.4,90591.2,90734.4,85.207,90825.47928661758,-0.06426742706762488,91150.26355257955,90500.69502065562,649.5685319239274,0,91105.1,91275.2,0.0,0.0,0.0,0.0,0.3205620695376841,-1.0591906290804354,91202.2,91137.3,,,
2024-11-16 15:16:00+00:00,90734.4,90783.4,90674.6,90702.5,72.559,90825.41501919052,-0.06426742706762488,91150.19928515248,90500.63075322856,649.5685319239274,0,91105.1,91275.2,0.0,0.0,0.0,0.0,0.3205620695376841,-1.0591906290804354,91202.2,91137.3,,,
2024-11-16 15:17:00+00:00,90702.5,90756.0,90660.0,90745.7,38.167,90825.35075176346,-0.06426742706762488,91150.13501772542,90500.5664858015,649.5685319239274,0,91105.1,91275.2,0.0,0.0,0.0,0.0,0.3205620695376841,-1.0591906290804354,91202.2,91137.3,,,
2024-11-16 15:18:00+00:00,90745.7,90789.4,90622.2,90700.0,157.645,90825.28648433638,-0.06426742706762488,91150.07075029834,90500.50221837441,649.5685319239274,1,91105.1,91275.2,-360.67075029834814,0.0,-0.5552466484638563,0.0,0.3205620695376841,-1.0591906290804354,91202.2,91137.3,,,
2024-11-16 15:19:00+00:00,90700.0,90726.7,90677.0,90692.2,20.621,90825.22221690931,-0.06426742706762488,91150.00648287128,90500.43795094735,649.5685319239274,0,91105.1,91275.2,0.0,0.0,0.0,0.0,0.3205620695376841,-1.0591906290804354,91202.2,91137.3,,,
2024-11-16 15:20:00+00:00,90692.2,90719.0,90600.0,90624.1,78.492,90825.15794948225,-0.06426742706762488,91149.94221544421,90500.37368352029,649.5685319239274,0,91105.1,91275.2,0.0,0.0,0.0,0.0,0.3205620695376841,-1.0591906290804354,91202.2,91137.3,,,
2024-11-16 15:21:00+00:00,90624.1,90690.0,90600.0,90638.3,51.965,90825.09368205519,-0.06426742706762488,91149.87794801715,90500.30941609322,649.5685319239274,0,91105.1,91275.2,0.0,0.0,0.0,0.0,0.3205620695376841,-1.0591906290804354,91202.2,91137.3,,,
2024-11-16 15:22:00+00:00,90638.3,90719.6,90624.1,90699.8,48.695,90825.02941462811,-0.06426742706762488,91149.81368059007,90500.24514866614,649.5685319239274,0,91105.1,91275.2,0.0,0.0,0.0,0.0,0.3205620695376841,-1.0591906290804354,91202.2,91137.3,,,
2024-11-16 15:23:00+00:00,90699.8,90712.9,90651.0,90683.3,60.032,90824.96514720104,-0.06426742706762488,91149.74941316301,90500.18088123908,649.5685319239274,0,91105.1,91275.2,0.0,0.0,0.0,0.0,0.3205620695376841,-1.0591906290804354,91202.2,91137.3,,,
2024-11-16 15:24:00+00:00,90683.3,90725.9,90643.8,90643.8,26.313,90824.90087977398,-0.06426742706762488,91149.68514573594,90500.11661381202,649.5685319239274,0,91105.1,91275.2,0.0,0.0,0.0,0.0,0.3205620695376841,-1.0591906290804354,91202.2,91137.3,,,
2024-11-16 15:25:00+00:00,90643.8,90680.3,90610.0,90680.2,48.887,90824.83661234692,-0.06426742706762488,91149.62087830888,90500.05234638495,649.5685319239274,0,91105.1,91275.2,0.0,0.0,0.0,0.0,0.3205620695376841,-1.0591906290804354,91202.2,91137.3,,,
2024-11-16 15:26:00+00:00,90680.2,90691.0,90664.3,90673.4,27.302,90824.77234491984,-0.06426742706762488,91149.5566108818,90499.98807895787,649.5685319239274,0,91105.1,91275.2,0.0,0.0,0.0,0.0,0.3205620695376841,-1.0591906290804354,91202.2,91137.3,,,
2024-11-16 15:27:00+00:00,90673.4,90677.0,90627.7,90627.7,18.25,90824.70807749277,-0.06426742706762488,91149.49234345474,90499.92381153081,649.5685319239274,0,91105.1,91275.2,0.0,0.0,0.0,0.0,0.3205620695376841,-1.0591906290804354,91202.2,91137.3,,,
2024-11-16 15:28:00+00:00,90627.7,90639.0,90590.0,90590.1,39.097,90824.64381006571,-0.06426742706762488,91149.42807602767,90499.85954410375,649.5685319239274,0,91105.1,91275.2,0.0,0.0,0.0,0.0,0.3205620695376841,-1.0591906290804354,91202.2,91137.3,,,
2024-11-16 15:29:00+00:00,90590.1,90590.1,90305.9,90420.3,649.799,90824.57954263865,-0.06426742706762488,91149.36380860061,90499.79527667668,649.5685319239274,-1,91105.1,91275.2,0.0,193.8952766766888,0.0,0.2984985681224416,0.3205620695376841,-1.0591906290804354,91202.2,91137.3,,,
2024-11-16 15:30:00+00:00,90420.3,90551.9,90408.3,90511.9,141.493,90824.51527521157,-0.06426742706762488,91149.29954117353,90499.7310092496,649.5685319239274,0,91105.1,91275.2,0.0,0.0,0.0,0.0,0.3205620695376841,-1.0591906290804354,91202.2,91137.3,,,
2024-11-16 15:31:00+00:00,90511.9,90551.9,90471.3,90538.0,82.802,90824.4510077845,-0.06426742706762488,91149.23527374647,90499.66674182254,649.5685319239274,0,91105.1,91275.2,0.0,0.0,0.0,0.0,0.3205620695376841,-1.0591906290804354,91202.2,91137.3,,,
2024-11-16 15:32:00+00:00,90538.0,90551.9,90513.7,90551.8,61.828,90824.38674035744,-0.06426742706762488,91149.1710063194,90499.60247439548,649.5685319239274,0,91105.1,91275.2,0.0,0.0,0.0,0.0,0.3205620695376841,-1.0591906290804354,91202.2,91137.3,,,
2024-11-16 15:33:00+00:00,90551.8,90551.9,90515.8,90540.1,140.681,90824.32247293038,-0.06426742706762488,91149.10673889234,90499.53820696841,649.5685319239274,0,91105.1,91275.2,0.0,0.0,0.0,0.0,0.3205620695376841,-1.0591906290804354,91202.2,91137.3,,,
2024-11-16 15:34:00+00:00,90540.1,90551.9,90508.1,90508.1,53.271,90824.2582055033,-0.06426742706762488,91149.04247146526,90499.47393954133,649.5685319239274,0,91105.1,91275.2,0.0,0.0,0.0,0.0,0.3205620695376841,-1.0591906290804354,91202.2,91137.3,,,
2024-11-16 15:35:00+00:00,90508.1,90609.9,90471.1,90524.7,152.507,90824.19393807623,-0.06426742706762488,91148.9782040382,90499.40967211427,649.5685319239274,0,91105.1,91275.2,0.0,0.0,0.0,0.0,0.3205620695376841,-1.0591906290804354,91202.2,91137.3,,,
2024-11-16 15:36:00+00:00,90524.7,90595.2,90513.0,90562.9,27.171,90824.12967064917,-0.06426742706762488,91148.91393661113,90499.3454046872,649.5685319239274,0,91105.1,91275.2,0.0,0.0,0.0,0.0,0.3205620695376841,-1.0591906290804354,91202.2,91137.3,,,
2024-11-16 15:37:00+00:00,90562.9,90624.9,90509.0,90510.9,59.0,90824.0654032221,-0.06426742706762488,91148.84966918407,90499.28113726014,649.5685319239274,1,91105.1,91275.2,-523.9496691840759,0.0,-0.8066118406817111,0.0,0.3205620695376841,-1.0591906290804354,91202.2,91137.3,,,
2024-11-16 15:38:00+00:00,90510.9,90563.3,90467.3,90470.2,48.98,90824.00113579503,-0.06426742706762488,91148.78540175699,90499.21686983306,649.5685319239274,0,91105.1,91275.2,0.0,0.0,0.0,0.0,0.3205620695376841,-1.0591906290804354,91202.2,91137.3,,,
2024-11-16 15:39:00+00:00,90470.2,90479.9,90339.8,90369.0,195.16,90823.93686836796,-0.06426742706762488,91148.72113432993,90499.152602406,649.5685319239274,0,91105.1,91275.2,0.0,0.0,0.0,0.0,0.3205620695376841,-1.0591906290804354,91202.2,91137.3,,,
2024-11-16 15:40:00+00:00,90369.0,90438.6,90275.5,90333.5,224.941,90823.8726009409,-0.06426742706762488,91148.65686690286,90499.08833497894,649.5685319239274,0,91105.1,91275.2,0.0,0.0,0.0,0.0,0.3205620695376841,-1.0591906290804354,91202.2,91137.3,,,
2024-11-16 15:41:00+00:00,90333.5,90385.3,90280.0,90320.0,132.081,90823.80833351382,-0.06426742706762488,91148.59259947579,90499.02406755186,649.5685319239274,0,91105.1,91275.2,0.0,0.0,0.0,0.0,0.3205620695376841,-1.0591906290804354,91202.2,91137.3,,,
2024-11-16 15:42:00+00:00,90320.0,90500.0,90320.0,90439.5,162.66,90823.74406608676,-0.06426742706762488,91148.52833204872,90498.9598001248,649.5685319239274,0,91105.1,91275.2,0.0,0.0,0.0,0.0,0.3205620695376841,-1.0591906290804354,91202.2,91137.3,,,
2024-11-16 15:43:00+00:00,90439.5,90447.0,90339.9,90356.3,82.491,90823.6797986597,-0.06426742706762488,91148.46406462166,90498.89553269773,649.5685319239274,0,91105.1,91275.2,0.0,0.0,0.0,0.0,0.3205620695376841,-1.0591906290804354,91202.2,91137.3,,,
2024-11-16 15:44:00+00:00,90356.3,90490.7,90356.2,90463.5,38.921,90823.61553123263,-0.06426742706762488,91148.3997971946,90498.83126527067,649.5685319239274,0,91105.1,91275.2,0.0,0.0,0.0,0.0,0.3205620695376841,-1.0591906290804354,91202.2,91137.3,,,
2024-11-16 15:45:00+00:00,90463.5,90471.9,90265.4,90271.6,122.558,90823.55126380555,-0.06426742706762488,91148.33552976752,90498.76699784359,649.5685319239274,0,91105.1,91275.2,0.0,0.0,0.0,0.0,0.3205620695376841,-1.0591906290804354,91202.2,91137.3,,,
2024-11-16 15:46:00+00:00,90271.6,90436.6,90271.6,90406.3,56.737,90823.48699637849,-0.06426742706762488,91148.27126234045,90498.70273041652,649.5685319239274,0,91105.1,91275.2,0.0,0.0,0.0,0.0,0.3205620695376841,-1.0591906290804354,91202.2,91137.3,,,
2024-11-16 15:47:00+00:00,90406.3,90409.7,90253.0,90258.7,69.013,90823.42272895142,-0.06426742706762488,91148.20699491339,90498.63846298946,649.5685319239274,0,91105.1,91275.2,0.0,0.0,0.0,0.0,0.3205620695376841,-1.0591906290804354,91202.2,91137.3,,,
2024-11-16 15:48:00+00:00,90258.7,90258.7,90170.7,90196.0,225.031,90823.35846152436,-0.06426742706762488,91148.14272748632,90498.5741955624,649.5685319239274,0,91105.1,91275.2,0.0,0.0,0.0,0.0,0.3205620695376841,-1.0591906290804354,91202.2,91137.3,,,
2024-11-16 15:49:00+00:00,90196.0,90245.4,90152.6,90182.5,85.547,90823.29419409728,-0.06426742706762488,91148.07846005925,90498.50992813532,649.5685319239274,0,91105.1,91275.2,0.0,0.0,0.0,0.0,0.3205620695376841,-1.0591906290804354,91202.2,91137.3,,,
2024-11-16 15:50:00+00:00,90182.5,90304.5,90125.0,90278.9,126.172,90823.22992667022,-0.06426742706762488,91148.01419263218,90498.44566070825,649.5685319239274,-1,91105.1,91275.2,0.0,373.44566070825385,0.0,0.5749134115258974,0.3205620695376841,-1.0591906290804354,91202.2,91137.3,,,
2024-11-16 15:51:00+00:00,90278.9,90357.3,90260.5,90335.0,169.999,90823.16565924315,-0.06426742706762488,91147.94992520512,90498.38139328119,649.5685319239274,0,91105.1,91275.2,0.0,0.0,0.0,0.0,0.3205620695376841,-1.0591906290804354,91202.2,91137.3,,,
2024-11-16 15:52:00+00:00,90335.0,90375.1,90221.3,90332.7,80.031,90823.10139181609,-0.06426742706762488,91147.88565777805,90498.31712585413,649.5685319239274,0,91105.1,91275.2,0.0,0.0,0.0,0.0,0.3205620695376841,-1.0591906290804354,91202.2,91137.3,,,
2024-11-16 15:53:00+00:00,90332.7,90447.3,90328.0,90420.7,65.414,90823.03712438901,-0.06426742706762488,91147.82139035097,90498.25285842705,649.5685319239274,0,91105.1,91275.2,0.0,0.0,0.0,0.0,0.3205620695376841,-1.0591906290804354,91202.2,91137.3,,,
2024-11-16 15:54:00+00:00,90420.7,90450.0,90390.4,90450.0,68.342,90822.97285696195,-0.06426742706762488,91147.75712292391,90498.18859099998,649.5685319239274,0,91105.1,91275.2,0.0,0.0,0.0,0.0,0.3205620695376841,-1.0591906290804354,91202.2,91137.3,,,
2024-11-16 15:55:00+00:00,90450.0,90458.2,90364.4,90398.3,40.079,90822.90858953488,-0.06426742706762488,91147.69285549685,90498.12432357292,649.5685319239274,0,91105.1,91275.2,0.0,0.0,0.0,0.0,0.3205620695376841,-1.0591906290804354,91202.2,91137.3,,,
2024-11-16 15:56:00+00:00,90398.3,90469.7,90391.6,90451.5,69.778,90822.84432210782,-0.06426742706762488,91147.62858806978,90498.06005614586,649.5685319239274,0,91105.1,91275.2,0.0,0.0,0.0,0.0,0.3205620695376841,-1.0591906290804354,91202.2,91137.3,,,
2024-11-16 15:57:00+00:00,90451.5,90498.4,90437.5,90498.4,34.158,90822.78005468074,-0.06426742706762488,91147.5643206427,90497.99578871878,649.5685319239274,0,91105.1,91275.2,0.0,0.0,0.0,0.0,0.3205620695376841,-1.0591906290804354,91202.2,91137.3,,,
2024-11-16 15:58:00+00:00,90498.4,90546.0,90490.4,90540.1,125.351,90822.71578725368,-0.06426742706762488,91147.50005321564,90497.93152129171,649.5685319239274,0,91105.1,91275.2,0.0,0.0,0.0,0.0,0.3205620695376841,-1.0591906290804354,91202.2,91137.3,,,
2024-11-16 15:59:00+00:00,90540.1,90600.0,90540.0,90582.2,116.794,90822.65151982661,-0.06426742706762488,91147.43578578858,90497.86725386465,649.5685319239274,0,91105.1,91275.2,0.0,0.0,0.0,0.0,0.3205620695376841,-1.0591906290804354,91202.2,91137.3,,,
2024-11-16 16:00:00+00:00,90582.2,90646.0,90555.0,90555.1,131.775,90822.58725239955,-0.06426742706762488,91147.37151836151,90497.80298643759,649.5685319239274,1,91105.1,91275.2,-501.37151836151315,0.0,-0.7718531513164958,0.0,0.3205620695376841,-1.0591906290804354,91202.2,91137.3,,,
2024-11-16 16:01:00+00:00,90555.1,90622.4,90499.9,90529.0,140.052,90822.52298497247,-0.06426742706762488,91147.30725093443,90497.73871901051,649.5685319239274,0,91105.1,91275.2,0.0,0.0,0.0,0.0,0.3205620695376841,-1.0591906290804354,91202.2,91137.3,,,
2024-11-16 16:02:00+00:00,90529.0,90564.5,90462.0,90462.1,47.62,90822.4587175454,-0.06426742706762488,91147.24298350737,90497.67445158344,649.5685319239274,0,91105.1,91275.2,0.0,0.0,0.0,0.0,0.3205620695376841,-1.0591906290804354,91202.2,91137.3,,,
2024-11-16 16:03:00+00:00,90462.1,90517.5,90414.7,90468.0,84.395,90822.39445011834,-0.06426742706762488,91147.1787160803,90497.61018415638,649.5685319239274,0,91105.1,91275.2,0.0,0.0,0.0,0.0,0.3205620695376841,-1.0591906290804354,91202.2,91137.3,,,
2024-11-16 16:04:00+00:00,90468.0,90499.4,90413.8,90413.9,45.928,90822.33018269128,-0.06426742706762488,91147.11444865324,90497.54591672932,649.5685319239274,0,91105.1,91275.2,0.0,0.0,0.0,0.0,0.3205620695376841,-1.0591906290804354,91202.2,91137.3,,,
2024-11-16 16:05:00+00:00,90413.9,90468.0,90384.6,90442.1,38.226,90822.2659152642,-0.06426742706762488,91147.05018122616,90497.48164930224,649.5685319239274,0,91105.1,91275.2,0.0,0.0,0.0,0.0,0.3205620695376841,-1.0591906290804354,91202.2,91137.3,,,
2024-11-16 16:06:00+00:00,90442.1,90468.0,90393.9,90394.3,16.413,90822.20164783714,-0.06426742706762488,91146.9859137991,90497.41738187517,649.5685319239274,0,91105.1,91275.2,0.0,0.0,0.0,0.0,0.3205620695376841,-1.0591906290804354,91202.2,91137.3,,,
2024-11-16 16:07:00+00:00,90394.3,90414.9,90337.3,90345.2,44.174,90822.13738041007,-0.06426742706762488,91146.92164637204,90497.35311444811,649.5685319239274,0,91105.1,91275.2,0.0,0.0,0.0,0.0,0.3205620695376841,-1.0591906290804354,91202.2,91137.3,,,
2024-11-16 16:08:00+00:00,90345.2,90391.5,90310.5,90310.5,23.792,90822.07311298301,-0.06426742706762488,91146.85737894497,90497.28884702105,649.5685319239274,0,91105.1,91275.2,0.0,0.0,0.0,0.0,0.3205620695376841,-1.0591906290804354,91202.2,91137.3,,,
2024-11-16 16:09:00+00:00,90310.5,90385.2,90310.5,90381.2,18.213,90822.00884555593,-0.06426742706762488,91146.7931115179,90497.22457959397,649.5685319239274,0,91105.1,91275.2,0.0,0.0,0.0,0.0,0.3205620695376841,-1.0591906290804354,91202.2,91137.3,,,
2024-11-16 16:10:00+00:00,90381.2,90434.6,90268.2,90268.2,74.612,90821.94457812887,-0.06426742706762488,91146.72884409083,90497.1603121669,649.5685319239274,-1,91105.1,91275.2,0.0,228.96031216690608,0.0,0.35248060968834033,0.3205620695376841,-1.0591906290804354,91202.2,91137.3,,,
2024-11-16 16:11:00+00:00,90268.2,90359.9,90268.2,90337.8,24.54,90821.8803107018,-0.06426742706762488,91146.66457666377,90497.09604473984,649.5685319239274,-1,91105.1,91275.2,0.0,228.89604473984218,0.0,0.3523816710484503,0.3205620695376841,-1.0591906290804354,91202.2,91137.3,,,
2024-11-16 16:12:00+00:00,90337.8,90499.0,90337.7,90478.3,33.374,90821.81604327474,-0.06426742706762488,91146.6003092367,90497.03177731278,649.5685319239274,0,91105.1,91275.2,0.0,0.0,0.0,0.0,0.3205620695376841,-1.0591906290804354,91202.2,91137.3,,,
2024-11-16 16:13:00+00:00,90478.3,90484.8,90410.2,90449.5,21.99,90821.75177584766,-0.06426742706762488,91146.53604180962,90496.9675098857,649.5685319239274,0,91105.1,91275.2,0.0,0.0,0.0,0.0,0.3205620695376841,-1.0591906290804354,91202.2,91137.3,,,
2024-11-16 16:14:00+00:00,90449.5,90528.5,90426.8,90528.5,77.768,90821.6875084206,-0.06426742706762488,91146.47177438256,90496.90324245863,649.5685319239274,0,91105.1,91275.2,0.0,0.0,0.0,0.0,0.3205620695376841,-1.0591906290804354,91202.2,91137.3,,,
2024-11-16 16:15:00+00:00,90528.5,90688.5,90528.4,90649.9,206.979,90821.62324099353,-0.06426742706762488,91146.4075069555,90496.83897503157,649.5685319239274,0,91105.1,91275.2,0.0,0.0,0.0,0.0,0.3205620695376841,-1.0591906290804354,91202.2,91137.3,,,
2024-11-16 16:16:00+00:00,90649.9,90742.4,90649.9,90654.8,166.73,90821.55897356647,-0.06426742706762488,91146.34323952843,90496.7747076045,649.5685319239274,0,91105.1,91275.2,0.0,0.0,0.0,0.0,0.3205620695376841,-1.0591906290804354,91202.2,91137.3,,,
2024-11-16 16:17:00+00:00,90654.8,90654.9,90550.0,90598.2,69.86,90821.49470613939,-0.06426742706762488,91146.27897210135,90496.71044017743,649.5685319239274,0,91105.1,91275.2,0.0,0.0,0.0,0.0,0.3205620695376841,-1.0591906290804354,91202.2,91137.3,,,
2024-11-16 16:18:00+00:00,90598.2,90662.3,90548.8,90646.2,78.038,90821.43043871233,-0.06426742706762488,91146.21470467429,90496.64617275036,649.5685319239274,0,91105.1,91275.2,0.0,0.0,0.0,0.0,0.3205620695376841,-1.0591906290804354,91202.2,91137.3,,,
2024-11-16 16:19:00+00:00,90646.2,90711.9,90621.1,90711.9,42.111,90821.36617128526,-0.06426742706762488,91146.15043724723,90496.5819053233,649.5685319239274,0,91105.1,91275.2,0.0,0.0,0.0,0.0,0.3205620695376841,-1.0591906290804354,91202.2,91137.3,,,
2024-11-16 16:20:00+00:00,90711.9,90769.0,90648.9,90655.9,131.265,90821.3019038582,-0.06426742706762488,91146.08616982016,90496.51763789624,649.5685319239274,1,91105.1,91275.2,-377.08616982016247,0.0,-0.5805179150278235,0.0,0.3205620695376841,-1.0591906290804354,91202.2,91137.3,,,
2024-11-16 16:21:00+00:00,90655.9,90674.1,90600.0,90611.8,37.545,90821.23763643112,-0.06426742706762488,91146.02190239308,90496.45337046916,649.5685319239274,0,91105.1,91275.2,0.0,0.0,0.0,0.0,0.3205620695376841,-1.0591906290804354,91202.2,91137.3,,,
2024-11-16 16:22:00+00:00,90611.8,90649.9,90575.9,90616.5,46.827,90821.17336900406,-0.06426742706762488,91145.95763496602,90496.3891030421,649.5685319239274,0,91105.1,91275.2,0.0,0.0,0.0,0.0,0.3205620695376841,-1.0591906290804354,91202.2,91137.3,,,
2024-11-16 16:23:00+00:00,90616.5,90706.4,90607.9,90692.3,23.816,90821.10910157699,-0.06426742706762488,91145.89336753896,90496.32483561503,649.5685319239274,0,91105.1,91275.2,0.0,0.0,0.0,0.0,0.3205620695376841,-1.0591906290804354,91202.2,91137.3,,,
2024-11-16 16:24:00+00:00,90692.3,90733.7,90651.0,90687.1,27.318,90821.04483414991,-0.06426742706762488,91145.82910011188,90496.26056818795,649.5685319239274,0,91105.1,91275.2,0.0,0.0,0.0,0.0,0.3205620695376841,-1.0591906290804354,91202.2,91137.3,,,
2024-11-16 16:25:00+00:00,90687.1,90699.9,90652.0,90663.1,20.379,90820.98056672285,-0.06426742706762488,91145.76483268481,90496.19630076089,649.5685319239274,0,91105.1,91275.2,0.0,0.0,0.0,0.0,0.3205620695376841,-1.0591906290804354,91202.2,91137.3,,,
2024-11-16 16:26:00+00:00,90663.1,90694.8,90650.1,90654.4,24.097,90820.91629929579,-0.06426742706762488,91145.70056525775,90496.13203333382,649.5685319239274,0,91105.1,91275.2,0.0,0.0,0.0,0.0,0.3205620695376841,-1.0591906290804354,91202.2,91137.3,,,
2024-11-16 16:27:00+00:00,90654.4,90743.1,90653.4,90740.1,30.887,90820.85203186872,-0.06426742706762488,91145.63629783069,90496.06776590676,649.5685319239274,0,91105.1,91275.2,0.0,0.0,0.0,0.0,0.3205620695376841,-1.0591906290804354,91202.2,91137.3,,,
2024-11-16 16:28:00+00:00,90740.1,90743.1,90695.6,90743.0,26.059,90820.78776444164,-0.06426742706762488,91145.57203040361,90496.00349847968,649.5685319239274,0,91105.1,91275.2,0.0,0.0,0.0,0.0,0.3205620695376841,-1.0591906290804354,91202.2,91137.3,,,
2024-11-16 16:29:00+00:00,90743.0,90795.9,90733.2,90763.5,66.131,90820.72349701458,-0.06426742706762488,91145.50776297654,90495.93923105262,649.5685319239274,0,91105.1,91275.2,0.0,0.0,0.0,0.0,0.3205620695376841,-1.0591906290804354,91202.2,91137.3,,,
2024-11-16 16:30:00+00:00,90763.5,90782.9,90699.9,90782.8,78.201,90820.65922958752,-0.06426742706762488,91145.44349554948,90495.87496362555,649.5685319239274,0,91105.1,91275.2,0.0,0.0,0.0,0.0,0.3205620695376841,-1.0591906290804354,91202.2,91137.3,,,
2024-11-16 16:31:00+00:00,90782.8,90827.6,90770.6,90789.0,76.27,90820.59496216045,-0.06426742706762488,91145.37922812242,90495.81069619849,649.5685319239274,0,91105.1,91275.2,0.0,0.0,0.0,0.0,0.3205620695376841,-1.0591906290804354,91202.2,91137.3,,,
2024-11-16 16:32:00+00:00,90789.0,90812.3,90774.9,90790.7,26.235,90820.53069473337,-0.06426742706762488,91145.31496069534,90495.74642877141,649.5685319239274,0,91105.1,91275.2,0.0,0.0,0.0,0.0,0.3205620695376841,-1.0591906290804354,91202.2,91137.3,,,
2024-11-16 16:33:00+00:00,90790.7,90847.1,90790.7,90842.6,48.534,90820.46642730631,-0.06426742706762488,91145.25069326827,90495.68216134435,649.5685319239274,0,91105.1,91275.2,0.0,0.0,0.0,0.0,0.3205620695376841,-1.0591906290804354,91202.2,91137.3,,,
2024-11-16 16:34:00+00:00,90842.6,90913.5,90840.0,90873.0,242.882,90820.40215987925,-0.06426742706762488,91145.18642584121,90495.61789391728,649.5685319239274,1,91105.1,91275.2,-231.6864258412097,0.0,-0.35667741655370566,0.0,0.3205620695376841,-1.0591906290804354,91202.2,91137.3,,,
2024-11-16 16:35:00+00:00,90873.0,90873.0,90776.7,90823.5,59.611,90820.33789245218,-0.06426742706762488,91145.12215841415,90495.55362649022,649.5685319239274,0,91105.1,91275.2,0.0,0.0,0.0,0.0,0.3205620695376841,-1.0591906290804354,91202.2,91137.3,,,
2024-11-16 16:36:00+00:00,90823.5,90824.9,90783.1,90796.0,120.534,90820.2736250251,-0.06426742706762488,91145.05789098707,90495.48935906314,649.5685319239274,0,91105.1,91275.2,0.0,0.0,0.0,0.0,0.3205620695376841,-1.0591906290804354,91202.2,91137.3,,,1.0
2024-11-16 16:37:00+00:00,90796.0,90826.9,90762.5,90792.9,60.205,90820.20935759804,-0.06426742706762488,91144.99362356,90495.42509163608,649.5685319239274,0,91105.1,91275.2,0.0,0.0,0.0,0.0,0.3205620695376841,-1.0591906290804354,91202.2,91137.3,,,
2024-11-16 16:38:00+00:00,90792.9,90807.2,90717.5,90717.6,36.28,90820.14509017098,-0.06426742706762488,91144.92935613294,90495.36082420901,649.5685319239274,0,91105.1,91275.2,0.0,0.0,0.0,0.0,0.3205620695376841,-1.0591906290804354,91202.2,91137.3,,,
2024-11-16 16:39:00+00:00,90717.6,90800.5,90717.6,90761.9,30.652,90820.08082274391,-0.06426742706762488,91144.86508870588,90495.29655678195,649.5685319239274,0,91105.1,91275.2,0.0,0.0,0.0,0.0,0.3205620695376841,-1.0591906290804354,91202.2,91137.3,,,
2024-11-16 16:40:00+00:00,90761.9,90762.0,90600.0,90612.4,54.527,90820.01655531683,-0.06426742706762488,91144.8008212788,90495.23228935487,649.5685319239274,0,91105.1,91275.2,0.0,0.0,0.0,0.0,0.3205620695376841,-1.0591906290804354,91202.2,91137.3,,,
2024-11-16 16:41:00+00:00,90612.4,90656.7,90612.4,90648.6,30.155,90819.95228788977,-0.06426742706762488,91144.73655385173,90495.1680219278,649.5685319239274,0,91105.1,91275.2,0.0,0.0,0.0,0.0,0.3205620695376841,-1.0591906290804354,91202.2,91137.3,,,
2024-11-16 16:42:00+00:00,90648.6,90701.7,90588.0,90632.8,35.449,90819.8880204627,-0.06426742706762488,91144.67228642467,90495.10375450074,649.5685319239274,0,91105.1,91275.2,0.0,0.0,0.0,0.0,0.3205620695376841,-1.0591906290804354,91202.2,91137.3,,,
2024-11-16 16:43:00+00:00,90632.8,90747.8,90624.8,90634.5,170.862,90819.82375303564,-0.06426742706762488,91144.6080189976,90495.03948707368,649.5685319239274,0,91105.1,91275.2,0.0,0.0,0.0,0.0,0.3205620695376841,-1.0591906290804354,91202.2,91137.3,,,
2024-11-16 16:44:00+00:00,90634.5,90645.1,90579.3,90615.0,47.659,90819.75948560856,-0.06426742706762488,91144.54375157053,90494.9752196466,649.5685319239274,0,91105.1,91275.2,0.0,0.0,0.0,0.0,0.3205620695376841,-1.0591906290804354,91202.2,91137.3,,,
2024-11-16 16:45:00+00:00,90615.0,90615.0,90540.1,90557.9,42.444,90819.6952181815,-0.06426742706762488,91144.47948414346,90494.91095221954,649.5685319239274,0,91105.1,91275.2,0.0,0.0,0.0,0.0,0.3205620695376841,-1.0591906290804354,91202.2,91137.3,,,
2024-11-16 16:46:00+00:00,90557.9,90652.6,90492.7,90569.4,121.445,90819.63095075444,-0.06426742706762488,91144.4152167164,90494.84668479247,649.5685319239274,-1,91105.1,91275.2,0.0,2.1466847924748436,0.0,0.003304785695385637,0.3205620695376841,-1.0591906290804354,91202.2,91137.3,,,
2024-11-16 16:47:00+00:00,90569.4,90582.4,90532.6,90551.4,28.014,90819.56668332737,-0.06426742706762488,91144.35094928934,90494.78241736541,649.5685319239274,0,91105.1,91275.2,0.0,0.0,0.0,0.0,0.3205620695376841,-1.0591906290804354,91202.2,91137.3,,,
2024-11-16 16:48:00+00:00,90551.4,90650.0,90551.4,90643.9,47.871,90819.5024159003,-0.06426742706762488,91144.28668186226,90494.71814993833,649.5685319239274,0,91105.1,91275.2,0.0,0.0,0.0,0.0,0.3205620695376841,-1.0591906290804354,91202.2,91137.3,,,
2024-11-16 16:49:00+00:00,90643.9,90665.5,90603.0,90625.1,39.69,90819.43814847323,-0.06426742706762488,91144.2224144352,90494.65388251127,649.5685319239274,0,91105.1,91275.2,0.0,0.0,0.0,0.0,0.3205620695376841,-1.0591906290804354,91202.2,91137.3,,,
2024-11-16 16:50:00+00:00,90625.1,90635.2,90589.5,90593.7,14.79,90819.37388104617,-0.06426742706762488,91144.15814700813,90494.5896150842,649.5685319239274,0,91105.1,91275.2,0.0,0.0,0.0,0.0,0.3205620695376841,-1.0591906290804354,91202.2,91137.3,,,
2024-11-16 16:51:00+00:00,90593.7,90625.6,90571.0,90601.5,13.896,90819.3096136191,-0.06426742706762488,91144.09387958107,90494.52534765714,649.5685319239274,0,91105.1,91275.2,0.0,0.0,0.0,0.0,0.3205620695376841,-1.0591906290804354,91202.2,91137.3,,,
2024-11-16 16:52:00+00:00,90601.5,90698.8,90597.6,90698.8,58.28,90819.24534619202,-0.06426742706762488,91144.02961215399,90494.46108023006,649.5685319239274,0,91105.1,91275.2,0.0,0.0,0.0,0.0,0.3205620695376841,-1.0591906290804354,91202.2,91137.3,,,
2024-11-16 16:53:00+00:00,90698.8,90787.4,90698.8,90769.8,49.29,90819.18107876496,-0.06426742706762488,91143.96534472692,90494.396812803,649.5685319239274,1,91105.1,91275.2,-356.56534472692874,0.0,-0.5489264445597974,0.0,0.3205620695376841,-1.0591906290804354,91202.2,91137.3,,,
2024-11-16 16:54:00+00:00,90769.8,90769.9,90722.2,90722.3,13.528,90819.1168113379,-0.06426742706762488,91143.90107729986,90494.33254537593,649.5685319239274,0,91105.1,91275.2,0.0,0.0,0.0,0.0,0.3205620695376841,-1.0591906290804354,91202.2,91137.3,,,
2024-11-16 16:55:00+00:00,90722.3,90738.1,90683.7,90715.4,13.605,90819.05254391083,-0.06426742706762488,91143.8368098728,90494.26827794887,649.5685319239274,0,91105.1,91275.2,0.0,0.0,0.0,0.0,0.3205620695376841,-1.0591906290804354,91202.2,91137.3,,,
2024-11-16 16:56:00+00:00,90715.4,90715.5,90675.0,90708.4,13.143,90818.98827648375,-0.06426742706762488,91143.77254244572,90494.20401052179,649.5685319239274,0,91105.1,91275.2,0.0,0.0,0.0,0.0,0.3205620695376841,-1.0591906290804354,91202.2,91137.3,,,
2024-11-16 16:57:00+00:00,90708.4,90712.0,90657.6,90697.6,17.798,90818.92400905669,-0.06426742706762488,91143.70827501865,90494.13974309473,649.5685319239274,0,91105.1,91275.2,0.0,0.0,0.0,0.0,0.3205620695376841,-1.0591906290804354,91202.2,91137.3,,,
2024-11-16 16:58:00+00:00,90697.6,90761.0,90697.6,90708.4,17.392,90818.85974162963,-0.06426742706762488,91143.64400759159,90494.07547566766,649.5685319239274,0,91105.1,91275.2,0.0,0.0,0.0,0.0,0.3205620695376841,-1.0591906290804354,91202.2,91137.3,,,
2024-11-16 16:59:00+00:00,90708.4,90720.1,90674.0,90677.1,27.225,90818.79547420256,-0.06426742706762488,91143.57974016452,90494.0112082406,649.5685319239274,0,91105.1,91275.2,0.0,0.0,0.0,0.0,0.3205620695376841,-1.0591906290804354,91202.2,91137.3,,,
2024-11-16 17:00:00+00:00,90677.1,90688.1,90633.5,90637.1,27.658,90818.73120677548,-0.06426742706762488,91143.51547273745,90493.94694081352,649.5685319239274,0,91105.1,91275.2,0.0,0.0,0.0,0.0,0.3205620695376841,-1.0591906290804354,91202.2,91137.3,,,
2024-11-16 17:01:00+00:00,90637.1,90637.1,90599.8,90623.9,18.967,90818.66693934842,-0.06426742706762488,91143.45120531038,90493.88267338646,649.5685319239274,0,91105.1,91275.2,0.0,0.0,0.0,0.0,0.3205620695376841,-1.0591906290804354,91202.2,91137.3,,,
2024-11-16 17:02:00+00:00,90623.9,90634.6,90593.9,90600.0,10.569,90818.60267192136,-0.06426742706762488,91143.38693788332,90493.81840595939,649.5685319239274,0,91105.1,91275.2,0.0,0.0,0.0,0.0,0.3205620695376841,-1.0591906290804354,91202.2,91137.3,,,
2024-11-16 17:03:00+00:00,90600.0,90635.5,90572.1,90635.5,12.95,90818.53840449428,-0.06426742706762488,91143.32267045624,90493.75413853231,649.5685319239274,-1,91105.1,91275.2,0.0,-78.34586146769288,0.0,-0.12061215655820619,0.3205620695376841,-1.0591906290804354,91202.2,91137.3,,,
2024-11-16 17:04:00+00:00,90635.5,90724.9,90635.5,90724.9,16.114,90818.47413706721,-0.06426742706762488,91143.25840302918,90493.68987110525,649.5685319239274,0,91105.1,91275.2,0.0,0.0,0.0,0.0,0.3205620695376841,-1.0591906290804354,91202.2,91137.3,,,
2024-11-16 17:05:00+00:00,90724.9,90766.3,90699.9,90729.8,30.92,90818.40986964015,-0.06426742706762488,91143.19413560211,90493.62560367819,649.5685319239274,0,91105.1,91275.2,0.0,0.0,0.0,0.0,0.3205620695376841,-1.0591906290804354,91202.2,91137.3,,,
2024-11-16 17:06:00+00:00,90729.8,90904.5,90719.8,90892.9,158.898,90818.34560221308,-0.06426742706762488,91143.12986817505,90493.56133625112,649.5685319239274,1,91105.1,91275.2,-238.6298681750486,0.0,-0.36736673106417533,0.0,0.3205620695376841,-1.0591906290804354,91202.2,91137.3,,,
2024-11-16 17:07:00+00:00,90892.9,90892.9,90787.0,90787.0,33.869,90818.281334786,-0.06426742706762488,91143.06560074797,90493.49706882404,649.5685319239274,0,91105.1,91275.2,0.0,0.0,0.0,0.0,0.3205620695376841,-1.0591906290804354,91202.2,91137.3,,,1.0
2024-11-16 17:08:00+00:00,90787.0,90872.9,90787.0,90832.6,38.537,90818.21706735894,-0.06426742706762488,91143.0013333209,90493.43280139698,649.5685319239274,0,91105.1,91275.2,0.0,0.0,0.0,0.0,0.3205620695376841,-1.0591906290804354,91202.2,91137.3,,,
2024-11-16 17:09:00+00:00,90832.6,90848.9,90812.5,90830.5,19.13,90818.15279993188,-0.06426742706762488,91142.93706589384,90493.36853396992,649.5685319239274,0,91105.1,91275.2,0.0,0.0,0.0,0.0,0.3205620695376841,-1.0591906290804354,91202.2,91137.3,,,
2024-11-16 17:10:00+00:00,90830.5,90830.6,90761.0,90799.8,18.268,90818.08853250481,-0.06426742706762488,91142.87279846678,90493.30426654285,649.5685319239274,0,91105.1,91275.2,0.0,0.0,0.0,0.0,0.3205620695376841,-1.0591906290804354,91202.2,91137.3,,,1.0
2024-11-16 17:11:00+00:00,90799.8,90821.8,90729.6,90742.1,22.523,90818.02426507774,-0.06426742706762488,91142.8085310397,90493.23999911577,649.5685319239274,0,91105.1,91275.2,0.0,0.0,0.0,0.0,0.3205620695376841,-1.0591906290804354,91202.2,91137.3,,,
2024-11-16 17:12:00+00:00,90742.1,90823.8,90742.1,90818.8,15.181,90817.95999765067,-0.06426742706762488,91142.74426361264,90493.17573168871,649.5685319239274,0,91105.1,91275.2,0.0,0.0,0.0,0.0,0.3205620695376841,-1.0591906290804354,91202.2,91137.3,,,
2024-11-16 17:13:00+00:00,90818.8,90841.8,90814.6,90841.8,16.007,90817.89573022361,-0.06426742706762488,91142.67999618557,90493.11146426164,649.5685319239274,0,91105.1,91275.2,0.0,0.0,0.0,0.0,0.3205620695376841,-1.0591906290804354,91202.2,91137.3,,,
2024-11-16 17:14:00+00:00,90841.8,90862.3,90838.7,90862.3,28.095,90817.83146279654,-0.06426742706762488,91142.61572875851,90493.04719683458,649.5685319239274,0,91105.1,91275.2,0.0,0.0,0.0,0.0,0.3205620695376841,-1.0591906290804354,91202.2,91137.3,,,
2024-11-16 17:15:00+00:00,90862.3,90875.0,90803.2,90843.5,32.643,90817.76719536947,-0.06426742706762488,91142.55146133143,90492.9829294075,649.5685319239274,0,91105.1,91275.2,0.0,0.0,0.0,0.0,0.3205620695376841,-1.0591906290804354,91202.2,91137.3,,,
2024-11-16 17:16:00+00:00,90843.5,90875.0,90825.1,90874.2,19.794,90817.7029279424,-0.06426742706762488,91142.48719390437,90492.91866198044,649.5685319239274,0,91105.1,91275.2,0.0,0.0,0.0,0.0,0.3205620695376841,-1.0591906290804354,91202.2,91137.3,,,
2024-11-16 17:17:00+00:00,90874.2,90912.5,90860.0,90912.0,44.69,90817.63866051534,-0.06426742706762488,91142.4229264773,90492.85439455337,649.5685319239274,0,91105.1,91275.2,0.0,0.0,0.0,0.0,0.3205620695376841,-1.0591906290804354,91202.2,91137.3,,,
2024-11-16 17:18:00+00:00,90912.0,90968.0,90911.9,90953.3,92.677,90817.57439308827,-0.06426742706762488,91142.35865905024,90492.79012712631,649.5685319239274,1,91105.1,91275.2,-174.3586590502382,0.0,-0.2684222687540193,0.0,0.3205620695376841,-1.0591906290804354,91202.2,91137.3,,,
2024-11-16 17:19:00+00:00,90953.3,90953.4,90881.8,90881.8,52.104,90817.5101256612,-0.06426742706762488,91142.29439162316,90492.72585969923,649.5685319239274,0,91105.1,91275.2,0.0,0.0,0.0,0.0,0.3205620695376841,-1.0591906290804354,91202.2,91137.3,,,
2024-11-16 17:20:00+00:00,90881.8,90909.8,90881.8,90904.1,20.271,90817.44585823413,-0.06426742706762488,91142.2301241961,90492.66159227217,649.5685319239274,0,91105.1,91275.2,0.0,0.0,0.0,0.0,0.3205620695376841,-1.0591906290804354,91202.2,91137.3,,,
2024-11-16 17:21:00+00:00,90904.1,90918.2,90850.2,90904.7,24.612,90817.38159080707,-0.06426742706762488,91142.16585676903,90492.5973248451,649.5685319239274,0,91105.1,91275.2,0.0,0.0,0.0,0.0,0.3205620695376841,-1.0591906290804354,91202.2,91137.3,,,
2024-11-16 17:22:00+00:00,90904.7,90966.2,90904.7,90916.0,49.961,90817.31732338,-0.06426742706762488,91142.10158934197,90492.53305741804,649.5685319239274,0,91105.1,91275.2,0.0,0.0,0.0,0.0,0.3205620695376841,-1.0591906290804354,91202.2,91137.3,,,
2024-11-16 17:23:00+00:00,90916.0,90930.8,90866.5,90899.9,29.423,90817.25305595293,-0.06426742706762488,91142.03732191489,90492.46878999096,649.5685319239274,0,91105.1,91275.2,0.0,0.0,0.0,0.0,0.3205620695376841,-1.0591906290804354,91202.2,91137.3,,,
2024-11-16 17:24:00+00:00,90899.9,90938.0,90870.8,90880.7,64.346,90817.18878852586,-0.06426742706762488,91141.97305448783,90492.4045225639,649.5685319239274,0,91105.1,91275.2,0.0,0.0,0.0,0.0,0.3205620695376841,-1.0591906290804354,91202.2,91137.3,,,
2024-11-16 17:25:00+00:00,90880.7,90914.3,90880.7,90906.2,8.413,90817.1245210988,-0.06426742706762488,91141.90878706076,90492.34025513683,649.5685319239274,0,91105.1,91275.2,0.0,0.0,0.0,0.0,0.3205620695376841,-1.0591906290804354,91202.2,91137.3,,,
2024-11-16 17:26:00+00:00,90906.2,90971.3,90902.5,90910.6,38.139,90817.06025367173,-0.06426742706762488,91141.8445196337,90492.27598770977,649.5685319239274,1,91105.1,91275.2,-170.54451963369502,0.0,-0.2625504642729028,0.0,0.3205620695376841,-1.0591906290804354,91202.2,91137.3,,,
2024-11-16 17:27:00+00:00,90910.6,90936.9,90902.4,90907.8,22.156,90816.99598624466,-0.06426742706762488,91141.78025220662,90492.21172028269,649.5685319239274,0,91105.1,91275.2,0.0,0.0,0.0,0.0,0.3205620695376841,-1.0591906290804354,91202.2,91137.3,,,
2024-11-16 17:28:00+00:00,90907.8,90956.3,90907.6,90928.5,11.379,90816.93171881759,-0.06426742706762488,91141.71598477956,90492.14745285563,649.5685319239274,0,91105.1,91275.2,0.0,0.0,0.0,0.0,0.3205620695376841,-1.0591906290804354,91202.2,91137.3,,,
2024-11-16 17:29:00+00:00,90928.5,90928.5,90904.5,90911.4,8.041,90816.86745139053,-0.06426742706762488,91141.65171735249,90492.08318542856,649.5685319239274,0,91105.1,91275.2,0.0,0.0,0.0,0.0,0.3205620695376841,-1.0591906290804354,91202.2,91137.3,,,
2024-11-16 17:30:00+00:00,90911.4,90923.8,90882.3,90923.8,13.644,90816.80318396346,-0.06426742706762488,91141.58744992543,90492.0189180015,649.5685319239274,0,91105.1,91275.2,0.0,0.0,0.0,0.0,0.3205620695376841,-1.0591906290804354,91202.2,91137.3,,,
2024-11-16 17:31:00+00:00,90923.8,90959.1,90903.1,90903.1,34.39,90816.73891653639,-0.06426742706762488,91141.52318249835,90491.95465057442,649.5685319239274,0,91105.1,91275.2,0.0,0.0,0.0,0.0,0.3205620695376841,-1.0591906290804354,91202.2,91137.3,,,
2024-11-16 17:32:00+00:00,90903.1,90953.5,90900.0,90945.0,54.708,90816.67464910932,-0.06426742706762488,91141.45891507129,90491.89038314736,649.5685319239274,0,91105.1,91275.2,0.0,0.0,0.0,0.0,0.3205620695376841,-1.0591906290804354,91202.2,91137.3,,,
2024-11-16 17:33:00+00:00,90945.0,90945.0,90845.1,90854.9,53.59,90816.61038168226,-0.06426742706762488,91141.39464764422,90491.8261157203,649.5685319239274,0,91105.1,91275.2,0.0,0.0,0.0,0.0,0.3205620695376841,-1.0591906290804354,91202.2,91137.3,,,
2024-11-16 17:34:00+00:00,90854.9,90886.3,90846.9,90856.7,42.049,90816.5461142552,-0.06426742706762488,91141.33038021716,90491.76184829323,649.5685319239274,0,91105.1,91275.2,0.0,0.0,0.0,0.0,0.3205620695376841,-1.0591906290804354,91202.2,91137.3,,,
2024-11-16 17:35:00+00:00,90856.7,90888.0,90842.5,90845.3,8.909,90816.48184682812,-0.06426742706762488,91141.26611279008,90491.69758086615,649.5685319239274,0,91105.1,91275.2,0.0,0.0,0.0,0.0,0.3205620695376841,-1.0591906290804354,91202.2,91137.3,,,
2024-11-16 17:36:00+00:00,90845.3,90872.7,90842.5,90863.7,32.469,90816.41757940105,-0.06426742706762488,91141.20184536302,90491.63331343909,649.5685319239274,0,91105.1,91275.2,0.0,0.0,0.0,0.0,0.3205620695376841,-1.0591906290804354,91202.2,91137.3,,,
2024-11-16 17:37:00+00:00,90863.7,90863.7,90803.8,90819.1,20.787,90816.35331197399,-0.06426742706762488,91141.13757793595,90491.56904601202,649.5685319239274,-1,91105.1,91275.2,0.0,-312.23095398797886,0.0,-0.48067438406105706,0.3205620695376841,-1.0591906290804354,91202.2,91137.3,,,
2024-11-16 17:38:00+00:00,90819.1,90883.6,90819.0,90845.2,29.123,90816.28904454692,-0.06426742706762488,91141.07331050889,90491.50477858496,649.5685319239274,0,91105.1,91275.2,0.0,0.0,0.0,0.0,0.3205620695376841,-1.0591906290804354,91202.2,91137.3,,,
2024-11-16 17:39:00+00:00,90845.2,90902.6,90845.2,90902.5,29.021,90816.22477711985,-0.06426742706762488,91141.00904308181,90491.44051115788,649.5685319239274,0,91105.1,91275.2,0.0,0.0,0.0,0.0,0.3205620695376841,-1.0591906290804354,91202.2,91137.3,,,
2024-11-16 17:40:00+00:00,90902.5,90925.8,90878.4,90925.7,27.081,90816.16050969278,-0.06426742706762488,91140.94477565475,90491.37624373082,649.5685319239274,0,91105.1,91275.2,0.0,0.0,0.0,0.0,0.3205620695376841,-1.0591906290804354,91202.2,91137.3,,,
2024-11-16 17:41:00+00:00,90925.7,90943.0,90924.2,90943.0,24.835,90816.09624226572,-0.06426742706762488,91140.88050822768,90491.31197630375,649.5685319239274,0,91105.1,91275.2,0.0,0.0,0.0,0.0,0.3205620695376841,-1.0591906290804354,91202.2,91137.3,,,
2024-11-16 17:42:00+00:00,90943.0,90977.3,90942.9,90974.3,31.044,90816.03197483864,-0.06426742706762488,91140.8162408006,90491.24770887668,649.5685319239274,0,91105.1,91275.2,0.0,0.0,0.0,0.0,0.3205620695376841,-1.0591906290804354,91202.2,91137.3,,,
2024-11-16 17:43:00+00:00,90974.3,90980.0,90928.2,90933.2,31.524,90815.96770741158,-0.06426742706762488,91140.75197337354,90491.18344144961,649.5685319239274,0,91105.1,91275.2,0.0,0.0,0.0,0.0,0.3205620695376841,-1.0591906290804354,91202.2,91137.3,,,
2024-11-16 17:44:00+00:00,90933.2,90998.4,90930.0,90995.6,33.968,90815.90343998451,-0.06426742706762488,91140.68770594648,90491.11917402255,649.5685319239274,1,91105.1,91275.2,-142.28770594648086,0.0,-0.2190495674490964,0.0,0.3205620695376841,-1.0591906290804354,91202.2,91137.3,,,
2024-11-16 17:45:00+00:00,90995.6,90995.6,90945.3,90987.8,72.241,90815.83917255745,-0.06426742706762488,91140.62343851941,90491.05490659548,649.5685319239274,0,91105.1,91275.2,0.0,0.0,0.0,0.0,0.3205620695376841,-1.0591906290804354,91202.2,91137.3,,,
2024-11-16 17:46:00+00:00,90987.8,90987.8,90950.0,90950.1,12.433,90815.77490513037,-0.06426742706762488,91140.55917109233,90490.9906391684,649.5685319239274,0,91105.1,91275.2,0.0,0.0,0.0,0.0,0.3205620695376841,-1.0591906290804354,91202.2,91137.3,,,
2024-11-16 17:47:00+00:00,90950.1,90993.9,90950.1,90993.9,15.154,90815.7106377033,-0.06426742706762488,91140.49490366527,90490.92637174134,649.5685319239274,0,91105.1,91275.2,0.0,0.0,0.0,0.0,0.3205620695376841,-1.0591906290804354,91202.2,91137.3,,,
2024-11-16 17:48:00+00:00,90993.9,90993.9,90954.1,90954.1,10.458,90815.64637027624,-0.06426742706762488,91140.4306362382,90490.86210431428,649.5685319239274,0,91105.1,91275.2,0.0,0.0,0.0,0.0,0.3205620695376841,-1.0591906290804354,91202.2,91137.3,,,
2024-11-16 17:49:00+00:00,90954.1,90975.0,90940.0,90974.9,24.497,90815.58210284918,-0.06426742706762488,91140.36636881114,90490.79783688721,649.5685319239274,0,91105.1,91275.2,0.0,0.0,0.0,0.0,0.3205620695376841,-1.0591906290804354,91202.2,91137.3,,,
2024-11-16 17:50:00+00:00,90974.9,90975.0,90930.1,90962.4,38.228,90815.5178354221,-0.06426742706762488,91140.30210138406,90490.73356946014,649.5685319239274,0,91105.1,91275.2,0.0,0.0,0.0,0.0,0.3205620695376841,-1.0591906290804354,91202.2,91137.3,,,
2024-11-16 17:51:00+00:00,90962.4,90993.8,90962.4,90988.3,36.17,90815.45356799503,-0.06426742706762488,91140.237833957,90490.66930203307,649.5685319239274,0,91105.1,91275.2,0.0,0.0,0.0,0.0,0.3205620695376841,-1.0591906290804354,91202.2,91137.3,,,
2024-11-16 17:52:00+00:00,90988.3,91012.0,90974.1,91012.0,73.015,90815.38930056797,-0.06426742706762488,91140.17356652993,90490.60503460601,649.5685319239274,0,91105.1,91275.2,0.0,0.0,0.0,0.0,0.3205620695376841,-1.0591906290804354,91202.2,91137.3,,,
2024-11-16 17:53:00+00:00,91012.0,91094.9,91011.9,91091.0,151.494,90815.3250331409,-0.06426742706762488,91140.10929910287,90490.54076717894,649.5685319239274,1,91105.1,91275.2,-45.209299102876685,0.0,-0.06959896743916047,0.0,0.3205620695376841,-1.0591906290804354,91202.2,91137.3,,,
2024-11-16 17:54:00+00:00,91091.0,91091.0,91001.2,91037.8,55.577,90815.26076571383,-0.06426742706762488,91140.04503167579,90490.47649975187,649.5685319239274,0,91105.1,91275.2,0.0,0.0,0.0,0.0,0.3205620695376841,-1.0591906290804354,91202.2,91137.3,,,
2024-11-16 17:55:00+00:00,91037.8,91070.0,91020.1,91024.9,59.795,90815.19649828676,-0.06426742706762488,91139.98076424873,90490.4122323248,649.5685319239274,0,91105.1,91275.2,0.0,0.0,0.0,0.0,0.3205620695376841,-1.0591906290804354,91202.2,91137.3,,,
2024-11-16 17:56:00+00:00,91024.9,91035.4,91009.2,91009.3,35.763,90815.1322308597,-0.06426742706762488,91139.91649682166,90490.34796489774,649.5685319239274,0,91105.1,91275.2,0.0,0.0,0.0,0.0,0.3205620695376841,-1.0591906290804354,91202.2,91137.3,,,
2024-11-16 17:57:00+00:00,91009.3,91009.3,90956.9,90960.0,54.455,90815.06796343264,-0.06426742706762488,91139.8522293946,90490.28369747067,649.5685319239274,0,91105.1,91275.2,0.0,0.0,0.0,0.0,0.3205620695376841,-1.0591906290804354,91202.2,91137.3,,,
2024-11-16 17:58:00+00:00,90960.0,90997.3,90943.0,90977.2,42.298,90815.00369600556,-0.06426742706762488,91139.78796196752,90490.2194300436,649.5685319239274,0,91105.1,91275.2,0.0,0.0,0.0,0.0,0.3205620695376841,-1.0591906290804354,91202.2,91137.3,,,
2024-11-16 17:59:00+00:00,90977.2,90999.0,90974.6,90994.8,26.469,90814.9394285785,-0.06426742706762488,91139.72369454046,90490.15516261653,649.5685319239274,0,91105.1,91275.2,0.0,0.0,0.0,0.0,0.3205620695376841,-1.0591906290804354,91202.2,91137.3,,,
2024-11-16 18:00:00+00:00,90994.8,91006.2,90908.5,90920.0,189.319,90814.87516115143,-0.06426742706762488,91139.6594271134,90490.09089518947,649.5685319239274,-1,91105.1,91275.2,0.0,-418.4091048105329,0.0,-0.6441338892622555,0.3205620695376841,-1.0591906290804354,91202.2,91137.3,,,
2024-11-16 18:01:00+00:00,90920.0,91061.3,90920.0,91000.4,174.578,90814.81089372437,-0.06426742706762488,91139.59515968633,90490.0266277624,649.5685319239274,0,91105.1,91275.2,0.0,0.0,0.0,0.0,0.3205620695376841,-1.0591906290804354,91202.2,91137.3,,,
2024-11-16 18:02:00+00:00,91000.4,91052.4,91000.4,91035.9,31.024,90814.74662629729,-0.06426742706762488,91139.53089225925,90489.96236033532,649.5685319239274,0,91105.1,91275.2,0.0,0.0,0.0,0.0,0.3205620695376841,-1.0591906290804354,91202.2,91137.3,,,
2024-11-16 18:03:00+00:00,91035.9,91087.7,91035.9,91082.8,37.396,90814.68235887022,-0.06426742706762488,91139.46662483219,90489.89809290826,649.5685319239274,0,91105.1,91275.2,0.0,0.0,0.0,0.0,0.3205620695376841,-1.0591906290804354,91202.2,91137.3,,,
2024-11-16 18:04:00+00:00,91082.8,91087.7,91048.6,91087.7,22.559,90814.61809144316,-0.06426742706762488,91139.40235740512,90489.8338254812,649.5685319239274,0,91105.1,91275.2,0.0,0.0,0.0,0.0,0.3205620695376841,-1.0591906290804354,91202.2,91137.3,,,
2024-11-16 18:05:00+00:00,91087.7,91214.4,91087.7,91124.7,256.271,90814.5538240161,-0.06426742706762488,91139.33808997806,90489.76955805413,649.5685319239274,0,91105.1,91275.2,0.0,0.0,0.0,0.0,0.3205620695376841,-1.0591906290804354,91202.2,91137.3,,,
2024-11-16 18:06:00+00:00,91124.7,91218.5,91124.7,91163.6,87.811,90814.48955658902,-0.06426742706762488,91139.27382255098,90489.70529062705,649.5685319239274,0,91105.1,91275.2,0.0,0.0,0.0,0.0,0.3205620695376841,-1.0591906290804354,91202.2,91137.3,,,
2024-11-16 18:07:00+00:00,91163.6,91199.8,91150.1,91164.5,35.354,90814.42528916195,-0.06426742706762488,91139.20955512392,90489.64102319999,649.5685319239274,0,91105.1,91275.2,0.0,0.0,0.0,0.0,0.3205620695376841,-1.0591906290804354,91202.2,91137.3,,,
2024-11-16 18:08:00+00:00,91164.5,91199.8,91161.7,91199.2,33.436,90814.36102173489,-0.06426742706762488,91139.14528769685,90489.57675577293,649.5685319239274,0,91105.1,91275.2,0.0,0.0,0.0,0.0,0.3205620695376841,-1.0591906290804354,91202.2,91137.3,,,
2024-11-16 18:09:00+00:00,91199.2,91199.2,91125.0,91173.5,28.868,90814.29675430783,-0.06426742706762488,91139.08102026979,90489.51248834586,649.5685319239274,0,91105.1,91275.2,0.0,0.0,0.0,0.0,0.3205620695376841,-1.0591906290804354,91202.2,91137.3,,,
2024-11-16 18:10:00+00:00,91173.5,91232.8,91173.4,91230.7,89.975,90814.23248688075,-0.06426742706762488,91139.01675284271,90489.44822091878,649.5685319239274,0,91105.1,91275.2,0.0,0.0,0.0,0.0,0.3205620695376841,-1.0591906290804354,91202.2,91137.3,,,
2024-11-16 18:11:00+00:00,91230.7,91230.8,91179.7,91201.6,33.039,90814.16821945368,-0.06426742706762488,91138.95248541565,90489.38395349172,649.5685319239274,0,91105.1,91275.2,0.0,0.0,0.0,0.0,0.3205620695376841,-1.0591906290804354,91202.2,91137.3,,,
2024-11-16 18:12:00+00:00,91201.6,91230.3,91180.6,91222.6,28.532,90814.10395202662,-0.06426742706762488,91138.88821798858,90489.31968606466,649.5685319239274,0,91105.1,91275.2,0.0,0.0,0.0,0.0,0.3205620695376841,-1.0591906290804354,91202.2,91137.3,,,
2024-11-16 18:13:00+00:00,91222.6,91261.4,91220.0,91220.0,73.916,90814.03968459956,-0.06426742706762488,91138.82395056152,90489.2554186376,649.5685319239274,0,91105.1,91275.2,0.0,0.0,0.0,0.0,0.3205620695376841,-1.0591906290804354,91202.2,91137.3,,,
2024-11-16 18:14:00+00:00,91220.0,91226.9,91161.9,91178.7,48.092,90813.97541717248,-0.06426742706762488,91138.75968313444,90489.19115121051,649.5685319239274,0,91105.1,91275.2,0.0,0.0,0.0,0.0,0.3205620695376841,-1.0591906290804354,91202.2,91137.3,,,
2024-11-16 18:15:00+00:00,91178.7,91230.8,91178.7,91230.8,17.876,90813.91114974541,-0.06426742706762488,91138.69541570738,90489.12688378345,649.5685319239274,0,91105.1,91275.2,0.0,0.0,0.0,0.0,0.3205620695376841,-1.0591906290804354,91202.2,91137.3,,,
2024-11-16 18:16:00+00:00,91230.8,91278.7,91230.7,91259.0,41.824,90813.84688231835,-0.06426742706762488,91138.63114828031,90489.06261635639,649.5685319239274,0,91105.1,91275.2,0.0,0.0,0.0,0.0,0.3205620695376841,-1.0591906290804354,91202.2,91137.3,,,
2024-11-16 18:17:00+00:00,91259.0,91290.0,91252.1,91289.8,64.252,90813.78261489129,-0.06426742706762488,91138.56688085325,90488.99834892932,649.5685319239274,0,91105.1,91275.2,0.0,0.0,0.0,0.0,0.3205620695376841,-1.0591906290804354,91202.2,91137.3,,,
2024-11-16 18:18:00+00:00,91289.8,91339.9,91262.7,91262.9,113.914,90813.71834746421,-0.06426742706762488,91138.50261342617,90488.93408150224,649.5685319239274,1,91105.1,91275.2,201.3973865738226,0.0,0.31004794209675285,0.0,0.3205620695376841,-1.0591906290804354,91202.2,91137.3,,,
2024-11-16 18:19:00+00:00,91262.9,91263.0,91204.5,91227.7,18.861,90813.65408003714,-0.06426742706762488,91138.43834599911,90488.86981407518,649.5685319239274,0,91105.1,91275.2,0.0,0.0,0.0,0.0,0.3205620695376841,-1.0591906290804354,91202.2,91137.3,,,
2024-11-16 18:20:00+00:00,91227.7,91291.0,91220.0,91241.6,24.82,90813.58981261008,-0.06426742706762488,91138.37407857204,90488.80554664812,649.5685319239274,0,91105.1,91275.2,0.0,0.0,0.0,0.0,0.3205620695376841,-1.0591906290804354,91202.2,91137.3,,,
2024-11-16 18:21:00+00:00,91241.6,91249.5,91214.0,91214.0,20.052,90813.525545183,-0.06426742706762488,91138.30981114497,90488.74127922104,649.5685319239274,0,91105.1,91275.2,0.0,0.0,0.0,0.0,0.3205620695376841,-1.0591906290804354,91202.2,91137.3,,,
2024-11-16 18:22:00+00:00,91214.0,91230.8,91214.0,91223.2,7.986,90813.46127775594,-0.06426742706762488,91138.2455437179,90488.67701179397,649.5685319239274,0,91105.1,91275.2,0.0,0.0,0.0,0.0,0.3205620695376841,-1.0591906290804354,91202.2,91137.3,,,
2024-11-16 18:23:00+00:00,91223.2,91237.1,91174.6,91206.6,23.982,90813.39701032887,-0.06426742706762488,91138.18127629084,90488.61274436691,649.5685319239274,-1,91105.1,91275.2,0.0,-685.9872556330956,0.0,-1.0560660221659772,0.3205620695376841,-1.0591906290804354,91202.2,91137.3,,,
2024-11-16 18:24:00+00:00,91206.6,91243.5,91195.9,91196.0,13.543,90813.33274290181,-0.06426742706762488,91138.11700886377,90488.54847693985,649.5685319239274,0,91105.1,91275.2,0.0,0.0,0.0,0.0,0.3205620695376841,-1.0591906290804354,91202.2,91137.3,,,
2024-11-16 18:25:00+00:00,91196.0,91255.2,91190.1,91190.2,21.275,90813.26847547473,-0.06426742706762488,91138.0527414367,90488.48420951277,649.5685319239274,0,91105.1,91275.2,0.0,0.0,0.0,0.0,0.3205620695376841,-1.0591906290804354,91202.2,91137.3,,,
2024-11-16 18:26:00+00:00,91190.2,91218.5,91185.1,91185.1,13.77,90813.20420804767,-0.06426742706762488,91137.98847400963,90488.4199420857,649.5685319239274,0,91105.1,91275.2,0.0,0.0,0.0,0.0,0.3205620695376841,-1.0591906290804354,91202.2,91137.3,,,
2024-11-16 18:27:00+00:00,91185.1,91225.2,91176.3,91209.0,23.027,90813.1399406206,-0.06426742706762488,91137.92420658257,90488.35567465864,649.5685319239274,0,91105.1,91275.2,0.0,0.0,0.0,0.0,0.3205620695376841,-1.0591906290804354,91202.2,91137.3,,,
2024-11-16 18:28:00+00:00,91209.0,91247.7,91200.6,91247.7,20.769,90813.07567319354,-0.06426742706762488,91137.8599391555,90488.29140723158,649.5685319239274,0,91105.1,91275.2,0.0,0.0,0.0,0.0,0.3205620695376841,-1.0591906290804354,91202.2,91137.3,,,
2024-11-16 18:29:00+00:00,91247.7,91324.4,91247.6,91256.5,44.286,90813.01140576646,-0.06426742706762488,91137.79567172843,90488.2271398045,649.5685319239274,0,91105.1,91275.2,0.0,0.0,0.0,0.0,0.3205620695376841,-1.0591906290804354,91202.2,91137.3,,,
2024-11-16 18:30:00+00:00,91256.5,91413.3,91256.4,91381.5,182.384,90812.9471383394,-0.06426742706762488,91137.73140430136,90488.16287237743,649.5685319239274,0,91105.1,91275.2,0.0,0.0,0.0,0.0,0.3205620695376841,-1.0591906290804354,91202.2,91137.3,,,
2024-11-16 18:31:00+00:00,91381.5,91419.3,91311.4,91370.3,78.947,90812.88287091233,-0.06426742706762488,91137.6671368743,90488.09860495037,649.5685319239274,0,91105.1,91275.2,0.0,0.0,0.0,0.0,0.3205620695376841,-1.0591906290804354,91202.2,91137.3,,,
2024-11-16 18:32:00+00:00,91370.3,91370.3,91287.1,91346.3,24.306,90812.81860348527,-0.06426742706762488,91137.60286944723,90488.0343375233,649.5685319239274,0,91105.1,91275.2,0.0,0.0,0.0,0.0,0.3205620695376841,-1.0591906290804354,91202.2,91137.3,,,
2024-11-16 18:33:00+00:00,91346.3,91351.3,91298.9,91332.4,82.589,90812.75433605819,-0.06426742706762488,91137.53860202015,90487.97007009623,649.5685319239274,0,91105.1,91275.2,0.0,0.0,0.0,0.0,0.3205620695376841,-1.0591906290804354,91202.2,91137.3,,,
2024-11-16 18:34:00+00:00,91332.4,91335.0,91309.6,91332.0,24.93,90812.69006863113,-0.06426742706762488,91137.47433459309,90487.90580266916,649.5685319239274,0,91105.1,91275.2,0.0,0.0,0.0,0.0,0.3205620695376841,-1.0591906290804354,91202.2,91137.3,,,
2024-11-16 18:35:00+00:00,91332.0,91449.0,91320.9,91400.0,144.132,90812.62580120406,-0.06426742706762488,91137.41006716603,90487.8415352421,649.5685319239274,0,91105.1,91275.2,0.0,0.0,0.0,0.0,0.3205620695376841,-1.0591906290804354,91202.2,91137.3,,,
2024-11-16 18:36:00+00:00,91400.0,91476.0,91400.0,91476.0,140.705,90812.561533777,-0.06426742706762488,91137.34579973896,90487.77726781504,649.5685319239274,0,91105.1,91275.2,0.0,0.0,0.0,0.0,0.3205620695376841,-1.0591906290804354,91202.2,91137.3,,,
2024-11-16 18:37:00+00:00,91476.0,91491.9,91402.5,91418.1,58.749,90812.49726634992,-0.06426742706762488,91137.28153231188,90487.71300038796,649.5685319239274,1,91105.1,91275.2,354.6184676881094,0.0,0.5459292595929504,0.0,0.3205620695376841,-1.0591906290804354,91202.2,91137.3,,,
2024-11-16 18:38:00+00:00,91418.1,91454.2,91400.1,91438.2,32.16,90812.43299892286,-0.06426742706762488,91137.21726488482,90487.6487329609,649.5685319239274,0,91105.1,91275.2,0.0,0.0,0.0,0.0,0.3205620695376841,-1.0591906290804354,91202.2,91137.3,,,
2024-11-16 18:39:00+00:00,91438.2,91467.7,91420.4,91432.7,40.353,90812.3687314958,-0.06426742706762488,91137.15299745776,90487.58446553383,649.5685319239274,0,91105.1,91275.2,0.0,0.0,0.0,0.0,0.3205620695376841,-1.0591906290804354,91202.2,91137.3,,,
2024-11-16 18:40:00+00:00,91432.7,91474.9,91432.6,91464.0,22.247,90812.30446406873,-0.06426742706762488,91137.0887300307,90487.52019810677,649.5685319239274,0,91105.1,91275.2,0.0,0.0,0.0,0.0,0.3205620695376841,-1.0591906290804354,91202.2,91137.3,,,
2024-11-16 18:41:00+00:00,91464.0,91464.0,91392.5,91392.5,21.005,90812.24019664165,-0.06426742706762488,91137.02446260361,90487.45593067969,649.5685319239274,0,91105.1,91275.2,0.0,0.0,0.0,0.0,0.3205620695376841,-1.0591906290804354,91202.2,91137.3,,,
2024-11-16 18:42:00+00:00,91392.5,91428.9,91392.5,91406.8,11.356,90812.17592921459,-0.06426742706762488,91136.96019517655,90487.39166325262,649.5685319239274,0,91105.1,91275.2,0.0,0.0,0.0,0.0,0.3205620695376841,-1.0591906290804354,91202.2,91137.3,,,
2024-11-16 18:43:00+00:00,91406.8,91411.2,91380.5,91393.6,9.65,90812.11166178752,-0.06426742706762488,91136.89592774949,90487.32739582556,649.5685319239274,0,91105.1,91275.2,0.0,0.0,0.0,0.0,0.3205620695376841,-1.0591906290804354,91202.2,91137.3,,,
2024-11-16 18:44:00+00:00,91393.6,91393.6,91353.0,91374.2,34.483,90812.04739436046,-0.06426742706762488,91136.83166032242,90487.2631283985,649.5685319239274,0,91105.1,91275.2,0.0,0.0,0.0,0.0,0.3205620695376841,-1.0591906290804354,91202.2,91137.3,,,
2024-11-16 18:45:00+00:00,91374.2,91405.0,91356.0,91405.0,16.614,90811.98312693338,-0.06426742706762488,91136.76739289534,90487.19886097142,649.5685319239274,0,91105.1,91275.2,0.0,0.0,0.0,0.0,0.3205620695376841,-1.0591906290804354,91202.2,91137.3,,,
2024-11-16 18:46:00+00:00,91405.0,91424.9,91346.1,91346.1,12.993,90811.91885950632,-0.06426742706762488,91136.70312546828,90487.13459354435,649.5685319239274,0,91105.1,91275.2,0.0,0.0,0.0,0.0,0.3205620695376841,-1.0591906290804354,91202.2,91137.3,,,
2024-11-16 18:47:00+00:00,91346.1,91349.9,91306.6,91306.6,21.372,90811.85459207925,-0.06426742706762488,91136.63885804122,90487.07032611729,649.5685319239274,0,91105.1,91275.2,0.0,0.0,0.0,0.0,0.3205620695376841,-1.0591906290804354,91202.2,91137.3,,,
2024-11-16 18:48:00+00:00,91306.6,91333.6,91290.9,91307.5,23.237,90811.79032465219,-0.06426742706762488,91136.57459061415,90487.00605869023,649.5685319239274,-1,91105.1,91275.2,0.0,-803.8939413097687,0.0,-1.2375814125859084,0.3205620695376841,-1.0591906290804354,91202.2,91137.3,,,
2024-11-16 18:49:00+00:00,91307.5,91375.4,91300.1,91364.7,15.313,90811.72605722511,-0.06426742706762488,91136.51032318707,90486.94179126315,649.5685319239274,0,91105.1,91275.2,0.0,0.0,0.0,0.0,0.3205620695376841,-1.0591906290804354,91202.2,91137.3,,,
2024-11-16 18:50:00+00:00,91364.7,91413.7,91363.4,91363.5,82.739,90811.66178979805,-0.06426742706762488,91136.44605576001,90486.87752383608,649.5685319239274,0,91105.1,91275.2,0.0,0.0,0.0,0.0,0.3205620695376841,-1.0591906290804354,91202.2,91137.3,,,
2024-11-16 18:51:00+00:00,91363.5,91413.3,91360.6,91394.4,16.454,90811.59752237098,-0.06426742706762488,91136.38178833295,90486.81325640902,649.5685319239274,0,91105.1,91275.2,0.0,0.0,0.0,0.0,0.3205620695376841,-1.0591906290804354,91202.2,91137.3,,,
2024-11-16 18:52:00+00:00,91394.4,91416.0,91394.4,91416.0,11.408,90811.53325494392,-0.06426742706762488,91136.31752090588,90486.74898898196,649.5685319239274,0,91105.1,91275.2,0.0,0.0,0.0,0.0,0.3205620695376841,-1.0591906290804354,91202.2,91137.3,,,
2024-11-16 18:53:00+00:00,91416.0,91449.2,91381.7,91449.2,22.669,90811.46898751684,-0.06426742706762488,91136.2532534788,90486.68472155488,649.5685319239274,0,91105.1,91275.2,0.0,0.0,0.0,0.0,0.3205620695376841,-1.0591906290804354,91202.2,91137.3,,,
2024-11-16 18:54:00+00:00,91449.2,91449.2,91411.2,91446.9,15.236,90811.40472008978,-0.06426742706762488,91136.18898605174,90486.62045412781,649.5685319239274,0,91105.1,91275.2,0.0,0.0,0.0,0.0,0.3205620695376841,-1.0591906290804354,91202.2,91137.3,,,
2024-11-16 18:55:00+00:00,91446.9,91446.9,91420.7,91421.1,9.132,90811.34045266271,-0.06426742706762488,91136.12471862468,90486.55618670075,649.5685319239274,0,91105.1,91275.2,0.0,0.0,0.0,0.0,0.3205620695376841,-1.0591906290804354,91202.2,91137.3,,,
2024-11-16 18:56:00+00:00,91421.1,91449.9,91419.8,91449.9,11.165,90811.27618523565,-0.06426742706762488,91136.06045119761,90486.49191927369,649.5685319239274,1,91105.1,91275.2,313.8395488023816,0.0,0.4831507891443488,0.0,0.3205620695376841,-1.0591906290804354,91202.2,91137.3,,,
2024-11-16 18:57:00+00:00,91449.9,91449.9,91401.9,91408.2,9.044,90811.21191780857,-0.06426742706762488,91135.99618377053,90486.4276518466,649.5685319239274,1,91105.1,91275.2,313.90381622946006,0.0,0.4832497277842612,0.0,0.3205620695376841,-1.0591906290804354,91202.2,91137.3,,,
2024-11-16 18:58:00+00:00,91408.2,91408.2,91372.5,91378.5,11.16,90811.1476503815,-0.06426742706762488,91135.93191634347,90486.36338441954,649.5685319239274,0,91105.1,91275.2,0.0,0.0,0.0,0.0,0.3205620695376841,-1.0591906290804354,91202.2,91137.3,,,
2024-11-16 18:59:00+00:00,91378.5,91417.4,91372.2,91379.9,25.651,90811.08338295444,-0.06426742706762488,91135.8676489164,90486.29911699248,649.5685319239274,0,91105.1,91275.2,0.0,0.0,0.0,0.0,0.3205620695376841,-1.0591906290804354,91202.2,91137.3,,,
2024-11-16 19:00:00+00:00,91379.9,91414.3,91343.0,91343.1,12.363,90811.01911552738,-0.06426742706762488,91135.80338148934,90486.23484956542,649.5685319239274,0,91105.1,91275.2,0.0,0.0,0.0,0.0,0.3205620695376841,-1.0591906290804354,91202.2,91137.3,,,
2024-11-16 19:01:00+00:00,91343.1,91343.1,91258.6,91264.4,51.556,90810.9548481003,-0.06426742706762488,91135.73911406226,90486.17058213834,649.5685319239274,0,91105.1,91275.2,0.0,0.0,0.0,0.0,0.3205620695376841,-1.0591906290804354,91202.2,91137.3,,,
2024-11-16 19:02:00+00:00,91264.4,91290.0,91229.0,91229.1,50.987,90810.89058067324,-0.06426742706762488,91135.6748466352,90486.10631471127,649.5685319239274,0,91105.1,91275.2,0.0,0.0,0.0,0.0,0.3205620695376841,-1.0591906290804354,91202.2,91137.3,,,
2024-11-16 19:03:00+00:00,91229.1,91286.7,91205.8,91270.3,45.52,90810.82631324617,-0.06426742706762488,91135.61057920814,90486.04204728421,649.5685319239274,-1,91105.1,91275.2,0.0,-719.7579527157941,0.0,-1.1080554511838434,0.3205620695376841,-1.0591906290804354,91202.2,91137.3,,,
2024-11-16 19:04:00+00:00,91270.3,91270.3,91227.3,91227.4,18.403,90810.7620458191,-0.06426742706762488,91135.54631178106,90485.97777985713,649.5685319239274,0,91105.1,91275.2,0.0,0.0,0.0,0.0,0.3205620695376841,-1.0591906290804354,91202.2,91137.3,,,
2024-11-16 19:05:00+00:00,91227.4,91340.0,91227.4,91306.0,46.384,90810.69777839203,-0.06426742706762488,91135.482044354,90485.91351243007,649.5685319239274,0,91105.1,91275.2,0.0,0.0,0.0,0.0,0.3205620695376841,-1.0591906290804354,91202.2,91137.3,,,
2024-11-16 19:06:00+00:00,91306.0,91338.7,91284.5,91338.6,41.02,90810.63351096497,-0.06426742706762488,91135.41777692693,90485.849245003,649.5685319239274,0,91105.1,91275.2,0.0,0.0,0.0,0.0,0.3205620695376841,-1.0591906290804354,91202.2,91137.3,,,
2024-11-16 19:07:00+00:00,91338.6,91408.5,91337.4,91408.5,19.759,90810.5692435379,-0.06426742706762488,91135.35350949987,90485.78497757594,649.5685319239274,0,91105.1,91275.2,0.0,0.0,0.0,0.0,0.3205620695376841,-1.0591906290804354,91202.2,91137.3,,,
2024-11-16 19:08:00+00:00,91408.5,91429.9,91303.5,91304.5,60.962,90810.50497611082,-0.06426742706762488,91135.28924207279,90485.72071014886,649.5685319239274,1,91105.1,91275.2,294.6107579272066,0.0,0.4535483839628321,0.0,0.3205620695376841,-1.0591906290804354,91202.2,91137.3,,,
2024-11-16 19:09:00+00:00,91304.5,91370.5,91255.5,91356.2,54.95,90810.44070868376,-0.06426742706762488,91135.22497464572,90485.6564427218,649.5685319239274,0,91105.1,91275.2,0.0,0.0,0.0,0.0,0.3205620695376841,-1.0591906290804354,91202.2,91137.3,,,
2024-11-16 19:10:00+00:00,91356.2,91356.2,91314.3,91318.5,15.229,90810.3764412567,-0.06426742706762488,91135.16070721866,90485.59217529473,649.5685319239274,0,91105.1,91275.2,0.0,0.0,0.0,0.0,0.3205620695376841,-1.0591906290804354,91202.2,91137.3,,,
2024-11-16 19:11:00+00:00,91318.5,91336.3,91299.5,91319.0,21.574,90810.31217382963,-0.06426742706762488,91135.0964397916,90485.52790786767,649.5685319239274,0,91105.1,91275.2,0.0,0.0,0.0,0.0,0.3205620695376841,-1.0591906290804354,91202.2,91137.3,,,
2024-11-16 19:12:00+00:00,91319.0,91323.4,91294.7,91302.4,8.036,90810.24790640255,-0.06426742706762488,91135.03217236452,90485.46364044059,649.5685319239274,0,91105.1,91275.2,0.0,0.0,0.0,0.0,0.3205620695376841,-1.0591906290804354,91202.2,91137.3,,,
2024-11-16 19:13:00+00:00,91302.4,91310.1,91267.8,91291.2,8.826,90810.18363897549,-0.06426742706762488,91134.96790493745,90485.39937301353,649.5685319239274,0,91105.1,91275.2,0.0,0.0,0.0,0.0,0.3205620695376841,-1.0591906290804354,91202.2,91137.3,,,
2024-11-16 19:14:00+00:00,91291.2,91309.9,91291.2,91309.9,2.114,90810.11937154843,-0.06426742706762488,91134.90363751039,90485.33510558646,649.5685319239274,0,91105.1,91275.2,0.0,0.0,0.0,0.0,0.3205620695376841,-1.0591906290804354,91202.2,91137.3,,,
2024-11-16 19:15:00+00:00,91309.9,91309.9,91235.3,91235.4,19.729,90810.05510412136,-0.06426742706762488,91134.83937008333,90485.2708381594,649.5685319239274,0,91105.1,91275.2,0.0,0.0,0.0,0.0,0.3205620695376841,-1.0591906290804354,91202.2,91137.3,,,
2024-11-16 19:16:00+00:00,91235.4,91254.9,91205.8,91247.1,71.903,90809.99083669428,-0.06426742706762488,91134.77510265625,90485.20657073232,649.5685319239274,0,91105.1,91275.2,0.0,0.0,0.0,0.0,0.3205620695376841,-1.0591906290804354,91202.2,91137.3,,,
2024-11-16 19:17:00+00:00,91247.1,91305.6,91183.1,91196.9,86.244,90809.92656926722,-0.06426742706762488,91134.71083522918,90485.14230330526,649.5685319239274,0,91105.1,91275.2,0.0,0.0,0.0,0.0,0.3205620695376841,-1.0591906290804354,91202.2,91137.3,,,
2024-11-16 19:18:00+00:00,91196.9,91209.2,91168.3,91171.3,58.516,90809.86230184016,-0.06426742706762488,91134.64656780212,90485.07803587819,649.5685319239274,0,91105.1,91275.2,0.0,0.0,0.0,0.0,0.3205620695376841,-1.0591906290804354,91202.2,91137.3,,,
2024-11-16 19:19:00+00:00,91171.3,91173.2,91146.4,91150.1,33.679,90809.79803441309,-0.06426742706762488,91134.58230037506,90485.01376845113,649.5685319239274,0,91105.1,91275.2,0.0,0.0,0.0,0.0,0.3205620695376841,-1.0591906290804354,91202.2,91137.3,,,
2024-11-16 19:20:00+00:00,91150.1,91213.5,91122.8,91213.5,27.421,90809.73376698601,-0.06426742706762488,91134.51803294798,90484.94950102405,649.5685319239274,0,91105.1,91275.2,0.0,0.0,0.0,0.0,0.3205620695376841,-1.0591906290804354,91202.2,91137.3,,,
2024-11-16 19:21:00+00:00,91213.5,91213.5,91124.2,91147.7,102.295,90809.66949955895,-0.06426742706762488,91134.45376552091,90484.88523359699,649.5685319239274,0,91105.1,91275.2,0.0,0.0,0.0,0.0,0.3205620695376841,-1.0591906290804354,91202.2,91137.3,,,
2024-11-16 19:22:00+00:00,91147.7,91159.0,91084.3,91105.2,126.485,90809.60523213189,-0.06426742706762488,91134.38949809385,90484.82096616992,649.5685319239274,0,91105.1,91275.2,0.0,0.0,0.0,0.0,0.3205620695376841,-1.0591906290804354,91202.2,91137.3,,,
2024-11-16 19:23:00+00:00,91105.2,91146.3,91060.0,91081.1,53.193,90809.54096470482,-0.06426742706762488,91134.32523066679,90484.75669874286,649.5685319239274,0,91105.1,91275.2,0.0,0.0,0.0,0.0,0.3205620695376841,-1.0591906290804354,91202.2,91137.3,,,
2024-11-16 19:24:00+00:00,91081.1,91160.0,91081.1,91148.9,22.474,90809.47669727774,-0.06426742706762488,91134.2609632397,90484.69243131578,649.5685319239274,0,91105.1,91275.2,0.0,0.0,0.0,0.0,0.3205620695376841,-1.0591906290804354,91202.2,91137.3,,,
2024-11-16 19:25:00+00:00,91148.9,91157.4,91082.1,91093.2,47.57,90809.41242985068,-0.06426742706762488,91134.19669581264,90484.62816388872,649.5685319239274,0,91105.1,91275.2,0.0,0.0,0.0,0.0,0.3205620695376841,-1.0591906290804354,91202.2,91137.3,,,
2024-11-16 19:26:00+00:00,91093.2,91095.3,91063.6,91072.2,26.56,90809.34816242362,-0.06426742706762488,91134.13242838558,90484.56389646165,649.5685319239274,0,91105.1,91275.2,0.0,0.0,0.0,0.0,0.3205620695376841,-1.0591906290804354,91202.2,91137.3,,,
2024-11-16 19:27:00+00:00,91072.2,91126.2,91071.2,91071.3,13.232,90809.28389499655,-0.06426742706762488,91134.06816095852,90484.49962903459,649.5685319239274,0,91105.1,91275.2,0.0,0.0,0.0,0.0,0.3205620695376841,-1.0591906290804354,91202.2,91137.3,,,
2024-11-16 19:28:00+00:00,91071.3,91150.5,91036.7,91084.4,44.311,90809.21962756947,-0.06426742706762488,91134.00389353144,90484.43536160751,649.5685319239274,-1,91105.1,91275.2,0.0,-552.2646383924875,0.0,-0.8502022669675209,0.3205620695376841,-1.0591906290804354,91202.2,91137.3,,,
2024-11-16 19:29:00+00:00,91084.4,91113.7,91061.1,91091.3,39.229,90809.15536014241,-0.06426742706762488,91133.93962610437,90484.37109418045,649.5685319239274,0,91105.1,91275.2,0.0,0.0,0.0,0.0,0.3205620695376841,-1.0591906290804354,91202.2,91137.3,,,
2024-11-16 19:30:00+00:00,91091.3,91162.9,91076.1,91076.6,13.015,90809.09109271535,-0.06426742706762488,91133.87535867731,90484.30682675338,649.5685319239274,0,91105.1,91275.2,0.0,0.0,0.0,0.0,0.3205620695376841,-1.0591906290804354,91202.2,91137.3,,,
2024-11-16 19:31:00+00:00,91076.6,91107.7,91045.3,91092.1,21.495,90809.02682528828,-0.06426742706762488,91133.81109125025,90484.24255932632,649.5685319239274,0,91105.1,91275.2,0.0,0.0,0.0,0.0,0.3205620695376841,-1.0591906290804354,91202.2,91137.3,,,
2024-11-16 19:32:00+00:00,91092.1,91117.4,91080.6,91108.7,24.561,90808.9625578612,-0.06426742706762488,91133.74682382317,90484.17829189924,649.5685319239274,0,91105.1,91275.2,0.0,0.0,0.0,0.0,0.3205620695376841,-1.0591906290804354,91202.2,91137.3,,,
2024-11-16 19:33:00+00:00,91108.7,91116.8,91094.8,91116.8,4.987,90808.89829043414,-0.06426742706762488,91133.6825563961,90484.11402447218,649.5685319239274,0,91105.1,91275.2,0.0,0.0,0.0,0.0,0.3205620695376841,-1.0591906290804354,91202.2,91137.3,,,
2024-11-16 19:34:00+00:00,91116.8,91181.2,91112.2,91164.4,36.739,90808.83402300708,-0.06426742706762488,91133.61828896904,90484.04975704511,649.5685319239274,0,91105.1,91275.2,0.0,0.0,0.0,0.0,0.3205620695376841,-1.0591906290804354,91202.2,91137.3,,,
2024-11-16 19:35:00+00:00,91164.4,91196.3,91157.6,91157.6,19.966,90808.76975558001,-0.06426742706762488,91133.55402154198,90483.98548961805,649.5685319239274,0,91105.1,91275.2,0.0,0.0,0.0,0.0,0.3205620695376841,-1.0591906290804354,91202.2,91137.3,,,
2024-11-16 19:36:00+00:00,91157.6,91208.9,91157.5,91200.0,14.868,90808.70548815293,-0.06426742706762488,91133.4897541149,90483.92122219097,649.5685319239274,1,91105.1,91275.2,75.41024588509754,0.0,0.11609282497374585,0.0,0.3205620695376841,-1.0591906290804354,91202.2,91137.3,,,
2024-11-16 19:37:00+00:00,91200.0,91200.1,91129.4,91139.6,18.558,90808.64122072587,-0.06426742706762488,91133.42548668783,90483.8569547639,649.5685319239274,0,91105.1,91275.2,0.0,0.0,0.0,0.0,0.3205620695376841,-1.0591906290804354,91202.2,91137.3,,,
2024-11-16 19:38:00+00:00,91139.6,91139.8,91050.2,91050.3,26.86,90808.5769532988,-0.06426742706762488,91133.36121926077,90483.79268733684,649.5685319239274,0,91105.1,91275.2,0.0,0.0,0.0,0.0,0.3205620695376841,-1.0591906290804354,91202.2,91137.3,,,
2024-11-16 19:39:00+00:00,91050.3,91107.8,91032.0,91107.8,29.47,90808.51268587174,-0.06426742706762488,91133.2969518337,90483.72841990978,649.5685319239274,-1,91105.1,91275.2,0.0,-548.2715800902224,0.0,-0.844055019824193,0.3205620695376841,-1.0591906290804354,91202.2,91137.3,,,
2024-11-16 19:40:00+00:00,91107.8,91136.9,91107.7,91125.6,8.99,90808.44841844466,-0.06426742706762488,91133.23268440663,90483.6641524827,649.5685319239274,0,91105.1,91275.2,0.0,0.0,0.0,0.0,0.3205620695376841,-1.0591906290804354,91202.2,91137.3,,,
2024-11-16 19:41:00+00:00,91125.6,91125.7,91100.3,91120.1,6.554,90808.3841510176,-0.06426742706762488,91133.16841697956,90483.59988505564,649.5685319239274,0,91105.1,91275.2,0.0,0.0,0.0,0.0,0.3205620695376841,-1.0591906290804354,91202.2,91137.3,,,
2024-11-16 19:42:00+00:00,91120.1,91174.0,91120.1,91144.4,5.31,90808.31988359054,-0.06426742706762488,91133.1041495525,90483.53561762857,649.5685319239274,0,91105.1,91275.2,0.0,0.0,0.0,0.0,0.3205620695376841,-1.0591906290804354,91202.2,91137.3,,,
2024-11-16 19:43:00+00:00,91144.4,91173.9,91124.8,91173.8,7.807,90808.25561616346,-0.06426742706762488,91133.03988212542,90483.4713502015,649.5685319239274,0,91105.1,91275.2,0.0,0.0,0.0,0.0,0.3205620695376841,-1.0591906290804354,91202.2,91137.3,,,
2024-11-16 19:44:00+00:00,91173.8,91195.1,91149.0,91149.1,16.718,90808.19134873639,-0.06426742706762488,91132.97561469836,90483.40708277443,649.5685319239274,1,91105.1,91275.2,62.124385301649454,0.0,0.09563946257933105,0.0,0.3205620695376841,-1.0591906290804354,91202.2,91137.3,,,
2024-11-16 19:45:00+00:00,91149.1,91190.3,91134.5,91140.2,10.93,90808.12708130933,-0.06426742706762488,91132.91134727129,90483.34281534737,649.5685319239274,0,91105.1,91275.2,0.0,0.0,0.0,0.0,0.3205620695376841,-1.0591906290804354,91202.2,91137.3,,,
2024-11-16 19:46:00+00:00,91140.2,91163.2,91123.5,91137.0,29.677,90808.06281388226,-0.06426742706762488,91132.84707984423,90483.2785479203,649.5685319239274,0,91105.1,91275.2,0.0,0.0,0.0,0.0,0.3205620695376841,-1.0591906290804354,91202.2,91137.3,,,
2024-11-16 19:47:00+00:00,91137.0,91141.8,91110.9,91125.1,3.519,90807.99854645519,-0.06426742706762488,91132.78281241715,90483.21428049322,649.5685319239274,0,91105.1,91275.2,0.0,0.0,0.0,0.0,0.3205620695376841,-1.0591906290804354,91202.2,91137.3,,,
2024-11-16 19:48:00+00:00,91125.1,91142.6,91120.2,91139.6,2.493,90807.93427902812,-0.06426742706762488,91132.71854499009,90483.15001306616,649.5685319239274,0,91105.1,91275.2,0.0,0.0,0.0,0.0,0.3205620695376841,-1.0591906290804354,91202.2,91137.3,,,
2024-11-16 19:49:00+00:00,91139.6,91150.0,91130.4,91150.0,3.266,90807.87001160106,-0.06426742706762488,91132.65427756302,90483.0857456391,649.5685319239274,0,91105.1,91275.2,0.0,0.0,0.0,0.0,0.3205620695376841,-1.0591906290804354,91202.2,91137.3,,,
2024-11-16 19:50:00+00:00,91150.0,91150.0,91100.0,91100.0,14.761,90807.805744174,-0.06426742706762488,91132.59001013596,90483.02147821203,649.5685319239274,-1,91105.1,91275.2,0.0,-616.9785217879689,0.0,-0.9498282189880234,0.3205620695376841,-1.0591906290804354,91202.2,91137.3,,,
2024-11-16 19:51:00+00:00,91100.0,91128.3,91100.0,91128.2,6.285,90807.74147674692,-0.06426742706762488,91132.52574270888,90482.95721078495,649.5685319239274,-1,91105.1,91275.2,0.0,-617.0427892150474,0.0,-0.9499271576279358,0.3205620695376841,-1.0591906290804354,91202.2,91137.3,,,
2024-11-16 19:52:00+00:00,91128.2,91177.4,91128.2,91177.4,14.855,90807.67720931985,-0.06426742706762488,91132.46147528182,90482.89294335789,649.5685319239274,0,91105.1,91275.2,0.0,0.0,0.0,0.0,0.3205620695376841,-1.0591906290804354,91202.2,91137.3,,,
2024-11-16 19:53:00+00:00,91177.4,91226.8,91153.5,91226.8,20.421,90807.61294189279,-0.06426742706762488,91132.39720785475,90482.82867593082,649.5685319239274,0,91105.1,91275.2,0.0,0.0,0.0,0.0,0.3205620695376841,-1.0591906290804354,91202.2,91137.3,,,
2024-11-16 19:54:00+00:00,91226.8,91262.8,91189.7,91212.4,36.331,90807.54867446572,-0.06426742706762488,91132.33294042769,90482.76440850376,649.5685319239274,1,91105.1,91275.2,130.4670595723146,0.0,0.2008518780703403,0.0,0.3205620695376841,-1.0591906290804354,91202.2,91137.3,,,
2024-11-16 19:55:00+00:00,91212.4,91212.4,91136.6,91136.6,13.326,90807.48440703865,-0.06426742706762488,91132.26867300061,90482.70014107668,649.5685319239274,0,91105.1,91275.2,0.0,0.0,0.0,0.0,0.3205620695376841,-1.0591906290804354,91202.2,91137.3,,,
2024-11-16 19:56:00+00:00,91136.6,91147.0,91127.8,91136.1,9.034,90807.42013961158,-0.06426742706762488,91132.20440557355,90482.63587364962,649.5685319239274,0,91105.1,91275.2,0.0,0.0,0.0,0.0,0.3205620695376841,-1.0591906290804354,91202.2,91137.3,,,
2024-11-16 19:57:00+00:00,91136.1,91211.9,91136.1,91191.9,13.711,90807.35587218452,-0.06426742706762488,91132.14013814648,90482.57160622255,649.5685319239274,0,91105.1,91275.2,0.0,0.0,0.0,0.0,0.3205620695376841,-1.0591906290804354,91202.2,91137.3,,,
2024-11-16 19:58:00+00:00,91191.9,91191.9,91178.3,91178.4,10.49,90807.29160475745,-0.06426742706762488,91132.07587071942,90482.50733879549,649.5685319239274,0,91105.1,91275.2,0.0,0.0,0.0,0.0,0.3205620695376841,-1.0591906290804354,91202.2,91137.3,,,
2024-11-16 19:59:00+00:00,91178.4,91207.8,91178.3,91207.8,10.081,90807.22733733038,-0.06426742706762488,91132.01160329234,90482.44307136841,649.5685319239274,0,91105.1,91275.2,0.0,0.0,0.0,0.0,0.3205620695376841,-1.0591906290804354,91202.2,91137.3,,,
2024-11-16 20:00:00+00:00,91207.8,91234.4,91191.2,91193.7,21.946,90807.16306990331,-0.06426742706762488,91131.94733586528,90482.37880394135,649.5685319239274,0,91105.1,91275.2,0.0,0.0,0.0,0.0,0.3205620695376841,-1.0591906290804354,91202.2,91137.3,,,
2024-11-16 20:01:00+00:00,91193.7,91221.9,91178.6,91178.6,9.821,90807.09880247625,-0.06426742706762488,91131.88306843821,90482.31453651428,649.5685319239274,0,91105.1,91275.2,0.0,0.0,0.0,0.0,0.3205620695376841,-1.0591906290804354,91202.2,91137.3,,,
2024-11-16 20:02:00+00:00,91178.6,91178.7,91130.1,91158.2,34.466,90807.03453504918,-0.06426742706762488,91131.81880101115,90482.25026908722,649.5685319239274,0,91105.1,91275.2,0.0,0.0,0.0,0.0,0.3205620695376841,-1.0591906290804354,91202.2,91137.3,,,
2024-11-16 20:03:00+00:00,91158.2,91217.1,91158.2,91174.9,12.445,90806.9702676221,-0.06426742706762488,91131.75453358407,90482.18600166014,649.5685319239274,0,91105.1,91275.2,0.0,0.0,0.0,0.0,0.3205620695376841,-1.0591906290804354,91202.2,91137.3,,,
2024-11-16 20:04:00+00:00,91174.9,91224.3,91174.9,91222.0,25.475,90806.90600019504,-0.06426742706762488,91131.690266157,90482.12173423308,649.5685319239274,0,91105.1,91275.2,0.0,0.0,0.0,0.0,0.3205620695376841,-1.0591906290804354,91202.2,91137.3,,,
2024-11-16 20:05:00+00:00,91222.0,91266.0,91176.2,91178.7,43.277,90806.84173276798,-0.06426742706762488,91131.62599872994,90482.05746680601,649.5685319239274,1,91105.1,91275.2,134.37400127005822,0.0,0.2068665501268388,0.0,0.3205620695376841,-1.0591906290804354,91202.2,91137.3,,,
2024-11-16 20:06:00+00:00,91178.7,91184.6,91129.4,91129.4,22.889,90806.77746534091,-0.06426742706762488,91131.56173130288,90481.99319937895,649.5685319239274,0,91105.1,91275.2,0.0,0.0,0.0,0.0,0.3205620695376841,-1.0591906290804354,91202.2,91137.3,,,
2024-11-16 20:07:00+00:00,91129.4,91169.2,91115.6,91169.2,24.827,90806.71319791384,-0.06426742706762488,91131.4974638758,90481.92893195187,649.5685319239274,0,91105.1,91275.2,0.0,0.0,0.0,0.0,0.3205620695376841,-1.0591906290804354,91202.2,91137.3,,,
2024-11-16 20:08:00+00:00,91169.2,91184.0,91111.0,91183.8,16.216,90806.64893048677,-0.06426742706762488,91131.43319644874,90481.86466452481,649.5685319239274,0,91105.1,91275.2,0.0,0.0,0.0,0.0,0.3205620695376841,-1.0591906290804354,91202.2,91137.3,,,
2024-11-16 20:09:00+00:00,91183.8,91199.9,91150.6,91150.7,5.809,90806.58466305971,-0.06426742706762488,91131.36892902167,90481.80039709774,649.5685319239274,0,91105.1,91275.2,0.0,0.0,0.0,0.0,0.3205620695376841,-1.0591906290804354,91202.2,91137.3,,,
2024-11-16 20:10:00+00:00,91150.7,91150.7,91066.0,91093.9,25.058,90806.52039563264,-0.06426742706762488,91131.30466159461,90481.73612967068,649.5685319239274,0,91105.1,91275.2,0.0,0.0,0.0,0.0,0.3205620695376841,-1.0591906290804354,91202.2,91137.3,,,
2024-11-16 20:11:00+00:00,91093.9,91100.0,91070.7,91092.3,40.031,90806.45612820557,-0.06426742706762488,91131.24039416753,90481.6718622436,649.5685319239274,0,91105.1,91275.2,0.0,0.0,0.0,0.0,0.3205620695376841,-1.0591906290804354,91202.2,91137.3,,,
2024-11-16 20:12:00+00:00,91092.3,91092.3,91032.4,91040.3,178.157,90806.3918607785,-0.06426742706762488,91131.17612674047,90481.60759481654,649.5685319239274,0,91105.1,91275.2,0.0,0.0,0.0,0.0,0.3205620695376841,-1.0591906290804354,91202.2,91137.3,,,
2024-11-16 20:13:00+00:00,91040.3,91080.3,91040.1,91080.3,38.492,90806.32759335144,-0.06426742706762488,91131.1118593134,90481.54332738947,649.5685319239274,0,91105.1,91275.2,0.0,0.0,0.0,0.0,0.3205620695376841,-1.0591906290804354,91202.2,91137.3,,,
2024-11-16 20:14:00+00:00,91080.3,91091.8,91070.8,91091.7,13.69,90806.26332592437,-0.06426742706762488,91131.04759188634,90481.47905996241,649.5685319239274,0,91105.1,91275.2,0.0,0.0,0.0,0.0,0.3205620695376841,-1.0591906290804354,91202.2,91137.3,,,
2024-11-16 20:15:00+00:00,91091.7,91123.8,91007.9,91049.3,251.572,90806.1990584973,-0.06426742706762488,91130.98332445926,90481.41479253533,649.5685319239274,0,91105.1,91275.2,0.0,0.0,0.0,0.0,0.3205620695376841,-1.0591906290804354,91202.2,91137.3,,,
2024-11-16 20:16:00+00:00,91049.3,91113.3,91049.3,91074.6,15.948,90806.13479107023,-0.06426742706762488,91130.9190570322,90481.35052510827,649.5685319239274,0,91105.1,91275.2,0.0,0.0,0.0,0.0,0.3205620695376841,-1.0591906290804354,91202.2,91137.3,,,
2024-11-16 20:17:00+00:00,91074.6,91144.1,91074.6,91090.5,53.415,90806.07052364317,-0.06426742706762488,91130.85478960513,90481.2862576812,649.5685319239274,1,91105.1,91275.2,13.245210394874448,0.0,0.020390782102150274,0.0,0.3205620695376841,-1.0591906290804354,91202.2,91137.3,,,
2024-11-16 20:18:00+00:00,91090.5,91113.6,91020.7,91029.9,21.751,90806.0062562161,-0.06426742706762488,91130.79052217807,90481.22199025414,649.5685319239274,0,91105.1,91275.2,0.0,0.0,0.0,0.0,0.3205620695376841,-1.0591906290804354,91202.2,91137.3,,,
2024-11-16 20:19:00+00:00,91029.9,91030.0,90955.4,90981.6,88.962,90805.94198878903,-0.06426742706762488,91130.72625475099,90481.15772282706,649.5685319239274,0,91105.1,91275.2,0.0,0.0,0.0,0.0,0.3205620695376841,-1.0591906290804354,91202.2,91137.3,,,
2024-11-16 20:20:00+00:00,90981.6,91018.8,90955.0,91002.6,45.81,90805.87772136196,-0.06426742706762488,91130.66198732393,90481.0934554,649.5685319239274,0,91105.1,91275.2,0.0,0.0,0.0,0.0,0.3205620695376841,-1.0591906290804354,91202.2,91137.3,,,
2024-11-16 20:21:00+00:00,91002.6,91030.4,90988.4,90995.0,33.335,90805.8134539349,-0.06426742706762488,91130.59771989686,90481.02918797293,649.5685319239274,0,91105.1,91275.2,0.0,0.0,0.0,0.0,0.3205620695376841,-1.0591906290804354,91202.2,91137.3,,,
2024-11-16 20:22:00+00:00,90995.0,91000.0,90951.0,90951.0,25.874,90805.74918650782,-0.06426742706762488,91130.53345246978,90480.96492054586,649.5685319239274,0,91105.1,91275.2,0.0,0.0,0.0,0.0,0.3205620695376841,-1.0591906290804354,91202.2,91137.3,,,
2024-11-16 20:23:00+00:00,90951.0,90952.0,90877.0,90900.9,237.598,90805.68491908076,-0.06426742706762488,91130.46918504272,90480.90065311879,649.5685319239274,0,91105.1,91275.2,0.0,0.0,0.0,0.0,0.3205620695376841,-1.0591906290804354,91202.2,91137.3,,,
2024-11-16 20:24:00+00:00,90900.9,90900.9,90737.8,90814.2,266.287,90805.62065165369,-0.06426742706762488,91130.40491761565,90480.83638569173,649.5685319239274,-1,91105.1,91275.2,0.0,-256.9636143082753,0.0,-0.39559122968470545,0.3205620695376841,-1.0591906290804354,91202.2,91137.3,,,
2024-11-16 20:25:00+00:00,90814.2,90990.0,90741.5,90910.1,525.135,90805.55638422663,-0.06426742706762488,91130.34065018859,90480.77211826466,649.5685319239274,0,91105.1,91275.2,0.0,0.0,0.0,0.0,0.3205620695376841,-1.0591906290804354,91202.2,91137.3,,,
2024-11-16 20:26:00+00:00,90910.1,90945.5,90825.5,90830.4,157.076,90805.49211679955,-0.06426742706762488,91130.27638276151,90480.70785083759,649.5685319239274,0,91105.1,91275.2,0.0,0.0,0.0,0.0,0.3205620695376841,-1.0591906290804354,91202.2,91137.3,,,
2024-11-16 20:27:00+00:00,90830.4,90857.8,90753.4,90766.2,64.98,90805.42784937249,-0.06426742706762488,91130.21211533445,90480.64358341052,649.5685319239274,0,91105.1,91275.2,0.0,0.0,0.0,0.0,0.3205620695376841,-1.0591906290804354,91202.2,91137.3,,,1.0
2024-11-16 20:28:00+00:00,90766.2,90898.3,90766.1,90898.3,57.704,90805.36358194542,-0.06426742706762488,91130.14784790738,90480.57931598346,649.5685319239274,0,91105.1,91275.2,0.0,0.0,0.0,0.0,0.3205620695376841,-1.0591906290804354,91202.2,91137.3,,,
2024-11-16 20:29:00+00:00,90898.3,90899.0,90815.0,90815.0,35.863,90805.29931451836,-0.06426742706762488,91130.08358048032,90480.5150485564,649.5685319239274,0,91105.1,91275.2,0.0,0.0,0.0,0.0,0.3205620695376841,-1.0591906290804354,91202.2,91137.3,,,
2024-11-16 20:30:00+00:00,90815.0,90949.5,90815.0,90942.0,66.645,90805.23504709128,-0.06426742706762488,91130.01931305324,90480.45078112932,649.5685319239274,0,91105.1,91275.2,0.0,0.0,0.0,0.0,0.3205620695376841,-1.0591906290804354,91202.2,91137.3,,,
2024-11-16 20:31:00+00:00,90942.0,90954.6,90886.6,90913.5,70.285,90805.17077966421,-0.06426742706762488,91129.95504562618,90480.38651370225,649.5685319239274,0,91105.1,91275.2,0.0,0.0,0.0,0.0,0.3205620695376841,-1.0591906290804354,91202.2,91137.3,,,
2024-11-16 20:32:00+00:00,90913.5,90923.0,90858.2,90858.2,39.654,90805.10651223715,-0.06426742706762488,91129.89077819911,90480.32224627519,649.5685319239274,0,91105.1,91275.2,0.0,0.0,0.0,0.0,0.3205620695376841,-1.0591906290804354,91202.2,91137.3,,,
2024-11-16 20:33:00+00:00,90858.2,90907.3,90851.8,90894.8,46.104,90805.04224481009,-0.06426742706762488,91129.82651077205,90480.25797884812,649.5685319239274,0,91105.1,91275.2,0.0,0.0,0.0,0.0,0.3205620695376841,-1.0591906290804354,91202.2,91137.3,,,
2024-11-16 20:34:00+00:00,90894.8,90940.8,90892.3,90918.9,22.441,90804.97797738301,-0.06426742706762488,91129.76224334497,90480.19371142105,649.5685319239274,0,91105.1,91275.2,0.0,0.0,0.0,0.0,0.3205620695376841,-1.0591906290804354,91202.2,91137.3,,,
2024-11-16 20:35:00+00:00,90918.9,90961.0,90918.9,90959.6,37.042,90804.91370995594,-0.06426742706762488,91129.69797591791,90480.12944399398,649.5685319239274,1,91105.1,91275.2,-168.69797591790848,0.0,-0.2597077407956473,0.0,0.3205620695376841,-1.0591906290804354,91202.2,91137.3,,,
2024-11-16 20:36:00+00:00,90959.6,90959.6,90900.3,90918.7,29.074,90804.84944252888,-0.06426742706762488,91129.63370849084,90480.06517656692,649.5685319239274,0,91105.1,91275.2,0.0,0.0,0.0,0.0,0.3205620695376841,-1.0591906290804354,91202.2,91137.3,,,
2024-11-16 20:37:00+00:00,90918.7,90918.8,90872.6,90872.7,52.333,90804.78517510182,-0.06426742706762488,91129.56944106378,90480.00090913985,649.5685319239274,0,91105.1,91275.2,0.0,0.0,0.0,0.0,0.3205620695376841,-1.0591906290804354,91202.2,91137.3,,,
2024-11-16 20:38:00+00:00,90872.7,90935.2,90865.3,90935.2,51.961,90804.72090767474,-0.06426742706762488,91129.5051736367,90479.93664171277,649.5685319239274,0,91105.1,91275.2,0.0,0.0,0.0,0.0,0.3205620695376841,-1.0591906290804354,91202.2,91137.3,,,
2024-11-16 20:39:00+00:00,90935.2,90935.2,90867.5,90892.3,35.533,90804.65664024767,-0.06426742706762488,91129.44090620964,90479.87237428571,649.5685319239274,0,91105.1,91275.2,0.0,0.0,0.0,0.0,0.3205620695376841,-1.0591906290804354,91202.2,91137.3,,,
2024-11-16 20:40:00+00:00,90892.3,90933.0,90892.3,90909.9,27.421,90804.59237282061,-0.06426742706762488,91129.37663878257,90479.80810685865,649.5685319239274,0,91105.1,91275.2,0.0,0.0,0.0,0.0,0.3205620695376841,-1.0591906290804354,91202.2,91137.3,,,
2024-11-16 20:41:00+00:00,90909.9,90958.6,90909.8,90925.2,21.499,90804.52810539355,-0.06426742706762488,91129.31237135551,90479.74383943158,649.5685319239274,0,91105.1,91275.2,0.0,0.0,0.0,0.0,0.3205620695376841,-1.0591906290804354,91202.2,91137.3,,,
2024-11-16 20:42:00+00:00,90925.2,91000.0,90920.0,90994.0,19.043,90804.46383796647,-0.06426742706762488,91129.24810392843,90479.6795720045,649.5685319239274,0,91105.1,91275.2,0.0,0.0,0.0,0.0,0.3205620695376841,-1.0591906290804354,91202.2,91137.3,,,
2024-11-16 20:43:00+00:00,90994.0,91025.0,90935.7,90972.5,67.274,90804.3995705394,-0.06426742706762488,91129.18383650137,90479.61530457744,649.5685319239274,0,91105.1,91275.2,0.0,0.0,0.0,0.0,0.3205620695376841,-1.0591906290804354,91202.2,91137.3,,,
2024-11-16 20:44:00+00:00,90972.5,91000.6,90971.0,90996.9,22.648,90804.33530311234,-0.06426742706762488,91129.1195690743,90479.55103715038,649.5685319239274,0,91105.1,91275.2,0.0,0.0,0.0,0.0,0.3205620695376841,-1.0591906290804354,91202.2,91137.3,,,
2024-11-16 20:45:00+00:00,90996.9,91040.0,90972.3,91003.4,22.122,90804.27103568528,-0.06426742706762488,91129.05530164724,90479.48676972331,649.5685319239274,1,91105.1,91275.2,-89.05530164724041,0.0,-0.13709916239857184,0.0,0.3205620695376841,-1.0591906290804354,91202.2,91137.3,,,
2024-11-16 20:46:00+00:00,91003.4,91021.8,90941.6,90968.6,11.513,90804.2067682582,-0.06426742706762488,91128.99103422016,90479.42250229623,649.5685319239274,0,91105.1,91275.2,0.0,0.0,0.0,0.0,0.3205620695376841,-1.0591906290804354,91202.2,91137.3,,,
2024-11-16 20:47:00+00:00,90968.6,90986.2,90941.9,90951.4,6.289,90804.14250083113,-0.06426742706762488,91128.9267667931,90479.35823486917,649.5685319239274,0,91105.1,91275.2,0.0,0.0,0.0,0.0,0.3205620695376841,-1.0591906290804354,91202.2,91137.3,,,
2024-11-16 20:48:00+00:00,90951.4,90983.4,90932.3,90950.6,15.03,90804.07823340407,-0.06426742706762488,91128.86249936603,90479.2939674421,649.5685319239274,0,91105.1,91275.2,0.0,0.0,0.0,0.0,0.3205620695376841,-1.0591906290804354,91202.2,91137.3,,,
2024-11-16 20:49:00+00:00,90950.6,90993.3,90932.0,90993.3,10.732,90804.013965977,-0.06426742706762488,91128.79823193897,90479.22970001504,649.5685319239274,0,91105.1,91275.2,0.0,0.0,0.0,0.0,0.3205620695376841,-1.0591906290804354,91202.2,91137.3,,,
2024-11-16 20:50:00+00:00,90993.3,91019.5,90972.8,90989.4,10.145,90803.94969854993,-0.06426742706762488,91128.73396451189,90479.16543258796,649.5685319239274,0,91105.1,91275.2,0.0,0.0,0.0,0.0,0.3205620695376841,-1.0591906290804354,91202.2,91137.3,,,
2024-11-16 20:51:00+00:00,90989.4,91035.1,90947.1,90983.6,18.793,90803.88543112286,-0.06426742706762488,91128.66969708483,90479.1011651609,649.5685319239274,0,91105.1,91275.2,0.0,0.0,0.0,0.0,0.3205620695376841,-1.0591906290804354,91202.2,91137.3,,,
2024-11-16 20:52:00+00:00,90983.6,90996.9,90900.0,90901.9,14.475,90803.8211636958,-0.06426742706762488,91128.60542965776,90479.03689773384,649.5685319239274,0,91105.1,91275.2,0.0,0.0,0.0,0.0,0.3205620695376841,-1.0591906290804354,91202.2,91137.3,,,
2024-11-16 20:53:00+00:00,90901.9,90935.8,90901.9,90928.0,10.083,90803.75689626874,-0.06426742706762488,91128.5411622307,90478.97263030677,649.5685319239274,0,91105.1,91275.2,0.0,0.0,0.0,0.0,0.3205620695376841,-1.0591906290804354,91202.2,91137.3,,,
2024-11-16 20:54:00+00:00,90928.0,90928.0,90892.8,90921.8,19.566,90803.69262884166,-0.06426742706762488,91128.47689480362,90478.9083628797,649.5685319239274,0,91105.1,91275.2,0.0,0.0,0.0,0.0,0.3205620695376841,-1.0591906290804354,91202.2,91137.3,,,
2024-11-16 20:55:00+00:00,90921.8,90935.9,90906.5,90909.1,5.509,90803.6283614146,-0.06426742706762488,91128.41262737656,90478.84409545263,649.5685319239274,0,91105.1,91275.2,0.0,0.0,0.0,0.0,0.3205620695376841,-1.0591906290804354,91202.2,91137.3,,,
2024-11-16 20:56:00+00:00,90909.1,90909.1,90854.0,90881.1,10.488,90803.56409398753,-0.06426742706762488,91128.3483599495,90478.77982802557,649.5685319239274,0,91105.1,91275.2,0.0,0.0,0.0,0.0,0.3205620695376841,-1.0591906290804354,91202.2,91137.3,,,
2024-11-16 20:57:00+00:00,90881.1,90887.3,90782.4,90796.4,28.763,90803.49982656047,-0.06426742706762488,91128.28409252243,90478.7155605985,649.5685319239274,0,91105.1,91275.2,0.0,0.0,0.0,0.0,0.3205620695376841,-1.0591906290804354,91202.2,91137.3,,,1.0
2024-11-16 20:58:00+00:00,90796.4,90810.6,90752.0,90773.2,77.283,90803.43555913339,-0.06426742706762488,91128.21982509535,90478.65129317142,649.5685319239274,-1,91105.1,91275.2,0.0,-273.3487068285758,0.0,-0.4208158083319658,0.3205620695376841,-1.0591906290804354,91202.2,91137.3,,,
2024-11-16 20:59:00+00:00,90773.2,90834.4,90773.1,90821.5,10.836,90803.37129170632,-0.06426742706762488,91128.15555766829,90478.58702574436,649.5685319239274,0,91105.1,91275.2,0.0,0.0,0.0,0.0,0.3205620695376841,-1.0591906290804354,91202.2,91137.3,,,
2024-11-16 21:00:00+00:00,90821.5,90900.7,90821.5,90837.2,69.4,90803.30702427926,-0.06426742706762488,91128.09129024122,90478.5227583173,649.5685319239274,0,91105.1,91275.2,0.0,0.0,0.0,0.0,0.3205620695376841,-1.0591906290804354,91202.2,91137.3,,,
2024-11-16 21:01:00+00:00,90837.2,90886.5,90764.3,90886.5,136.729,90803.2427568522,-0.06426742706762488,91128.02702281416,90478.45849089023,649.5685319239274,0,91105.1,91275.2,0.0,0.0,0.0,0.0,0.3205620695376841,-1.0591906290804354,91202.2,91137.3,,,
2024-11-16 21:02:00+00:00,90886.5,90940.6,90848.0,90873.0,37.28,90803.17848942512,-0.06426742706762488,91127.96275538708,90478.39422346315,649.5685319239274,0,91105.1,91275.2,0.0,0.0,0.0,0.0,0.3205620695376841,-1.0591906290804354,91202.2,91137.3,,,
2024-11-16 21:03:00+00:00,90873.0,90921.8,90850.5,90913.6,17.38,90803.11422199805,-0.06426742706762488,91127.89848796002,90478.32995603609,649.5685319239274,0,91105.1,91275.2,0.0,0.0,0.0,0.0,0.3205620695376841,-1.0591906290804354,91202.2,91137.3,,,
2024-11-16 21:04:00+00:00,90913.6,90954.1,90905.8,90927.1,11.128,90803.04995457099,-0.06426742706762488,91127.83422053295,90478.26568860903,649.5685319239274,0,91105.1,91275.2,0.0,0.0,0.0,0.0,0.3205620695376841,-1.0591906290804354,91202.2,91137.3,,,
2024-11-16 21:05:00+00:00,90927.1,90961.4,90927.1,90961.4,15.721,90802.98568714391,-0.06426742706762488,91127.76995310588,90478.20142118195,649.5685319239274,0,91105.1,91275.2,0.0,0.0,0.0,0.0,0.3205620695376841,-1.0591906290804354,91202.2,91137.3,,,
2024-11-16 21:06:00+00:00,90961.4,90983.0,90885.5,90885.5,22.149,90802.92141971685,-0.06426742706762488,91127.70568567881,90478.13715375488,649.5685319239274,0,91105.1,91275.2,0.0,0.0,0.0,0.0,0.3205620695376841,-1.0591906290804354,91202.2,91137.3,,,
2024-11-16 21:07:00+00:00,90885.5,90949.6,90884.0,90942.2,13.856,90802.85715228978,-0.06426742706762488,91127.64141825175,90478.07288632782,649.5685319239274,0,91105.1,91275.2,0.0,0.0,0.0,0.0,0.3205620695376841,-1.0591906290804354,91202.2,91137.3,,,
2024-11-16 21:08:00+00:00,90942.2,90966.4,90913.7,90966.4,6.606,90802.79288486272,-0.06426742706762488,91127.57715082468,90478.00861890076,649.5685319239274,0,91105.1,91275.2,0.0,0.0,0.0,0.0,0.3205620695376841,-1.0591906290804354,91202.2,91137.3,,,
2024-11-16 21:09:00+00:00,90966.4,90994.0,90953.3,90994.0,7.479,90802.72861743564,-0.06426742706762488,91127.5128833976,90477.94435147368,649.5685319239274,0,91105.1,91275.2,0.0,0.0,0.0,0.0,0.3205620695376841,-1.0591906290804354,91202.2,91137.3,,,
2024-11-16 21:10:00+00:00,90994.0,91000.0,90940.7,90942.8,9.948,90802.66435000858,-0.06426742706762488,91127.44861597054,90477.88008404661,649.5685319239274,0,91105.1,91275.2,0.0,0.0,0.0,0.0,0.3205620695376841,-1.0591906290804354,91202.2,91137.3,,,
2024-11-16 21:11:00+00:00,90942.8,91001.5,90942.8,90985.3,42.245,90802.60008258151,-0.06426742706762488,91127.38434854348,90477.81581661955,649.5685319239274,0,91105.1,91275.2,0.0,0.0,0.0,0.0,0.3205620695376841,-1.0591906290804354,91202.2,91137.3,,,
2024-11-16 21:12:00+00:00,90985.3,90994.0,90936.0,90936.0,5.709,90802.53581515445,-0.06426742706762488,91127.32008111641,90477.75154919249,649.5685319239274,0,91105.1,91275.2,0.0,0.0,0.0,0.0,0.3205620695376841,-1.0591906290804354,91202.2,91137.3,,,
2024-11-16 21:13:00+00:00,90936.0,90959.6,90920.1,90953.8,6.549,90802.47154772737,-0.06426742706762488,91127.25581368933,90477.68728176541,649.5685319239274,0,91105.1,91275.2,0.0,0.0,0.0,0.0,0.3205620695376841,-1.0591906290804354,91202.2,91137.3,,,
2024-11-16 21:14:00+00:00,90953.8,90981.5,90941.7,90980.1,10.23,90802.40728030031,-0.06426742706762488,91127.19154626227,90477.62301433834,649.5685319239274,0,91105.1,91275.2,0.0,0.0,0.0,0.0,0.3205620695376841,-1.0591906290804354,91202.2,91137.3,,,
2024-11-16 21:15:00+00:00,90980.1,91030.9,90980.0,91030.8,12.694,90802.34301287324,-0.06426742706762488,91127.1272788352,90477.55874691128,649.5685319239274,0,91105.1,91275.2,0.0,0.0,0.0,0.0,0.3205620695376841,-1.0591906290804354,91202.2,91137.3,,,
2024-11-16 21:16:00+00:00,91030.8,91030.8,90973.1,90984.4,9.477,90802.27874544618,-0.06426742706762488,91127.06301140814,90477.49447948422,649.5685319239274,0,91105.1,91275.2,0.0,0.0,0.0,0.0,0.3205620695376841,-1.0591906290804354,91202.2,91137.3,,,
2024-11-16 21:17:00+00:00,90984.4,90986.3,90937.5,90983.9,15.329,90802.2144780191,-0.06426742706762488,91126.99874398106,90477.43021205714,649.5685319239274,0,91105.1,91275.2,0.0,0.0,0.0,0.0,0.3205620695376841,-1.0591906290804354,91202.2,91137.3,,,
2024-11-16 21:18:00+00:00,90983.9,91086.0,90881.8,90922.4,251.002,90802.15021059204,-0.06426742706762488,91126.934476554,90477.36594463007,649.5685319239274,-1,91105.1,91275.2,0.0,-404.4340553699294,0.0,-0.62261953203314,0.3205620695376841,-1.0591906290804354,91202.2,91137.3,,,
2024-11-16 21:19:00+00:00,90922.4,90944.0,90903.2,90943.9,10.958,90802.08594316497,-0.06426742706762488,91126.87020912694,90477.30167720301,649.5685319239274,0,91105.1,91275.2,0.0,0.0,0.0,0.0,0.3205620695376841,-1.0591906290804354,91202.2,91137.3,,,
2024-11-16 21:20:00+00:00,90943.9,90993.5,90911.8,90982.1,18.33,90802.02167573791,-0.06426742706762488,91126.80594169987,90477.23740977595,649.5685319239274,0,91105.1,91275.2,0.0,0.0,0.0,0.0,0.3205620695376841,-1.0591906290804354,91202.2,91137.3,,,
2024-11-16 21:21:00+00:00,90982.1,90999.5,90962.3,90982.6,10.71,90801.95740831083,-0.06426742706762488,91126.7416742728,90477.17314234887,649.5685319239274,0,91105.1,91275.2,0.0,0.0,0.0,0.0,0.3205620695376841,-1.0591906290804354,91202.2,91137.3,,,
2024-11-16 21:22:00+00:00,90982.6,91004.1,90955.9,90956.0,8.823,90801.89314088377,-0.06426742706762488,91126.67740684573,90477.1088749218,649.5685319239274,0,91105.1,91275.2,0.0,0.0,0.0,0.0,0.3205620695376841,-1.0591906290804354,91202.2,91137.3,,,
2024-11-16 21:23:00+00:00,90956.0,91037.6,90955.2,91037.6,14.906,90801.8288734567,-0.06426742706762488,91126.61313941867,90477.04460749474,649.5685319239274,0,91105.1,91275.2,0.0,0.0,0.0,0.0,0.3205620695376841,-1.0591906290804354,91202.2,91137.3,,,
2024-11-16 21:24:00+00:00,91037.6,91092.0,91008.6,91035.7,72.284,90801.76460602964,-0.06426742706762488,91126.5488719916,90476.98034006768,649.5685319239274,0,91105.1,91275.2,0.0,0.0,0.0,0.0,0.3205620695376841,-1.0591906290804354,91202.2,91137.3,,,
2024-11-16 21:25:00+00:00,91035.7,91077.0,91033.0,91035.8,18.056,90801.70033860256,-0.06426742706762488,91126.48460456452,90476.9160726406,649.5685319239274,0,91105.1,91275.2,0.0,0.0,0.0,0.0,0.3205620695376841,-1.0591906290804354,91202.2,91137.3,,,
2024-11-16 21:26:00+00:00,91035.8,91089.2,91035.8,91057.0,12.048,90801.6360711755,-0.06426742706762488,91126.42033713746,90476.85180521353,649.5685319239274,0,91105.1,91275.2,0.0,0.0,0.0,0.0,0.3205620695376841,-1.0591906290804354,91202.2,91137.3,,,
2024-11-16 21:27:00+00:00,91057.0,91075.9,91036.2,91060.1,10.0,90801.57180374843,-0.06426742706762488,91126.3560697104,90476.78753778647,649.5685319239274,0,91105.1,91275.2,0.0,0.0,0.0,0.0,0.3205620695376841,-1.0591906290804354,91202.2,91137.3,,,
2024-11-16 21:28:00+00:00,91060.1,91111.5,91060.0,91100.4,86.174,90801.50753632137,-0.06426742706762488,91126.29180228333,90476.7232703594,649.5685319239274,0,91105.1,91275.2,0.0,0.0,0.0,0.0,0.3205620695376841,-1.0591906290804354,91202.2,91137.3,,,
2024-11-16 21:29:00+00:00,91100.4,91110.6,91080.0,91110.6,16.038,90801.44326889429,-0.06426742706762488,91126.22753485625,90476.65900293233,649.5685319239274,0,91105.1,91275.2,0.0,0.0,0.0,0.0,0.3205620695376841,-1.0591906290804354,91202.2,91137.3,,,
2024-11-16 21:30:00+00:00,91110.6,91144.8,91088.9,91088.9,33.248,90801.37900146723,-0.06426742706762488,91126.16326742919,90476.59473550526,649.5685319239274,1,91105.1,91275.2,18.636732570812455,0.0,0.028690941224651337,0.0,0.3205620695376841,-1.0591906290804354,91202.2,91137.3,,,
2024-11-16 21:31:00+00:00,91088.9,91098.9,91088.9,91095.9,26.717,90801.31473404016,-0.06426742706762488,91126.09900000213,90476.5304680782,649.5685319239274,0,91105.1,91275.2,0.0,0.0,0.0,0.0,0.3205620695376841,-1.0591906290804354,91202.2,91137.3,,,
2024-11-16 21:32:00+00:00,91095.9,91095.9,91036.3,91061.9,35.32,90801.2504666131,-0.06426742706762488,91126.03473257506,90476.46620065114,649.5685319239274,0,91105.1,91275.2,0.0,0.0,0.0,0.0,0.3205620695376841,-1.0591906290804354,91202.2,91137.3,,,
2024-11-16 21:33:00+00:00,91061.9,91080.0,91017.5,91020.1,36.085,90801.18619918602,-0.06426742706762488,91125.97046514798,90476.40193322406,649.5685319239274,-1,91105.1,91275.2,0.0,-541.0980667759432,0.0,-0.8330115148486172,0.3205620695376841,-1.0591906290804354,91202.2,91137.3,,,
2024-11-16 21:34:00+00:00,91020.1,91092.2,91020.0,91065.7,8.027,90801.12193175896,-0.06426742706762488,91125.90619772092,90476.337665797,649.5685319239274,0,91105.1,91275.2,0.0,0.0,0.0,0.0,0.3205620695376841,-1.0591906290804354,91202.2,91137.3,,,
2024-11-16 21:35:00+00:00,91065.7,91099.0,91057.4,91070.0,29.388,90801.0576643319,-0.06426742706762488,91125.84193029386,90476.27339836993,649.5685319239274,0,91105.1,91275.2,0.0,0.0,0.0,0.0,0.3205620695376841,-1.0591906290804354,91202.2,91137.3,,,
2024-11-16 21:36:00+00:00,91070.0,91085.9,91058.9,91065.7,11.327,90800.99339690483,-0.06426742706762488,91125.77766286679,90476.20913094287,649.5685319239274,0,91105.1,91275.2,0.0,0.0,0.0,0.0,0.3205620695376841,-1.0591906290804354,91202.2,91137.3,,,
2024-11-16 21:37:00+00:00,91065.7,91089.7,91040.6,91089.4,5.268,90800.92912947775,-0.06426742706762488,91125.71339543971,90476.14486351579,649.5685319239274,0,91105.1,91275.2,0.0,0.0,0.0,0.0,0.3205620695376841,-1.0591906290804354,91202.2,91137.3,,,
2024-11-16 21:38:00+00:00,91089.4,91095.9,91085.7,91091.6,4.294,90800.86486205069,-0.06426742706762488,91125.64912801265,90476.08059608872,649.5685319239274,0,91105.1,91275.2,0.0,0.0,0.0,0.0,0.3205620695376841,-1.0591906290804354,91202.2,91137.3,,,
2024-11-16 21:39:00+00:00,91091.6,91091.7,91056.9,91070.3,11.008,90800.80059462362,-0.06426742706762488,91125.58486058559,90476.01632866166,649.5685319239274,0,91105.1,91275.2,0.0,0.0,0.0,0.0,0.3205620695376841,-1.0591906290804354,91202.2,91137.3,,,
2024-11-16 21:40:00+00:00,91070.3,91083.2,91026.0,91047.7,6.957,90800.73632719656,-0.06426742706762488,91125.52059315852,90475.9520612346,649.5685319239274,0,91105.1,91275.2,0.0,0.0,0.0,0.0,0.3205620695376841,-1.0591906290804354,91202.2,91137.3,,,
2024-11-16 21:41:00+00:00,91047.7,91091.5,91047.6,91077.8,8.65,90800.67205976948,-0.06426742706762488,91125.45632573144,90475.88779380752,649.5685319239274,0,91105.1,91275.2,0.0,0.0,0.0,0.0,0.3205620695376841,-1.0591906290804354,91202.2,91137.3,,,
2024-11-16 21:42:00+00:00,91077.8,91077.8,91023.6,91042.2,4.918,90800.60779234242,-0.06426742706762488,91125.39205830438,90475.82352638045,649.5685319239274,0,91105.1,91275.2,0.0,0.0,0.0,0.0,0.3205620695376841,-1.0591906290804354,91202.2,91137.3,,,
2024-11-16 21:43:00+00:00,91042.2,91073.0,91036.4,91073.0,3.766,90800.54352491535,-0.06426742706762488,91125.32779087732,90475.75925895339,649.5685319239274,0,91105.1,91275.2,0.0,0.0,0.0,0.0,0.3205620695376841,-1.0591906290804354,91202.2,91137.3,,,
2024-11-16 21:44:00+00:00,91073.0,91075.8,91048.8,91052.0,19.555,90800.47925748827,-0.06426742706762488,91125.26352345024,90475.69499152631,649.5685319239274,0,91105.1,91275.2,0.0,0.0,0.0,0.0,0.3205620695376841,-1.0591906290804354,91202.2,91137.3,,,
2024-11-16 21:45:00+00:00,91052.0,91077.9,91036.0,91037.4,20.897,90800.41499006121,-0.06426742706762488,91125.19925602317,90475.63072409925,649.5685319239274,0,91105.1,91275.2,0.0,0.0,0.0,0.0,0.3205620695376841,-1.0591906290804354,91202.2,91137.3,,,
2024-11-16 21:46:00+00:00,91037.4,91037.4,90945.6,90947.9,39.269,90800.35072263415,-0.06426742706762488,91125.13498859611,90475.56645667218,649.5685319239274,0,91105.1,91275.2,0.0,0.0,0.0,0.0,0.3205620695376841,-1.0591906290804354,91202.2,91137.3,,,
2024-11-16 21:47:00+00:00,90947.9,91048.2,90919.5,91025.5,31.571,90800.28645520708,-0.06426742706762488,91125.07072116905,90475.50218924512,649.5685319239274,-1,91105.1,91275.2,0.0,-443.99781075488136,0.0,-0.6835272783917419,0.3205620695376841,-1.0591906290804354,91202.2,91137.3,,,
2024-11-16 21:48:00+00:00,91025.5,91052.4,91005.7,91052.3,3.713,90800.22218778,-0.06426742706762488,91125.00645374197,90475.43792181804,649.5685319239274,0,91105.1,91275.2,0.0,0.0,0.0,0.0,0.3205620695376841,-1.0591906290804354,91202.2,91137.3,,,
2024-11-16 21:49:00+00:00,91052.3,91052.4,91003.3,91003.3,9.333,90800.15792035294,-0.06426742706762488,91124.9421863149,90475.37365439098,649.5685319239274,0,91105.1,91275.2,0.0,0.0,0.0,0.0,0.3205620695376841,-1.0591906290804354,91202.2,91137.3,,,
2024-11-16 21:50:00+00:00,91003.3,91033.8,91000.0,91000.0,5.641,90800.09365292588,-0.06426742706762488,91124.87791888784,90475.30938696391,649.5685319239274,0,91105.1,91275.2,0.0,0.0,0.0,0.0,0.3205620695376841,-1.0591906290804354,91202.2,91137.3,,,
2024-11-16 21:51:00+00:00,91000.0,91029.4,90993.9,91029.4,3.112,90800.02938549881,-0.06426742706762488,91124.81365146078,90475.24511953685,649.5685319239274,0,91105.1,91275.2,0.0,0.0,0.0,0.0,0.3205620695376841,-1.0591906290804354,91202.2,91137.3,,,
2024-11-16 21:52:00+00:00,91029.4,91049.7,91001.8,91024.9,10.466,90799.96511807173,-0.06426742706762488,91124.7493840337,90475.18085210977,649.5685319239274,0,91105.1,91275.2,0.0,0.0,0.0,0.0,0.3205620695376841,-1.0591906290804354,91202.2,91137.3,,,
2024-11-16 21:53:00+00:00,91024.9,91049.4,90996.6,91049.4,2.817,90799.90085064467,-0.06426742706762488,91124.68511660663,90475.1165846827,649.5685319239274,0,91105.1,91275.2,0.0,0.0,0.0,0.0,0.3205620695376841,-1.0591906290804354,91202.2,91137.3,,,
2024-11-16 21:54:00+00:00,91049.4,91066.2,91038.0,91066.2,4.683,90799.8365832176,-0.06426742706762488,91124.62084917957,90475.05231725564,649.5685319239274,0,91105.1,91275.2,0.0,0.0,0.0,0.0,0.3205620695376841,-1.0591906290804354,91202.2,91137.3,,,
2024-11-16 21:55:00+00:00,91066.2,91080.5,91057.6,91066.9,12.429,90799.77231579054,-0.06426742706762488,91124.5565817525,90474.98804982858,649.5685319239274,0,91105.1,91275.2,0.0,0.0,0.0,0.0,0.3205620695376841,-1.0591906290804354,91202.2,91137.3,,,
2024-11-16 21:56:00+00:00,91066.9,91098.8,91055.9,91076.0,35.461,90799.70804836346,-0.06426742706762488,91124.49231432543,90474.9237824015,649.5685319239274,1,91105.1,91275.2,-25.692314325424377,0.0,-0.039552892516710264,0.0,0.3205620695376841,-1.0591906290804354,91202.2,91137.3,,,
2024-11-16 21:57:00+00:00,91076.0,91089.6,91075.9,91089.3,3.496,90799.6437809364,-0.06426742706762488,91124.42804689836,90474.85951497444,649.5685319239274,0,91105.1,91275.2,0.0,0.0,0.0,0.0,0.3205620695376841,-1.0591906290804354,91202.2,91137.3,,,
2024-11-16 21:58:00+00:00,91089.3,91093.8,91076.9,91077.2,6.138,90799.57951350934,-0.06426742706762488,91124.3637794713,90474.79524754737,649.5685319239274,0,91105.1,91275.2,0.0,0.0,0.0,0.0,0.3205620695376841,-1.0591906290804354,91202.2,91137.3,,,
2024-11-16 21:59:00+00:00,91077.2,91080.6,91062.1,91075.6,14.048,90799.51524608227,-0.06426742706762488,91124.29951204424,90474.73098012031,649.5685319239274,0,91105.1,91275.2,0.0,0.0,0.0,0.0,0.3205620695376841,-1.0591906290804354,91202.2,91137.3,,,
2024-11-16 22:00:00+00:00,91075.6,91077.1,91068.8,91077.1,4.878,90799.4509786552,-0.06426742706762488,91124.23524461716,90474.66671269323,649.5685319239274,0,91105.1,91275.2,0.0,0.0,0.0,0.0,0.3205620695376841,-1.0591906290804354,91202.2,91137.3,,,
2024-11-16 22:01:00+00:00,91077.1,91077.1,91030.4,91036.5,5.571,90799.38671122813,-0.06426742706762488,91124.1709771901,90474.60244526617,649.5685319239274,0,91105.1,91275.2,0.0,0.0,0.0,0.0,0.3205620695376841,-1.0591906290804354,91202.2,91137.3,,,
2024-11-16 22:02:00+00:00,91036.5,91076.4,91036.5,91050.1,7.906,90799.32244380107,-0.06426742706762488,91124.10670976303,90474.5381778391,649.5685319239274,0,91105.1,91275.2,0.0,0.0,0.0,0.0,0.3205620695376841,-1.0591906290804354,91202.2,91137.3,,,
2024-11-16 22:03:00+00:00,91050.1,91062.5,91050.0,91062.4,3.173,90799.258176374,-0.06426742706762488,91124.04244233597,90474.47391041204,649.5685319239274,0,91105.1,91275.2,0.0,0.0,0.0,0.0,0.3205620695376841,-1.0591906290804354,91202.2,91137.3,,,
2024-11-16 22:04:00+00:00,91062.4,91069.0,91062.4,91069.0,3.066,90799.19390894692,-0.06426742706762488,91123.97817490889,90474.40964298496,649.5685319239274,0,91105.1,91275.2,0.0,0.0,0.0,0.0,0.3205620695376841,-1.0591906290804354,91202.2,91137.3,,,
2024-11-16 22:05:00+00:00,91069.0,91078.3,91069.0,91077.1,3.429,90799.12964151986,-0.06426742706762488,91123.91390748182,90474.3453755579,649.5685319239274,0,91105.1,91275.2,0.0,0.0,0.0,0.0,0.3205620695376841,-1.0591906290804354,91202.2,91137.3,,,
2024-11-16 22:06:00+00:00,91077.1,91078.2,91060.5,91060.6,9.162,90799.0653740928,-0.06426742706762488,91123.84964005476,90474.28110813083,649.5685319239274,0,91105.1,91275.2,0.0,0.0,0.0,0.0,0.3205620695376841,-1.0591906290804354,91202.2,91137.3,,,
2024-11-16 22:07:00+00:00,91060.6,91060.6,91013.6,91050.0,35.064,90799.00110666573,-0.06426742706762488,91123.7853726277,90474.21684070377,649.5685319239274,0,91105.1,91275.2,0.0,0.0,0.0,0.0,0.3205620695376841,-1.0591906290804354,91202.2,91137.3,,,
2024-11-16 22:08:00+00:00,91050.0,91050.0,91018.7,91032.1,4.506,90798.93683923865,-0.06426742706762488,91123.72110520062,90474.15257327669,649.5685319239274,0,91105.1,91275.2,0.0,0.0,0.0,0.0,0.3205620695376841,-1.0591906290804354,91202.2,91137.3,,,
2024-11-16 22:09:00+00:00,91032.1,91032.2,90950.0,90960.3,17.343,90798.87257181159,-0.06426742706762488,91123.65683777355,90474.08830584963,649.5685319239274,0,91105.1,91275.2,0.0,0.0,0.0,0.0,0.3205620695376841,-1.0591906290804354,91202.2,91137.3,,,
2024-11-16 22:10:00+00:00,90960.3,90983.8,90960.3,90983.7,5.324,90798.80830438453,-0.06426742706762488,91123.59257034649,90474.02403842256,649.5685319239274,0,91105.1,91275.2,0.0,0.0,0.0,0.0,0.3205620695376841,-1.0591906290804354,91202.2,91137.3,,,
2024-11-16 22:11:00+00:00,90983.7,90983.8,90938.8,90938.8,21.523,90798.74403695746,-0.06426742706762488,91123.52830291943,90473.9597709955,649.5685319239274,0,91105.1,91275.2,0.0,0.0,0.0,0.0,0.3205620695376841,-1.0591906290804354,91202.2,91137.3,,,
2024-11-16 22:12:00+00:00,90938.8,90979.6,90938.8,90979.6,6.846,90798.67976953038,-0.06426742706762488,91123.46403549235,90473.89550356842,649.5685319239274,0,91105.1,91275.2,0.0,0.0,0.0,0.0,0.3205620695376841,-1.0591906290804354,91202.2,91137.3,,,
2024-11-16 22:13:00+00:00,90979.6,90979.6,90960.7,90960.7,7.579,90798.61550210332,-0.06426742706762488,91123.39976806528,90473.83123614136,649.5685319239274,0,91105.1,91275.2,0.0,0.0,0.0,0.0,0.3205620695376841,-1.0591906290804354,91202.2,91137.3,,,
2024-11-16 22:14:00+00:00,90960.7,90972.3,90925.1,90972.3,27.153,90798.55123467626,-0.06426742706762488,91123.33550063822,90473.76696871429,649.5685319239274,-1,91105.1,91275.2,0.0,-451.33303128571424,0.0,-0.6948197289498177,0.3205620695376841,-1.0591906290804354,91202.2,91137.3,,,
2024-11-16 22:15:00+00:00,90972.3,90976.8,90959.1,90973.8,14.936,90798.48696724919,-0.06426742706762488,91123.27123321116,90473.70270128723,649.5685319239274,0,91105.1,91275.2,0.0,0.0,0.0,0.0,0.3205620695376841,-1.0591906290804354,91202.2,91137.3,,,
2024-11-16 22:16:00+00:00,90973.8,90976.8,90973.7,90973.7,2.762,90798.42269982211,-0.06426742706762488,91123.20696578408,90473.63843386015,649.5685319239274,0,91105.1,91275.2,0.0,0.0,0.0,0.0,0.3205620695376841,-1.0591906290804354,91202.2,91137.3,,,
2024-11-16 22:17:00+00:00,90973.7,91013.7,90973.7,91013.7,11.966,90798.35843239505,-0.06426742706762488,91123.14269835701,90473.57416643309,649.5685319239274,0,91105.1,91275.2,0.0,0.0,0.0,0.0,0.3205620695376841,-1.0591906290804354,91202.2,91137.3,,,
2024-11-16 22:18:00+00:00,91013.7,91014.9,91013.6,91014.8,5.263,90798.29416496799,-0.06426742706762488,91123.07843092995,90473.50989900602,649.5685319239274,0,91105.1,91275.2,0.0,0.0,0.0,0.0,0.3205620695376841,-1.0591906290804354,91202.2,91137.3,,,
2024-11-16 22:19:00+00:00,91014.8,91015.0,91001.4,91015.0,14.183,90798.22989754092,-0.06426742706762488,91123.01416350288,90473.44563157896,649.5685319239274,1,91105.1,91275.2,-108.01416350288491,0.0,-0.16628601632373213,0.0,0.3205620695376841,-1.0591906290804354,91202.2,91137.3,,,
2024-11-16 22:20:00+00:00,91015.0,91015.0,91002.5,91002.8,4.669,90798.16563011384,-0.06426742706762488,91122.9498960758,90473.38136415188,649.5685319239274,1,91105.1,91275.2,-107.94989607580646,0.0,-0.16618707768381974,0.0,0.3205620695376841,-1.0591906290804354,91202.2,91137.3,,,
2024-11-16 22:21:00+00:00,91002.8,91002.9,90989.7,90989.8,4.125,90798.10136268678,-0.06426742706762488,91122.88562864874,90473.31709672482,649.5685319239274,0,91105.1,91275.2,0.0,0.0,0.0,0.0,0.3205620695376841,-1.0591906290804354,91202.2,91137.3,,,
2024-11-16 22:22:00+00:00,90989.8,90996.2,90952.8,90952.8,6.005,90798.03709525971,-0.06426742706762488,91122.82136122168,90473.25282929775,649.5685319239274,0,91105.1,91275.2,0.0,0.0,0.0,0.0,0.3205620695376841,-1.0591906290804354,91202.2,91137.3,,,
2024-11-16 22:23:00+00:00,90952.8,90952.9,90943.7,90943.8,3.876,90797.97282783264,-0.06426742706762488,91122.7570937946,90473.18856187067,649.5685319239274,0,91105.1,91275.2,0.0,0.0,0.0,0.0,0.3205620695376841,-1.0591906290804354,91202.2,91137.3,,,
2024-11-16 22:24:00+00:00,90943.8,90943.8,90943.6,90943.6,3.996,90797.90856040557,-0.06426742706762488,91122.69282636754,90473.12429444361,649.5685319239274,0,91105.1,91275.2,0.0,0.0,0.0,0.0,0.3205620695376841,-1.0591906290804354,91202.2,91137.3,,,
2024-11-16 22:25:00+00:00,90943.6,90950.4,90938.0,90950.4,5.767,90797.84429297851,-0.06426742706762488,91122.62855894047,90473.06002701655,649.5685319239274,0,91105.1,91275.2,0.0,0.0,0.0,0.0,0.3205620695376841,-1.0591906290804354,91202.2,91137.3,,,
2024-11-16 22:26:00+00:00,90950.4,90950.4,90950.3,90950.4,2.608,90797.78002555144,-0.06426742706762488,91122.56429151341,90472.99575958948,649.5685319239274,0,91105.1,91275.2,0.0,0.0,0.0,0.0,0.3205620695376841,-1.0591906290804354,91202.2,91137.3,,,
2024-11-16 22:27:00+00:00,90950.4,90960.0,90950.3,90960.0,4.348,90797.71575812437,-0.06426742706762488,91122.50002408633,90472.9314921624,649.5685319239274,0,91105.1,91275.2,0.0,0.0,0.0,0.0,0.3205620695376841,-1.0591906290804354,91202.2,91137.3,,,
2024-11-16 22:28:00+00:00,90960.0,90962.9,90960.0,90962.8,9.642,90797.6514906973,-0.06426742706762488,91122.43575665927,90472.86722473534,649.5685319239274,0,91105.1,91275.2,0.0,0.0,0.0,0.0,0.3205620695376841,-1.0591906290804354,91202.2,91137.3,,,
2024-11-16 22:29:00+00:00,90962.8,90962.9,90956.2,90956.3,4.342,90797.58722327024,-0.06426742706762488,91122.3714892322,90472.80295730827,649.5685319239274,1,91105.1,91275.2,-159.4714892322081,0.0,-0.2455037173058196,0.0,0.3205620695376841,-1.0591906290804354,91202.2,91137.3,,,
2024-11-16 22:30:00+00:00,90956.3,90959.6,90933.9,90959.6,18.106,90797.52295584317,-0.06426742706762488,91122.30722180514,90472.73868988121,649.5685319239274,0,91105.1,91275.2,0.0,0.0,0.0,0.0,0.3205620695376841,-1.0591906290804354,91202.2,91137.3,,,
2024-11-16 22:31:00+00:00,90959.6,90959.6,90917.5,90930.3,13.281,90797.4586884161,-0.06426742706762488,91122.24295437806,90472.67442245413,649.5685319239274,0,91105.1,91275.2,0.0,0.0,0.0,0.0,0.3205620695376841,-1.0591906290804354,91202.2,91137.3,,,
2024-11-16 22:32:00+00:00,90930.3,90940.6,90906.4,90916.8,37.668,90797.39442098903,-0.06426742706762488,91122.178686951,90472.61015502707,649.5685319239274,0,91105.1,91275.2,0.0,0.0,0.0,0.0,0.3205620695376841,-1.0591906290804354,91202.2,91137.3,,,
2024-11-16 22:33:00+00:00,90916.8,90927.5,90916.8,90927.4,4.806,90797.33015356197,-0.06426742706762488,91122.11441952393,90472.5458876,649.5685319239274,0,91105.1,91275.2,0.0,0.0,0.0,0.0,0.3205620695376841,-1.0591906290804354,91202.2,91137.3,,,
2024-11-16 22:34:00+00:00,90927.4,90927.5,90927.4,90927.4,1.467,90797.2658861349,-0.06426742706762488,91122.05015209687,90472.48162017294,649.5685319239274,0,91105.1,91275.2,0.0,0.0,0.0,0.0,0.3205620695376841,-1.0591906290804354,91202.2,91137.3,,,
2024-11-16 22:35:00+00:00,90927.4,90927.6,90881.6,90881.6,18.916,90797.20161870783,-0.06426742706762488,91121.98588466979,90472.41735274586,649.5685319239274,0,91105.1,91275.2,0.0,0.0,0.0,0.0,0.3205620695376841,-1.0591906290804354,91202.2,91137.3,,,
2024-11-16 22:36:00+00:00,90881.6,90881.7,90834.2,90852.9,41.759,90797.13735128076,-0.06426742706762488,91121.92161724273,90472.3530853188,649.5685319239274,0,91105.1,91275.2,0.0,0.0,0.0,0.0,0.3205620695376841,-1.0591906290804354,91202.2,91137.3,,,
2024-11-16 22:37:00+00:00,90852.9,90883.1,90852.9,90880.1,16.195,90797.0730838537,-0.06426742706762488,91121.85734981566,90472.28881789173,649.5685319239274,0,91105.1,91275.2,0.0,0.0,0.0,0.0,0.3205620695376841,-1.0591906290804354,91202.2,91137.3,,,
2024-11-16 22:38:00+00:00,90880.1,90880.1,90833.3,90834.1,10.121,90797.00881642663,-0.06426742706762488,91121.7930823886,90472.22455046467,649.5685319239274,0,91105.1,91275.2,0.0,0.0,0.0,0.0,0.3205620695376841,-1.0591906290804354,91202.2,91137.3,,,
2024-11-16 22:39:00+00:00,90834.1,90846.7,90830.0,90830.0,3.178,90796.94454899956,-0.06426742706762488,91121.72881496152,90472.16028303759,649.5685319239274,0,91105.1,91275.2,0.0,0.0,0.0,0.0,0.3205620695376841,-1.0591906290804354,91202.2,91137.3,,,
2024-11-16 22:40:00+00:00,90830.0,90835.5,90819.0,90830.4,7.801,90796.88028157249,-0.06426742706762488,91121.66454753446,90472.09601561053,649.5685319239274,0,91105.1,91275.2,0.0,0.0,0.0,0.0,0.3205620695376841,-1.0591906290804354,91202.2,91137.3,,,
2024-11-16 22:41:00+00:00,90830.4,90830.5,90821.2,90821.2,3.35,90796.81601414543,-0.06426742706762488,91121.60028010739,90472.03174818346,649.5685319239274,0,91105.1,91275.2,0.0,0.0,0.0,0.0,0.3205620695376841,-1.0591906290804354,91202.2,91137.3,,,
2024-11-16 22:42:00+00:00,90821.2,90830.3,90751.0,90778.7,93.789,90796.75174671836,-0.06426742706762488,91121.53601268033,90471.9674807564,649.5685319239274,0,91105.1,91275.2,0.0,0.0,0.0,0.0,0.3205620695376841,-1.0591906290804354,91202.2,91137.3,,,1.0
2024-11-16 22:43:00+00:00,90778.7,90796.2,90778.6,90796.2,16.213,90796.68747929129,-0.06426742706762488,91121.47174525325,90471.90321332932,649.5685319239274,0,91105.1,91275.2,0.0,0.0,0.0,0.0,0.3205620695376841,-1.0591906290804354,91202.2,91137.3,,,
2024-11-16 22:44:00+00:00,90796.2,90824.7,90796.1,90824.5,6.825,90796.62321186422,-0.06426742706762488,91121.40747782619,90471.83894590226,649.5685319239274,0,91105.1,91275.2,0.0,0.0,0.0,0.0,0.3205620695376841,-1.0591906290804354,91202.2,91137.3,,,
2024-11-16 22:45:00+00:00,90824.5,90824.6,90809.2,90815.0,3.782,90796.55894443716,-0.06426742706762488,91121.34321039912,90471.7746784752,649.5685319239274,0,91105.1,91275.2,0.0,0.0,0.0,0.0,0.3205620695376841,-1.0591906290804354,91202.2,91137.3,,,
2024-11-16 22:46:00+00:00,90815.0,90815.0,90806.3,90812.0,5.037,90796.4946770101,-0.06426742706762488,91121.27894297206,90471.71041104813,649.5685319239274,0,91105.1,91275.2,0.0,0.0,0.0,0.0,0.3205620695376841,-1.0591906290804354,91202.2,91137.3,,,
2024-11-16 22:47:00+00:00,90812.0,90812.0,90782.2,90783.9,11.798,90796.43040958302,-0.06426742706762488,91121.21467554498,90471.64614362105,649.5685319239274,0,91105.1,91275.2,0.0,0.0,0.0,0.0,0.3205620695376841,-1.0591906290804354,91202.2,91137.3,,,1.0
2024-11-16 22:48:00+00:00,90783.9,90783.9,90520.0,90627.1,463.81,90796.36614215595,-0.06426742706762488,91121.15040811792,90471.58187619399,649.5685319239274,-1,91105.1,91275.2,0.0,-48.41812380601186,0.0,-0.07453889994117238,0.3205620695376841,-1.0591906290804354,91202.2,91137.3,,,
2024-11-16 22:49:00+00:00,90627.1,90672.3,90627.0,90659.4,52.997,90796.30187472889,-0.06426742706762488,91121.08614069085,90471.51760876692,649.5685319239274,0,91105.1,91275.2,0.0,0.0,0.0,0.0,0.3205620695376841,-1.0591906290804354,91202.2,91137.3,,,
2024-11-16 22:50:00+00:00,90659.4,90659.4,90600.0,90633.0,51.764,90796.23760730182,-0.06426742706762488,91121.02187326379,90471.45334133986,649.5685319239274,0,91105.1,91275.2,0.0,0.0,0.0,0.0,0.3205620695376841,-1.0591906290804354,91202.2,91137.3,,,
2024-11-16 22:51:00+00:00,90633.0,90703.5,90632.9,90703.5,31.176,90796.17333987475,-0.06426742706762488,91120.95760583671,90471.38907391278,649.5685319239274,0,91105.1,91275.2,0.0,0.0,0.0,0.0,0.3205620695376841,-1.0591906290804354,91202.2,91137.3,,,
2024-11-16 22:52:00+00:00,90703.5,90704.7,90632.5,90632.5,32.209,90796.10907244768,-0.06426742706762488,91120.89333840965,90471.32480648572,649.5685319239274,0,91105.1,91275.2,0.0,0.0,0.0,0.0,0.3205620695376841,-1.0591906290804354,91202.2,91137.3,,,
2024-11-16 22:53:00+00:00,90632.5,90632.6,90613.0,90613.1,34.564,90796.04480502062,-0.06426742706762488,91120.82907098258,90471.26053905865,649.5685319239274,0,91105.1,91275.2,0.0,0.0,0.0,0.0,0.3205620695376841,-1.0591906290804354,91202.2,91137.3,,,
2024-11-16 22:54:00+00:00,90613.1,90703.6,90613.1,90638.3,140.657,90795.98053759355,-0.06426742706762488,91120.76480355552,90471.19627163159,649.5685319239274,0,91105.1,91275.2,0.0,0.0,0.0,0.0,0.3205620695376841,-1.0591906290804354,91202.2,91137.3,,,
2024-11-16 22:55:00+00:00,90638.3,90703.5,90595.3,90608.2,157.26,90795.91627016648,-0.06426742706762488,91120.70053612844,90471.13200420451,649.5685319239274,0,91105.1,91275.2,0.0,0.0,0.0,0.0,0.3205620695376841,-1.0591906290804354,91202.2,91137.3,,,
2024-11-16 22:56:00+00:00,90608.2,90608.3,90361.0,90493.5,223.701,90795.85200273941,-0.06426742706762488,91120.63626870138,90471.06773677745,649.5685319239274,0,91105.1,91275.2,0.0,0.0,0.0,0.0,0.3205620695376841,-1.0591906290804354,91202.2,91137.3,,,
2024-11-16 22:57:00+00:00,90493.5,90511.4,90492.6,90511.4,32.143,90795.78773531235,-0.06426742706762488,91120.57200127431,90471.00346935038,649.5685319239274,0,91105.1,91275.2,0.0,0.0,0.0,0.0,0.3205620695376841,-1.0591906290804354,91202.2,91137.3,,,
2024-11-16 22:58:00+00:00,90511.4,90660.9,90511.4,90572.9,193.214,90795.72346788528,-0.06426742706762488,91120.50773384725,90470.93920192332,649.5685319239274,0,91105.1,91275.2,0.0,0.0,0.0,0.0,0.3205620695376841,-1.0591906290804354,91202.2,91137.3,,,
2024-11-16 22:59:00+00:00,90572.9,90572.9,90268.6,90383.9,567.71,90795.6592004582,-0.06426742706762488,91120.44346642017,90470.87493449624,649.5685319239274,-1,91105.1,91275.2,0.0,202.2749344962358,0.0,0.3113989125937596,0.3205620695376841,-1.0591906290804354,91202.2,91137.3,,,
2024-11-16 23:00:00+00:00,90383.9,90625.1,90356.4,90496.6,618.564,90795.59493303114,-0.06426742706762488,91120.3791989931,90470.81066706918,649.5685319239274,0,91105.1,91275.2,0.0,0.0,0.0,0.0,0.3205620695376841,-1.0591906290804354,91202.2,91137.3,,,
2024-11-16 23:01:00+00:00,90496.6,90576.1,90474.8,90519.8,54.587,90795.53066560408,-0.06426742706762488,91120.31493156604,90470.74639964211,649.5685319239274,0,91105.1,91275.2,0.0,0.0,0.0,0.0,0.3205620695376841,-1.0591906290804354,91202.2,91137.3,,,
2024-11-16 23:02:00+00:00,90519.8,90568.9,90488.0,90488.0,116.432,90795.466398177,-0.06426742706762488,91120.25066413896,90470.68213221504,649.5685319239274,0,91105.1,91275.2,0.0,0.0,0.0,0.0,0.3205620695376841,-1.0591906290804354,91202.2,91137.3,,,
2024-11-16 23:03:00+00:00,90488.0,90512.6,90450.0,90450.0,36.293,90795.40213074994,-0.06426742706762488,91120.1863967119,90470.61786478797,649.5685319239274,0,91105.1,91275.2,0.0,0.0,0.0,0.0,0.3205620695376841,-1.0591906290804354,91202.2,91137.3,,,
2024-11-16 23:04:00+00:00,90450.0,90600.0,90450.0,90599.9,46.187,90795.33786332287,-0.06426742706762488,91120.12212928483,90470.55359736091,649.5685319239274,0,91105.1,91275.2,0.0,0.0,0.0,0.0,0.3205620695376841,-1.0591906290804354,91202.2,91137.3,,,
2024-11-16 23:05:00+00:00,90599.9,90648.3,90571.6,90605.4,29.646,90795.27359589581,-0.06426742706762488,91120.05786185777,90470.48932993384,649.5685319239274,0,91105.1,91275.2,0.0,0.0,0.0,0.0,0.3205620695376841,-1.0591906290804354,91202.2,91137.3,,,
2024-11-16 23:06:00+00:00,90605.4,90652.4,90570.0,90642.9,67.957,90795.20932846873,-0.06426742706762488,91119.99359443069,90470.42506250677,649.5685319239274,0,91105.1,91275.2,0.0,0.0,0.0,0.0,0.3205620695376841,-1.0591906290804354,91202.2,91137.3,,,
2024-11-16 23:07:00+00:00,90642.9,90691.0,90616.4,90681.0,73.511,90795.14506104167,-0.06426742706762488,91119.92932700363,90470.3607950797,649.5685319239274,0,91105.1,91275.2,0.0,0.0,0.0,0.0,0.3205620695376841,-1.0591906290804354,91202.2,91137.3,,,
2024-11-16 23:08:00+00:00,90681.0,90691.0,90624.1,90651.3,44.864,90795.0807936146,-0.06426742706762488,91119.86505957656,90470.29652765264,649.5685319239274,0,91105.1,91275.2,0.0,0.0,0.0,0.0,0.3205620695376841,-1.0591906290804354,91202.2,91137.3,,,
2024-11-16 23:09:00+00:00,90651.3,90683.0,90650.9,90683.0,14.598,90795.01652618754,-0.06426742706762488,91119.8007921495,90470.23226022557,649.5685319239274,0,91105.1,91275.2,0.0,0.0,0.0,0.0,0.3205620695376841,-1.0591906290804354,91202.2,91137.3,,,
2024-11-16 23:10:00+00:00,90683.0,90695.0,90646.2,90659.7,94.102,90794.95225876046,-0.06426742706762488,91119.73652472242,90470.1679927985,649.5685319239274,1,91105.1,91275.2,-424.7365247224225,0.0,-0.6538748474536086,0.0,0.3205620695376841,-1.0591906290804354,91202.2,91137.3,,,
2024-11-16 23:11:00+00:00,90659.7,90694.7,90628.9,90691.9,15.719,90794.8879913334,-0.06426742706762488,91119.67225729536,90470.10372537143,649.5685319239274,0,91105.1,91275.2,0.0,0.0,0.0,0.0,0.3205620695376841,-1.0591906290804354,91202.2,91137.3,,,
2024-11-16 23:12:00+00:00,90691.9,90694.9,90665.5,90684.1,16.404,90794.82372390633,-0.06426742706762488,91119.6079898683,90470.03945794437,649.5685319239274,0,91105.1,91275.2,0.0,0.0,0.0,0.0,0.3205620695376841,-1.0591906290804354,91202.2,91137.3,,,
2024-11-16 23:13:00+00:00,90684.1,90684.1,90637.8,90650.2,29.546,90794.75945647927,-0.06426742706762488,91119.54372244123,90469.9751905173,649.5685319239274,0,91105.1,91275.2,0.0,0.0,0.0,0.0,0.3205620695376841,-1.0591906290804354,91202.2,91137.3,,,
2024-11-16 23:14:00+00:00,90650.2,90680.0,90611.0,90611.0,17.0,90794.69518905219,-0.06426742706762488,91119.47945501415,90469.91092309022,649.5685319239274,0,91105.1,91275.2,0.0,0.0,0.0,0.0,0.3205620695376841,-1.0591906290804354,91202.2,91137.3,,,
2024-11-16 23:15:00+00:00,90611.0,90646.8,90545.1,90632.8,42.554,90794.63092162512,-0.06426742706762488,91119.41518758709,90469.84665566316,649.5685319239274,0,91105.1,91275.2,0.0,0.0,0.0,0.0,0.3205620695376841,-1.0591906290804354,91202.2,91137.3,,,
2024-11-16 23:16:00+00:00,90632.8,90634.4,90550.1,90550.1,24.22,90794.56665419806,-0.06426742706762488,91119.35092016002,90469.7823882361,649.5685319239274,0,91105.1,91275.2,0.0,0.0,0.0,0.0,0.3205620695376841,-1.0591906290804354,91202.2,91137.3,,,
2024-11-16 23:17:00+00:00,90550.1,90594.6,90525.1,90588.0,39.275,90794.502386771,-0.06426742706762488,91119.28665273296,90469.71812080903,649.5685319239274,0,91105.1,91275.2,0.0,0.0,0.0,0.0,0.3205620695376841,-1.0591906290804354,91202.2,91137.3,,,
2024-11-16 23:18:00+00:00,90588.0,90618.8,90496.0,90538.4,98.846,90794.43811934392,-0.06426742706762488,91119.22238530588,90469.65385338195,649.5685319239274,0,91105.1,91275.2,0.0,0.0,0.0,0.0,0.3205620695376841,-1.0591906290804354,91202.2,91137.3,,,
2024-11-16 23:19:00+00:00,90538.4,90569.7,90488.0,90535.9,23.042,90794.37385191685,-0.06426742706762488,91119.15811787882,90469.58958595489,649.5685319239274,0,91105.1,91275.2,0.0,0.0,0.0,0.0,0.3205620695376841,-1.0591906290804354,91202.2,91137.3,,,
2024-11-16 23:20:00+00:00,90535.9,90535.9,90469.3,90469.4,30.087,90794.30958448979,-0.06426742706762488,91119.09385045175,90469.52531852783,649.5685319239274,0,91105.1,91275.2,0.0,0.0,0.0,0.0,0.3205620695376841,-1.0591906290804354,91202.2,91137.3,,,
2024-11-16 23:21:00+00:00,90469.4,90503.7,90463.0,90503.7,32.521,90794.24531706273,-0.06426742706762488,91119.02958302469,90469.46105110076,649.5685319239274,-1,91105.1,91275.2,0.0,6.461051100763143,0.0,0.009946681194094257,0.3205620695376841,-1.0591906290804354,91202.2,91137.3,,,
2024-11-16 23:22:00+00:00,90503.7,90580.0,90503.7,90580.0,13.147,90794.18104963565,-0.06426742706762488,91118.96531559761,90469.39678367368,649.5685319239274,0,91105.1,91275.2,0.0,0.0,0.0,0.0,0.3205620695376841,-1.0591906290804354,91202.2,91137.3,,,
2024-11-16 23:23:00+00:00,90580.0,90580.0,90505.0,90520.0,14.21,90794.11678220858,-0.06426742706762488,91118.90104817055,90469.33251624662,649.5685319239274,0,91105.1,91275.2,0.0,0.0,0.0,0.0,0.3205620695376841,-1.0591906290804354,91202.2,91137.3,,,
2024-11-16 23:24:00+00:00,90520.0,90580.1,90520.0,90532.1,32.463,90794.05251478152,-0.06426742706762488,91118.83678074348,90469.26824881956,649.5685319239274,0,91105.1,91275.2,0.0,0.0,0.0,0.0,0.3205620695376841,-1.0591906290804354,91202.2,91137.3,,,
2024-11-16 23:25:00+00:00,90532.1,90574.0,90529.5,90529.9,9.548,90793.98824735446,-0.06426742706762488,91118.77251331642,90469.2039813925,649.5685319239274,0,91105.1,91275.2,0.0,0.0,0.0,0.0,0.3205620695376841,-1.0591906290804354,91202.2,91137.3,,,
2024-11-16 23:26:00+00:00,90529.9,90608.0,90529.9,90533.7,14.839,90793.92397992738,-0.06426742706762488,91118.70824588934,90469.13971396541,649.5685319239274,0,91105.1,91275.2,0.0,0.0,0.0,0.0,0.3205620695376841,-1.0591906290804354,91202.2,91137.3,,,
2024-11-16 23:27:00+00:00,90533.7,90549.8,90515.1,90515.1,4.956,90793.85971250031,-0.06426742706762488,91118.64397846228,90469.07544653835,649.5685319239274,0,91105.1,91275.2,0.0,0.0,0.0,0.0,0.3205620695376841,-1.0591906290804354,91202.2,91137.3,,,
2024-11-16 23:28:00+00:00,90515.1,90589.9,90515.1,90560.3,16.193,90793.79544507325,-0.06426742706762488,91118.57971103521,90469.01117911129,649.5685319239274,0,91105.1,91275.2,0.0,0.0,0.0,0.0,0.3205620695376841,-1.0591906290804354,91202.2,91137.3,,,
2024-11-16 23:29:00+00:00,90560.3,90661.8,90560.2,90602.0,17.485,90793.73117764619,-0.06426742706762488,91118.51544360815,90468.94691168422,649.5685319239274,0,91105.1,91275.2,0.0,0.0,0.0,0.0,0.3205620695376841,-1.0591906290804354,91202.2,91137.3,,,
2024-11-16 23:30:00+00:00,90602.0,90665.4,90596.1,90665.4,25.899,90793.66691021911,-0.06426742706762488,91118.45117618107,90468.88264425714,649.5685319239274,0,91105.1,91275.2,0.0,0.0,0.0,0.0,0.3205620695376841,-1.0591906290804354,91202.2,91137.3,,,
2024-11-16 23:31:00+00:00,90665.4,90678.7,90644.3,90678.6,31.132,90793.60264279204,-0.06426742706762488,91118.38690875401,90468.81837683008,649.5685319239274,0,91105.1,91275.2,0.0,0.0,0.0,0.0,0.3205620695376841,-1.0591906290804354,91202.2,91137.3,,,
2024-11-16 23:32:00+00:00,90678.6,90678.6,90613.4,90640.5,11.033,90793.53837536498,-0.06426742706762488,91118.32264132694,90468.75410940302,649.5685319239274,0,91105.1,91275.2,0.0,0.0,0.0,0.0,0.3205620695376841,-1.0591906290804354,91202.2,91137.3,,,
2024-11-16 23:33:00+00:00,90640.5,90675.9,90634.6,90658.6,14.271,90793.47410793792,-0.06426742706762488,91118.25837389988,90468.68984197595,649.5685319239274,0,91105.1,91275.2,0.0,0.0,0.0,0.0,0.3205620695376841,-1.0591906290804354,91202.2,91137.3,,,
2024-11-16 23:34:00+00:00,90658.6,90670.6,90649.5,90668.4,7.389,90793.40984051084,-0.06426742706762488,91118.1941064728,90468.62557454887,649.5685319239274,0,91105.1,91275.2,0.0,0.0,0.0,0.0,0.3205620695376841,-1.0591906290804354,91202.2,91137.3,,,
2024-11-16 23:35:00+00:00,90668.4,90715.0,90668.3,90692.4,38.217,90793.34557308377,-0.06426742706762488,91118.12983904574,90468.56130712181,649.5685319239274,1,91105.1,91275.2,-403.12983904573775,0.0,-0.620611712595938,0.0,0.3205620695376841,-1.0591906290804354,91202.2,91137.3,,,
2024-11-16 23:36:00+00:00,90692.4,90708.8,90650.1,90675.9,21.99,90793.28130565671,-0.06426742706762488,91118.06557161867,90468.49703969475,649.5685319239274,0,91105.1,91275.2,0.0,0.0,0.0,0.0,0.3205620695376841,-1.0591906290804354,91202.2,91137.3,,,
2024-11-16 23:37:00+00:00,90675.9,90681.2,90650.0,90656.9,9.362,90793.21703822965,-0.06426742706762488,91118.00130419161,90468.43277226768,649.5685319239274,0,91105.1,91275.2,0.0,0.0,0.0,0.0,0.3205620695376841,-1.0591906290804354,91202.2,91137.3,,,
2024-11-16 23:38:00+00:00,90656.9,90697.9,90652.1,90652.2,5.06,90793.15277080257,-0.06426742706762488,91117.93703676453,90468.3685048406,649.5685319239274,0,91105.1,91275.2,0.0,0.0,0.0,0.0,0.3205620695376841,-1.0591906290804354,91202.2,91137.3,,,
2024-11-16 23:39:00+00:00,90652.2,90677.8,90620.2,90620.2,5.263,90793.0885033755,-0.06426742706762488,91117.87276933747,90468.30423741354,649.5685319239274,0,91105.1,91275.2,0.0,0.0,0.0,0.0,0.3205620695376841,-1.0591906290804354,91202.2,91137.3,,,
2024-11-16 23:40:00+00:00,90620.2,90679.8,90579.2,90579.2,22.182,90793.02423594844,-0.06426742706762488,91117.8085019104,90468.23996998648,649.5685319239274,0,91105.1,91275.2,0.0,0.0,0.0,0.0,0.3205620695376841,-1.0591906290804354,91202.2,91137.3,,,
2024-11-16 23:41:00+00:00,90579.2,90579.3,90538.6,90561.8,30.414,90792.95996852138,-0.06426742706762488,91117.74423448334,90468.17570255941,649.5685319239274,0,91105.1,91275.2,0.0,0.0,0.0,0.0,0.3205620695376841,-1.0591906290804354,91202.2,91137.3,,,
2024-11-16 23:42:00+00:00,90561.8,90561.8,90498.0,90513.7,31.96,90792.8957010943,-0.06426742706762488,91117.67996705626,90468.11143513233,649.5685319239274,0,91105.1,91275.2,0.0,0.0,0.0,0.0,0.3205620695376841,-1.0591906290804354,91202.2,91137.3,,,
2024-11-16 23:43:00+00:00,90513.7,90523.9,90449.9,90455.7,29.114,90792.83143366723,-0.06426742706762488,91117.6156996292,90468.04716770527,649.5685319239274,0,91105.1,91275.2,0.0,0.0,0.0,0.0,0.3205620695376841,-1.0591906290804354,91202.2,91137.3,,,
2024-11-16 23:44:00+00:00,90455.7,90490.0,90446.6,90479.4,47.784,90792.76716624017,-0.06426742706762488,91117.55143220213,90467.9829002782,649.5685319239274,0,91105.1,91275.2,0.0,0.0,0.0,0.0,0.3205620695376841,-1.0591906290804354,91202.2,91137.3,,,
2024-11-16 23:45:00+00:00,90479.4,90554.2,90458.3,90539.3,69.571,90792.70289881309,-0.06426742706762488,91117.48716477506,90467.91863285113,649.5685319239274,0,91105.1,91275.2,0.0,0.0,0.0,0.0,0.3205620695376841,-1.0591906290804354,91202.2,91137.3,,,
2024-11-16 23:46:00+00:00,90539.3,90547.0,90485.4,90502.9,16.429,90792.63863138603,-0.06426742706762488,91117.42289734799,90467.85436542406,649.5685319239274,0,91105.1,91275.2,0.0,0.0,0.0,0.0,0.3205620695376841,-1.0591906290804354,91202.2,91137.3,,,
2024-11-16 23:47:00+00:00,90502.9,90502.9,90440.0,90440.0,16.928,90792.57436395896,-0.06426742706762488,91117.35862992093,90467.790097997,649.5685319239274,0,91105.1,91275.2,0.0,0.0,0.0,0.0,0.3205620695376841,-1.0591906290804354,91202.2,91137.3,,,
2024-11-16 23:48:00+00:00,90440.0,90483.5,90432.2,90432.3,20.146,90792.5100965319,-0.06426742706762488,91117.29436249386,90467.72583056994,649.5685319239274,0,91105.1,91275.2,0.0,0.0,0.0,0.0,0.3205620695376841,-1.0591906290804354,91202.2,91137.3,,,
2024-11-16 23:49:00+00:00,90432.3,90467.1,90431.9,90467.0,5.153,90792.44582910482,-0.06426742706762488,91117.23009506678,90467.66156314286,649.5685319239274,-1,91105.1,91275.2,0.0,35.76156314286345,0.0,0.055054334354749164,0.3205620695376841,-1.0591906290804354,91202.2,91137.3,,,
2024-11-16 23:50:00+00:00,90467.0,90638.4,90467.0,90590.6,53.158,90792.38156167776,-0.06426742706762488,91117.16582763972,90467.5972957158,649.5685319239274,0,91105.1,91275.2,0.0,0.0,0.0,0.0,0.3205620695376841,-1.0591906290804354,91202.2,91137.3,,,
2024-11-16 23:51:00+00:00,90590.6,90590.6,90507.5,90523.6,7.074,90792.3172942507,-0.06426742706762488,91117.10156021266,90467.53302828873,649.5685319239274,0,91105.1,91275.2,0.0,0.0,0.0,0.0,0.3205620695376841,-1.0591906290804354,91202.2,91137.3,,,
2024-11-16 23:52:00+00:00,90523.6,90600.0,90509.5,90578.7,15.064,90792.25302682363,-0.06426742706762488,91117.0372927856,90467.46876086167,649.5685319239274,0,91105.1,91275.2,0.0,0.0,0.0,0.0,0.3205620695376841,-1.0591906290804354,91202.2,91137.3,,,
2024-11-16 23:53:00+00:00,90578.7,90612.8,90576.5,90587.9,29.995,90792.18875939655,-0.06426742706762488,91116.97302535851,90467.40449343459,649.5685319239274,0,91105.1,91275.2,0.0,0.0,0.0,0.0,0.3205620695376841,-1.0591906290804354,91202.2,91137.3,,,
2024-11-16 23:54:00+00:00,90587.9,90623.6,90583.1,90591.9,11.747,90792.12449196949,-0.06426742706762488,91116.90875793145,90467.34022600752,649.5685319239274,0,91105.1,91275.2,0.0,0.0,0.0,0.0,0.3205620695376841,-1.0591906290804354,91202.2,91137.3,,,
2024-11-16 23:55:00+00:00,90591.9,90645.9,90591.9,90616.1,42.562,90792.06022454242,-0.06426742706762488,91116.84449050439,90467.27595858046,649.5685319239274,0,91105.1,91275.2,0.0,0.0,0.0,0.0,0.3205620695376841,-1.0591906290804354,91202.2,91137.3,,,
2024-11-16 23:56:00+00:00,90616.1,90620.5,90592.2,90592.3,14.512,90791.99595711536,-0.06426742706762488,91116.78022307732,90467.2116911534,649.5685319239274,0,91105.1,91275.2,0.0,0.0,0.0,0.0,0.3205620695376841,-1.0591906290804354,91202.2,91137.3,,,
2024-11-16 23:57:00+00:00,90592.3,90599.2,90545.4,90557.1,14.531,90791.93168968828,-0.06426742706762488,91116.71595565024,90467.14742372632,649.5685319239274,0,91105.1,91275.2,0.0,0.0,0.0,0.0,0.3205620695376841,-1.0591906290804354,91202.2,91137.3,,,
2024-11-16 23:58:00+00:00,90557.1,90593.6,90557.1,90576.2,16.471,90791.86742226122,-0.06426742706762488,91116.65168822318,90467.08315629925,649.5685319239274,0,91105.1,91275.2,0.0,0.0,0.0,0.0,0.3205620695376841,-1.0591906290804354,91202.2,91137.3,,,
2024-11-16 23:59:00+00:00,90576.2,90625.4,90564.1,90625.4,14.004,90791.80315483415,-0.06426742706762488,91116.58742079612,90467.01888887219,649.5685319239274,0,91105.1,91275.2,0.0,0.0,0.0,0.0,0.3205620695376841,-1.0591906290804354,91202.2,91137.3,,,
2024-11-17 00:00:00+00:00,90625.4,90685.0,90625.4,90684.9,43.555,90791.73888740709,-0.06426742706762488,91116.52315336905,90466.95462144513,649.5685319239274,0,91105.1,91275.2,0.0,0.0,0.0,0.0,0.3205620695376841,-1.0591906290804354,91202.2,91137.3,,,
2024-11-17 00:01:00+00:00,90684.9,90747.3,90661.6,90744.8,96.868,90791.67461998001,-0.06426742706762488,91116.45888594197,90466.89035401805,649.5685319239274,1,91105.1,91275.2,-369.1588859419717,0.0,-0.5683139927492744,0.0,0.3205620695376841,-1.0591906290804354,91202.2,91137.3,,,
2024-11-17 00:02:00+00:00,90744.8,90744.8,90715.0,90715.0,89.016,90791.61035255295,-0.06426742706762488,91116.39461851491,90466.82608659098,649.5685319239274,0,91105.1,91275.2,0.0,0.0,0.0,0.0,0.3205620695376841,-1.0591906290804354,91202.2,91137.3,,,
2024-11-17 00:03:00+00:00,90715.0,90739.2,90715.0,90738.7,44.756,90791.54608512588,-0.06426742706762488,91116.33035108785,90466.76181916392,649.5685319239274,0,91105.1,91275.2,0.0,0.0,0.0,0.0,0.3205620695376841,-1.0591906290804354,91202.2,91137.3,,,
2024-11-17 00:04:00+00:00,90738.7,90740.0,90688.6,90716.6,65.198,90791.48181769882,-0.06426742706762488,91116.26608366078,90466.69755173686,649.5685319239274,0,91105.1,91275.2,0.0,0.0,0.0,0.0,0.3205620695376841,-1.0591906290804354,91202.2,91137.3,,,
2024-11-17 00:05:00+00:00,90716.6,90719.5,90655.4,90696.4,35.232,90791.41755027174,-0.06426742706762488,91116.2018162337,90466.63328430978,649.5685319239274,0,91105.1,91275.2,0.0,0.0,0.0,0.0,0.3205620695376841,-1.0591906290804354,91202.2,91137.3,,,
2024-11-17 00:06:00+00:00,90696.4,90720.8,90665.5,90665.5,14.163,90791.35328284468,-0.06426742706762488,91116.13754880664,90466.56901688271,649.5685319239274,0,91105.1,91275.2,0.0,0.0,0.0,0.0,0.3205620695376841,-1.0591906290804354,91202.2,91137.3,,,
2024-11-17 00:07:00+00:00,90665.5,90739.1,90645.9,90738.2,23.787,90791.28901541761,-0.06426742706762488,91116.07328137958,90466.50474945565,649.5685319239274,-1,91105.1,91275.2,0.0,-179.3952505443449,0.0,-0.2761760179684233,0.3205620695376841,-1.0591906290804354,91202.2,91137.3,,,
2024-11-17 00:08:00+00:00,90738.2,90757.4,90647.3,90648.9,22.325,90791.22474799055,-0.06426742706762488,91116.00901395251,90466.44048202859,649.5685319239274,0,91105.1,91275.2,0.0,0.0,0.0,0.0,0.3205620695376841,-1.0591906290804354,91202.2,91137.3,,,
2024-11-17 00:09:00+00:00,90648.9,90703.7,90648.5,90703.7,14.461,90791.16048056347,-0.06426742706762488,91115.94474652543,90466.3762146015,649.5685319239274,0,91105.1,91275.2,0.0,0.0,0.0,0.0,0.3205620695376841,-1.0591906290804354,91202.2,91137.3,,,
2024-11-17 00:10:00+00:00,90703.7,90742.6,90701.6,90707.1,19.881,90791.0962131364,-0.06426742706762488,91115.88047909837,90466.31194717444,649.5685319239274,0,91105.1,91275.2,0.0,0.0,0.0,0.0,0.3205620695376841,-1.0591906290804354,91202.2,91137.3,,,
2024-11-17 00:11:00+00:00,90707.1,90769.8,90700.1,90750.9,27.408,90791.03194570934,-0.06426742706762488,91115.8162116713,90466.24767974738,649.5685319239274,0,91105.1,91275.2,0.0,0.0,0.0,0.0,0.3205620695376841,-1.0591906290804354,91202.2,91137.3,,,
2024-11-17 00:12:00+00:00,90750.9,90752.3,90721.8,90729.2,21.001,90790.96767828228,-0.06426742706762488,91115.75194424424,90466.18341232032,649.5685319239274,0,91105.1,91275.2,0.0,0.0,0.0,0.0,0.3205620695376841,-1.0591906290804354,91202.2,91137.3,,,
2024-11-17 00:13:00+00:00,90729.2,90758.4,90714.8,90758.4,15.125,90790.9034108552,-0.06426742706762488,91115.68767681716,90466.11914489324,649.5685319239274,0,91105.1,91275.2,0.0,0.0,0.0,0.0,0.3205620695376841,-1.0591906290804354,91202.2,91137.3,,,
2024-11-17 00:14:00+00:00,90758.4,90776.9,90726.3,90750.1,19.164,90790.83914342814,-0.06426742706762488,91115.6234093901,90466.05487746617,649.5685319239274,0,91105.1,91275.2,0.0,0.0,0.0,0.0,0.3205620695376841,-1.0591906290804354,91202.2,91137.3,,,
2024-11-17 00:15:00+00:00,90750.1,90837.7,90750.1,90837.7,77.341,90790.77487600107,-0.06426742706762488,91115.55914196304,90465.99061003911,649.5685319239274,0,91105.1,91275.2,0.0,0.0,0.0,0.0,0.3205620695376841,-1.0591906290804354,91202.2,91137.3,,,
2024-11-17 00:16:00+00:00,90837.7,90837.7,90787.4,90806.0,18.534,90790.71060857401,-0.06426742706762488,91115.49487453597,90465.92634261205,649.5685319239274,0,91105.1,91275.2,0.0,0.0,0.0,0.0,0.3205620695376841,-1.0591906290804354,91202.2,91137.3,,,
2024-11-17 00:17:00+00:00,90806.0,90864.3,90791.6,90840.2,23.569,90790.64634114693,-0.06426742706762488,91115.4306071089,90465.86207518497,649.5685319239274,0,91105.1,91275.2,0.0,0.0,0.0,0.0,0.3205620695376841,-1.0591906290804354,91202.2,91137.3,,,
2024-11-17 00:18:00+00:00,90840.2,90865.3,90840.1,90865.3,13.019,90790.58207371987,-0.06426742706762488,91115.36633968183,90465.7978077579,649.5685319239274,0,91105.1,91275.2,0.0,0.0,0.0,0.0,0.3205620695376841,-1.0591906290804354,91202.2,91137.3,,,
2024-11-17 00:19:00+00:00,90865.3,90884.5,90851.5,90851.5,43.922,90790.5178062928,-0.06426742706762488,91115.30207225477,90465.73354033084,649.5685319239274,0,91105.1,91275.2,0.0,0.0,0.0,0.0,0.3205620695376841,-1.0591906290804354,91202.2,91137.3,,,
2024-11-17 00:20:00+00:00,90851.5,90875.4,90844.0,90875.4,27.006,90790.45353886574,-0.06426742706762488,91115.2378048277,90465.66927290377,649.5685319239274,0,91105.1,91275.2,0.0,0.0,0.0,0.0,0.3205620695376841,-1.0591906290804354,91202.2,91137.3,,,
2024-11-17 00:21:00+00:00,90875.4,90898.3,90875.4,90885.1,19.402,90790.38927143866,-0.06426742706762488,91115.17353740062,90465.6050054767,649.5685319239274,0,91105.1,91275.2,0.0,0.0,0.0,0.0,0.3205620695376841,-1.0591906290804354,91202.2,91137.3,,,
2024-11-17 00:22:00+00:00,90885.1,90909.0,90840.9,90901.5,38.652,90790.3250040116,-0.06426742706762488,91115.10926997356,90465.54073804963,649.5685319239274,0,91105.1,91275.2,0.0,0.0,0.0,0.0,0.3205620695376841,-1.0591906290804354,91202.2,91137.3,,,
2024-11-17 00:23:00+00:00,90901.5,90909.6,90832.1,90834.1,29.7,90790.26073658453,-0.06426742706762488,91115.0450025465,90465.47647062257,649.5685319239274,1,91105.1,91275.2,-205.4450025464903,0.0,-0.31627917987035503,0.0,0.3205620695376841,-1.0591906290804354,91202.2,91137.3,,,
2024-11-17 00:24:00+00:00,90834.1,90880.0,90821.9,90868.6,22.62,90790.19646915745,-0.06426742706762488,91114.98073511942,90465.41220319549,649.5685319239274,0,91105.1,91275.2,0.0,0.0,0.0,0.0,0.3205620695376841,-1.0591906290804354,91202.2,91137.3,,,
2024-11-17 00:25:00+00:00,90868.6,90899.9,90821.4,90889.0,56.827,90790.13220173039,-0.06426742706762488,91114.91646769235,90465.34793576843,649.5685319239274,0,91105.1,91275.2,0.0,0.0,0.0,0.0,0.3205620695376841,-1.0591906290804354,91202.2,91137.3,,,
2024-11-17 00:26:00+00:00,90889.0,90906.0,90859.5,90859.5,18.384,90790.06793430333,-0.06426742706762488,91114.85220026529,90465.28366834136,649.5685319239274,0,91105.1,91275.2,0.0,0.0,0.0,0.0,0.3205620695376841,-1.0591906290804354,91202.2,91137.3,,,
2024-11-17 00:27:00+00:00,90859.5,90894.7,90844.2,90856.5,27.65,90790.00366687626,-0.06426742706762488,91114.78793283823,90465.2194009143,649.5685319239274,0,91105.1,91275.2,0.0,0.0,0.0,0.0,0.3205620695376841,-1.0591906290804354,91202.2,91137.3,,,
2024-11-17 00:28:00+00:00,90856.5,90906.0,90816.5,90906.0,39.35,90789.93939944918,-0.06426742706762488,91114.72366541115,90465.15513348722,649.5685319239274,0,91105.1,91275.2,0.0,0.0,0.0,0.0,0.3205620695376841,-1.0591906290804354,91202.2,91137.3,,,
2024-11-17 00:29:00+00:00,90906.0,90906.0,90859.1,90860.8,20.662,90789.87513202212,-0.06426742706762488,91114.65939798408,90465.09086606016,649.5685319239274,0,91105.1,91275.2,0.0,0.0,0.0,0.0,0.3205620695376841,-1.0591906290804354,91202.2,91137.3,,,
2024-11-17 00:30:00+00:00,90860.8,90922.9,90850.4,90862.0,20.668,90789.81086459506,-0.06426742706762488,91114.59513055702,90465.02659863309,649.5685319239274,0,91105.1,91275.2,0.0,0.0,0.0,0.0,0.3205620695376841,-1.0591906290804354,91202.2,91137.3,,,
2024-11-17 00:31:00+00:00,90862.0,90879.9,90820.8,90868.3,22.06,90789.74659716799,-0.06426742706762488,91114.53086312996,90464.96233120603,649.5685319239274,0,91105.1,91275.2,0.0,0.0,0.0,0.0,0.3205620695376841,-1.0591906290804354,91202.2,91137.3,,,
2024-11-17 00:32:00+00:00,90868.3,90885.4,90791.3,90791.3,36.682,90789.68232974091,-0.06426742706762488,91114.46659570288,90464.89806377895,649.5685319239274,0,91105.1,91275.2,0.0,0.0,0.0,0.0,0.3205620695376841,-1.0591906290804354,91202.2,91137.3,,,
2024-11-17 00:33:00+00:00,90791.3,90861.9,90735.0,90812.7,48.952,90789.61806231385,-0.06426742706762488,91114.40232827581,90464.83379635189,649.5685319239274,-1,91105.1,91275.2,0.0,-270.1662036481139,0.0,-0.4159163973783042,0.3205620695376841,-1.0591906290804354,91202.2,91137.3,,,
2024-11-17 00:34:00+00:00,90812.7,90877.0,90812.7,90876.0,22.151,90789.55379488679,-0.06426742706762488,91114.33806084875,90464.76952892482,649.5685319239274,0,91105.1,91275.2,0.0,0.0,0.0,0.0,0.3205620695376841,-1.0591906290804354,91202.2,91137.3,,,
2024-11-17 00:35:00+00:00,90876.0,90926.1,90870.4,90925.9,27.494,90789.48952745972,-0.06426742706762488,91114.27379342169,90464.70526149776,649.5685319239274,0,91105.1,91275.2,0.0,0.0,0.0,0.0,0.3205620695376841,-1.0591906290804354,91202.2,91137.3,,,
2024-11-17 00:36:00+00:00,90925.9,90955.0,90925.8,90940.0,30.055,90789.42526003264,-0.06426742706762488,91114.2095259946,90464.64099407068,649.5685319239274,1,91105.1,91275.2,-159.20952599460725,0.0,-0.24510042923885464,0.0,0.3205620695376841,-1.0591906290804354,91202.2,91137.3,,,
2024-11-17 00:37:00+00:00,90940.0,90954.8,90887.1,90887.2,13.277,90789.36099260558,-0.06426742706762488,91114.14525856754,90464.57672664362,649.5685319239274,0,91105.1,91275.2,0.0,0.0,0.0,0.0,0.3205620695376841,-1.0591906290804354,91202.2,91137.3,,,
2024-11-17 00:38:00+00:00,90887.2,90902.9,90859.1,90897.2,12.197,90789.29672517852,-0.06426742706762488,91114.08099114048,90464.51245921655,649.5685319239274,0,91105.1,91275.2,0.0,0.0,0.0,0.0,0.3205620695376841,-1.0591906290804354,91202.2,91137.3,,,
2024-11-17 00:39:00+00:00,90897.2,90908.3,90871.6,90895.2,21.529,90789.23245775145,-0.06426742706762488,91114.01672371342,90464.44819178949,649.5685319239274,0,91105.1,91275.2,0.0,0.0,0.0,0.0,0.3205620695376841,-1.0591906290804354,91202.2,91137.3,,,
2024-11-17 00:40:00+00:00,90895.2,90895.2,90877.6,90889.2,9.134,90789.16819032437,-0.06426742706762488,91113.95245628634,90464.38392436241,649.5685319239274,0,91105.1,91275.2,0.0,0.0,0.0,0.0,0.3205620695376841,-1.0591906290804354,91202.2,91137.3,,,
2024-11-17 00:41:00+00:00,90889.2,90889.8,90824.9,90844.3,10.626,90789.10392289731,-0.06426742706762488,91113.88818885927,90464.31965693535,649.5685319239274,0,91105.1,91275.2,0.0,0.0,0.0,0.0,0.3205620695376841,-1.0591906290804354,91202.2,91137.3,,,
2024-11-17 00:42:00+00:00,90844.3,90883.3,90833.8,90857.7,8.048,90789.03965547025,-0.06426742706762488,91113.82392143221,90464.25538950828,649.5685319239274,0,91105.1,91275.2,0.0,0.0,0.0,0.0,0.3205620695376841,-1.0591906290804354,91202.2,91137.3,,,
2024-11-17 00:43:00+00:00,90857.7,90857.8,90835.2,90838.6,11.353,90788.97538804318,-0.06426742706762488,91113.75965400515,90464.19112208122,649.5685319239274,0,91105.1,91275.2,0.0,0.0,0.0,0.0,0.3205620695376841,-1.0591906290804354,91202.2,91137.3,,,
2024-11-17 00:44:00+00:00,90838.6,90838.6,90760.9,90760.9,39.549,90788.9111206161,-0.06426742706762488,91113.69538657807,90464.12685465414,649.5685319239274,0,91105.1,91275.2,0.0,0.0,0.0,0.0,0.3205620695376841,-1.0591906290804354,91202.2,91137.3,,,1.0
2024-11-17 00:45:00+00:00,90760.9,90800.0,90747.2,90800.0,18.928,90788.84685318904,-0.06426742706762488,91113.631119151,90464.06258722708,649.5685319239274,-1,91105.1,91275.2,0.0,-283.1374127729214,0.0,-0.4358853590618216,0.3205620695376841,-1.0591906290804354,91202.2,91137.3,,,
2024-11-17 00:46:00+00:00,90800.0,90811.9,90767.5,90774.1,8.487,90788.78258576198,-0.06426742706762488,91113.56685172394,90463.99831980001,649.5685319239274,0,91105.1,91275.2,0.0,0.0,0.0,0.0,0.3205620695376841,-1.0591906290804354,91202.2,91137.3,,,1.0
2024-11-17 00:47:00+00:00,90774.1,90834.9,90774.1,90834.9,8.336,90788.71831833491,-0.06426742706762488,91113.50258429688,90463.93405237295,649.5685319239274,0,91105.1,91275.2,0.0,0.0,0.0,0.0,0.3205620695376841,-1.0591906290804354,91202.2,91137.3,,,
2024-11-17 00:48:00+00:00,90834.9,90858.9,90818.2,90858.8,5.435,90788.65405090783,-0.06426742706762488,91113.4383168698,90463.86978494587,649.5685319239274,0,91105.1,91275.2,0.0,0.0,0.0,0.0,0.3205620695376841,-1.0591906290804354,91202.2,91137.3,,,
2024-11-17 00:49:00+00:00,90858.8,90858.9,90790.0,90790.0,15.655,90788.58978348077,-0.06426742706762488,91113.37404944273,90463.8055175188,649.5685319239274,0,91105.1,91275.2,0.0,0.0,0.0,0.0,0.3205620695376841,-1.0591906290804354,91202.2,91137.3,,,
2024-11-17 00:50:00+00:00,90790.0,90899.6,90790.0,90899.6,12.509,90788.5255160537,-0.06426742706762488,91113.30978201567,90463.74125009174,649.5685319239274,0,91105.1,91275.2,0.0,0.0,0.0,0.0,0.3205620695376841,-1.0591906290804354,91202.2,91137.3,,,
2024-11-17 00:51:00+00:00,90899.6,90930.0,90894.5,90894.6,21.705,90788.46124862664,-0.06426742706762488,91113.2455145886,90463.67698266468,649.5685319239274,0,91105.1,91275.2,0.0,0.0,0.0,0.0,0.3205620695376841,-1.0591906290804354,91202.2,91137.3,,,
2024-11-17 00:52:00+00:00,90894.6,90922.5,90878.2,90893.8,15.619,90788.39698119956,-0.06426742706762488,91113.18124716153,90463.6127152376,649.5685319239274,0,91105.1,91275.2,0.0,0.0,0.0,0.0,0.3205620695376841,-1.0591906290804354,91202.2,91137.3,,,
2024-11-17 00:53:00+00:00,90893.8,90945.1,90893.8,90911.3,58.181,90788.3327137725,-0.06426742706762488,91113.11697973446,90463.54844781054,649.5685319239274,1,91105.1,91275.2,-168.01697973445698,0.0,-0.2586593584464678,0.0,0.3205620695376841,-1.0591906290804354,91202.2,91137.3,,,
2024-11-17 00:54:00+00:00,90911.3,90911.4,90877.0,90887.8,5.607,90788.26844634544,-0.06426742706762488,91113.0527123074,90463.48418038347,649.5685319239274,0,91105.1,91275.2,0.0,0.0,0.0,0.0,0.3205620695376841,-1.0591906290804354,91202.2,91137.3,,,
2024-11-17 00:55:00+00:00,90887.8,90887.9,90870.0,90887.1,5.121,90788.20417891837,-0.06426742706762488,91112.98844488034,90463.41991295641,649.5685319239274,0,91105.1,91275.2,0.0,0.0,0.0,0.0,0.3205620695376841,-1.0591906290804354,91202.2,91137.3,,,
2024-11-17 00:56:00+00:00,90887.1,90900.0,90865.1,90874.7,14.326,90788.1399114913,-0.06426742706762488,91112.92417745326,90463.35564552933,649.5685319239274,0,91105.1,91275.2,0.0,0.0,0.0,0.0,0.3205620695376841,-1.0591906290804354,91202.2,91137.3,,,
2024-11-17 00:57:00+00:00,90874.7,90895.3,90870.8,90895.3,9.593,90788.07564406423,-0.06426742706762488,91112.85991002619,90463.29137810227,649.5685319239274,0,91105.1,91275.2,0.0,0.0,0.0,0.0,0.3205620695376841,-1.0591906290804354,91202.2,91137.3,,,
2024-11-17 00:58:00+00:00,90895.3,90898.4,90877.5,90887.1,18.478,90788.01137663717,-0.06426742706762488,91112.79564259913,90463.2271106752,649.5685319239274,0,91105.1,91275.2,0.0,0.0,0.0,0.0,0.3205620695376841,-1.0591906290804354,91202.2,91137.3,,,
2024-11-17 00:59:00+00:00,90887.1,90889.5,90871.2,90885.3,5.726,90787.9471092101,-0.06426742706762488,91112.73137517206,90463.16284324814,649.5685319239274,0,91105.1,91275.2,0.0,0.0,0.0,0.0,0.3205620695376841,-1.0591906290804354,91202.2,91137.3,,,
2024-11-17 01:00:00+00:00,90885.3,90885.3,90854.6,90854.6,3.952,90787.88284178302,-0.06426742706762488,91112.66710774499,90463.09857582106,649.5685319239274,0,91105.1,91275.2,0.0,0.0,0.0,0.0,0.3205620695376841,-1.0591906290804354,91202.2,91137.3,,,
2024-11-17 01:01:00+00:00,90854.6,90854.8,90802.0,90802.0,10.276,90787.81857435596,-0.06426742706762488,91112.60284031792,90463.034308394,649.5685319239274,0,91105.1,91275.2,0.0,0.0,0.0,0.0,0.3205620695376841,-1.0591906290804354,91202.2,91137.3,,,
2024-11-17 01:02:00+00:00,90802.0,90826.0,90800.0,90802.0,10.987,90787.7543069289,-0.06426742706762488,91112.53857289086,90462.97004096693,649.5685319239274,0,91105.1,91275.2,0.0,0.0,0.0,0.0,0.3205620695376841,-1.0591906290804354,91202.2,91137.3,,,
2024-11-17 01:03:00+00:00,90802.0,90806.4,90767.9,90805.9,14.513,90787.69003950182,-0.06426742706762488,91112.47430546378,90462.90577353985,649.5685319239274,0,91105.1,91275.2,0.0,0.0,0.0,0.0,0.3205620695376841,-1.0591906290804354,91202.2,91137.3,,,
2024-11-17 01:04:00+00:00,90805.9,90809.3,90744.0,90791.5,113.603,90787.62577207475,-0.06426742706762488,91112.41003803672,90462.84150611279,649.5685319239274,0,91105.1,91275.2,0.0,0.0,0.0,0.0,0.3205620695376841,-1.0591906290804354,91202.2,91137.3,,,
2024-11-17 01:05:00+00:00,90791.5,90824.4,90741.8,90741.8,16.995,90787.56150464769,-0.06426742706762488,91112.34577060965,90462.77723868573,649.5685319239274,0,91105.1,91275.2,0.0,0.0,0.0,0.0,0.3205620695376841,-1.0591906290804354,91202.2,91137.3,,,1.0
2024-11-17 01:06:00+00:00,90741.8,90811.6,90740.6,90809.0,52.42,90787.49723722062,-0.06426742706762488,91112.28150318259,90462.71297125866,649.5685319239274,-1,91105.1,91275.2,0.0,-277.8870287413447,0.0,-0.42780247977574254,0.3205620695376841,-1.0591906290804354,91202.2,91137.3,,,
2024-11-17 01:07:00+00:00,90809.0,90908.8,90785.7,90875.2,47.079,90787.43296979355,-0.06426742706762488,91112.21723575551,90462.64870383158,649.5685319239274,0,91105.1,91275.2,0.0,0.0,0.0,0.0,0.3205620695376841,-1.0591906290804354,91202.2,91137.3,,,
2024-11-17 01:08:00+00:00,90875.2,90944.0,90875.2,90929.8,14.404,90787.36870236648,-0.06426742706762488,91112.15296832845,90462.58443640452,649.5685319239274,0,91105.1,91275.2,0.0,0.0,0.0,0.0,0.3205620695376841,-1.0591906290804354,91202.2,91137.3,,,
2024-11-17 01:09:00+00:00,90929.8,90950.0,90873.8,90873.8,17.295,90787.30443493942,-0.06426742706762488,91112.08870090138,90462.52016897745,649.5685319239274,1,91105.1,91275.2,-162.08870090138225,0.0,-0.24953287133737703,0.0,0.3205620695376841,-1.0591906290804354,91202.2,91137.3,,,
2024-11-17 01:10:00+00:00,90873.8,90873.8,90807.9,90811.0,7.933,90787.24016751235,-0.06426742706762488,91112.02443347432,90462.45590155039,649.5685319239274,0,91105.1,91275.2,0.0,0.0,0.0,0.0,0.3205620695376841,-1.0591906290804354,91202.2,91137.3,,,
2024-11-17 01:11:00+00:00,90811.0,90820.2,90776.0,90793.1,6.207,90787.17590008528,-0.06426742706762488,91111.96016604724,90462.39163412331,649.5685319239274,0,91105.1,91275.2,0.0,0.0,0.0,0.0,0.3205620695376841,-1.0591906290804354,91202.2,91137.3,,,
2024-11-17 01:12:00+00:00,90793.1,90823.1,90778.2,90778.3,6.205,90787.11163265821,-0.06426742706762488,91111.89589862018,90462.32736669625,649.5685319239274,0,91105.1,91275.2,0.0,0.0,0.0,0.0,0.3205620695376841,-1.0591906290804354,91202.2,91137.3,,,1.0
2024-11-17 01:13:00+00:00,90778.3,90796.0,90763.7,90763.7,11.902,90787.04736523115,-0.06426742706762488,91111.83163119311,90462.26309926918,649.5685319239274,0,91105.1,91275.2,0.0,0.0,0.0,0.0,0.3205620695376841,-1.0591906290804354,91202.2,91137.3,,,
2024-11-17 01:14:00+00:00,90763.7,90800.0,90753.0,90800.0,10.292,90786.98309780408,-0.06426742706762488,91111.76736376605,90462.19883184212,649.5685319239274,-1,91105.1,91275.2,0.0,-290.80116815787915,0.0,-0.4476835835882758,0.3205620695376841,-1.0591906290804354,91202.2,91137.3,,,
2024-11-17 01:15:00+00:00,90800.0,90914.5,90800.0,90875.8,45.787,90786.918830377,-0.06426742706762488,91111.70309633897,90462.13456441504,649.5685319239274,0,91105.1,91275.2,0.0,0.0,0.0,0.0,0.3205620695376841,-1.0591906290804354,91202.2,91137.3,,,
2024-11-17 01:16:00+00:00,90875.8,90896.8,90840.9,90876.8,6.445,90786.85456294994,-0.06426742706762488,91111.6388289119,90462.07029698798,649.5685319239274,0,91105.1,91275.2,0.0,0.0,0.0,0.0,0.3205620695376841,-1.0591906290804354,91202.2,91137.3,,,
2024-11-17 01:17:00+00:00,90876.8,90878.2,90789.0,90835.2,6.992,90786.79029552288,-0.06426742706762488,91111.57456148484,90462.00602956091,649.5685319239274,0,91105.1,91275.2,0.0,0.0,0.0,0.0,0.3205620695376841,-1.0591906290804354,91202.2,91137.3,,,
2024-11-17 01:18:00+00:00,90835.2,90873.5,90798.5,90798.5,18.816,90786.72602809581,-0.06426742706762488,91111.51029405778,90461.94176213385,649.5685319239274,0,91105.1,91275.2,0.0,0.0,0.0,0.0,0.3205620695376841,-1.0591906290804354,91202.2,91137.3,,,
2024-11-17 01:19:00+00:00,90798.5,90827.6,90779.0,90779.1,7.211,90786.66176066874,-0.06426742706762488,91111.4460266307,90461.87749470677,649.5685319239274,0,91105.1,91275.2,0.0,0.0,0.0,0.0,0.3205620695376841,-1.0591906290804354,91202.2,91137.3,,,1.0
2024-11-17 01:20:00+00:00,90779.1,90818.0,90768.0,90795.7,28.956,90786.59749324167,-0.06426742706762488,91111.38175920364,90461.81322727971,649.5685319239274,0,91105.1,91275.2,0.0,0.0,0.0,0.0,0.3205620695376841,-1.0591906290804354,91202.2,91137.3,,,
2024-11-17 01:21:00+00:00,90795.7,90813.1,90768.6,90813.0,9.529,90786.53322581461,-0.06426742706762488,91111.31749177657,90461.74895985264,649.5685319239274,0,91105.1,91275.2,0.0,0.0,0.0,0.0,0.3205620695376841,-1.0591906290804354,91202.2,91137.3,,,
2024-11-17 01:22:00+00:00,90813.0,90813.1,90780.0,90780.0,4.69,90786.46895838754,-0.06426742706762488,91111.25322434951,90461.68469242558,649.5685319239274,0,91105.1,91275.2,0.0,0.0,0.0,0.0,0.3205620695376841,-1.0591906290804354,91202.2,91137.3,,,1.0
2024-11-17 01:23:00+00:00,90780.0,90840.0,90771.0,90787.4,10.131,90786.40469096047,-0.06426742706762488,91111.18895692243,90461.6204249985,649.5685319239274,0,91105.1,91275.2,0.0,0.0,0.0,0.0,0.3205620695376841,-1.0591906290804354,91202.2,91137.3,,,
2024-11-17 01:24:00+00:00,90787.4,90831.1,90785.1,90793.8,4.657,90786.3404235334,-0.06426742706762488,91111.12468949537,90461.55615757144,649.5685319239274,0,91105.1,91275.2,0.0,0.0,0.0,0.0,0.3205620695376841,-1.0591906290804354,91202.2,91137.3,,,
2024-11-17 01:25:00+00:00,90793.8,90793.8,90749.2,90763.4,7.524,90786.27615610634,-0.06426742706762488,91111.0604220683,90461.49189014437,649.5685319239274,0,91105.1,91275.2,0.0,0.0,0.0,0.0,0.3205620695376841,-1.0591906290804354,91202.2,91137.3,,,1.0
2024-11-17 01:26:00+00:00,90763.4,90763.4,90718.6,90751.5,17.109,90786.21188867927,-0.06426742706762488,91110.99615464124,90461.42762271731,649.5685319239274,0,91105.1,91275.2,0.0,0.0,0.0,0.0,0.3205620695376841,-1.0591906290804354,91202.2,91137.3,,,
2024-11-17 01:27:00+00:00,90751.5,90775.5,90746.3,90775.4,24.43,90786.1476212522,-0.06426742706762488,91110.93188721416,90461.36335529023,649.5685319239274,0,91105.1,91275.2,0.0,0.0,0.0,0.0,0.3205620695376841,-1.0591906290804354,91202.2,91137.3,,,
2024-11-17 01:28:00+00:00,90775.4,90775.8,90755.5,90765.8,3.6,90786.08335382513,-0.06426742706762488,91110.8676197871,90461.29908786317,649.5685319239274,0,91105.1,91275.2,0.0,0.0,0.0,0.0,0.3205620695376841,-1.0591906290804354,91202.2,91137.3,,,
2024-11-17 01:29:00+00:00,90765.8,90779.3,90758.3,90759.9,2.164,90786.01908639807,-0.06426742706762488,91110.80335236003,90461.2348204361,649.5685319239274,0,91105.1,91275.2,0.0,0.0,0.0,0.0,0.3205620695376841,-1.0591906290804354,91202.2,91137.3,,,
2024-11-17 01:30:00+00:00,90759.9,90760.0,90663.9,90670.6,25.642,90785.954818971,-0.06426742706762488,91110.73908493297,90461.17055300904,649.5685319239274,0,91105.1,91275.2,0.0,0.0,0.0,0.0,0.3205620695376841,-1.0591906290804354,91202.2,91137.3,,,
2024-11-17 01:31:00+00:00,90670.6,90670.7,90635.9,90641.3,45.692,90785.89055154393,-0.06426742706762488,91110.67481750589,90461.10628558196,649.5685319239274,0,91105.1,91275.2,0.0,0.0,0.0,0.0,0.3205620695376841,-1.0591906290804354,91202.2,91137.3,,,
2024-11-17 01:32:00+00:00,90641.3,90641.3,90448.7,90501.6,473.064,90785.82628411686,-0.06426742706762488,91110.61055007883,90461.0420181549,649.5685319239274,0,91105.1,91275.2,0.0,0.0,0.0,0.0,0.3205620695376841,-1.0591906290804354,91202.2,91137.3,,,
2024-11-17 01:33:00+00:00,90501.6,90545.7,90436.9,90442.0,93.993,90785.7620166898,-0.06426742706762488,91110.54628265176,90460.97775072783,649.5685319239274,0,91105.1,91275.2,0.0,0.0,0.0,0.0,0.3205620695376841,-1.0591906290804354,91202.2,91137.3,,,
2024-11-17 01:34:00+00:00,90442.0,90548.4,90387.0,90547.9,411.393,90785.69774926273,-0.06426742706762488,91110.4820152247,90460.91348330077,649.5685319239274,0,91105.1,91275.2,0.0,0.0,0.0,0.0,0.3205620695376841,-1.0591906290804354,91202.2,91137.3,,,
2024-11-17 01:35:00+00:00,90547.9,90597.8,90544.1,90557.0,44.003,90785.63348183566,-0.06426742706762488,91110.41774779762,90460.84921587369,649.5685319239274,0,91105.1,91275.2,0.0,0.0,0.0,0.0,0.3205620695376841,-1.0591906290804354,91202.2,91137.3,,,
2024-11-17 01:36:00+00:00,90557.0,90623.0,90544.2,90611.9,43.487,90785.56921440859,-0.06426742706762488,91110.35348037056,90460.78494844663,649.5685319239274,0,91105.1,91275.2,0.0,0.0,0.0,0.0,0.3205620695376841,-1.0591906290804354,91202.2,91137.3,,,
2024-11-17 01:37:00+00:00,90611.9,90618.8,90522.0,90530.8,25.449,90785.50494698153,-0.06426742706762488,91110.28921294349,90460.72068101956,649.5685319239274,0,91105.1,91275.2,0.0,0.0,0.0,0.0,0.3205620695376841,-1.0591906290804354,91202.2,91137.3,,,
2024-11-17 01:38:00+00:00,90530.8,90564.2,90500.2,90556.9,30.898,90785.44067955446,-0.06426742706762488,91110.22494551643,90460.6564135925,649.5685319239274,0,91105.1,91275.2,0.0,0.0,0.0,0.0,0.3205620695376841,-1.0591906290804354,91202.2,91137.3,,,
2024-11-17 01:39:00+00:00,90556.9,90566.3,90429.9,90460.5,166.063,90785.37641212739,-0.06426742706762488,91110.16067808935,90460.59214616542,649.5685319239274,0,91105.1,91275.2,0.0,0.0,0.0,0.0,0.3205620695376841,-1.0591906290804354,91202.2,91137.3,,,
2024-11-17 01:40:00+00:00,90460.5,90460.5,90244.3,90340.8,507.752,90785.31214470032,-0.06426742706762488,91110.09641066229,90460.52787873836,649.5685319239274,0,91105.1,91275.2,0.0,0.0,0.0,0.0,0.3205620695376841,-1.0591906290804354,91202.2,91137.3,,,
2024-11-17 01:41:00+00:00,90340.8,90395.8,90328.4,90338.1,60.966,90785.24787727326,-0.06426742706762488,91110.03214323522,90460.4636113113,649.5685319239274,0,91105.1,91275.2,0.0,0.0,0.0,0.0,0.3205620695376841,-1.0591906290804354,91202.2,91137.3,,,
2024-11-17 01:42:00+00:00,90338.1,90450.3,90303.4,90335.7,213.126,90785.1836098462,-0.06426742706762488,91109.96787580816,90460.39934388423,649.5685319239274,0,91105.1,91275.2,0.0,0.0,0.0,0.0,0.3205620695376841,-1.0591906290804354,91202.2,91137.3,,,
2024-11-17 01:43:00+00:00,90335.7,90348.2,90272.7,90279.2,73.532,90785.11934241912,-0.06426742706762488,91109.90360838108,90460.33507645715,649.5685319239274,0,91105.1,91275.2,0.0,0.0,0.0,0.0,0.3205620695376841,-1.0591906290804354,91202.2,91137.3,,,
2024-11-17 01:44:00+00:00,90279.2,90320.0,90227.7,90243.0,105.63,90785.05507499205,-0.06426742706762488,91109.83934095401,90460.27080903009,649.5685319239274,0,91105.1,91275.2,0.0,0.0,0.0,0.0,0.3205620695376841,-1.0591906290804354,91202.2,91137.3,,,
2024-11-17 01:45:00+00:00,90243.0,90273.4,90055.0,90122.4,481.636,90784.99080756499,-0.06426742706762488,91109.77507352695,90460.20654160302,649.5685319239274,-1,91105.1,91275.2,0.0,405.20654160302365,0.0,0.6238087617989451,0.3205620695376841,-1.0591906290804354,91202.2,91137.3,,,
2024-11-17 01:46:00+00:00,90122.4,90387.0,90122.4,90386.4,146.32,90784.92654013791,-0.06426742706762488,91109.71080609987,90460.14227417595,649.5685319239274,0,91105.1,91275.2,0.0,0.0,0.0,0.0,0.3205620695376841,-1.0591906290804354,91202.2,91137.3,,,
2024-11-17 01:47:00+00:00,90386.4,90397.1,90309.0,90330.0,56.729,90784.86227271084,-0.06426742706762488,91109.64653867281,90460.07800674888,649.5685319239274,0,91105.1,91275.2,0.0,0.0,0.0,0.0,0.3205620695376841,-1.0591906290804354,91202.2,91137.3,,,
2024-11-17 01:48:00+00:00,90330.0,90330.1,90247.1,90278.4,50.011,90784.79800528378,-0.06426742706762488,91109.58227124574,90460.01373932182,649.5685319239274,0,91105.1,91275.2,0.0,0.0,0.0,0.0,0.3205620695376841,-1.0591906290804354,91202.2,91137.3,,,
2024-11-17 01:49:00+00:00,90278.4,90288.1,90163.5,90188.8,53.92,90784.73373785672,-0.06426742706762488,91109.51800381868,90459.94947189475,649.5685319239274,0,91105.1,91275.2,0.0,0.0,0.0,0.0,0.3205620695376841,-1.0591906290804354,91202.2,91137.3,,,
2024-11-17 01:50:00+00:00,90188.8,90323.4,90178.1,90178.9,87.632,90784.66947042964,-0.06426742706762488,91109.4537363916,90459.88520446768,649.5685319239274,0,91105.1,91275.2,0.0,0.0,0.0,0.0,0.3205620695376841,-1.0591906290804354,91202.2,91137.3,,,
2024-11-17 01:51:00+00:00,90178.9,90217.6,90114.1,90159.9,98.298,90784.60520300257,-0.06426742706762488,91109.38946896454,90459.82093704061,649.5685319239274,0,91105.1,91275.2,0.0,0.0,0.0,0.0,0.3205620695376841,-1.0591906290804354,91202.2,91137.3,,,
2024-11-17 01:52:00+00:00,90159.9,90267.6,90133.9,90133.9,105.934,90784.54093557551,-0.06426742706762488,91109.32520153747,90459.75666961355,649.5685319239274,0,91105.1,91275.2,0.0,0.0,0.0,0.0,0.3205620695376841,-1.0591906290804354,91202.2,91137.3,,,
2024-11-17 01:53:00+00:00,90133.9,90191.5,90115.4,90126.7,59.534,90784.47666814845,-0.06426742706762488,91109.26093411041,90459.69240218648,649.5685319239274,0,91105.1,91275.2,0.0,0.0,0.0,0.0,0.3205620695376841,-1.0591906290804354,91202.2,91137.3,,,
2024-11-17 01:54:00+00:00,90126.7,90138.3,90083.3,90138.1,83.178,90784.41240072137,-0.06426742706762488,91109.19666668333,90459.6281347594,649.5685319239274,0,91105.1,91275.2,0.0,0.0,0.0,0.0,0.3205620695376841,-1.0591906290804354,91202.2,91137.3,,,
2024-11-17 01:55:00+00:00,90138.1,90253.6,90031.1,90241.5,163.929,90784.3481332943,-0.06426742706762488,91109.13239925627,90459.56386733234,649.5685319239274,-1,91105.1,91275.2,0.0,428.4638673323352,0.0,0.6596130296880109,0.3205620695376841,-1.0591906290804354,91202.2,91137.3,,,
2024-11-17 01:56:00+00:00,90241.5,90241.6,90152.1,90152.6,81.588,90784.28386586724,-0.06426742706762488,91109.0681318292,90459.49959990528,649.5685319239274,0,91105.1,91275.2,0.0,0.0,0.0,0.0,0.3205620695376841,-1.0591906290804354,91202.2,91137.3,,,
2024-11-17 01:57:00+00:00,90152.6,90280.8,90151.0,90229.9,64.26,90784.21959844018,-0.06426742706762488,91109.00386440214,90459.43533247821,649.5685319239274,0,91105.1,91275.2,0.0,0.0,0.0,0.0,0.3205620695376841,-1.0591906290804354,91202.2,91137.3,,,
2024-11-17 01:58:00+00:00,90229.9,90291.6,90229.9,90291.6,89.026,90784.1553310131,-0.06426742706762488,91108.93959697506,90459.37106505113,649.5685319239274,0,91105.1,91275.2,0.0,0.0,0.0,0.0,0.3205620695376841,-1.0591906290804354,91202.2,91137.3,,,
2024-11-17 01:59:00+00:00,90291.6,90350.0,90284.5,90315.9,59.919,90784.09106358603,-0.06426742706762488,91108.875329548,90459.30679762407,649.5685319239274,1,91105.1,91275.2,-758.8753295479983,0.0,-1.1682760051511734,0.0,0.3205620695376841,-1.0591906290804354,91202.2,91137.3,,,
2024-11-17 02:00:00+00:00,90315.9,90333.0,90266.5,90333.0,29.737,90784.02679615897,-0.06426742706762488,91108.81106212093,90459.242530197,649.5685319239274,0,91105.1,91275.2,0.0,0.0,0.0,0.0,0.3205620695376841,-1.0591906290804354,91202.2,91137.3,,,
2024-11-17 02:01:00+00:00,90333.0,90333.0,90129.9,90151.9,95.902,90783.9625287319,-0.06426742706762488,91108.74679469387,90459.17826276994,649.5685319239274,0,91105.1,91275.2,0.0,0.0,0.0,0.0,0.3205620695376841,-1.0591906290804354,91202.2,91137.3,,,
2024-11-17 02:02:00+00:00,90151.9,90184.0,90018.1,90146.1,146.731,90783.89826130483,-0.06426742706762488,91108.68252726679,90459.11399534286,649.5685319239274,0,91105.1,91275.2,0.0,0.0,0.0,0.0,0.3205620695376841,-1.0591906290804354,91202.2,91137.3,,,
2024-11-17 02:03:00+00:00,90146.1,90146.1,89860.7,90108.0,603.592,90783.83399387776,-0.06426742706762488,91108.61825983973,90459.0497279158,649.5685319239274,0,91105.1,91275.2,0.0,0.0,0.0,0.0,0.3205620695376841,-1.0591906290804354,91202.2,91137.3,,,
2024-11-17 02:04:00+00:00,90108.0,90136.3,89894.2,89926.6,207.502,90783.7697264507,-0.06426742706762488,91108.55399241266,90458.98546048874,649.5685319239274,0,91105.1,91275.2,0.0,0.0,0.0,0.0,0.3205620695376841,-1.0591906290804354,91202.2,91137.3,,,
2024-11-17 02:05:00+00:00,89926.6,90037.7,89851.0,89896.6,222.712,90783.70545902364,-0.06426742706762488,91108.4897249856,90458.92119306167,649.5685319239274,0,91105.1,91275.2,0.0,0.0,0.0,0.0,0.3205620695376841,-1.0591906290804354,91202.2,91137.3,,,
2024-11-17 02:06:00+00:00,89896.6,89918.6,89751.0,89793.3,268.618,90783.64119159656,-0.06426742706762488,91108.42545755852,90458.8569256346,649.5685319239274,0,91105.1,91275.2,0.0,0.0,0.0,0.0,0.3205620695376841,-1.0591906290804354,91202.2,91137.3,,,
2024-11-17 02:07:00+00:00,89793.3,89800.1,89550.0,89558.5,644.356,90783.5769241695,-0.06426742706762488,91108.36119013146,90458.79265820753,649.5685319239274,0,91105.1,91275.2,0.0,0.0,0.0,0.0,0.3205620695376841,-1.0591906290804354,91202.2,91137.3,,,
2024-11-17 02:08:00+00:00,89558.5,89760.0,89515.1,89716.0,256.702,90783.51265674243,-0.06426742706762488,91108.2969227044,90458.72839078047,649.5685319239274,-1,91105.1,91275.2,0.0,943.6283907804609,0.0,1.452700283964759,0.3205620695376841,-1.0591906290804354,91202.2,91137.3,,,
2024-11-17 02:09:00+00:00,89716.0,89857.8,89663.9,89759.5,410.147,90783.44838931537,-0.06426742706762488,91108.23265527733,90458.6641233534,649.5685319239274,0,91105.1,91275.2,0.0,0.0,0.0,0.0,0.3205620695376841,-1.0591906290804354,91202.2,91137.3,,,
2024-11-17 02:10:00+00:00,89759.5,89770.0,89526.7,89526.7,130.747,90783.38412188829,-0.06426742706762488,91108.16838785025,90458.59985592632,649.5685319239274,0,91105.1,91275.2,0.0,0.0,0.0,0.0,0.3205620695376841,-1.0591906290804354,91202.2,91137.3,,,
2024-11-17 02:11:00+00:00,89526.7,89686.3,89526.7,89580.9,152.746,90783.31985446122,-0.06426742706762488,91108.10412042319,90458.53558849926,649.5685319239274,0,91105.1,91275.2,0.0,0.0,0.0,0.0,0.3205620695376841,-1.0591906290804354,91202.2,91137.3,,,
2024-11-17 02:12:00+00:00,89580.9,89653.5,89524.0,89626.2,122.372,90783.25558703416,-0.06426742706762488,91108.03985299612,90458.4713210722,649.5685319239274,0,91105.1,91275.2,0.0,0.0,0.0,0.0,0.3205620695376841,-1.0591906290804354,91202.2,91137.3,,,
2024-11-17 02:13:00+00:00,89626.2,89733.3,89626.2,89650.0,86.913,90783.1913196071,-0.06426742706762488,91107.97558556906,90458.40705364513,649.5685319239274,0,91105.1,91275.2,0.0,0.0,0.0,0.0,0.3205620695376841,-1.0591906290804354,91202.2,91137.3,,,
2024-11-17 02:14:00+00:00,89650.0,89668.7,89531.1,89531.6,114.925,90783.12705218002,-0.06426742706762488,91107.91131814198,90458.34278621805,649.5685319239274,0,91105.1,91275.2,0.0,0.0,0.0,0.0,0.3205620695376841,-1.0591906290804354,91202.2,91137.3,,,
2024-11-17 02:15:00+00:00,89531.6,89560.6,89450.0,89467.6,401.053,90783.06278475295,-0.06426742706762488,91107.84705071492,90458.27851879099,649.5685319239274,0,91105.1,91275.2,0.0,0.0,0.0,0.0,0.3205620695376841,-1.0591906290804354,91202.2,91137.3,,,
2024-11-17 02:16:00+00:00,89467.6,89640.0,89418.6,89640.0,243.022,90782.99851732589,-0.06426742706762488,91107.78278328785,90458.21425136393,649.5685319239274,-1,91105.1,91275.2,0.0,1039.6142513639206,0.0,1.6004689270964754,0.3205620695376841,-1.0591906290804354,91202.2,91137.3,,,
2024-11-17 02:17:00+00:00,89640.0,89784.9,89590.4,89780.1,284.146,90782.93424989883,-0.06426742706762488,91107.71851586079,90458.14998393686,649.5685319239274,0,91105.1,91275.2,0.0,0.0,0.0,0.0,0.3205620695376841,-1.0591906290804354,91202.2,91137.3,,,
2024-11-17 02:18:00+00:00,89780.1,89780.2,89671.3,89753.9,148.42,90782.86998247175,-0.06426742706762488,91107.65424843371,90458.08571650978,649.5685319239274,0,91105.1,91275.2,0.0,0.0,0.0,0.0,0.3205620695376841,-1.0591906290804354,91202.2,91137.3,,,
2024-11-17 02:19:00+00:00,89753.9,89806.9,89691.4,89779.1,88.717,90782.80571504468,-0.06426742706762488,91107.58998100665,90458.02144908272,649.5685319239274,0,91105.1,91275.2,0.0,0.0,0.0,0.0,0.3205620695376841,-1.0591906290804354,91202.2,91137.3,,,
2024-11-17 02:20:00+00:00,89779.1,89899.9,89779.1,89889.1,167.613,90782.74144761762,-0.06426742706762488,91107.52571357958,90457.95718165566,649.5685319239274,0,91105.1,91275.2,0.0,0.0,0.0,0.0,0.3205620695376841,-1.0591906290804354,91202.2,91137.3,,,
2024-11-17 02:21:00+00:00,89889.1,89899.3,89761.2,89761.2,89.955,90782.67718019056,-0.06426742706762488,91107.46144615252,90457.89291422859,649.5685319239274,0,91105.1,91275.2,0.0,0.0,0.0,0.0,0.3205620695376841,-1.0591906290804354,91202.2,91137.3,,,
2024-11-17 02:22:00+00:00,89761.2,89842.4,89674.4,89815.2,76.45,90782.61291276348,-0.06426742706762488,91107.39717872544,90457.82864680151,649.5685319239274,0,91105.1,91275.2,0.0,0.0,0.0,0.0,0.3205620695376841,-1.0591906290804354,91202.2,91137.3,,,
2024-11-17 02:23:00+00:00,89815.2,89865.8,89713.5,89713.5,58.244,90782.54864533641,-0.06426742706762488,91107.33291129838,90457.76437937445,649.5685319239274,0,91105.1,91275.2,0.0,0.0,0.0,0.0,0.3205620695376841,-1.0591906290804354,91202.2,91137.3,,,
2024-11-17 02:24:00+00:00,89713.5,89839.1,89713.5,89788.2,73.928,90782.48437790935,-0.06426742706762488,91107.26864387131,90457.70011194739,649.5685319239274,0,91105.1,91275.2,0.0,0.0,0.0,0.0,0.3205620695376841,-1.0591906290804354,91202.2,91137.3,,,
2024-11-17 02:25:00+00:00,89788.2,89897.5,89766.0,89883.1,111.937,90782.42011048227,-0.06426742706762488,91107.20437644424,90457.63584452031,649.5685319239274,0,91105.1,91275.2,0.0,0.0,0.0,0.0,0.3205620695376841,-1.0591906290804354,91202.2,91137.3,,,
2024-11-17 02:26:00+00:00,89883.1,89938.9,89834.3,89938.9,161.939,90782.35584305521,-0.06426742706762488,91107.14010901717,90457.57157709324,649.5685319239274,0,91105.1,91275.2,0.0,0.0,0.0,0.0,0.3205620695376841,-1.0591906290804354,91202.2,91137.3,,,
2024-11-17 02:27:00+00:00,89938.9,89974.5,89788.1,89792.8,87.611,90782.29157562814,-0.06426742706762488,91107.07584159011,90457.50730966618,649.5685319239274,1,91105.1,91275.2,-1132.5758415901073,0.0,-1.7435817560859708,0.0,0.3205620695376841,-1.0591906290804354,91202.2,91137.3,,,
2024-11-17 02:28:00+00:00,89792.8,89810.6,89706.0,89810.6,57.289,90782.22730820108,-0.06426742706762488,91107.01157416304,90457.44304223912,649.5685319239274,0,91105.1,91275.2,0.0,0.0,0.0,0.0,0.3205620695376841,-1.0591906290804354,91202.2,91137.3,,,
2024-11-17 02:29:00+00:00,89810.6,89810.6,89760.8,89803.5,29.544,90782.163040774,-0.06426742706762488,91106.94730673596,90457.37877481204,649.5685319239274,0,91105.1,91275.2,0.0,0.0,0.0,0.0,0.3205620695376841,-1.0591906290804354,91202.2,91137.3,,,
2024-11-17 02:30:00+00:00,89803.5,89828.0,89756.3,89768.5,41.263,90782.09877334694,-0.06426742706762488,91106.8830393089,90457.31450738497,649.5685319239274,0,91105.1,91275.2,0.0,0.0,0.0,0.0,0.3205620695376841,-1.0591906290804354,91202.2,91137.3,,,
2024-11-17 02:31:00+00:00,89768.5,89873.3,89768.5,89811.2,48.801,90782.03450591987,-0.06426742706762488,91106.81877188184,90457.25023995791,649.5685319239274,0,91105.1,91275.2,0.0,0.0,0.0,0.0,0.3205620695376841,-1.0591906290804354,91202.2,91137.3,,,
2024-11-17 02:32:00+00:00,89811.2,89880.2,89759.3,89765.1,37.683,90781.97023849281,-0.06426742706762488,91106.75450445477,90457.18597253085,649.5685319239274,0,91105.1,91275.2,0.0,0.0,0.0,0.0,0.3205620695376841,-1.0591906290804354,91202.2,91137.3,,,
2024-11-17 02:33:00+00:00,89765.1,89787.1,89585.6,89630.4,216.449,90781.90597106573,-0.06426742706762488,91106.6902370277,90457.12170510377,649.5685319239274,-1,91105.1,91275.2,0.0,871.5217051037616,0.0,1.3416932352348432,0.3205620695376841,-1.0591906290804354,91202.2,91137.3,,,
2024-11-17 02:34:00+00:00,89630.4,89712.2,89599.6,89703.1,60.677,90781.84170363867,-0.06426742706762488,91106.62596960063,90457.0574376767,649.5685319239274,0,91105.1,91275.2,0.0,0.0,0.0,0.0,0.3205620695376841,-1.0591906290804354,91202.2,91137.3,,,
2024-11-17 02:35:00+00:00,89703.1,89773.6,89635.5,89665.3,43.024,90781.7774362116,-0.06426742706762488,91106.56170217357,90456.99317024964,649.5685319239274,0,91105.1,91275.2,0.0,0.0,0.0,0.0,0.3205620695376841,-1.0591906290804354,91202.2,91137.3,,,
2024-11-17 02:36:00+00:00,89665.3,89714.7,89611.0,89676.9,30.328,90781.71316878454,-0.06426742706762488,91106.4974347465,90456.92890282258,649.5685319239274,0,91105.1,91275.2,0.0,0.0,0.0,0.0,0.3205620695376841,-1.0591906290804354,91202.2,91137.3,,,
2024-11-17 02:37:00+00:00,89676.9,89751.0,89654.5,89694.4,40.01,90781.64890135746,-0.06426742706762488,91106.43316731942,90456.8646353955,649.5685319239274,0,91105.1,91275.2,0.0,0.0,0.0,0.0,0.3205620695376841,-1.0591906290804354,91202.2,91137.3,,,
2024-11-17 02:38:00+00:00,89694.4,89712.5,89641.5,89665.7,59.082,90781.5846339304,-0.06426742706762488,91106.36889989236,90456.80036796843,649.5685319239274,0,91105.1,91275.2,0.0,0.0,0.0,0.0,0.3205620695376841,-1.0591906290804354,91202.2,91137.3,,,
2024-11-17 02:39:00+00:00,89665.7,89742.5,89646.3,89741.8,53.777,90781.52036650333,-0.06426742706762488,91106.3046324653,90456.73610054137,649.5685319239274,0,91105.1,91275.2,0.0,0.0,0.0,0.0,0.3205620695376841,-1.0591906290804354,91202.2,91137.3,,,
2024-11-17 02:40:00+00:00,89741.8,89749.9,89658.0,89749.7,23.259,90781.45609907627,-0.06426742706762488,91106.24036503823,90456.6718331143,649.5685319239274,0,91105.1,91275.2,0.0,0.0,0.0,0.0,0.3205620695376841,-1.0591906290804354,91202.2,91137.3,,,
2024-11-17 02:41:00+00:00,89749.7,89811.0,89717.1,89811.0,36.452,90781.39183164919,-0.06426742706762488,91106.17609761115,90456.60756568723,649.5685319239274,0,91105.1,91275.2,0.0,0.0,0.0,0.0,0.3205620695376841,-1.0591906290804354,91202.2,91137.3,,,
2024-11-17 02:42:00+00:00,89811.0,89974.0,89811.0,89948.3,80.234,90781.32756422213,-0.06426742706762488,91106.11183018409,90456.54329826016,649.5685319239274,0,91105.1,91275.2,0.0,0.0,0.0,0.0,0.3205620695376841,-1.0591906290804354,91202.2,91137.3,,,
2024-11-17 02:43:00+00:00,89948.3,89984.5,89925.8,89984.5,98.044,90781.26329679506,-0.06426742706762488,91106.04756275703,90456.4790308331,649.5685319239274,0,91105.1,91275.2,0.0,0.0,0.0,0.0,0.3205620695376841,-1.0591906290804354,91202.2,91137.3,,,
2024-11-17 02:44:00+00:00,89984.5,90015.0,89946.4,89946.4,53.359,90781.199029368,-0.06426742706762488,91105.98329532996,90456.41476340604,649.5685319239274,0,91105.1,91275.2,0.0,0.0,0.0,0.0,0.3205620695376841,-1.0591906290804354,91202.2,91137.3,,,
2024-11-17 02:45:00+00:00,89946.4,89960.4,89890.0,89926.4,48.16,90781.13476194092,-0.06426742706762488,91105.91902790288,90456.35049597896,649.5685319239274,0,91105.1,91275.2,0.0,0.0,0.0,0.0,0.3205620695376841,-1.0591906290804354,91202.2,91137.3,,,
2024-11-17 02:46:00+00:00,89926.4,89930.0,89824.1,89845.0,53.32,90781.07049451386,-0.06426742706762488,91105.85476047582,90456.2862285519,649.5685319239274,0,91105.1,91275.2,0.0,0.0,0.0,0.0,0.3205620695376841,-1.0591906290804354,91202.2,91137.3,,,
2024-11-17 02:47:00+00:00,89845.0,89943.4,89842.7,89914.6,15.758,90781.0062270868,-0.06426742706762488,91105.79049304876,90456.22196112483,649.5685319239274,0,91105.1,91275.2,0.0,0.0,0.0,0.0,0.3205620695376841,-1.0591906290804354,91202.2,91137.3,,,
2024-11-17 02:48:00+00:00,89914.6,90004.9,89907.2,89954.3,109.399,90780.94195965973,-0.06426742706762488,91105.72622562169,90456.15769369777,649.5685319239274,0,91105.1,91275.2,0.0,0.0,0.0,0.0,0.3205620695376841,-1.0591906290804354,91202.2,91137.3,,,
2024-11-17 02:49:00+00:00,89954.3,89999.6,89954.2,89959.6,59.862,90780.87769223265,-0.06426742706762488,91105.66195819461,90456.09342627069,649.5685319239274,0,91105.1,91275.2,0.0,0.0,0.0,0.0,0.3205620695376841,-1.0591906290804354,91202.2,91137.3,,,
2024-11-17 02:50:00+00:00,89959.6,90025.1,89932.6,89999.9,142.57,90780.81342480559,-0.06426742706762488,91105.59769076755,90456.02915884362,649.5685319239274,0,91105.1,91275.2,0.0,0.0,0.0,0.0,0.3205620695376841,-1.0591906290804354,91202.2,91137.3,,,
2024-11-17 02:51:00+00:00,89999.9,90027.0,89987.0,90017.3,48.135,90780.74915737852,-0.06426742706762488,91105.53342334049,90455.96489141656,649.5685319239274,0,91105.1,91275.2,0.0,0.0,0.0,0.0,0.3205620695376841,-1.0591906290804354,91202.2,91137.3,,,
2024-11-17 02:52:00+00:00,90017.3,90031.9,90005.1,90031.9,28.865,90780.68488995146,-0.06426742706762488,91105.46915591342,90455.9006239895,649.5685319239274,0,91105.1,91275.2,0.0,0.0,0.0,0.0,0.3205620695376841,-1.0591906290804354,91202.2,91137.3,,,
2024-11-17 02:53:00+00:00,90031.9,90122.0,90029.2,90061.5,88.506,90780.62062252438,-0.06426742706762488,91105.40488848634,90455.83635656242,649.5685319239274,0,91105.1,91275.2,0.0,0.0,0.0,0.0,0.3205620695376841,-1.0591906290804354,91202.2,91137.3,,,
2024-11-17 02:54:00+00:00,90061.5,90061.6,89959.1,89978.5,43.775,90780.55635509732,-0.06426742706762488,91105.34062105928,90455.77208913535,649.5685319239274,0,91105.1,91275.2,0.0,0.0,0.0,0.0,0.3205620695376841,-1.0591906290804354,91202.2,91137.3,,,
2024-11-17 02:55:00+00:00,89978.5,90049.8,89959.6,90036.5,25.357,90780.49208767025,-0.06426742706762488,91105.27635363222,90455.70782170829,649.5685319239274,0,91105.1,91275.2,0.0,0.0,0.0,0.0,0.3205620695376841,-1.0591906290804354,91202.2,91137.3,,,
2024-11-17 02:56:00+00:00,90036.5,90094.7,90036.4,90084.3,117.958,90780.42782024319,-0.06426742706762488,91105.21208620515,90455.64355428123,649.5685319239274,0,91105.1,91275.2,0.0,0.0,0.0,0.0,0.3205620695376841,-1.0591906290804354,91202.2,91137.3,,,
2024-11-17 02:57:00+00:00,90084.3,90165.3,90084.3,90161.3,69.635,90780.36355281611,-0.06426742706762488,91105.14781877807,90455.57928685415,649.5685319239274,0,91105.1,91275.2,0.0,0.0,0.0,0.0,0.3205620695376841,-1.0591906290804354,91202.2,91137.3,,,
2024-11-17 02:58:00+00:00,90161.3,90180.7,90094.4,90095.8,143.039,90780.29928538905,-0.06426742706762488,91105.08355135101,90455.51501942708,649.5685319239274,0,91105.1,91275.2,0.0,0.0,0.0,0.0,0.3205620695376841,-1.0591906290804354,91202.2,91137.3,,,
2024-11-17 02:59:00+00:00,90095.8,90113.6,90071.5,90081.0,46.128,90780.23501796198,-0.06426742706762488,91105.01928392395,90455.45075200002,649.5685319239274,0,91105.1,91275.2,0.0,0.0,0.0,0.0,0.3205620695376841,-1.0591906290804354,91202.2,91137.3,,,
2024-11-17 03:00:00+00:00,90081.0,90083.9,89995.4,89995.4,42.229,90780.17075053492,-0.06426742706762488,91104.95501649688,90455.38648457295,649.5685319239274,0,91105.1,91275.2,0.0,0.0,0.0,0.0,0.3205620695376841,-1.0591906290804354,91202.2,91137.3,,,
2024-11-17 03:01:00+00:00,89995.4,90022.8,89977.6,90014.3,43.54,90780.10648310784,-0.06426742706762488,91104.8907490698,90455.32221714588,649.5685319239274,0,91105.1,91275.2,0.0,0.0,0.0,0.0,0.3205620695376841,-1.0591906290804354,91202.2,91137.3,,,
2024-11-17 03:02:00+00:00,90014.3,90090.7,89981.7,90040.0,37.344,90780.04221568078,-0.06426742706762488,91104.82648164274,90455.25794971881,649.5685319239274,0,91105.1,91275.2,0.0,0.0,0.0,0.0,0.3205620695376841,-1.0591906290804354,91202.2,91137.3,,,
2024-11-17 03:03:00+00:00,90040.0,90177.4,90039.9,90177.4,36.786,90779.97794825371,-0.06426742706762488,91104.76221421568,90455.19368229175,649.5685319239274,0,91105.1,91275.2,0.0,0.0,0.0,0.0,0.3205620695376841,-1.0591906290804354,91202.2,91137.3,,,
2024-11-17 03:04:00+00:00,90177.4,90190.0,90125.1,90136.8,37.044,90779.91368082663,-0.06426742706762488,91104.6979467886,90455.12941486467,649.5685319239274,0,91105.1,91275.2,0.0,0.0,0.0,0.0,0.3205620695376841,-1.0591906290804354,91202.2,91137.3,,,
2024-11-17 03:05:00+00:00,90136.8,90295.0,90136.7,90294.9,146.73,90779.84941339957,-0.06426742706762488,91104.63367936153,90455.0651474376,649.5685319239274,0,91105.1,91275.2,0.0,0.0,0.0,0.0,0.3205620695376841,-1.0591906290804354,91202.2,91137.3,,,
2024-11-17 03:06:00+00:00,90294.9,90297.8,90170.4,90207.7,51.285,90779.7851459725,-0.06426742706762488,91104.56941193447,90455.00088001054,649.5685319239274,1,91105.1,91275.2,-806.7694119344669,0.0,-1.2420081520035051,0.0,0.3205620695376841,-1.0591906290804354,91202.2,91137.3,,,
2024-11-17 03:07:00+00:00,90207.7,90226.9,90182.5,90182.5,24.931,90779.72087854544,-0.06426742706762488,91104.5051445074,90454.93661258348,649.5685319239274,0,91105.1,91275.2,0.0,0.0,0.0,0.0,0.3205620695376841,-1.0591906290804354,91202.2,91137.3,,,
2024-11-17 03:08:00+00:00,90182.5,90207.9,90121.4,90207.9,23.499,90779.65661111836,-0.06426742706762488,91104.44087708033,90454.8723451564,649.5685319239274,0,91105.1,91275.2,0.0,0.0,0.0,0.0,0.3205620695376841,-1.0591906290804354,91202.2,91137.3,,,
2024-11-17 03:09:00+00:00,90207.9,90208.0,90100.3,90150.7,41.041,90779.5923436913,-0.06426742706762488,91104.37660965326,90454.80807772934,649.5685319239274,0,91105.1,91275.2,0.0,0.0,0.0,0.0,0.3205620695376841,-1.0591906290804354,91202.2,91137.3,,,
2024-11-17 03:10:00+00:00,90150.7,90156.5,90093.7,90103.9,22.716,90779.52807626424,-0.06426742706762488,91104.3123422262,90454.74381030227,649.5685319239274,0,91105.1,91275.2,0.0,0.0,0.0,0.0,0.3205620695376841,-1.0591906290804354,91202.2,91137.3,,,
2024-11-17 03:11:00+00:00,90103.9,90139.9,89999.9,90002.5,115.233,90779.46380883717,-0.06426742706762488,91104.24807479914,90454.67954287521,649.5685319239274,0,91105.1,91275.2,0.0,0.0,0.0,0.0,0.3205620695376841,-1.0591906290804354,91202.2,91137.3,,,
2024-11-17 03:12:00+00:00,90002.5,90011.5,89883.0,89895.8,332.338,90779.3995414101,-0.06426742706762488,91104.18380737206,90454.61527544813,649.5685319239274,0,91105.1,91275.2,0.0,0.0,0.0,0.0,0.3205620695376841,-1.0591906290804354,91202.2,91137.3,,,
2024-11-17 03:13:00+00:00,89895.8,89900.3,89842.4,89900.2,131.677,90779.33527398303,-0.06426742706762488,91104.119539945,90454.55100802107,649.5685319239274,0,91105.1,91275.2,0.0,0.0,0.0,0.0,0.3205620695376841,-1.0591906290804354,91202.2,91137.3,,,
2024-11-17 03:14:00+00:00,89900.2,89900.3,89825.0,89825.1,63.793,90779.27100655597,-0.06426742706762488,91104.05527251793,90454.486740594,649.5685319239274,0,91105.1,91275.2,0.0,0.0,0.0,0.0,0.3205620695376841,-1.0591906290804354,91202.2,91137.3,,,
2024-11-17 03:15:00+00:00,89825.1,89935.9,89821.0,89935.9,50.056,90779.2067391289,-0.06426742706762488,91103.99100509087,90454.42247316694,649.5685319239274,-1,91105.1,91275.2,0.0,633.4224731669383,0.0,0.9751434098736791,0.3205620695376841,-1.0591906290804354,91202.2,91137.3,,,
2024-11-17 03:16:00+00:00,89935.9,89963.9,89852.0,89852.0,91.026,90779.14247170182,-0.06426742706762488,91103.92673766379,90454.35820573986,649.5685319239274,0,91105.1,91275.2,0.0,0.0,0.0,0.0,0.3205620695376841,-1.0591906290804354,91202.2,91137.3,,,
2024-11-17 03:17:00+00:00,89852.0,89941.3,89845.4,89922.0,26.395,90779.07820427476,-0.06426742706762488,91103.86247023672,90454.2939383128,649.5685319239274,0,91105.1,91275.2,0.0,0.0,0.0,0.0,0.3205620695376841,-1.0591906290804354,91202.2,91137.3,,,
2024-11-17 03:18:00+00:00,89922.0,89923.4,89860.2,89885.0,76.403,90779.0139368477,-0.06426742706762488,91103.79820280966,90454.22967088573,649.5685319239274,0,91105.1,91275.2,0.0,0.0,0.0,0.0,0.3205620695376841,-1.0591906290804354,91202.2,91137.3,,,
2024-11-17 03:19:00+00:00,89885.0,89920.5,89823.2,89920.5,14.818,90778.94966942063,-0.06426742706762488,91103.7339353826,90454.16540345867,649.5685319239274,0,91105.1,91275.2,0.0,0.0,0.0,0.0,0.3205620695376841,-1.0591906290804354,91202.2,91137.3,,,
2024-11-17 03:20:00+00:00,89920.5,89950.0,89881.1,89902.2,49.131,90778.88540199355,-0.06426742706762488,91103.66966795552,90454.10113603159,649.5685319239274,0,91105.1,91275.2,0.0,0.0,0.0,0.0,0.3205620695376841,-1.0591906290804354,91202.2,91137.3,,,
2024-11-17 03:21:00+00:00,89902.2,90008.5,89902.2,89932.7,74.413,90778.82113456649,-0.06426742706762488,91103.60540052845,90454.03686860453,649.5685319239274,0,91105.1,91275.2,0.0,0.0,0.0,0.0,0.3205620695376841,-1.0591906290804354,91202.2,91137.3,,,
2024-11-17 03:22:00+00:00,89932.7,89961.1,89913.0,89944.0,9.999,90778.75686713943,-0.06426742706762488,91103.54113310139,90453.97260117746,649.5685319239274,0,91105.1,91275.2,0.0,0.0,0.0,0.0,0.3205620695376841,-1.0591906290804354,91202.2,91137.3,,,
2024-11-17 03:23:00+00:00,89944.0,89988.4,89943.1,89988.4,10.945,90778.69259971236,-0.06426742706762488,91103.47686567433,90453.9083337504,649.5685319239274,0,91105.1,91275.2,0.0,0.0,0.0,0.0,0.3205620695376841,-1.0591906290804354,91202.2,91137.3,,,
2024-11-17 03:24:00+00:00,89988.4,90003.8,89945.0,89954.7,51.566,90778.62833228528,-0.06426742706762488,91103.41259824725,90453.84406632332,649.5685319239274,0,91105.1,91275.2,0.0,0.0,0.0,0.0,0.3205620695376841,-1.0591906290804354,91202.2,91137.3,,,
2024-11-17 03:25:00+00:00,89954.7,89973.2,89929.9,89940.6,17.711,90778.56406485822,-0.06426742706762488,91103.34833082018,90453.77979889626,649.5685319239274,0,91105.1,91275.2,0.0,0.0,0.0,0.0,0.3205620695376841,-1.0591906290804354,91202.2,91137.3,,,
2024-11-17 03:26:00+00:00,89940.6,89991.2,89940.6,89988.2,12.512,90778.49979743116,-0.06426742706762488,91103.28406339312,90453.71553146919,649.5685319239274,0,91105.1,91275.2,0.0,0.0,0.0,0.0,0.3205620695376841,-1.0591906290804354,91202.2,91137.3,,,
2024-11-17 03:27:00+00:00,89988.2,90105.6,89979.9,90092.9,214.657,90778.43553000409,-0.06426742706762488,91103.21979596606,90453.65126404213,649.5685319239274,0,91105.1,91275.2,0.0,0.0,0.0,0.0,0.3205620695376841,-1.0591906290804354,91202.2,91137.3,,,
2024-11-17 03:28:00+00:00,90092.9,90127.4,90059.3,90083.1,97.575,90778.37126257701,-0.06426742706762488,91103.15552853898,90453.58699661505,649.5685319239274,0,91105.1,91275.2,0.0,0.0,0.0,0.0,0.3205620695376841,-1.0591906290804354,91202.2,91137.3,,,
2024-11-17 03:29:00+00:00,90083.1,90129.6,90053.5,90080.1,96.171,90778.30699514995,-0.06426742706762488,91103.09126111191,90453.52272918799,649.5685319239274,0,91105.1,91275.2,0.0,0.0,0.0,0.0,0.3205620695376841,-1.0591906290804354,91202.2,91137.3,,,
2024-11-17 03:30:00+00:00,90080.1,90117.2,90067.9,90099.0,17.178,90778.24272772289,-0.06426742706762488,91103.02699368485,90453.45846176092,649.5685319239274,0,91105.1,91275.2,0.0,0.0,0.0,0.0,0.3205620695376841,-1.0591906290804354,91202.2,91137.3,,,
2024-11-17 03:31:00+00:00,90099.0,90103.8,90073.7,90083.2,9.016,90778.17846029582,-0.06426742706762488,91102.96272625779,90453.39419433386,649.5685319239274,0,91105.1,91275.2,0.0,0.0,0.0,0.0,0.3205620695376841,-1.0591906290804354,91202.2,91137.3,,,
2024-11-17 03:32:00+00:00,90083.2,90135.9,90076.5,90135.9,13.403,90778.11419286874,-0.06426742706762488,91102.8984588307,90453.32992690678,649.5685319239274,0,91105.1,91275.2,0.0,0.0,0.0,0.0,0.3205620695376841,-1.0591906290804354,91202.2,91137.3,,,
2024-11-17 03:33:00+00:00,90135.9,90178.6,90116.8,90157.2,47.994,90778.04992544168,-0.06426742706762488,91102.83419140364,90453.26565947972,649.5685319239274,0,91105.1,91275.2,0.0,0.0,0.0,0.0,0.3205620695376841,-1.0591906290804354,91202.2,91137.3,,,
2024-11-17 03:34:00+00:00,90157.2,90159.9,90095.3,90112.0,78.055,90777.98565801462,-0.06426742706762488,91102.76992397658,90453.20139205265,649.5685319239274,0,91105.1,91275.2,0.0,0.0,0.0,0.0,0.3205620695376841,-1.0591906290804354,91202.2,91137.3,,,
2024-11-17 03:35:00+00:00,90112.0,90112.1,90039.2,90039.2,24.572,90777.92139058755,-0.06426742706762488,91102.70565654951,90453.13712462559,649.5685319239274,0,91105.1,91275.2,0.0,0.0,0.0,0.0,0.3205620695376841,-1.0591906290804354,91202.2,91137.3,,,
2024-11-17 03:36:00+00:00,90039.2,90095.9,90030.1,90095.9,18.063,90777.85712316047,-0.06426742706762488,91102.64138912244,90453.07285719851,649.5685319239274,-1,91105.1,91275.2,0.0,422.97285719850333,0.0,0.651159710501553,0.3205620695376841,-1.0591906290804354,91202.2,91137.3,,,
2024-11-17 03:37:00+00:00,90095.9,90196.6,90095.8,90196.6,15.736,90777.79285573341,-0.06426742706762488,91102.57712169537,90453.00858977145,649.5685319239274,0,91105.1,91275.2,0.0,0.0,0.0,0.0,0.3205620695376841,-1.0591906290804354,91202.2,91137.3,,,
2024-11-17 03:38:00+00:00,90196.6,90196.6,90125.6,90130.0,41.981,90777.72858830635,-0.06426742706762488,91102.51285426831,90452.94432234438,649.5685319239274,0,91105.1,91275.2,0.0,0.0,0.0,0.0,0.3205620695376841,-1.0591906290804354,91202.2,91137.3,,,
2024-11-17 03:39:00+00:00,90130.0,90164.0,90129.9,90164.0,12.352,90777.66432087928,-0.06426742706762488,91102.44858684124,90452.88005491732,649.5685319239274,0,91105.1,91275.2,0.0,0.0,0.0,0.0,0.3205620695376841,-1.0591906290804354,91202.2,91137.3,,,
2024-11-17 03:40:00+00:00,90164.0,90198.9,90140.4,90185.0,48.15,90777.6000534522,-0.06426742706762488,91102.38431941417,90452.81578749024,649.5685319239274,0,91105.1,91275.2,0.0,0.0,0.0,0.0,0.3205620695376841,-1.0591906290804354,91202.2,91137.3,,,
2024-11-17 03:41:00+00:00,90185.0,90186.0,90144.6,90166.8,5.453,90777.53578602514,-0.06426742706762488,91102.3200519871,90452.75152006318,649.5685319239274,0,91105.1,91275.2,0.0,0.0,0.0,0.0,0.3205620695376841,-1.0591906290804354,91202.2,91137.3,,,
2024-11-17 03:42:00+00:00,90166.8,90171.8,90111.3,90154.7,12.831,90777.47151859807,-0.06426742706762488,91102.25578456004,90452.68725263611,649.5685319239274,0,91105.1,91275.2,0.0,0.0,0.0,0.0,0.3205620695376841,-1.0591906290804354,91202.2,91137.3,,,
2024-11-17 03:43:00+00:00,90154.7,90154.7,90106.5,90146.8,25.007,90777.407251171,-0.06426742706762488,91102.19151713296,90452.62298520903,649.5685319239274,0,91105.1,91275.2,0.0,0.0,0.0,0.0,0.3205620695376841,-1.0591906290804354,91202.2,91137.3,,,
2024-11-17 03:44:00+00:00,90146.8,90182.8,90136.7,90182.8,12.426,90777.34298374393,-0.06426742706762488,91102.1272497059,90452.55871778197,649.5685319239274,0,91105.1,91275.2,0.0,0.0,0.0,0.0,0.3205620695376841,-1.0591906290804354,91202.2,91137.3,,,
2024-11-17 03:45:00+00:00,90182.8,90199.0,90146.5,90159.1,17.549,90777.27871631687,-0.06426742706762488,91102.06298227883,90452.4944503549,649.5685319239274,0,91105.1,91275.2,0.0,0.0,0.0,0.0,0.3205620695376841,-1.0591906290804354,91202.2,91137.3,,,
2024-11-17 03:46:00+00:00,90159.1,90169.3,90130.8,90169.2,6.451,90777.2144488898,-0.06426742706762488,91101.99871485177,90452.43018292784,649.5685319239274,0,91105.1,91275.2,0.0,0.0,0.0,0.0,0.3205620695376841,-1.0591906290804354,91202.2,91137.3,,,
2024-11-17 03:47:00+00:00,90169.2,90169.3,90101.0,90116.5,27.158,90777.15018146273,-0.06426742706762488,91101.93444742469,90452.36591550076,649.5685319239274,0,91105.1,91275.2,0.0,0.0,0.0,0.0,0.3205620695376841,-1.0591906290804354,91202.2,91137.3,,,
2024-11-17 03:48:00+00:00,90116.5,90148.7,90100.0,90100.0,11.517,90777.08591403566,-0.06426742706762488,91101.87017999763,90452.3016480737,649.5685319239274,0,91105.1,91275.2,0.0,0.0,0.0,0.0,0.3205620695376841,-1.0591906290804354,91202.2,91137.3,,,
2024-11-17 03:49:00+00:00,90100.0,90156.1,90097.1,90156.1,17.426,90777.0216466086,-0.06426742706762488,91101.80591257056,90452.23738064663,649.5685319239274,-1,91105.1,91275.2,0.0,355.137380646629,0.0,0.5467281175009568,0.3205620695376841,-1.0591906290804354,91202.2,91137.3,,,
2024-11-17 03:50:00+00:00,90156.1,90169.0,90146.9,90154.4,6.689,90776.95737918153,-0.06426742706762488,91101.7416451435,90452.17311321957,649.5685319239274,0,91105.1,91275.2,0.0,0.0,0.0,0.0,0.3205620695376841,-1.0591906290804354,91202.2,91137.3,,,
2024-11-17 03:51:00+00:00,90154.4,90229.7,90154.3,90229.7,65.144,90776.89311175446,-0.06426742706762488,91101.67737771642,90452.10884579249,649.5685319239274,0,91105.1,91275.2,0.0,0.0,0.0,0.0,0.3205620695376841,-1.0591906290804354,91202.2,91137.3,,,
2024-11-17 03:52:00+00:00,90229.7,90236.0,90170.5,90170.5,32.209,90776.82884432739,-0.06426742706762488,91101.61311028936,90452.04457836543,649.5685319239274,0,91105.1,91275.2,0.0,0.0,0.0,0.0,0.3205620695376841,-1.0591906290804354,91202.2,91137.3,,,
2024-11-17 03:53:00+00:00,90170.5,90220.0,90170.5,90220.0,15.796,90776.76457690033,-0.06426742706762488,91101.54884286229,90451.98031093836,649.5685319239274,0,91105.1,91275.2,0.0,0.0,0.0,0.0,0.3205620695376841,-1.0591906290804354,91202.2,91137.3,,,
2024-11-17 03:54:00+00:00,90220.0,90275.0,90219.9,90275.0,41.582,90776.70030947326,-0.06426742706762488,91101.48457543523,90451.9160435113,649.5685319239274,0,91105.1,91275.2,0.0,0.0,0.0,0.0,0.3205620695376841,-1.0591906290804354,91202.2,91137.3,,,
2024-11-17 03:55:00+00:00,90275.0,90319.7,90233.3,90317.4,65.81,90776.63604204619,-0.06426742706762488,91101.42030800815,90451.85177608422,649.5685319239274,0,91105.1,91275.2,0.0,0.0,0.0,0.0,0.3205620695376841,-1.0591906290804354,91202.2,91137.3,,,
2024-11-17 03:56:00+00:00,90317.4,90317.4,90237.5,90241.0,17.226,90776.57177461912,-0.06426742706762488,91101.35604058109,90451.78750865716,649.5685319239274,0,91105.1,91275.2,0.0,0.0,0.0,0.0,0.3205620695376841,-1.0591906290804354,91202.2,91137.3,,,
2024-11-17 03:57:00+00:00,90241.0,90299.6,90232.7,90263.1,12.695,90776.50750719206,-0.06426742706762488,91101.29177315402,90451.7232412301,649.5685319239274,0,91105.1,91275.2,0.0,0.0,0.0,0.0,0.3205620695376841,-1.0591906290804354,91202.2,91137.3,,,
2024-11-17 03:58:00+00:00,90263.1,90310.3,90263.1,90304.2,19.093,90776.443239765,-0.06426742706762488,91101.22750572696,90451.65897380303,649.5685319239274,0,91105.1,91275.2,0.0,0.0,0.0,0.0,0.3205620695376841,-1.0591906290804354,91202.2,91137.3,,,
2024-11-17 03:59:00+00:00,90304.2,90314.2,90279.0,90314.1,20.86,90776.37897233792,-0.06426742706762488,91101.16323829988,90451.59470637595,649.5685319239274,0,91105.1,91275.2,0.0,0.0,0.0,0.0,0.3205620695376841,-1.0591906290804354,91202.2,91137.3,,,
2024-11-17 04:00:00+00:00,90314.1,90350.0,90272.0,90288.6,124.937,90776.31470491085,-0.06426742706762488,91101.09897087282,90451.53043894889,649.5685319239274,0,91105.1,91275.2,0.0,0.0,0.0,0.0,0.3205620695376841,-1.0591906290804354,91202.2,91137.3,,,
2024-11-17 04:01:00+00:00,90288.6,90321.5,90229.2,90288.7,39.958,90776.25043748379,-0.06426742706762488,91101.03470344575,90451.46617152182,649.5685319239274,0,91105.1,91275.2,0.0,0.0,0.0,0.0,0.3205620695376841,-1.0591906290804354,91202.2,91137.3,,,
2024-11-17 04:02:00+00:00,90288.7,90384.5,90274.5,90380.1,94.736,90776.18617005672,-0.06426742706762488,91100.97043601869,90451.40190409476,649.5685319239274,1,91105.1,91275.2,-716.4704360186879,0.0,-1.1029943736600152,0.0,0.3205620695376841,-1.0591906290804354,91202.2,91137.3,,,
2024-11-17 04:03:00+00:00,90380.1,90384.1,90307.6,90359.2,36.448,90776.12190262965,-0.06426742706762488,91100.90616859161,90451.33763666768,649.5685319239274,0,91105.1,91275.2,0.0,0.0,0.0,0.0,0.3205620695376841,-1.0591906290804354,91202.2,91137.3,,,
2024-11-17 04:04:00+00:00,90359.2,90365.5,90300.0,90300.0,35.79,90776.05763520258,-0.06426742706762488,91100.84190116455,90451.27336924062,649.5685319239274,0,91105.1,91275.2,0.0,0.0,0.0,0.0,0.3205620695376841,-1.0591906290804354,91202.2,91137.3,,,
2024-11-17 04:05:00+00:00,90300.0,90300.1,90214.8,90215.6,48.513,90775.99336777552,-0.06426742706762488,91100.77763373748,90451.20910181355,649.5685319239274,-1,91105.1,91275.2,0.0,236.4091018135514,0.0,0.3639478980198472,0.3205620695376841,-1.0591906290804354,91202.2,91137.3,,,
2024-11-17 04:06:00+00:00,90215.6,90262.8,90214.8,90262.7,16.798,90775.92910034845,-0.06426742706762488,91100.71336631042,90451.14483438649,649.5685319239274,-1,91105.1,91275.2,0.0,236.3448343864875,0.0,0.3638489593799572,0.3205620695376841,-1.0591906290804354,91202.2,91137.3,,,
2024-11-17 04:07:00+00:00,90262.7,90349.0,90262.7,90304.5,39.037,90775.86483292138,-0.06426742706762488,91100.64909888334,90451.08056695941,649.5685319239274,0,91105.1,91275.2,0.0,0.0,0.0,0.0,0.3205620695376841,-1.0591906290804354,91202.2,91137.3,,,
2024-11-17 04:08:00+00:00,90304.5,90369.9,90261.0,90334.0,33.689,90775.80056549431,-0.06426742706762488,91100.58483145628,90451.01629953235,649.5685319239274,0,91105.1,91275.2,0.0,0.0,0.0,0.0,0.3205620695376841,-1.0591906290804354,91202.2,91137.3,,,
2024-11-17 04:09:00+00:00,90334.0,90384.6,90334.0,90382.1,30.498,90775.73629806725,-0.06426742706762488,91100.52056402921,90450.95203210528,649.5685319239274,0,91105.1,91275.2,0.0,0.0,0.0,0.0,0.3205620695376841,-1.0591906290804354,91202.2,91137.3,,,
2024-11-17 04:10:00+00:00,90382.1,90430.0,90376.8,90419.1,133.488,90775.67203064018,-0.06426742706762488,91100.45629660215,90450.88776467822,649.5685319239274,0,91105.1,91275.2,0.0,0.0,0.0,0.0,0.3205620695376841,-1.0591906290804354,91202.2,91137.3,,,
2024-11-17 04:11:00+00:00,90419.1,90497.3,90412.7,90458.9,93.904,90775.6077632131,-0.06426742706762488,91100.39202917507,90450.82349725114,649.5685319239274,0,91105.1,91275.2,0.0,0.0,0.0,0.0,0.3205620695376841,-1.0591906290804354,91202.2,91137.3,,,
2024-11-17 04:12:00+00:00,90458.9,90489.9,90370.0,90370.0,74.402,90775.54349578604,-0.06426742706762488,91100.327761748,90450.75922982408,649.5685319239274,0,91105.1,91275.2,0.0,0.0,0.0,0.0,0.3205620695376841,-1.0591906290804354,91202.2,91137.3,,,
2024-11-17 04:13:00+00:00,90370.0,90397.2,90289.3,90289.3,36.929,90775.47922835898,-0.06426742706762488,91100.26349432094,90450.69496239701,649.5685319239274,0,91105.1,91275.2,0.0,0.0,0.0,0.0,0.3205620695376841,-1.0591906290804354,91202.2,91137.3,,,
2024-11-17 04:14:00+00:00,90289.3,90354.3,90276.1,90354.3,41.526,90775.41496093191,-0.06426742706762488,91100.19922689388,90450.63069496995,649.5685319239274,0,91105.1,91275.2,0.0,0.0,0.0,0.0,0.3205620695376841,-1.0591906290804354,91202.2,91137.3,,,
2024-11-17 04:15:00+00:00,90354.3,90479.9,90354.3,90469.4,72.366,90775.35069350484,-0.06426742706762488,91100.1349594668,90450.56642754287,649.5685319239274,0,91105.1,91275.2,0.0,0.0,0.0,0.0,0.3205620695376841,-1.0591906290804354,91202.2,91137.3,,,
2024-11-17 04:16:00+00:00,90469.4,90469.5,90363.6,90416.7,53.055,90775.28642607777,-0.06426742706762488,91100.07069203974,90450.50216011581,649.5685319239274,0,91105.1,91275.2,0.0,0.0,0.0,0.0,0.3205620695376841,-1.0591906290804354,91202.2,91137.3,,,
2024-11-17 04:17:00+00:00,90416.7,90543.1,90416.7,90536.9,109.406,90775.22215865071,-0.06426742706762488,91100.00642461267,90450.43789268874,649.5685319239274,0,91105.1,91275.2,0.0,0.0,0.0,0.0,0.3205620695376841,-1.0591906290804354,91202.2,91137.3,,,
2024-11-17 04:18:00+00:00,90536.9,90579.9,90493.4,90576.2,108.342,90775.15789122364,-0.06426742706762488,91099.94215718561,90450.37362526168,649.5685319239274,0,91105.1,91275.2,0.0,0.0,0.0,0.0,0.3205620695376841,-1.0591906290804354,91202.2,91137.3,,,
2024-11-17 04:19:00+00:00,90576.2,90580.0,90500.0,90515.0,68.908,90775.09362379657,-0.06426742706762488,91099.87788975853,90450.3093578346,649.5685319239274,1,91105.1,91275.2,-519.8778897585289,0.0,-0.8003434036724753,0.0,0.3205620695376841,-1.0591906290804354,91202.2,91137.3,,,
2024-11-17 04:20:00+00:00,90515.0,90543.9,90500.0,90500.0,46.949,90775.0293563695,-0.06426742706762488,91099.81362233147,90450.24509040754,649.5685319239274,0,91105.1,91275.2,0.0,0.0,0.0,0.0,0.3205620695376841,-1.0591906290804354,91202.2,91137.3,,,
2024-11-17 04:21:00+00:00,90500.0,90500.1,90367.5,90391.7,47.901,90774.96508894244,-0.06426742706762488,91099.7493549044,90450.18082298047,649.5685319239274,0,91105.1,91275.2,0.0,0.0,0.0,0.0,0.3205620695376841,-1.0591906290804354,91202.2,91137.3,,,
2024-11-17 04:22:00+00:00,90391.7,90446.0,90367.6,90443.2,21.851,90774.90082151537,-0.06426742706762488,91099.68508747734,90450.11655555341,649.5685319239274,0,91105.1,91275.2,0.0,0.0,0.0,0.0,0.3205620695376841,-1.0591906290804354,91202.2,91137.3,,,
2024-11-17 04:23:00+00:00,90443.2,90549.5,90443.2,90521.3,74.635,90774.8365540883,-0.06426742706762488,91099.62082005026,90450.05228812633,649.5685319239274,0,91105.1,91275.2,0.0,0.0,0.0,0.0,0.3205620695376841,-1.0591906290804354,91202.2,91137.3,,,
2024-11-17 04:24:00+00:00,90521.3,90521.3,90450.0,90490.4,40.901,90774.77228666123,-0.06426742706762488,91099.5565526232,90449.98802069927,649.5685319239274,0,91105.1,91275.2,0.0,0.0,0.0,0.0,0.3205620695376841,-1.0591906290804354,91202.2,91137.3,,,
2024-11-17 04:25:00+00:00,90490.4,90490.5,90451.5,90457.4,23.786,90774.70801923417,-0.06426742706762488,91099.49228519613,90449.9237532722,649.5685319239274,0,91105.1,91275.2,0.0,0.0,0.0,0.0,0.3205620695376841,-1.0591906290804354,91202.2,91137.3,,,
2024-11-17 04:26:00+00:00,90457.4,90527.5,90457.4,90527.5,41.362,90774.64375180709,-0.06426742706762488,91099.42801776905,90449.85948584513,649.5685319239274,0,91105.1,91275.2,0.0,0.0,0.0,0.0,0.3205620695376841,-1.0591906290804354,91202.2,91137.3,,,
2024-11-17 04:27:00+00:00,90527.5,90527.5,90454.3,90477.6,40.705,90774.57948438002,-0.06426742706762488,91099.36375034199,90449.79521841806,649.5685319239274,0,91105.1,91275.2,0.0,0.0,0.0,0.0,0.3205620695376841,-1.0591906290804354,91202.2,91137.3,,,
2024-11-17 04:28:00+00:00,90477.6,90500.0,90435.0,90435.1,24.584,90774.51521695296,-0.06426742706762488,91099.29948291492,90449.730950991,649.5685319239274,0,91105.1,91275.2,0.0,0.0,0.0,0.0,0.3205620695376841,-1.0591906290804354,91202.2,91137.3,,,
2024-11-17 04:29:00+00:00,90435.1,90500.0,90432.0,90493.8,25.611,90774.4509495259,-0.06426742706762488,91099.23521548786,90449.66668356393,649.5685319239274,0,91105.1,91275.2,0.0,0.0,0.0,0.0,0.3205620695376841,-1.0591906290804354,91202.2,91137.3,,,
2024-11-17 04:30:00+00:00,90493.8,90532.0,90467.1,90531.9,22.655,90774.38668209882,-0.06426742706762488,91099.17094806078,90449.60241613686,649.5685319239274,0,91105.1,91275.2,0.0,0.0,0.0,0.0,0.3205620695376841,-1.0591906290804354,91202.2,91137.3,,,
2024-11-17 04:31:00+00:00,90531.9,90538.8,90432.7,90445.3,26.463,90774.32241467175,-0.06426742706762488,91099.10668063372,90449.53814870979,649.5685319239274,1,91105.1,91275.2,-560.3066806337156,0.0,-0.8625828578459133,0.0,0.3205620695376841,-1.0591906290804354,91202.2,91137.3,,,
2024-11-17 04:32:00+00:00,90445.3,90445.3,90371.4,90371.4,47.032,90774.25814724469,-0.06426742706762488,91099.04241320665,90449.47388128273,649.5685319239274,0,91105.1,91275.2,0.0,0.0,0.0,0.0,0.3205620695376841,-1.0591906290804354,91202.2,91137.3,,,
2024-11-17 04:33:00+00:00,90371.4,90394.5,90355.4,90360.1,35.202,90774.19387981763,-0.06426742706762488,91098.97814577959,90449.40961385566,649.5685319239274,0,91105.1,91275.2,0.0,0.0,0.0,0.0,0.3205620695376841,-1.0591906290804354,91202.2,91137.3,,,
2024-11-17 04:34:00+00:00,90360.1,90389.8,90350.1,90357.0,19.008,90774.12961239055,-0.06426742706762488,91098.91387835251,90449.34534642858,649.5685319239274,-1,91105.1,91275.2,0.0,99.24534642857907,0.0,0.1527865676230171,0.3205620695376841,-1.0591906290804354,91202.2,91137.3,,,
2024-11-17 04:35:00+00:00,90357.0,90391.7,90350.1,90379.3,18.849,90774.06534496348,-0.06426742706762488,91098.84961092545,90449.28107900152,649.5685319239274,-1,91105.1,91275.2,0.0,99.18107900151517,0.0,0.1526876289831271,0.3205620695376841,-1.0591906290804354,91202.2,91137.3,,,
2024-11-17 04:36:00+00:00,90379.3,90454.9,90379.3,90437.8,98.4,90774.00107753642,-0.06426742706762488,91098.78534349838,90449.21681157446,649.5685319239274,0,91105.1,91275.2,0.0,0.0,0.0,0.0,0.3205620695376841,-1.0591906290804354,91202.2,91137.3,,,
2024-11-17 04:37:00+00:00,90437.8,90495.3,90437.7,90495.2,19.292,90773.93681010936,-0.06426742706762488,91098.72107607132,90449.1525441474,649.5685319239274,0,91105.1,91275.2,0.0,0.0,0.0,0.0,0.3205620695376841,-1.0591906290804354,91202.2,91137.3,,,
2024-11-17 04:38:00+00:00,90495.2,90623.0,90486.0,90614.6,74.103,90773.87254268228,-0.06426742706762488,91098.65680864424,90449.08827672031,649.5685319239274,0,91105.1,91275.2,0.0,0.0,0.0,0.0,0.3205620695376841,-1.0591906290804354,91202.2,91137.3,,,
2024-11-17 04:39:00+00:00,90614.6,90741.9,90614.5,90686.0,180.585,90773.80827525521,-0.06426742706762488,91098.59254121718,90449.02400929325,649.5685319239274,0,91105.1,91275.2,0.0,0.0,0.0,0.0,0.3205620695376841,-1.0591906290804354,91202.2,91137.3,,,
2024-11-17 04:40:00+00:00,90686.0,90750.0,90661.9,90726.4,62.292,90773.74400782815,-0.06426742706762488,91098.52827379011,90448.95974186619,649.5685319239274,0,91105.1,91275.2,0.0,0.0,0.0,0.0,0.3205620695376841,-1.0591906290804354,91202.2,91137.3,,,
2024-11-17 04:41:00+00:00,90726.4,90764.2,90684.9,90733.2,71.879,90773.67974040109,-0.06426742706762488,91098.46400636305,90448.89547443912,649.5685319239274,1,91105.1,91275.2,-334.26400636305334,0.0,-0.5145939033915514,0.0,0.3205620695376841,-1.0591906290804354,91202.2,91137.3,,,
2024-11-17 04:42:00+00:00,90733.2,90750.0,90616.4,90625.6,48.835,90773.61547297401,-0.06426742706762488,91098.39973893597,90448.83120701204,649.5685319239274,0,91105.1,91275.2,0.0,0.0,0.0,0.0,0.3205620695376841,-1.0591906290804354,91202.2,91137.3,,,
2024-11-17 04:43:00+00:00,90625.6,90746.0,90621.3,90696.4,61.49,90773.55120554694,-0.06426742706762488,91098.33547150891,90448.76693958498,649.5685319239274,0,91105.1,91275.2,0.0,0.0,0.0,0.0,0.3205620695376841,-1.0591906290804354,91202.2,91137.3,,,
2024-11-17 04:44:00+00:00,90696.4,90706.8,90681.5,90703.9,23.379,90773.48693811988,-0.06426742706762488,91098.27120408184,90448.70267215792,649.5685319239274,0,91105.1,91275.2,0.0,0.0,0.0,0.0,0.3205620695376841,-1.0591906290804354,91202.2,91137.3,,,
2024-11-17 04:45:00+00:00,90703.9,90746.0,90591.3,90600.0,51.047,90773.42267069282,-0.06426742706762488,91098.20693665478,90448.63840473085,649.5685319239274,0,91105.1,91275.2,0.0,0.0,0.0,0.0,0.3205620695376841,-1.0591906290804354,91202.2,91137.3,,,
2024-11-17 04:46:00+00:00,90600.0,90706.2,90574.4,90574.4,33.315,90773.35840326574,-0.06426742706762488,91098.1426692277,90448.57413730377,649.5685319239274,0,91105.1,91275.2,0.0,0.0,0.0,0.0,0.3205620695376841,-1.0591906290804354,91202.2,91137.3,,,
2024-11-17 04:47:00+00:00,90574.4,90574.5,90407.1,90487.8,246.069,90773.29413583867,-0.06426742706762488,91098.07840180064,90448.50986987671,649.5685319239274,0,91105.1,91275.2,0.0,0.0,0.0,0.0,0.3205620695376841,-1.0591906290804354,91202.2,91137.3,,,
2024-11-17 04:48:00+00:00,90487.8,90487.8,90402.7,90472.6,59.774,90773.22986841161,-0.06426742706762488,91098.01413437357,90448.44560244965,649.5685319239274,-1,91105.1,91275.2,0.0,45.745602449649596,0.0,0.07042459756195052,0.3205620695376841,-1.0591906290804354,91202.2,91137.3,,,
2024-11-17 04:49:00+00:00,90472.6,90593.9,90448.6,90590.0,59.146,90773.16560098455,-0.06426742706762488,91097.94986694651,90448.38133502258,649.5685319239274,0,91105.1,91275.2,0.0,0.0,0.0,0.0,0.3205620695376841,-1.0591906290804354,91202.2,91137.3,,,
2024-11-17 04:50:00+00:00,90590.0,90590.1,90503.0,90525.7,12.872,90773.10133355747,-0.06426742706762488,91097.88559951943,90448.3170675955,649.5685319239274,0,91105.1,91275.2,0.0,0.0,0.0,0.0,0.3205620695376841,-1.0591906290804354,91202.2,91137.3,,,
2024-11-17 04:51:00+00:00,90525.7,90589.6,90511.4,90589.6,46.644,90773.0370661304,-0.06426742706762488,91097.82133209237,90448.25280016844,649.5685319239274,0,91105.1,91275.2,0.0,0.0,0.0,0.0,0.3205620695376841,-1.0591906290804354,91202.2,91137.3,,,
2024-11-17 04:52:00+00:00,90589.6,90623.3,90562.6,90570.9,52.512,90772.97279870334,-0.06426742706762488,91097.7570646653,90448.18853274138,649.5685319239274,0,91105.1,91275.2,0.0,0.0,0.0,0.0,0.3205620695376841,-1.0591906290804354,91202.2,91137.3,,,
2024-11-17 04:53:00+00:00,90570.9,90572.0,90507.8,90507.8,16.473,90772.90853127628,-0.06426742706762488,91097.69279723824,90448.12426531431,649.5685319239274,0,91105.1,91275.2,0.0,0.0,0.0,0.0,0.3205620695376841,-1.0591906290804354,91202.2,91137.3,,,
2024-11-17 04:54:00+00:00,90507.8,90520.0,90488.4,90506.6,39.157,90772.8442638492,-0.06426742706762488,91097.62852981116,90448.05999788723,649.5685319239274,0,91105.1,91275.2,0.0,0.0,0.0,0.0,0.3205620695376841,-1.0591906290804354,91202.2,91137.3,,,
2024-11-17 04:55:00+00:00,90506.6,90544.8,90477.6,90477.6,14.299,90772.77999642213,-0.06426742706762488,91097.5642623841,90447.99573046017,649.5685319239274,0,91105.1,91275.2,0.0,0.0,0.0,0.0,0.3205620695376841,-1.0591906290804354,91202.2,91137.3,,,
2024-11-17 04:56:00+00:00,90477.6,90504.5,90413.6,90442.0,35.376,90772.71572899507,-0.06426742706762488,91097.49999495703,90447.9314630331,649.5685319239274,0,91105.1,91275.2,0.0,0.0,0.0,0.0,0.3205620695376841,-1.0591906290804354,91202.2,91137.3,,,
2024-11-17 04:57:00+00:00,90442.0,90459.5,90417.1,90441.3,31.013,90772.651461568,-0.06426742706762488,91097.43572752997,90447.86719560604,649.5685319239274,0,91105.1,91275.2,0.0,0.0,0.0,0.0,0.3205620695376841,-1.0591906290804354,91202.2,91137.3,,,
2024-11-17 04:58:00+00:00,90441.3,90441.4,90370.3,90407.6,26.783,90772.58719414093,-0.06426742706762488,91097.37146010289,90447.80292817896,649.5685319239274,-1,91105.1,91275.2,0.0,77.50292817896116,0.0,0.1193144747166381,0.3205620695376841,-1.0591906290804354,91202.2,91137.3,,,
2024-11-17 04:59:00+00:00,90407.6,90667.2,90407.5,90644.1,158.761,90772.52292671386,-0.06426742706762488,91097.30719267583,90447.7386607519,649.5685319239274,0,91105.1,91275.2,0.0,0.0,0.0,0.0,0.3205620695376841,-1.0591906290804354,91202.2,91137.3,,,
2024-11-17 05:00:00+00:00,90644.1,90644.2,90521.7,90591.1,72.765,90772.4586592868,-0.06426742706762488,91097.24292524876,90447.67439332484,649.5685319239274,0,91105.1,91275.2,0.0,0.0,0.0,0.0,0.3205620695376841,-1.0591906290804354,91202.2,91137.3,,,
2024-11-17 05:01:00+00:00,90591.1,90682.9,90591.1,90620.0,34.352,90772.39439185974,-0.06426742706762488,91097.1786578217,90447.61012589777,649.5685319239274,0,91105.1,91275.2,0.0,0.0,0.0,0.0,0.3205620695376841,-1.0591906290804354,91202.2,91137.3,,,
2024-11-17 05:02:00+00:00,90620.0,90741.2,90620.0,90739.1,33.082,90772.33012443266,-0.06426742706762488,91097.11439039462,90447.5458584707,649.5685319239274,0,91105.1,91275.2,0.0,0.0,0.0,0.0,0.3205620695376841,-1.0591906290804354,91202.2,91137.3,,,
2024-11-17 05:03:00+00:00,90739.1,90799.2,90739.1,90785.5,68.404,90772.2658570056,-0.06426742706762488,91097.05012296756,90447.48159104363,649.5685319239274,0,91105.1,91275.2,0.0,0.0,0.0,0.0,0.3205620695376841,-1.0591906290804354,91202.2,91137.3,,,
2024-11-17 05:04:00+00:00,90785.5,90785.6,90736.6,90771.3,36.578,90772.20158957853,-0.06426742706762488,91096.9858555405,90447.41732361657,649.5685319239274,0,91105.1,91275.2,0.0,0.0,0.0,0.0,0.3205620695376841,-1.0591906290804354,91202.2,91137.3,,,1.0
2024-11-17 05:05:00+00:00,90771.3,90949.7,90771.2,90913.9,408.388,90772.13732215145,-0.06426742706762488,91096.92158811342,90447.35305618949,649.5685319239274,0,91105.1,91275.2,0.0,0.0,0.0,0.0,0.3205620695376841,-1.0591906290804354,91202.2,91137.3,,,
2024-11-17 05:06:00+00:00,90913.9,90950.0,90902.1,90914.3,72.929,90772.07305472439,-0.06426742706762488,91096.85732068635,90447.28878876242,649.5685319239274,0,91105.1,91275.2,0.0,0.0,0.0,0.0,0.3205620695376841,-1.0591906290804354,91202.2,91137.3,,,
2024-11-17 05:07:00+00:00,90914.3,90957.9,90900.0,90920.3,81.584,90772.00878729732,-0.06426742706762488,91096.79305325929,90447.22452133536,649.5685319239274,0,91105.1,91275.2,0.0,0.0,0.0,0.0,0.3205620695376841,-1.0591906290804354,91202.2,91137.3,,,
2024-11-17 05:08:00+00:00,90920.3,90933.0,90871.9,90919.4,87.186,90771.94451987026,-0.06426742706762488,91096.72878583222,90447.1602539083,649.5685319239274,0,91105.1,91275.2,0.0,0.0,0.0,0.0,0.3205620695376841,-1.0591906290804354,91202.2,91137.3,,,
2024-11-17 05:09:00+00:00,90919.4,90926.0,90862.8,90925.9,58.664,90771.88025244318,-0.06426742706762488,91096.66451840514,90447.09598648122,649.5685319239274,0,91105.1,91275.2,0.0,0.0,0.0,0.0,0.3205620695376841,-1.0591906290804354,91202.2,91137.3,,,
2024-11-17 05:10:00+00:00,90925.9,90968.7,90897.5,90897.6,98.701,90771.81598501612,-0.06426742706762488,91096.60025097808,90447.03171905415,649.5685319239274,1,91105.1,91275.2,-127.90025097808393,0.0,-0.19690031873813532,0.0,0.3205620695376841,-1.0591906290804354,91202.2,91137.3,,,
2024-11-17 05:11:00+00:00,90897.6,90915.8,90850.0,90872.3,99.122,90771.75171758905,-0.06426742706762488,91096.53598355102,90446.96745162709,649.5685319239274,0,91105.1,91275.2,0.0,0.0,0.0,0.0,0.3205620695376841,-1.0591906290804354,91202.2,91137.3,,,
2024-11-17 05:12:00+00:00,90872.3,90893.6,90864.0,90869.4,28.032,90771.68745016199,-0.06426742706762488,91096.47171612395,90446.90318420003,649.5685319239274,0,91105.1,91275.2,0.0,0.0,0.0,0.0,0.3205620695376841,-1.0591906290804354,91202.2,91137.3,,,
2024-11-17 05:13:00+00:00,90869.4,90900.0,90840.7,90861.6,43.524,90771.62318273491,-0.06426742706762488,91096.40744869687,90446.83891677295,649.5685319239274,0,91105.1,91275.2,0.0,0.0,0.0,0.0,0.3205620695376841,-1.0591906290804354,91202.2,91137.3,,,
2024-11-17 05:14:00+00:00,90861.6,90864.2,90837.4,90864.2,34.47,90771.55891530785,-0.06426742706762488,91096.34318126981,90446.77464934588,649.5685319239274,0,91105.1,91275.2,0.0,0.0,0.0,0.0,0.3205620695376841,-1.0591906290804354,91202.2,91137.3,,,
2024-11-17 05:15:00+00:00,90864.2,90878.3,90826.0,90849.9,40.386,90771.49464788078,-0.06426742706762488,91096.27891384275,90446.71038191882,649.5685319239274,0,91105.1,91275.2,0.0,0.0,0.0,0.0,0.3205620695376841,-1.0591906290804354,91202.2,91137.3,,,
2024-11-17 05:16:00+00:00,90849.9,90857.6,90786.4,90807.7,71.519,90771.43038045372,-0.06426742706762488,91096.21464641568,90446.64611449176,649.5685319239274,0,91105.1,91275.2,0.0,0.0,0.0,0.0,0.3205620695376841,-1.0591906290804354,91202.2,91137.3,,,
2024-11-17 05:17:00+00:00,90807.7,90816.5,90754.9,90793.8,34.249,90771.36611302664,-0.06426742706762488,91096.1503789886,90446.58184706468,649.5685319239274,0,91105.1,91275.2,0.0,0.0,0.0,0.0,0.3205620695376841,-1.0591906290804354,91202.2,91137.3,,,
2024-11-17 05:18:00+00:00,90793.8,90793.8,90742.3,90752.1,47.685,90771.30184559958,-0.06426742706762488,91096.08611156154,90446.51757963761,649.5685319239274,0,91105.1,91275.2,0.0,0.0,0.0,0.0,0.3205620695376841,-1.0591906290804354,91202.2,91137.3,,,1.0
2024-11-17 05:19:00+00:00,90752.1,90793.8,90720.0,90731.4,32.923,90771.23757817251,-0.06426742706762488,91096.02184413448,90446.45331221055,649.5685319239274,0,91105.1,91275.2,0.0,0.0,0.0,0.0,0.3205620695376841,-1.0591906290804354,91202.2,91137.3,,,
2024-11-17 05:20:00+00:00,90731.4,90760.3,90711.2,90752.2,67.418,90771.17331074545,-0.06426742706762488,91095.95757670741,90446.38904478349,649.5685319239274,0,91105.1,91275.2,0.0,0.0,0.0,0.0,0.3205620695376841,-1.0591906290804354,91202.2,91137.3,,,
2024-11-17 05:21:00+00:00,90752.2,90788.1,90752.2,90754.8,40.698,90771.10904331837,-0.06426742706762488,91095.89330928033,90446.3247773564,649.5685319239274,0,91105.1,91275.2,0.0,0.0,0.0,0.0,0.3205620695376841,-1.0591906290804354,91202.2,91137.3,,,
2024-11-17 05:22:00+00:00,90754.8,90754.9,90684.4,90727.8,43.79,90771.0447758913,-0.06426742706762488,91095.82904185327,90446.26050992934,649.5685319239274,-1,91105.1,91275.2,0.0,-238.13949007065094,0.0,-0.36661180209163835,0.3205620695376841,-1.0591906290804354,91202.2,91137.3,,,
2024-11-17 05:23:00+00:00,90727.8,90792.9,90727.7,90761.1,45.032,90770.98050846424,-0.06426742706762488,91095.7647744262,90446.19624250228,649.5685319239274,0,91105.1,91275.2,0.0,0.0,0.0,0.0,0.3205620695376841,-1.0591906290804354,91202.2,91137.3,,,
2024-11-17 05:24:00+00:00,90761.1,90770.2,90700.0,90749.9,33.243,90770.91624103718,-0.06426742706762488,91095.70050699914,90446.13197507522,649.5685319239274,0,91105.1,91275.2,0.0,0.0,0.0,0.0,0.3205620695376841,-1.0591906290804354,91202.2,91137.3,,,
2024-11-17 05:25:00+00:00,90749.9,90771.0,90737.8,90738.0,32.42,90770.8519736101,-0.06426742706762488,91095.63623957206,90446.06770764814,649.5685319239274,0,91105.1,91275.2,0.0,0.0,0.0,0.0,0.3205620695376841,-1.0591906290804354,91202.2,91137.3,,,
2024-11-17 05:26:00+00:00,90738.0,90774.8,90728.7,90741.2,23.234,90770.78770618304,-0.06426742706762488,91095.571972145,90446.00344022107,649.5685319239274,0,91105.1,91275.2,0.0,0.0,0.0,0.0,0.3205620695376841,-1.0591906290804354,91202.2,91137.3,,,
2024-11-17 05:27:00+00:00,90741.2,90770.6,90741.2,90753.9,22.079,90770.72343875597,-0.06426742706762488,91095.50770471794,90445.93917279401,649.5685319239274,0,91105.1,91275.2,0.0,0.0,0.0,0.0,0.3205620695376841,-1.0591906290804354,91202.2,91137.3,,,
2024-11-17 05:28:00+00:00,90753.9,90754.0,90737.1,90737.1,11.716,90770.65917132891,-0.06426742706762488,91095.44343729087,90445.87490536695,649.5685319239274,0,91105.1,91275.2,0.0,0.0,0.0,0.0,0.3205620695376841,-1.0591906290804354,91202.2,91137.3,,,
2024-11-17 05:29:00+00:00,90737.1,90740.0,90686.3,90724.6,36.004,90770.59490390183,-0.06426742706762488,91095.3791698638,90445.81063793987,649.5685319239274,0,91105.1,91275.2,0.0,0.0,0.0,0.0,0.3205620695376841,-1.0591906290804354,91202.2,91137.3,,,
2024-11-17 05:30:00+00:00,90724.6,90758.5,90724.6,90740.0,30.005,90770.53063647477,-0.06426742706762488,91095.31490243673,90445.7463705128,649.5685319239274,0,91105.1,91275.2,0.0,0.0,0.0,0.0,0.3205620695376841,-1.0591906290804354,91202.2,91137.3,,,
2024-11-17 05:31:00+00:00,90740.0,90740.1,90679.1,90684.7,50.203,90770.4663690477,-0.06426742706762488,91095.25063500967,90445.68210308574,649.5685319239274,0,91105.1,91275.2,0.0,0.0,0.0,0.0,0.3205620695376841,-1.0591906290804354,91202.2,91137.3,,,
2024-11-17 05:32:00+00:00,90684.7,90684.7,90600.0,90616.9,97.286,90770.40210162064,-0.06426742706762488,91095.1863675826,90445.61783565868,649.5685319239274,0,91105.1,91275.2,0.0,0.0,0.0,0.0,0.3205620695376841,-1.0591906290804354,91202.2,91137.3,,,
2024-11-17 05:33:00+00:00,90616.9,90620.6,90593.0,90593.0,46.156,90770.33783419356,-0.06426742706762488,91095.12210015552,90445.5535682316,649.5685319239274,0,91105.1,91275.2,0.0,0.0,0.0,0.0,0.3205620695376841,-1.0591906290804354,91202.2,91137.3,,,
2024-11-17 05:34:00+00:00,90593.0,90621.0,90593.0,90605.5,30.868,90770.2735667665,-0.06426742706762488,91095.05783272846,90445.48930080453,649.5685319239274,0,91105.1,91275.2,0.0,0.0,0.0,0.0,0.3205620695376841,-1.0591906290804354,91202.2,91137.3,,,
2024-11-17 05:35:00+00:00,90605.5,90605.5,90525.0,90525.8,88.634,90770.20929933943,-0.06426742706762488,91094.9935653014,90445.42503337747,649.5685319239274,0,91105.1,91275.2,0.0,0.0,0.0,0.0,0.3205620695376841,-1.0591906290804354,91202.2,91137.3,,,
2024-11-17 05:36:00+00:00,90525.8,90541.4,90525.7,90541.3,57.073,90770.14503191237,-0.06426742706762488,91094.92929787433,90445.3607659504,649.5685319239274,0,91105.1,91275.2,0.0,0.0,0.0,0.0,0.3205620695376841,-1.0591906290804354,91202.2,91137.3,,,
2024-11-17 05:37:00+00:00,90541.3,90541.4,90491.0,90504.2,57.629,90770.08076448529,-0.06426742706762488,91094.86503044725,90445.29649852333,649.5685319239274,0,91105.1,91275.2,0.0,0.0,0.0,0.0,0.3205620695376841,-1.0591906290804354,91202.2,91137.3,,,
2024-11-17 05:38:00+00:00,90504.2,90523.1,90504.2,90508.6,59.831,90770.01649705823,-0.06426742706762488,91094.80076302019,90445.23223109626,649.5685319239274,0,91105.1,91275.2,0.0,0.0,0.0,0.0,0.3205620695376841,-1.0591906290804354,91202.2,91137.3,,,
2024-11-17 05:39:00+00:00,90508.6,90508.7,90475.0,90475.0,45.243,90769.95222963116,-0.06426742706762488,91094.73649559313,90445.1679636692,649.5685319239274,0,91105.1,91275.2,0.0,0.0,0.0,0.0,0.3205620695376841,-1.0591906290804354,91202.2,91137.3,,,
2024-11-17 05:40:00+00:00,90475.0,90573.1,90475.0,90555.5,130.324,90769.8879622041,-0.06426742706762488,91094.67222816606,90445.10369624213,649.5685319239274,0,91105.1,91275.2,0.0,0.0,0.0,0.0,0.3205620695376841,-1.0591906290804354,91202.2,91137.3,,,
2024-11-17 05:41:00+00:00,90555.5,90571.1,90515.2,90515.2,17.525,90769.82369477702,-0.06426742706762488,91094.60796073898,90445.03942881506,649.5685319239274,0,91105.1,91275.2,0.0,0.0,0.0,0.0,0.3205620695376841,-1.0591906290804354,91202.2,91137.3,,,
2024-11-17 05:42:00+00:00,90515.2,90515.3,90465.6,90495.9,56.378,90769.75942734996,-0.06426742706762488,91094.54369331192,90444.97516138799,649.5685319239274,0,91105.1,91275.2,0.0,0.0,0.0,0.0,0.3205620695376841,-1.0591906290804354,91202.2,91137.3,,,
2024-11-17 05:43:00+00:00,90495.9,90555.0,90495.9,90521.7,17.843,90769.69515992289,-0.06426742706762488,91094.47942588486,90444.91089396093,649.5685319239274,0,91105.1,91275.2,0.0,0.0,0.0,0.0,0.3205620695376841,-1.0591906290804354,91202.2,91137.3,,,
2024-11-17 05:44:00+00:00,90521.7,90522.0,90465.3,90512.4,37.053,90769.63089249581,-0.06426742706762488,91094.41515845778,90444.84662653385,649.5685319239274,-1,91105.1,91275.2,0.0,-20.453373466152698,0.0,-0.031487629804930334,0.3205620695376841,-1.0591906290804354,91202.2,91137.3,,,
2024-11-17 05:45:00+00:00,90512.4,90614.1,90512.4,90562.7,48.062,90769.56662506875,-0.06426742706762488,91094.35089103071,90444.78235910679,649.5685319239274,0,91105.1,91275.2,0.0,0.0,0.0,0.0,0.3205620695376841,-1.0591906290804354,91202.2,91137.3,,,
2024-11-17 05:46:00+00:00,90562.7,90607.7,90544.0,90607.7,28.811,90769.50235764169,-0.06426742706762488,91094.28662360365,90444.71809167972,649.5685319239274,0,91105.1,91275.2,0.0,0.0,0.0,0.0,0.3205620695376841,-1.0591906290804354,91202.2,91137.3,,,
2024-11-17 05:47:00+00:00,90607.7,90615.4,90607.7,90615.3,16.617,90769.43809021462,-0.06426742706762488,91094.22235617659,90444.65382425266,649.5685319239274,0,91105.1,91275.2,0.0,0.0,0.0,0.0,0.3205620695376841,-1.0591906290804354,91202.2,91137.3,,,
2024-11-17 05:48:00+00:00,90615.3,90644.0,90585.0,90585.4,37.804,90769.37382278754,-0.06426742706762488,91094.15808874951,90444.58955682558,649.5685319239274,0,91105.1,91275.2,0.0,0.0,0.0,0.0,0.3205620695376841,-1.0591906290804354,91202.2,91137.3,,,
2024-11-17 05:49:00+00:00,90585.4,90597.9,90567.8,90575.8,21.638,90769.30955536048,-0.06426742706762488,91094.09382132244,90444.52528939852,649.5685319239274,0,91105.1,91275.2,0.0,0.0,0.0,0.0,0.3205620695376841,-1.0591906290804354,91202.2,91137.3,,,
2024-11-17 05:50:00+00:00,90575.8,90616.6,90560.0,90607.4,17.003,90769.24528793342,-0.06426742706762488,91094.02955389538,90444.46102197145,649.5685319239274,0,91105.1,91275.2,0.0,0.0,0.0,0.0,0.3205620695376841,-1.0591906290804354,91202.2,91137.3,,,
2024-11-17 05:51:00+00:00,90607.4,90660.5,90607.4,90660.5,32.523,90769.18102050635,-0.06426742706762488,91093.96528646832,90444.39675454439,649.5685319239274,0,91105.1,91275.2,0.0,0.0,0.0,0.0,0.3205620695376841,-1.0591906290804354,91202.2,91137.3,,,
2024-11-17 05:52:00+00:00,90660.5,90660.5,90588.5,90602.8,18.23,90769.11675307927,-0.06426742706762488,91093.90101904124,90444.33248711731,649.5685319239274,0,91105.1,91275.2,0.0,0.0,0.0,0.0,0.3205620695376841,-1.0591906290804354,91202.2,91137.3,,,
2024-11-17 05:53:00+00:00,90602.8,90653.5,90600.3,90653.5,18.56,90769.05248565221,-0.06426742706762488,91093.83675161417,90444.26821969025,649.5685319239274,0,91105.1,91275.2,0.0,0.0,0.0,0.0,0.3205620695376841,-1.0591906290804354,91202.2,91137.3,,,
2024-11-17 05:54:00+00:00,90653.5,90685.5,90650.3,90650.3,26.87,90768.98821822515,-0.06426742706762488,91093.77248418711,90444.20395226318,649.5685319239274,1,91105.1,91275.2,-408.2724841871095,0.0,-0.6285287296443778,0.0,0.3205620695376841,-1.0591906290804354,91202.2,91137.3,,,
2024-11-17 05:55:00+00:00,90650.3,90685.4,90602.6,90602.6,60.75,90768.92395079808,-0.06426742706762488,91093.70821676005,90444.13968483612,649.5685319239274,0,91105.1,91275.2,0.0,0.0,0.0,0.0,0.3205620695376841,-1.0591906290804354,91202.2,91137.3,,,
2024-11-17 05:56:00+00:00,90602.6,90602.6,90580.8,90580.8,10.898,90768.859683371,-0.06426742706762488,91093.64394933297,90444.07541740904,649.5685319239274,0,91105.1,91275.2,0.0,0.0,0.0,0.0,0.3205620695376841,-1.0591906290804354,91202.2,91137.3,,,
2024-11-17 05:57:00+00:00,90580.8,90608.0,90573.7,90573.7,10.782,90768.79541594394,-0.06426742706762488,91093.5796819059,90444.01114998198,649.5685319239274,0,91105.1,91275.2,0.0,0.0,0.0,0.0,0.3205620695376841,-1.0591906290804354,91202.2,91137.3,,,
2024-11-17 05:58:00+00:00,90573.7,90582.8,90562.3,90582.7,18.653,90768.73114851688,-0.06426742706762488,91093.51541447884,90443.94688255491,649.5685319239274,0,91105.1,91275.2,0.0,0.0,0.0,0.0,0.3205620695376841,-1.0591906290804354,91202.2,91137.3,,,
2024-11-17 05:59:00+00:00,90582.7,90582.8,90530.9,90541.4,28.707,90768.66688108981,-0.06426742706762488,91093.45114705178,90443.88261512785,649.5685319239274,0,91105.1,91275.2,0.0,0.0,0.0,0.0,0.3205620695376841,-1.0591906290804354,91202.2,91137.3,,,
2024-11-17 06:00:00+00:00,90541.4,90576.6,90541.4,90542.9,21.859,90768.60261366273,-0.06426742706762488,91093.3868796247,90443.81834770077,649.5685319239274,0,91105.1,91275.2,0.0,0.0,0.0,0.0,0.3205620695376841,-1.0591906290804354,91202.2,91137.3,,,
2024-11-17 06:01:00+00:00,90542.9,90578.4,90542.9,90572.6,22.023,90768.53834623567,-0.06426742706762488,91093.32261219763,90443.7540802737,649.5685319239274,0,91105.1,91275.2,0.0,0.0,0.0,0.0,0.3205620695376841,-1.0591906290804354,91202.2,91137.3,,,
2024-11-17 06:02:00+00:00,90572.6,90590.0,90550.9,90550.9,9.626,90768.4740788086,-0.06426742706762488,91093.25834477057,90443.68981284664,649.5685319239274,0,91105.1,91275.2,0.0,0.0,0.0,0.0,0.3205620695376841,-1.0591906290804354,91202.2,91137.3,,,
2024-11-17 06:03:00+00:00,90550.9,90554.0,90536.0,90536.0,9.705,90768.40981138154,-0.06426742706762488,91093.1940773435,90443.62554541958,649.5685319239274,0,91105.1,91275.2,0.0,0.0,0.0,0.0,0.3205620695376841,-1.0591906290804354,91202.2,91137.3,,,
2024-11-17 06:04:00+00:00,90536.0,90536.1,90518.2,90523.5,24.186,90768.34554395446,-0.06426742706762488,91093.12980991643,90443.5612779925,649.5685319239274,0,91105.1,91275.2,0.0,0.0,0.0,0.0,0.3205620695376841,-1.0591906290804354,91202.2,91137.3,,,
2024-11-17 06:05:00+00:00,90523.5,90523.6,90499.4,90509.4,47.149,90768.2812765274,-0.06426742706762488,91093.06554248936,90443.49701056544,649.5685319239274,0,91105.1,91275.2,0.0,0.0,0.0,0.0,0.3205620695376841,-1.0591906290804354,91202.2,91137.3,,,
2024-11-17 06:06:00+00:00,90509.4,90530.0,90480.0,90510.4,38.504,90768.21700910034,-0.06426742706762488,91093.0012750623,90443.43274313837,649.5685319239274,0,91105.1,91275.2,0.0,0.0,0.0,0.0,0.3205620695376841,-1.0591906290804354,91202.2,91137.3,,,
2024-11-17 06:07:00+00:00,90510.4,90510.4,90469.8,90469.9,11.215,90768.15274167327,-0.06426742706762488,91092.93700763524,90443.36847571131,649.5685319239274,0,91105.1,91275.2,0.0,0.0,0.0,0.0,0.3205620695376841,-1.0591906290804354,91202.2,91137.3,,,
2024-11-17 06:08:00+00:00,90469.9,90489.4,90450.0,90483.4,16.765,90768.0884742462,-0.06426742706762488,91092.87274020816,90443.30420828423,649.5685319239274,-1,91105.1,91275.2,0.0,-6.695791715770611,0.0,-0.01030806048430125,0.3205620695376841,-1.0591906290804354,91202.2,91137.3,,,
2024-11-17 06:09:00+00:00,90483.4,90527.0,90480.0,90527.0,20.513,90768.02420681913,-0.06426742706762488,91092.8084727811,90443.23994085717,649.5685319239274,0,91105.1,91275.2,0.0,0.0,0.0,0.0,0.3205620695376841,-1.0591906290804354,91202.2,91137.3,,,
2024-11-17 06:10:00+00:00,90527.0,90557.1,90514.7,90557.1,13.715,90767.95993939207,-0.06426742706762488,91092.74420535403,90443.1756734301,649.5685319239274,0,91105.1,91275.2,0.0,0.0,0.0,0.0,0.3205620695376841,-1.0591906290804354,91202.2,91137.3,,,
2024-11-17 06:11:00+00:00,90557.1,90557.1,90549.4,90554.7,16.096,90767.895671965,-0.06426742706762488,91092.67993792697,90443.11140600304,649.5685319239274,0,91105.1,91275.2,0.0,0.0,0.0,0.0,0.3205620695376841,-1.0591906290804354,91202.2,91137.3,,,
2024-11-17 06:12:00+00:00,90554.7,90554.7,90533.2,90533.3,5.85,90767.83140453792,-0.06426742706762488,91092.61567049989,90443.04713857596,649.5685319239274,0,91105.1,91275.2,0.0,0.0,0.0,0.0,0.3205620695376841,-1.0591906290804354,91202.2,91137.3,,,
2024-11-17 06:13:00+00:00,90533.3,90533.3,90500.0,90501.6,21.548,90767.76713711086,-0.06426742706762488,91092.55140307282,90442.9828711489,649.5685319239274,0,91105.1,91275.2,0.0,0.0,0.0,0.0,0.3205620695376841,-1.0591906290804354,91202.2,91137.3,,,
2024-11-17 06:14:00+00:00,90501.6,90514.5,90491.0,90491.0,12.943,90767.7028696838,-0.06426742706762488,91092.48713564576,90442.91860372183,649.5685319239274,0,91105.1,91275.2,0.0,0.0,0.0,0.0,0.3205620695376841,-1.0591906290804354,91202.2,91137.3,,,
2024-11-17 06:15:00+00:00,90491.0,90533.1,90489.2,90533.0,11.447,90767.63860225673,-0.06426742706762488,91092.4228682187,90442.85433629477,649.5685319239274,0,91105.1,91275.2,0.0,0.0,0.0,0.0,0.3205620695376841,-1.0591906290804354,91202.2,91137.3,,,
2024-11-17 06:16:00+00:00,90533.0,90607.6,90533.0,90590.7,25.697,90767.57433482965,-0.06426742706762488,91092.35860079162,90442.79006886769,649.5685319239274,0,91105.1,91275.2,0.0,0.0,0.0,0.0,0.3205620695376841,-1.0591906290804354,91202.2,91137.3,,,
2024-11-17 06:17:00+00:00,90590.7,90645.4,90590.6,90640.0,22.332,90767.51006740259,-0.06426742706762488,91092.29433336455,90442.72580144063,649.5685319239274,0,91105.1,91275.2,0.0,0.0,0.0,0.0,0.3205620695376841,-1.0591906290804354,91202.2,91137.3,,,
2024-11-17 06:18:00+00:00,90640.0,90640.0,90639.9,90640.0,23.312,90767.44579997553,-0.06426742706762488,91092.23006593749,90442.66153401356,649.5685319239274,0,91105.1,91275.2,0.0,0.0,0.0,0.0,0.3205620695376841,-1.0591906290804354,91202.2,91137.3,,,
2024-11-17 06:19:00+00:00,90640.0,90678.0,90639.9,90674.6,17.533,90767.38153254846,-0.06426742706762488,91092.16579851042,90442.5972665865,649.5685319239274,0,91105.1,91275.2,0.0,0.0,0.0,0.0,0.3205620695376841,-1.0591906290804354,91202.2,91137.3,,,
2024-11-17 06:20:00+00:00,90674.6,90690.4,90666.5,90674.7,22.177,90767.31726512138,-0.06426742706762488,91092.10153108335,90442.53299915942,649.5685319239274,1,91105.1,91275.2,-401.70153108335217,0.0,-0.6184128561363198,0.0,0.3205620695376841,-1.0591906290804354,91202.2,91137.3,,,
2024-11-17 06:21:00+00:00,90674.7,90690.4,90626.1,90640.8,39.315,90767.25299769432,-0.06426742706762488,91092.03726365628,90442.46873173236,649.5685319239274,1,91105.1,91275.2,-401.63726365628827,0.0,-0.6183139174964298,0.0,0.3205620695376841,-1.0591906290804354,91202.2,91137.3,,,
2024-11-17 06:22:00+00:00,90640.8,90653.2,90609.8,90618.1,16.681,90767.18873026725,-0.06426742706762488,91091.97299622922,90442.40446430529,649.5685319239274,0,91105.1,91275.2,0.0,0.0,0.0,0.0,0.3205620695376841,-1.0591906290804354,91202.2,91137.3,,,
2024-11-17 06:23:00+00:00,90618.1,90624.8,90618.1,90624.7,4.647,90767.12446284019,-0.06426742706762488,91091.90872880215,90442.34019687823,649.5685319239274,0,91105.1,91275.2,0.0,0.0,0.0,0.0,0.3205620695376841,-1.0591906290804354,91202.2,91137.3,,,
2024-11-17 06:24:00+00:00,90624.7,90624.7,90560.0,90568.9,9.717,90767.06019541311,-0.06426742706762488,91091.84446137508,90442.27592945115,649.5685319239274,0,91105.1,91275.2,0.0,0.0,0.0,0.0,0.3205620695376841,-1.0591906290804354,91202.2,91137.3,,,
2024-11-17 06:25:00+00:00,90568.9,90603.8,90556.6,90597.0,12.739,90766.99592798605,-0.06426742706762488,91091.78019394801,90442.21166202408,649.5685319239274,-1,91105.1,91275.2,0.0,-114.38833797592088,0.0,-0.1760989523878555,0.3205620695376841,-1.0591906290804354,91202.2,91137.3,,,
2024-11-17 06:26:00+00:00,90597.0,90622.4,90593.8,90609.9,12.909,90766.93166055898,-0.06426742706762488,91091.71592652095,90442.14739459702,649.5685319239274,0,91105.1,91275.2,0.0,0.0,0.0,0.0,0.3205620695376841,-1.0591906290804354,91202.2,91137.3,,,
2024-11-17 06:27:00+00:00,90609.9,90624.3,90609.8,90624.3,7.586,90766.8673931319,-0.06426742706762488,91091.65165909387,90442.08312716994,649.5685319239274,0,91105.1,91275.2,0.0,0.0,0.0,0.0,0.3205620695376841,-1.0591906290804354,91202.2,91137.3,,,
2024-11-17 06:28:00+00:00,90624.3,90654.4,90606.7,90624.7,29.373,90766.80312570484,-0.06426742706762488,91091.5873916668,90442.01885974288,649.5685319239274,0,91105.1,91275.2,0.0,0.0,0.0,0.0,0.3205620695376841,-1.0591906290804354,91202.2,91137.3,,,
2024-11-17 06:29:00+00:00,90624.7,90644.0,90624.7,90643.9,12.361,90766.73885827778,-0.06426742706762488,91091.52312423974,90441.95459231581,649.5685319239274,0,91105.1,91275.2,0.0,0.0,0.0,0.0,0.3205620695376841,-1.0591906290804354,91202.2,91137.3,,,
2024-11-17 06:30:00+00:00,90643.9,90658.0,90638.9,90653.5,11.951,90766.67459085071,-0.06426742706762488,91091.45885681268,90441.89032488875,649.5685319239274,0,91105.1,91275.2,0.0,0.0,0.0,0.0,0.3205620695376841,-1.0591906290804354,91202.2,91137.3,,,
2024-11-17 06:31:00+00:00,90653.5,90684.4,90615.6,90615.6,24.839,90766.61032342364,-0.06426742706762488,91091.3945893856,90441.82605746167,649.5685319239274,0,91105.1,91275.2,0.0,0.0,0.0,0.0,0.3205620695376841,-1.0591906290804354,91202.2,91137.3,,,
2024-11-17 06:32:00+00:00,90615.6,90630.0,90601.0,90609.0,21.648,90766.54605599657,-0.06426742706762488,91091.33032195854,90441.76179003461,649.5685319239274,0,91105.1,91275.2,0.0,0.0,0.0,0.0,0.3205620695376841,-1.0591906290804354,91202.2,91137.3,,,
2024-11-17 06:33:00+00:00,90609.0,90619.1,90600.0,90619.0,5.472,90766.48178856951,-0.06426742706762488,91091.26605453147,90441.69752260754,649.5685319239274,-1,91105.1,91275.2,0.0,-158.30247739245533,0.0,-0.2437040429338325,0.3205620695376841,-1.0591906290804354,91202.2,91137.3,,,
2024-11-17 06:34:00+00:00,90619.0,90619.1,90604.8,90607.1,2.793,90766.41752114244,-0.06426742706762488,91091.20178710441,90441.63325518048,649.5685319239274,0,91105.1,91275.2,0.0,0.0,0.0,0.0,0.3205620695376841,-1.0591906290804354,91202.2,91137.3,,,
2024-11-17 06:35:00+00:00,90607.1,90672.9,90607.1,90672.8,7.411,90766.35325371537,-0.06426742706762488,91091.13751967733,90441.5689877534,649.5685319239274,0,91105.1,91275.2,0.0,0.0,0.0,0.0,0.3205620695376841,-1.0591906290804354,91202.2,91137.3,,,
2024-11-17 06:36:00+00:00,90672.8,90729.4,90672.8,90683.5,46.704,90766.2889862883,-0.06426742706762488,91091.07325225027,90441.50472032634,649.5685319239274,0,91105.1,91275.2,0.0,0.0,0.0,0.0,0.3205620695376841,-1.0591906290804354,91202.2,91137.3,,,
2024-11-17 06:37:00+00:00,90683.5,90714.6,90662.8,90714.6,6.835,90766.22471886124,-0.06426742706762488,91091.0089848232,90441.44045289927,649.5685319239274,0,91105.1,91275.2,0.0,0.0,0.0,0.0,0.3205620695376841,-1.0591906290804354,91202.2,91137.3,,,
2024-11-17 06:38:00+00:00,90714.6,90722.1,90714.5,90722.0,9.7,90766.16045143417,-0.06426742706762488,91090.94471739614,90441.37618547221,649.5685319239274,0,91105.1,91275.2,0.0,0.0,0.0,0.0,0.3205620695376841,-1.0591906290804354,91202.2,91137.3,,,
2024-11-17 06:39:00+00:00,90722.0,90724.9,90705.3,90716.5,21.054,90766.0961840071,-0.06426742706762488,91090.88044996906,90441.31191804513,649.5685319239274,0,91105.1,91275.2,0.0,0.0,0.0,0.0,0.3205620695376841,-1.0591906290804354,91202.2,91137.3,,,
2024-11-17 06:40:00+00:00,90716.5,90739.0,90710.3,90738.9,11.015,90766.03191658003,-0.06426742706762488,91090.816182542,90441.24765061807,649.5685319239274,0,91105.1,91275.2,0.0,0.0,0.0,0.0,0.3205620695376841,-1.0591906290804354,91202.2,91137.3,,,
2024-11-17 06:41:00+00:00,90738.9,90865.3,90738.9,90865.3,115.762,90765.96764915297,-0.06426742706762488,91090.75191511493,90441.183383191,649.5685319239274,0,91105.1,91275.2,0.0,0.0,0.0,0.0,0.3205620695376841,-1.0591906290804354,91202.2,91137.3,,,
2024-11-17 06:42:00+00:00,90865.3,90865.3,90822.6,90822.6,22.498,90765.9033817259,-0.06426742706762488,91090.68764768787,90441.11911576394,649.5685319239274,0,91105.1,91275.2,0.0,0.0,0.0,0.0,0.3205620695376841,-1.0591906290804354,91202.2,91137.3,,,
2024-11-17 06:43:00+00:00,90822.6,90858.3,90778.3,90858.2,19.809,90765.83911429883,-0.06426742706762488,91090.62338026079,90441.05484833686,649.5685319239274,0,91105.1,91275.2,0.0,0.0,0.0,0.0,0.3205620695376841,-1.0591906290804354,91202.2,91137.3,,,
2024-11-17 06:44:00+00:00,90858.2,90882.7,90835.2,90869.6,39.991,90765.77484687176,-0.06426742706762488,91090.55911283373,90440.9905809098,649.5685319239274,0,91105.1,91275.2,0.0,0.0,0.0,0.0,0.3205620695376841,-1.0591906290804354,91202.2,91137.3,,,
2024-11-17 06:45:00+00:00,90869.6,90886.3,90810.0,90810.0,56.977,90765.7105794447,-0.06426742706762488,91090.49484540666,90440.92631348273,649.5685319239274,1,91105.1,91275.2,-204.19484540665871,0.0,-0.3143545836524182,0.0,0.3205620695376841,-1.0591906290804354,91202.2,91137.3,,,
2024-11-17 06:46:00+00:00,90810.0,90810.1,90736.0,90758.6,21.268,90765.64631201763,-0.06426742706762488,91090.4305779796,90440.86204605567,649.5685319239274,0,91105.1,91275.2,0.0,0.0,0.0,0.0,0.3205620695376841,-1.0591906290804354,91202.2,91137.3,,,1.0
2024-11-17 06:47:00+00:00,90758.6,90781.4,90742.2,90756.3,41.513,90765.58204459056,-0.06426742706762488,91090.36631055252,90440.79777862859,649.5685319239274,0,91105.1,91275.2,0.0,0.0,0.0,0.0,0.3205620695376841,-1.0591906290804354,91202.2,91137.3,,,
2024-11-17 06:48:00+00:00,90756.3,90784.8,90747.6,90783.2,12.422,90765.51777716349,-0.06426742706762488,91090.30204312546,90440.73351120153,649.5685319239274,0,91105.1,91275.2,0.0,0.0,0.0,0.0,0.3205620695376841,-1.0591906290804354,91202.2,91137.3,,,
2024-11-17 06:49:00+00:00,90783.2,90827.1,90755.6,90780.8,19.518,90765.45350973643,-0.06426742706762488,91090.23777569839,90440.66924377446,649.5685319239274,0,91105.1,91275.2,0.0,0.0,0.0,0.0,0.3205620695376841,-1.0591906290804354,91202.2,91137.3,,,
2024-11-17 06:50:00+00:00,90780.8,90803.9,90753.4,90793.0,10.298,90765.38924230936,-0.06426742706762488,91090.17350827133,90440.6049763474,649.5685319239274,0,91105.1,91275.2,0.0,0.0,0.0,0.0,0.3205620695376841,-1.0591906290804354,91202.2,91137.3,,,
2024-11-17 06:51:00+00:00,90793.0,90793.0,90777.6,90777.6,11.463,90765.32497488229,-0.06426742706762488,91090.10924084425,90440.54070892032,649.5685319239274,0,91105.1,91275.2,0.0,0.0,0.0,0.0,0.3205620695376841,-1.0591906290804354,91202.2,91137.3,,,
2024-11-17 06:52:00+00:00,90777.6,90777.7,90739.2,90749.4,10.651,90765.26070745522,-0.06426742706762488,91090.04497341719,90440.47644149326,649.5685319239274,0,91105.1,91275.2,0.0,0.0,0.0,0.0,0.3205620695376841,-1.0591906290804354,91202.2,91137.3,,,1.0
2024-11-17 06:53:00+00:00,90749.4,90770.5,90736.6,90748.0,26.295,90765.19644002816,-0.06426742706762488,91089.98070599012,90440.4121740662,649.5685319239274,0,91105.1,91275.2,0.0,0.0,0.0,0.0,0.3205620695376841,-1.0591906290804354,91202.2,91137.3,,,
2024-11-17 06:54:00+00:00,90748.0,90798.8,90748.0,90796.5,6.44,90765.1321726011,-0.06426742706762488,91089.91643856306,90440.34790663913,649.5685319239274,0,91105.1,91275.2,0.0,0.0,0.0,0.0,0.3205620695376841,-1.0591906290804354,91202.2,91137.3,,,
2024-11-17 06:55:00+00:00,90796.5,90796.6,90661.4,90666.1,107.992,90765.06790517402,-0.06426742706762488,91089.85217113598,90440.28363921205,649.5685319239274,-1,91105.1,91275.2,0.0,-221.11636078794254,0.0,-0.3404049764126167,0.3205620695376841,-1.0591906290804354,91202.2,91137.3,,,1.0
2024-11-17 06:56:00+00:00,90666.1,90720.4,90666.0,90700.4,13.127,90765.00363774695,-0.06426742706762488,91089.78790370892,90440.21937178499,649.5685319239274,0,91105.1,91275.2,0.0,0.0,0.0,0.0,0.3205620695376841,-1.0591906290804354,91202.2,91137.3,,,
2024-11-17 06:57:00+00:00,90700.4,90710.5,90700.0,90700.0,5.187,90764.93937031989,-0.06426742706762488,91089.72363628185,90440.15510435792,649.5685319239274,0,91105.1,91275.2,0.0,0.0,0.0,0.0,0.3205620695376841,-1.0591906290804354,91202.2,91137.3,,,
2024-11-17 06:58:00+00:00,90700.0,90729.3,90699.3,90722.0,4.951,90764.87510289282,-0.06426742706762488,91089.65936885479,90440.09083693086,649.5685319239274,0,91105.1,91275.2,0.0,0.0,0.0,0.0,0.3205620695376841,-1.0591906290804354,91202.2,91137.3,,,
2024-11-17 06:59:00+00:00,90722.0,90752.5,90704.6,90730.4,12.192,90764.81083546575,-0.06426742706762488,91089.59510142771,90440.02656950378,649.5685319239274,0,91105.1,91275.2,0.0,0.0,0.0,0.0,0.3205620695376841,-1.0591906290804354,91202.2,91137.3,,,
2024-11-17 07:00:00+00:00,90730.4,90750.0,90698.6,90733.3,13.419,90764.74656803868,-0.06426742706762488,91089.53083400064,90439.96230207672,649.5685319239274,0,91105.1,91275.2,0.0,0.0,0.0,0.0,0.3205620695376841,-1.0591906290804354,91202.2,91137.3,,,
2024-11-17 07:01:00+00:00,90733.3,90733.3,90698.6,90698.7,11.3,90764.68230061162,-0.06426742706762488,91089.46656657358,90439.89803464965,649.5685319239274,0,91105.1,91275.2,0.0,0.0,0.0,0.0,0.3205620695376841,-1.0591906290804354,91202.2,91137.3,,,
2024-11-17 07:02:00+00:00,90698.7,90698.7,90650.0,90650.0,18.014,90764.61803318455,-0.06426742706762488,91089.40229914652,90439.83376722259,649.5685319239274,0,91105.1,91275.2,0.0,0.0,0.0,0.0,0.3205620695376841,-1.0591906290804354,91202.2,91137.3,,,
2024-11-17 07:03:00+00:00,90650.0,90650.1,90569.2,90580.7,58.59,90764.55376575748,-0.06426742706762488,91089.33803171944,90439.76949979551,649.5685319239274,0,91105.1,91275.2,0.0,0.0,0.0,0.0,0.3205620695376841,-1.0591906290804354,91202.2,91137.3,,,
2024-11-17 07:04:00+00:00,90580.7,90588.7,90521.7,90536.0,50.097,90764.48949833041,-0.06426742706762488,91089.27376429237,90439.70523236845,649.5685319239274,0,91105.1,91275.2,0.0,0.0,0.0,0.0,0.3205620695376841,-1.0591906290804354,91202.2,91137.3,,,
2024-11-17 07:05:00+00:00,90536.0,90618.4,90524.1,90618.3,37.903,90764.42523090335,-0.06426742706762488,91089.20949686531,90439.64096494138,649.5685319239274,0,91105.1,91275.2,0.0,0.0,0.0,0.0,0.3205620695376841,-1.0591906290804354,91202.2,91137.3,,,
2024-11-17 07:06:00+00:00,90618.3,90657.0,90573.8,90573.9,43.85,90764.36096347627,-0.06426742706762488,91089.14522943823,90439.5766975143,649.5685319239274,0,91105.1,91275.2,0.0,0.0,0.0,0.0,0.3205620695376841,-1.0591906290804354,91202.2,91137.3,,,
2024-11-17 07:07:00+00:00,90573.9,90610.0,90559.9,90610.0,31.079,90764.2966960492,-0.06426742706762488,91089.08096201117,90439.51243008724,649.5685319239274,0,91105.1,91275.2,0.0,0.0,0.0,0.0,0.3205620695376841,-1.0591906290804354,91202.2,91137.3,,,
2024-11-17 07:08:00+00:00,90610.0,90610.0,90513.0,90521.6,25.874,90764.23242862214,-0.06426742706762488,91089.0166945841,90439.44816266018,649.5685319239274,0,91105.1,91275.2,0.0,0.0,0.0,0.0,0.3205620695376841,-1.0591906290804354,91202.2,91137.3,,,
2024-11-17 07:09:00+00:00,90521.6,90525.0,90458.8,90490.6,58.261,90764.16816119508,-0.06426742706762488,91088.95242715704,90439.38389523311,649.5685319239274,0,91105.1,91275.2,0.0,0.0,0.0,0.0,0.3205620695376841,-1.0591906290804354,91202.2,91137.3,,,
2024-11-17 07:10:00+00:00,90490.6,90513.0,90431.9,90461.0,52.545,90764.103893768,-0.06426742706762488,91088.88815972996,90439.31962780603,649.5685319239274,-1,91105.1,91275.2,0.0,7.419627806040808,0.0,0.011422394160728431,0.3205620695376841,-1.0591906290804354,91202.2,91137.3,,,
2024-11-17 07:11:00+00:00,90461.0,90508.8,90460.9,90508.7,17.758,90764.03962634093,-0.06426742706762488,91088.8238923029,90439.25536037897,649.5685319239274,0,91105.1,91275.2,0.0,0.0,0.0,0.0,0.3205620695376841,-1.0591906290804354,91202.2,91137.3,,,
2024-11-17 07:12:00+00:00,90508.7,90523.0,90495.6,90522.9,34.7,90763.97535891387,-0.06426742706762488,91088.75962487583,90439.1910929519,649.5685319239274,0,91105.1,91275.2,0.0,0.0,0.0,0.0,0.3205620695376841,-1.0591906290804354,91202.2,91137.3,,,
2024-11-17 07:13:00+00:00,90522.9,90528.0,90521.2,90524.1,12.435,90763.9110914868,-0.06426742706762488,91088.69535744877,90439.12682552484,649.5685319239274,0,91105.1,91275.2,0.0,0.0,0.0,0.0,0.3205620695376841,-1.0591906290804354,91202.2,91137.3,,,
2024-11-17 07:14:00+00:00,90524.1,90528.0,90441.0,90446.2,48.438,90763.84682405973,-0.06426742706762488,91088.63109002169,90439.06255809776,649.5685319239274,0,91105.1,91275.2,0.0,0.0,0.0,0.0,0.3205620695376841,-1.0591906290804354,91202.2,91137.3,,,
2024-11-17 07:15:00+00:00,90446.2,90470.6,90434.0,90470.6,23.338,90763.78255663266,-0.06426742706762488,91088.56682259463,90438.9982906707,649.5685319239274,0,91105.1,91275.2,0.0,0.0,0.0,0.0,0.3205620695376841,-1.0591906290804354,91202.2,91137.3,,,
2024-11-17 07:16:00+00:00,90470.6,90493.3,90459.7,90480.9,21.498,90763.7182892056,-0.06426742706762488,91088.50255516756,90438.93402324364,649.5685319239274,0,91105.1,91275.2,0.0,0.0,0.0,0.0,0.3205620695376841,-1.0591906290804354,91202.2,91137.3,,,
2024-11-17 07:17:00+00:00,90480.9,90502.6,90479.0,90501.2,13.733,90763.65402177854,-0.06426742706762488,91088.4382877405,90438.86975581657,649.5685319239274,0,91105.1,91275.2,0.0,0.0,0.0,0.0,0.3205620695376841,-1.0591906290804354,91202.2,91137.3,,,
2024-11-17 07:18:00+00:00,90501.2,90514.1,90460.0,90466.0,9.157,90763.58975435146,-0.06426742706762488,91088.37402031342,90438.8054883895,649.5685319239274,0,91105.1,91275.2,0.0,0.0,0.0,0.0,0.3205620695376841,-1.0591906290804354,91202.2,91137.3,,,
2024-11-17 07:19:00+00:00,90466.0,90468.6,90460.0,90460.1,14.137,90763.5254869244,-0.06426742706762488,91088.30975288636,90438.74122096243,649.5685319239274,0,91105.1,91275.2,0.0,0.0,0.0,0.0,0.3205620695376841,-1.0591906290804354,91202.2,91137.3,,,
2024-11-17 07:20:00+00:00,90460.1,90528.0,90460.0,90527.9,14.975,90763.46121949733,-0.06426742706762488,91088.2454854593,90438.67695353537,649.5685319239274,0,91105.1,91275.2,0.0,0.0,0.0,0.0,0.3205620695376841,-1.0591906290804354,91202.2,91137.3,,,
2024-11-17 07:21:00+00:00,90527.9,90543.0,90520.1,90542.9,46.163,90763.39695207027,-0.06426742706762488,91088.18121803223,90438.6126861083,649.5685319239274,0,91105.1,91275.2,0.0,0.0,0.0,0.0,0.3205620695376841,-1.0591906290804354,91202.2,91137.3,,,
2024-11-17 07:22:00+00:00,90542.9,90558.0,90540.0,90557.9,27.265,90763.33268464319,-0.06426742706762488,91088.11695060515,90438.54841868122,649.5685319239274,0,91105.1,91275.2,0.0,0.0,0.0,0.0,0.3205620695376841,-1.0591906290804354,91202.2,91137.3,,,
2024-11-17 07:23:00+00:00,90557.9,90579.1,90557.9,90579.0,45.92,90763.26841721612,-0.06426742706762488,91088.05268317809,90438.48415125416,649.5685319239274,0,91105.1,91275.2,0.0,0.0,0.0,0.0,0.3205620695376841,-1.0591906290804354,91202.2,91137.3,,,
2024-11-17 07:24:00+00:00,90579.0,90622.9,90579.0,90622.8,71.195,90763.20414978906,-0.06426742706762488,91087.98841575102,90438.4198838271,649.5685319239274,0,91105.1,91275.2,0.0,0.0,0.0,0.0,0.3205620695376841,-1.0591906290804354,91202.2,91137.3,,,
2024-11-17 07:25:00+00:00,90622.8,90623.0,90576.7,90587.9,26.137,90763.139882362,-0.06426742706762488,91087.92414832396,90438.35561640003,649.5685319239274,0,91105.1,91275.2,0.0,0.0,0.0,0.0,0.3205620695376841,-1.0591906290804354,91202.2,91137.3,,,
2024-11-17 07:26:00+00:00,90587.9,90597.1,90576.0,90576.1,7.125,90763.07561493492,-0.06426742706762488,91087.85988089688,90438.29134897295,649.5685319239274,0,91105.1,91275.2,0.0,0.0,0.0,0.0,0.3205620695376841,-1.0591906290804354,91202.2,91137.3,,,
2024-11-17 07:27:00+00:00,90576.1,90623.0,90576.0,90623.0,16.275,90763.01134750785,-0.06426742706762488,91087.79561346982,90438.22708154589,649.5685319239274,0,91105.1,91275.2,0.0,0.0,0.0,0.0,0.3205620695376841,-1.0591906290804354,91202.2,91137.3,,,
2024-11-17 07:28:00+00:00,90623.0,90623.0,90591.2,90591.3,21.646,90762.94708008079,-0.06426742706762488,91087.73134604275,90438.16281411883,649.5685319239274,0,91105.1,91275.2,0.0,0.0,0.0,0.0,0.3205620695376841,-1.0591906290804354,91202.2,91137.3,,,
2024-11-17 07:29:00+00:00,90591.3,90591.3,90585.3,90590.4,12.769,90762.88281265373,-0.06426742706762488,91087.66707861569,90438.09854669176,649.5685319239274,0,91105.1,91275.2,0.0,0.0,0.0,0.0,0.3205620695376841,-1.0591906290804354,91202.2,91137.3,,,
2024-11-17 07:30:00+00:00,90590.4,90592.5,90570.8,90577.4,36.091,90762.81854522665,-0.06426742706762488,91087.60281118861,90438.03427926468,649.5685319239274,-1,91105.1,91275.2,0.0,-132.7657207353186,0.0,-0.20439062887188497,0.3205620695376841,-1.0591906290804354,91202.2,91137.3,,,
2024-11-17 07:31:00+00:00,90577.4,90648.0,90577.4,90647.9,43.766,90762.75427779958,-0.06426742706762488,91087.53854376155,90437.97001183762,649.5685319239274,0,91105.1,91275.2,0.0,0.0,0.0,0.0,0.3205620695376841,-1.0591906290804354,91202.2,91137.3,,,
2024-11-17 07:32:00+00:00,90647.9,90684.0,90647.9,90672.6,42.509,90762.69001037252,-0.06426742706762488,91087.47427633448,90437.90574441056,649.5685319239274,1,91105.1,91275.2,-403.4742763344839,0.0,-0.6211419680991194,0.0,0.3205620695376841,-1.0591906290804354,91202.2,91137.3,,,
2024-11-17 07:33:00+00:00,90672.6,90680.9,90649.8,90664.0,47.474,90762.62574294546,-0.06426742706762488,91087.41000890742,90437.84147698349,649.5685319239274,0,91105.1,91275.2,0.0,0.0,0.0,0.0,0.3205620695376841,-1.0591906290804354,91202.2,91137.3,,,
2024-11-17 07:34:00+00:00,90664.0,90673.6,90620.0,90620.1,16.667,90762.56147551838,-0.06426742706762488,91087.34574148034,90437.77720955641,649.5685319239274,0,91105.1,91275.2,0.0,0.0,0.0,0.0,0.3205620695376841,-1.0591906290804354,91202.2,91137.3,,,
2024-11-17 07:35:00+00:00,90620.1,90629.9,90595.7,90612.0,35.131,90762.49720809131,-0.06426742706762488,91087.28147405328,90437.71294212935,649.5685319239274,0,91105.1,91275.2,0.0,0.0,0.0,0.0,0.3205620695376841,-1.0591906290804354,91202.2,91137.3,,,
2024-11-17 07:36:00+00:00,90612.0,90635.8,90601.6,90625.5,25.304,90762.43294066425,-0.06426742706762488,91087.21720662621,90437.64867470229,649.5685319239274,0,91105.1,91275.2,0.0,0.0,0.0,0.0,0.3205620695376841,-1.0591906290804354,91202.2,91137.3,,,
2024-11-17 07:37:00+00:00,90625.5,90669.8,90614.6,90640.2,13.366,90762.36867323719,-0.06426742706762488,91087.15293919915,90437.58440727522,649.5685319239274,0,91105.1,91275.2,0.0,0.0,0.0,0.0,0.3205620695376841,-1.0591906290804354,91202.2,91137.3,,,
2024-11-17 07:38:00+00:00,90640.2,90640.2,90608.0,90608.9,5.771,90762.30440581011,-0.06426742706762488,91087.08867177207,90437.52013984814,649.5685319239274,0,91105.1,91275.2,0.0,0.0,0.0,0.0,0.3205620695376841,-1.0591906290804354,91202.2,91137.3,,,
2024-11-17 07:39:00+00:00,90608.9,90655.5,90608.9,90648.8,7.74,90762.24013838304,-0.06426742706762488,91087.02440434501,90437.45587242108,649.5685319239274,0,91105.1,91275.2,0.0,0.0,0.0,0.0,0.3205620695376841,-1.0591906290804354,91202.2,91137.3,,,
2024-11-17 07:40:00+00:00,90648.8,90700.8,90634.3,90698.0,32.317,90762.17587095598,-0.06426742706762488,91086.96013691794,90437.39160499402,649.5685319239274,0,91105.1,91275.2,0.0,0.0,0.0,0.0,0.3205620695376841,-1.0591906290804354,91202.2,91137.3,,,
2024-11-17 07:41:00+00:00,90698.0,90721.5,90696.1,90711.2,23.686,90762.11160352892,-0.06426742706762488,91086.89586949088,90437.32733756695,649.5685319239274,1,91105.1,91275.2,-365.3958694908797,0.0,-0.5625208912270279,0.0,0.3205620695376841,-1.0591906290804354,91202.2,91137.3,,,
2024-11-17 07:42:00+00:00,90711.2,90711.3,90658.0,90658.0,19.713,90762.04733610184,-0.06426742706762488,91086.8316020638,90437.26307013987,649.5685319239274,0,91105.1,91275.2,0.0,0.0,0.0,0.0,0.3205620695376841,-1.0591906290804354,91202.2,91137.3,,,
2024-11-17 07:43:00+00:00,90658.0,90719.0,90658.0,90692.1,12.636,90761.98306867477,-0.06426742706762488,91086.76733463674,90437.19880271281,649.5685319239274,0,91105.1,91275.2,0.0,0.0,0.0,0.0,0.3205620695376841,-1.0591906290804354,91202.2,91137.3,,,
2024-11-17 07:44:00+00:00,90692.1,90716.1,90692.1,90716.0,13.455,90761.91880124771,-0.06426742706762488,91086.70306720967,90437.13453528575,649.5685319239274,0,91105.1,91275.2,0.0,0.0,0.0,0.0,0.3205620695376841,-1.0591906290804354,91202.2,91137.3,,,
2024-11-17 07:45:00+00:00,90716.0,90720.0,90715.0,90715.0,9.07,90761.85453382063,-0.06426742706762488,91086.6387997826,90437.07026785867,649.5685319239274,0,91105.1,91275.2,0.0,0.0,0.0,0.0,0.3205620695376841,-1.0591906290804354,91202.2,91137.3,,,
2024-11-17 07:46:00+00:00,90715.0,90715.0,90650.0,90661.7,16.615,90761.79026639357,-0.06426742706762488,91086.57453235553,90437.0060004316,649.5685319239274,0,91105.1,91275.2,0.0,0.0,0.0,0.0,0.3205620695376841,-1.0591906290804354,91202.2,91137.3,,,
2024-11-17 07:47:00+00:00,90661.7,90701.5,90650.2,90684.1,16.445,90761.7259989665,-0.06426742706762488,91086.51026492847,90436.94173300454,649.5685319239274,0,91105.1,91275.2,0.0,0.0,0.0,0.0,0.3205620695376841,-1.0591906290804354,91202.2,91137.3,,,
2024-11-17 07:48:00+00:00,90684.1,90688.9,90648.0,90648.1,9.022,90761.66173153944,-0.06426742706762488,91086.4459975014,90436.87746557748,649.5685319239274,0,91105.1,91275.2,0.0,0.0,0.0,0.0,0.3205620695376841,-1.0591906290804354,91202.2,91137.3,,,
2024-11-17 07:49:00+00:00,90648.1,90648.1,90632.0,90645.0,12.358,90761.59746411236,-0.06426742706762488,91086.38173007432,90436.8131981504,649.5685319239274,0,91105.1,91275.2,0.0,0.0,0.0,0.0,0.3205620695376841,-1.0591906290804354,91202.2,91137.3,,,
2024-11-17 07:50:00+00:00,90645.0,90681.5,90634.3,90675.6,19.767,90761.5331966853,-0.06426742706762488,91086.31746264726,90436.74893072333,649.5685319239274,0,91105.1,91275.2,0.0,0.0,0.0,0.0,0.3205620695376841,-1.0591906290804354,91202.2,91137.3,,,
2024-11-17 07:51:00+00:00,90675.6,90686.8,90650.3,90650.4,53.165,90761.46892925823,-0.06426742706762488,91086.2531952202,90436.68466329627,649.5685319239274,0,91105.1,91275.2,0.0,0.0,0.0,0.0,0.3205620695376841,-1.0591906290804354,91202.2,91137.3,,,
2024-11-17 07:52:00+00:00,90650.4,90678.9,90650.3,90660.8,15.349,90761.40466183117,-0.06426742706762488,91086.18892779313,90436.6203958692,649.5685319239274,0,91105.1,91275.2,0.0,0.0,0.0,0.0,0.3205620695376841,-1.0591906290804354,91202.2,91137.3,,,
2024-11-17 07:53:00+00:00,90660.8,90660.8,90637.3,90637.4,4.241,90761.34039440409,-0.06426742706762488,91086.12466036605,90436.55612844213,649.5685319239274,0,91105.1,91275.2,0.0,0.0,0.0,0.0,0.3205620695376841,-1.0591906290804354,91202.2,91137.3,,,
2024-11-17 07:54:00+00:00,90637.4,90637.4,90602.8,90602.9,15.57,90761.27612697703,-0.06426742706762488,91086.06039293899,90436.49186101506,649.5685319239274,0,91105.1,91275.2,0.0,0.0,0.0,0.0,0.3205620695376841,-1.0591906290804354,91202.2,91137.3,,,
2024-11-17 07:55:00+00:00,90602.9,90609.6,90600.0,90609.6,20.641,90761.21185954996,-0.06426742706762488,91085.99612551193,90436.427593588,649.5685319239274,0,91105.1,91275.2,0.0,0.0,0.0,0.0,0.3205620695376841,-1.0591906290804354,91202.2,91137.3,,,
2024-11-17 07:56:00+00:00,90609.6,90609.6,90571.9,90580.0,23.806,90761.1475921229,-0.06426742706762488,91085.93185808486,90436.36332616094,649.5685319239274,0,91105.1,91275.2,0.0,0.0,0.0,0.0,0.3205620695376841,-1.0591906290804354,91202.2,91137.3,,,
2024-11-17 07:57:00+00:00,90580.0,90580.1,90555.5,90562.9,22.037,90761.08332469582,-0.06426742706762488,91085.86759065778,90436.29905873386,649.5685319239274,-1,91105.1,91275.2,0.0,-119.20094126614276,0.0,-0.1835078754709483,0.3205620695376841,-1.0591906290804354,91202.2,91137.3,,,
2024-11-17 07:58:00+00:00,90562.9,90609.6,90562.9,90609.6,87.91,90761.01905726876,-0.06426742706762488,91085.80332323072,90436.2347913068,649.5685319239274,0,91105.1,91275.2,0.0,0.0,0.0,0.0,0.3205620695376841,-1.0591906290804354,91202.2,91137.3,,,
2024-11-17 07:59:00+00:00,90609.6,90630.1,90609.6,90629.9,22.788,90760.9547898417,-0.06426742706762488,91085.73905580366,90436.17052387973,649.5685319239274,0,91105.1,91275.2,0.0,0.0,0.0,0.0,0.3205620695376841,-1.0591906290804354,91202.2,91137.3,,,
2024-11-17 08:00:00+00:00,90629.9,90668.4,90629.9,90668.4,24.8,90760.89052241463,-0.06426742706762488,91085.6747883766,90436.10625645267,649.5685319239274,0,91105.1,91275.2,0.0,0.0,0.0,0.0,0.3205620695376841,-1.0591906290804354,91202.2,91137.3,,,
2024-11-17 08:01:00+00:00,90668.4,90679.9,90631.8,90679.8,20.139,90760.82625498755,-0.06426742706762488,91085.61052094951,90436.04198902559,649.5685319239274,0,91105.1,91275.2,0.0,0.0,0.0,0.0,0.3205620695376841,-1.0591906290804354,91202.2,91137.3,,,
2024-11-17 08:02:00+00:00,90679.8,90679.9,90600.0,90612.3,17.71,90760.76198756049,-0.06426742706762488,91085.54625352245,90435.97772159852,649.5685319239274,0,91105.1,91275.2,0.0,0.0,0.0,0.0,0.3205620695376841,-1.0591906290804354,91202.2,91137.3,,,
2024-11-17 08:03:00+00:00,90612.3,90612.4,90574.9,90590.3,28.112,90760.69772013342,-0.06426742706762488,91085.48198609539,90435.91345417146,649.5685319239274,0,91105.1,91275.2,0.0,0.0,0.0,0.0,0.3205620695376841,-1.0591906290804354,91202.2,91137.3,,,
2024-11-17 08:04:00+00:00,90590.3,90590.4,90557.1,90562.5,23.398,90760.63345270636,-0.06426742706762488,91085.41771866832,90435.8491867444,649.5685319239274,0,91105.1,91275.2,0.0,0.0,0.0,0.0,0.3205620695376841,-1.0591906290804354,91202.2,91137.3,,,
2024-11-17 08:05:00+00:00,90562.5,90635.2,90555.4,90635.1,11.351,90760.56918527928,-0.06426742706762488,91085.35345124124,90435.78491931732,649.5685319239274,-1,91105.1,91275.2,0.0,-119.61508068267722,0.0,-0.18414543624580268,0.3205620695376841,-1.0591906290804354,91202.2,91137.3,,,
2024-11-17 08:06:00+00:00,90635.1,90641.8,90600.1,90621.9,16.024,90760.50491785222,-0.06426742706762488,91085.28918381418,90435.72065189025,649.5685319239274,0,91105.1,91275.2,0.0,0.0,0.0,0.0,0.3205620695376841,-1.0591906290804354,91202.2,91137.3,,,
2024-11-17 08:07:00+00:00,90621.9,90723.0,90621.9,90719.8,19.82,90760.44065042515,-0.06426742706762488,91085.22491638712,90435.65638446319,649.5685319239274,0,91105.1,91275.2,0.0,0.0,0.0,0.0,0.3205620695376841,-1.0591906290804354,91202.2,91137.3,,,
2024-11-17 08:08:00+00:00,90719.8,90823.5,90710.0,90800.8,102.713,90760.37638299809,-0.06426742706762488,91085.16064896005,90435.59211703613,649.5685319239274,0,91105.1,91275.2,0.0,0.0,0.0,0.0,0.3205620695376841,-1.0591906290804354,91202.2,91137.3,,,
2024-11-17 08:09:00+00:00,90800.8,90900.6,90800.7,90874.2,216.588,90760.31211557101,-0.06426742706762488,91085.09638153297,90435.52784960905,649.5685319239274,1,91105.1,91275.2,-184.49638153296837,0.0,-0.28402912466605634,0.0,0.3205620695376841,-1.0591906290804354,91202.2,91137.3,,,
2024-11-17 08:10:00+00:00,90874.2,90882.2,90824.1,90829.9,52.735,90760.24784814395,-0.06426742706762488,91085.03211410591,90435.46358218198,649.5685319239274,0,91105.1,91275.2,0.0,0.0,0.0,0.0,0.3205620695376841,-1.0591906290804354,91202.2,91137.3,,,
2024-11-17 08:11:00+00:00,90829.9,90882.3,90804.1,90834.4,145.755,90760.18358071688,-0.06426742706762488,91084.96784667885,90435.39931475492,649.5685319239274,0,91105.1,91275.2,0.0,0.0,0.0,0.0,0.3205620695376841,-1.0591906290804354,91202.2,91137.3,,,
2024-11-17 08:12:00+00:00,90834.4,90834.4,90780.3,90796.5,61.617,90760.11931328982,-0.06426742706762488,91084.90357925178,90435.33504732786,649.5685319239274,0,91105.1,91275.2,0.0,0.0,0.0,0.0,0.3205620695376841,-1.0591906290804354,91202.2,91137.3,,,
2024-11-17 08:13:00+00:00,90796.5,90827.0,90701.3,90756.0,132.383,90760.05504586274,-0.06426742706762488,91084.8393118247,90435.27077990078,649.5685319239274,0,91105.1,91275.2,0.0,0.0,0.0,0.0,0.3205620695376841,-1.0591906290804354,91202.2,91137.3,,,1.0
2024-11-17 08:14:00+00:00,90756.0,90797.4,90739.4,90786.2,28.749,90759.99077843568,-0.06426742706762488,91084.77504439764,90435.20651247371,649.5685319239274,0,91105.1,91275.2,0.0,0.0,0.0,0.0,0.3205620695376841,-1.0591906290804354,91202.2,91137.3,,,
2024-11-17 08:15:00+00:00,90786.2,90840.3,90786.2,90812.3,28.002,90759.92651100861,-0.06426742706762488,91084.71077697058,90435.14224504665,649.5685319239274,0,91105.1,91275.2,0.0,0.0,0.0,0.0,0.3205620695376841,-1.0591906290804354,91202.2,91137.3,,,
2024-11-17 08:16:00+00:00,90812.3,90826.5,90787.4,90825.0,12.707,90759.86224358155,-0.06426742706762488,91084.64650954351,90435.07797761958,649.5685319239274,0,91105.1,91275.2,0.0,0.0,0.0,0.0,0.3205620695376841,-1.0591906290804354,91202.2,91137.3,,,
2024-11-17 08:17:00+00:00,90825.0,90825.0,90759.0,90759.1,16.805,90759.79797615447,-0.06426742706762488,91084.58224211643,90435.0137101925,649.5685319239274,0,91105.1,91275.2,0.0,0.0,0.0,0.0,0.3205620695376841,-1.0591906290804354,91202.2,91137.3,,,1.0
2024-11-17 08:18:00+00:00,90759.1,90788.6,90732.7,90732.7,15.072,90759.7337087274,-0.06426742706762488,91084.51797468937,90434.94944276544,649.5685319239274,0,91105.1,91275.2,0.0,0.0,0.0,0.0,0.3205620695376841,-1.0591906290804354,91202.2,91137.3,,,
2024-11-17 08:19:00+00:00,90732.7,90732.8,90662.5,90664.8,64.526,90759.66944130034,-0.06426742706762488,91084.4537072623,90434.88517533838,649.5685319239274,0,91105.1,91275.2,0.0,0.0,0.0,0.0,0.3205620695376841,-1.0591906290804354,91202.2,91137.3,,,
2024-11-17 08:20:00+00:00,90664.8,90722.2,90650.0,90722.2,20.844,90759.60517387328,-0.06426742706762488,91084.38943983524,90434.82090791131,649.5685319239274,0,91105.1,91275.2,0.0,0.0,0.0,0.0,0.3205620695376841,-1.0591906290804354,91202.2,91137.3,,,
2024-11-17 08:21:00+00:00,90722.2,90722.2,90648.8,90648.9,10.031,90759.5409064462,-0.06426742706762488,91084.32517240816,90434.75664048424,649.5685319239274,0,91105.1,91275.2,0.0,0.0,0.0,0.0,0.3205620695376841,-1.0591906290804354,91202.2,91137.3,,,
2024-11-17 08:22:00+00:00,90648.9,90698.4,90608.0,90698.3,31.771,90759.47663901914,-0.06426742706762488,91084.2609049811,90434.69237305717,649.5685319239274,0,91105.1,91275.2,0.0,0.0,0.0,0.0,0.3205620695376841,-1.0591906290804354,91202.2,91137.3,,,
2024-11-17 08:23:00+00:00,90698.3,90698.4,90611.9,90640.6,34.257,90759.41237159207,-0.06426742706762488,91084.19663755404,90434.62810563011,649.5685319239274,0,91105.1,91275.2,0.0,0.0,0.0,0.0,0.3205620695376841,-1.0591906290804354,91202.2,91137.3,,,
2024-11-17 08:24:00+00:00,90640.6,90643.3,90593.6,90597.9,27.389,90759.348104165,-0.06426742706762488,91084.13237012696,90434.56383820303,649.5685319239274,-1,91105.1,91275.2,0.0,-159.03616179697565,0.0,-0.24483353792698934,0.3205620695376841,-1.0591906290804354,91202.2,91137.3,,,
2024-11-17 08:25:00+00:00,90597.9,90647.4,90597.8,90632.8,14.36,90759.28383673793,-0.06426742706762488,91084.0681026999,90434.49957077597,649.5685319239274,0,91105.1,91275.2,0.0,0.0,0.0,0.0,0.3205620695376841,-1.0591906290804354,91202.2,91137.3,,,
2024-11-17 08:26:00+00:00,90632.8,90646.4,90606.0,90646.4,7.363,90759.21956931087,-0.06426742706762488,91084.00383527283,90434.4353033489,649.5685319239274,0,91105.1,91275.2,0.0,0.0,0.0,0.0,0.3205620695376841,-1.0591906290804354,91202.2,91137.3,,,
2024-11-17 08:27:00+00:00,90646.4,90646.4,90610.7,90634.7,20.489,90759.1553018838,-0.06426742706762488,91083.93956784577,90434.37103592184,649.5685319239274,0,91105.1,91275.2,0.0,0.0,0.0,0.0,0.3205620695376841,-1.0591906290804354,91202.2,91137.3,,,
2024-11-17 08:28:00+00:00,90634.7,90666.2,90632.5,90663.8,7.419,90759.09103445672,-0.06426742706762488,91083.87530041869,90434.30676849476,649.5685319239274,0,91105.1,91275.2,0.0,0.0,0.0,0.0,0.3205620695376841,-1.0591906290804354,91202.2,91137.3,,,
2024-11-17 08:29:00+00:00,90663.8,90707.9,90640.8,90695.1,28.482,90759.02676702966,-0.06426742706762488,91083.81103299162,90434.2425010677,649.5685319239274,0,91105.1,91275.2,0.0,0.0,0.0,0.0,0.3205620695376841,-1.0591906290804354,91202.2,91137.3,,,
2024-11-17 08:30:00+00:00,90695.1,90708.9,90662.6,90668.3,11.616,90758.9624996026,-0.06426742706762488,91083.74676556456,90434.17823364063,649.5685319239274,0,91105.1,91275.2,0.0,0.0,0.0,0.0,0.3205620695376841,-1.0591906290804354,91202.2,91137.3,,,
2024-11-17 08:31:00+00:00,90668.3,90674.5,90630.9,90674.4,16.955,90758.89823217553,-0.06426742706762488,91083.6824981375,90434.11396621357,649.5685319239274,0,91105.1,91275.2,0.0,0.0,0.0,0.0,0.3205620695376841,-1.0591906290804354,91202.2,91137.3,,,
2024-11-17 08:32:00+00:00,90674.4,90775.8,90666.0,90775.7,19.392,90758.83396474845,-0.06426742706762488,91083.61823071042,90434.04969878649,649.5685319239274,1,91105.1,91275.2,-307.81823071041435,0.0,-0.47388106963664267,0.0,0.3205620695376841,-1.0591906290804354,91202.2,91137.3,,,
2024-11-17 08:33:00+00:00,90775.7,90775.8,90704.4,90707.8,15.68,90758.76969732139,-0.06426742706762488,91083.55396328335,90433.98543135943,649.5685319239274,1,91105.1,91275.2,-307.75396328335046,0.0,-0.47378213099675265,0.0,0.3205620695376841,-1.0591906290804354,91202.2,91137.3,,,1.0
2024-11-17 08:34:00+00:00,90707.8,90711.7,90642.4,90668.5,12.502,90758.70542989433,-0.06426742706762488,91083.48969585629,90433.92116393236,649.5685319239274,0,91105.1,91275.2,0.0,0.0,0.0,0.0,0.3205620695376841,-1.0591906290804354,91202.2,91137.3,,,
2024-11-17 08:35:00+00:00,90668.5,90700.0,90656.2,90666.0,18.024,90758.64116246726,-0.06426742706762488,91083.42542842923,90433.8568965053,649.5685319239274,0,91105.1,91275.2,0.0,0.0,0.0,0.0,0.3205620695376841,-1.0591906290804354,91202.2,91137.3,,,
2024-11-17 08:36:00+00:00,90666.0,90686.9,90647.5,90647.5,7.102,90758.57689504018,-0.06426742706762488,91083.36116100215,90433.79262907822,649.5685319239274,0,91105.1,91275.2,0.0,0.0,0.0,0.0,0.3205620695376841,-1.0591906290804354,91202.2,91137.3,,,
2024-11-17 08:37:00+00:00,90647.5,90752.6,90633.6,90751.7,34.385,90758.51262761312,-0.06426742706762488,91083.29689357508,90433.72836165116,649.5685319239274,0,91105.1,91275.2,0.0,0.0,0.0,0.0,0.3205620695376841,-1.0591906290804354,91202.2,91137.3,,,
2024-11-17 08:38:00+00:00,90751.7,90756.3,90710.2,90738.7,18.938,90758.44836018606,-0.06426742706762488,91083.23262614802,90433.66409422409,649.5685319239274,0,91105.1,91275.2,0.0,0.0,0.0,0.0,0.3205620695376841,-1.0591906290804354,91202.2,91137.3,,,
2024-11-17 08:39:00+00:00,90738.7,90754.9,90732.5,90734.1,15.251,90758.38409275899,-0.06426742706762488,91083.16835872096,90433.59982679703,649.5685319239274,0,91105.1,91275.2,0.0,0.0,0.0,0.0,0.3205620695376841,-1.0591906290804354,91202.2,91137.3,,,
2024-11-17 08:40:00+00:00,90734.1,90734.1,90693.1,90705.8,48.68,90758.31982533191,-0.06426742706762488,91083.10409129388,90433.53555936995,649.5685319239274,0,91105.1,91275.2,0.0,0.0,0.0,0.0,0.3205620695376841,-1.0591906290804354,91202.2,91137.3,,,
2024-11-17 08:41:00+00:00,90705.8,90753.8,90705.8,90753.7,8.59,90758.25555790485,-0.06426742706762488,91083.03982386681,90433.47129194289,649.5685319239274,0,91105.1,91275.2,0.0,0.0,0.0,0.0,0.3205620695376841,-1.0591906290804354,91202.2,91137.3,,,
2024-11-17 08:42:00+00:00,90753.7,90843.2,90753.7,90843.1,79.251,90758.19129047779,-0.06426742706762488,91082.97555643975,90433.40702451582,649.5685319239274,0,91105.1,91275.2,0.0,0.0,0.0,0.0,0.3205620695376841,-1.0591906290804354,91202.2,91137.3,,,
2024-11-17 08:43:00+00:00,90843.1,90932.1,90843.0,90912.0,98.648,90758.12702305072,-0.06426742706762488,91082.91128901269,90433.34275708876,649.5685319239274,0,91105.1,91275.2,0.0,0.0,0.0,0.0,0.3205620695376841,-1.0591906290804354,91202.2,91137.3,,,
2024-11-17 08:44:00+00:00,90912.0,90949.2,90850.9,90850.9,91.199,90758.06275562364,-0.06426742706762488,91082.8470215856,90433.27848966168,649.5685319239274,0,91105.1,91275.2,0.0,0.0,0.0,0.0,0.3205620695376841,-1.0591906290804354,91202.2,91137.3,,,
2024-11-17 08:45:00+00:00,90850.9,90892.8,90849.6,90885.5,27.429,90757.99848819658,-0.06426742706762488,91082.78275415854,90433.21422223462,649.5685319239274,0,91105.1,91275.2,0.0,0.0,0.0,0.0,0.3205620695376841,-1.0591906290804354,91202.2,91137.3,,,
2024-11-17 08:46:00+00:00,90885.5,90930.5,90880.6,90909.8,37.621,90757.93422076952,-0.06426742706762488,91082.71848673148,90433.14995480755,649.5685319239274,0,91105.1,91275.2,0.0,0.0,0.0,0.0,0.3205620695376841,-1.0591906290804354,91202.2,91137.3,,,
2024-11-17 08:47:00+00:00,90909.8,90917.5,90856.0,90917.5,70.02,90757.86995334245,-0.06426742706762488,91082.65421930442,90433.08568738049,649.5685319239274,0,91105.1,91275.2,0.0,0.0,0.0,0.0,0.3205620695376841,-1.0591906290804354,91202.2,91137.3,,,
2024-11-17 08:48:00+00:00,90917.5,90968.9,90917.4,90964.0,88.563,90757.80568591537,-0.06426742706762488,91082.58995187734,90433.02141995341,649.5685319239274,0,91105.1,91275.2,0.0,0.0,0.0,0.0,0.3205620695376841,-1.0591906290804354,91202.2,91137.3,,,
2024-11-17 08:49:00+00:00,90964.0,90964.1,90890.5,90896.2,21.251,90757.74141848831,-0.06426742706762488,91082.52568445027,90432.95715252635,649.5685319239274,0,91105.1,91275.2,0.0,0.0,0.0,0.0,0.3205620695376841,-1.0591906290804354,91202.2,91137.3,,,
2024-11-17 08:50:00+00:00,90896.2,90923.3,90890.5,90906.1,21.767,90757.67715106125,-0.06426742706762488,91082.46141702321,90432.89288509928,649.5685319239274,0,91105.1,91275.2,0.0,0.0,0.0,0.0,0.3205620695376841,-1.0591906290804354,91202.2,91137.3,,,
2024-11-17 08:51:00+00:00,90906.1,90913.4,90905.9,90905.9,18.329,90757.61288363418,-0.06426742706762488,91082.39714959615,90432.82861767222,649.5685319239274,0,91105.1,91275.2,0.0,0.0,0.0,0.0,0.3205620695376841,-1.0591906290804354,91202.2,91137.3,,,
2024-11-17 08:52:00+00:00,90905.9,91065.9,90905.9,91036.1,260.161,90757.5486162071,-0.06426742706762488,91082.33288216907,90432.76435024514,649.5685319239274,0,91105.1,91275.2,0.0,0.0,0.0,0.0,0.3205620695376841,-1.0591906290804354,91202.2,91137.3,,,
2024-11-17 08:53:00+00:00,91036.1,91153.8,91028.6,91146.9,169.524,90757.48434878004,-0.06426742706762488,91082.268614742,90432.70008281808,649.5685319239274,1,91105.1,91275.2,71.53138525800023,0.0,0.11012138326056942,0.0,0.3205620695376841,-1.0591906290804354,91202.2,91137.3,,,
2024-11-17 08:54:00+00:00,91146.9,91151.2,91079.0,91121.8,117.303,90757.42008135298,-0.06426742706762488,91082.20434731494,90432.63581539101,649.5685319239274,0,91105.1,91275.2,0.0,0.0,0.0,0.0,0.3205620695376841,-1.0591906290804354,91202.2,91137.3,,,
2024-11-17 08:55:00+00:00,91121.8,91153.8,91116.8,91150.9,26.385,90757.35581392591,-0.06426742706762488,91082.14007988787,90432.57154796395,649.5685319239274,0,91105.1,91275.2,0.0,0.0,0.0,0.0,0.3205620695376841,-1.0591906290804354,91202.2,91137.3,,,
2024-11-17 08:56:00+00:00,91150.9,91153.7,91054.9,91054.9,47.037,90757.29154649883,-0.06426742706762488,91082.0758124608,90432.50728053687,649.5685319239274,0,91105.1,91275.2,0.0,0.0,0.0,0.0,0.3205620695376841,-1.0591906290804354,91202.2,91137.3,,,
2024-11-17 08:57:00+00:00,91054.9,91141.1,91054.9,91141.1,43.787,90757.22727907177,-0.06426742706762488,91082.01154503373,90432.4430131098,649.5685319239274,0,91105.1,91275.2,0.0,0.0,0.0,0.0,0.3205620695376841,-1.0591906290804354,91202.2,91137.3,,,
2024-11-17 08:58:00+00:00,91141.1,91141.1,91116.8,91133.2,34.169,90757.1630116447,-0.06426742706762488,91081.94727760667,90432.37874568274,649.5685319239274,0,91105.1,91275.2,0.0,0.0,0.0,0.0,0.3205620695376841,-1.0591906290804354,91202.2,91137.3,,,
2024-11-17 08:59:00+00:00,91133.2,91133.3,91051.6,91083.7,47.677,90757.09874421764,-0.06426742706762488,91081.8830101796,90432.31447825568,649.5685319239274,0,91105.1,91275.2,0.0,0.0,0.0,0.0,0.3205620695376841,-1.0591906290804354,91202.2,91137.3,,,
2024-11-17 09:00:00+00:00,91083.7,91135.8,91056.0,91132.9,45.029,90757.03447679056,-0.06426742706762488,91081.81874275253,90432.2502108286,649.5685319239274,0,91105.1,91275.2,0.0,0.0,0.0,0.0,0.3205620695376841,-1.0591906290804354,91202.2,91137.3,,,
2024-11-17 09:01:00+00:00,91132.9,91157.3,91120.0,91147.9,31.823,90756.9702093635,-0.06426742706762488,91081.75447532546,90432.18594340154,649.5685319239274,0,91105.1,91275.2,0.0,0.0,0.0,0.0,0.3205620695376841,-1.0591906290804354,91202.2,91137.3,,,
2024-11-17 09:02:00+00:00,91147.9,91309.1,91147.8,91309.0,245.097,90756.90594193643,-0.06426742706762488,91081.6902078984,90432.12167597447,649.5685319239274,0,91105.1,91275.2,0.0,0.0,0.0,0.0,0.3205620695376841,-1.0591906290804354,91202.2,91137.3,,,
2024-11-17 09:03:00+00:00,91309.0,91370.5,91275.2,91284.0,161.244,90756.84167450937,-0.06426742706762488,91081.62594047133,90432.0574085474,649.5685319239274,0,91105.1,91275.2,0.0,0.0,0.0,0.0,0.3205620695376841,-1.0591906290804354,91202.2,91137.3,,,
2024-11-17 09:04:00+00:00,91284.0,91335.7,91278.4,91332.0,53.934,90756.77740708229,-0.06426742706762488,91081.56167304426,90431.99314112033,649.5685319239274,0,91105.1,91275.2,0.0,0.0,0.0,0.0,0.3205620695376841,-1.0591906290804354,91202.2,91137.3,,,
2024-11-17 09:05:00+00:00,91332.0,91476.9,91315.1,91460.3,356.962,90756.71313965523,-0.06426742706762488,91081.49740561719,90431.92887369326,649.5685319239274,0,91105.1,91275.2,0.0,0.0,0.0,0.0,0.3205620695376841,-1.0591906290804354,91202.2,91137.3,,,
2024-11-17 09:06:00+00:00,91460.3,91476.9,91400.0,91400.0,103.736,90756.64887222816,-0.06426742706762488,91081.43313819013,90431.8646062662,649.5685319239274,0,91105.1,91275.2,0.0,0.0,0.0,0.0,0.3205620695376841,-1.0591906290804354,91202.2,91137.3,,,
2024-11-17 09:07:00+00:00,91400.0,91477.0,91359.4,91476.9,97.943,90756.58460480109,-0.06426742706762488,91081.36887076305,90431.80033883912,649.5685319239274,0,91105.1,91275.2,0.0,0.0,0.0,0.0,0.3205620695376841,-1.0591906290804354,91202.2,91137.3,,,
2024-11-17 09:08:00+00:00,91476.9,91601.8,91476.9,91527.1,536.081,90756.52033737402,-0.06426742706762488,91081.30460333599,90431.73607141206,649.5685319239274,1,91105.1,91275.2,520.4953966640169,0.0,0.801294045329421,0.0,0.3205620695376841,-1.0591906290804354,91202.2,91137.3,,,
2024-11-17 09:09:00+00:00,91527.1,91576.8,91527.1,91558.5,103.836,90756.45606994696,-0.06426742706762488,91081.24033590892,90431.671803985,649.5685319239274,0,91105.1,91275.2,0.0,0.0,0.0,0.0,0.3205620695376841,-1.0591906290804354,91202.2,91137.3,,,
2024-11-17 09:10:00+00:00,91558.5,91576.8,91500.0,91517.2,98.547,90756.3918025199,-0.06426742706762488,91081.17606848186,90431.60753655793,649.5685319239274,0,91105.1,91275.2,0.0,0.0,0.0,0.0,0.3205620695376841,-1.0591906290804354,91202.2,91137.3,,,
2024-11-17 09:11:00+00:00,91517.2,91536.0,91424.5,91438.5,78.021,90756.32753509282,-0.06426742706762488,91081.11180105478,90431.54326913085,649.5685319239274,0,91105.1,91275.2,0.0,0.0,0.0,0.0,0.3205620695376841,-1.0591906290804354,91202.2,91137.3,,,
2024-11-17 09:12:00+00:00,91438.5,91438.5,91318.6,91400.9,88.729,90756.26326766575,-0.06426742706762488,91081.04753362772,90431.47900170379,649.5685319239274,0,91105.1,91275.2,0.0,0.0,0.0,0.0,0.3205620695376841,-1.0591906290804354,91202.2,91137.3,,,
2024-11-17 09:13:00+00:00,91400.9,91474.3,91388.2,91422.2,54.833,90756.19900023869,-0.06426742706762488,91080.98326620065,90431.41473427672,649.5685319239274,0,91105.1,91275.2,0.0,0.0,0.0,0.0,0.3205620695376841,-1.0591906290804354,91202.2,91137.3,,,
2024-11-17 09:14:00+00:00,91422.2,91422.3,91305.4,91348.4,152.054,90756.13473281162,-0.06426742706762488,91080.91899877359,90431.35046684966,649.5685319239274,0,91105.1,91275.2,0.0,0.0,0.0,0.0,0.3205620695376841,-1.0591906290804354,91202.2,91137.3,,,
2024-11-17 09:15:00+00:00,91348.4,91381.4,91247.9,91284.5,99.128,90756.07046538455,-0.06426742706762488,91080.85473134651,90431.28619942258,649.5685319239274,-1,91105.1,91275.2,0.0,-816.6138005774119,0.0,-1.2571634253259172,0.3205620695376841,-1.0591906290804354,91202.2,91137.3,,,
2024-11-17 09:16:00+00:00,91284.5,91372.8,91257.1,91355.3,67.652,90756.00619795748,-0.06426742706762488,91080.79046391945,90431.22193199552,649.5685319239274,0,91105.1,91275.2,0.0,0.0,0.0,0.0,0.3205620695376841,-1.0591906290804354,91202.2,91137.3,,,
2024-11-17 09:17:00+00:00,91355.3,91443.7,91355.3,91410.2,93.832,90755.94193053042,-0.06426742706762488,91080.72619649238,90431.15766456845,649.5685319239274,0,91105.1,91275.2,0.0,0.0,0.0,0.0,0.3205620695376841,-1.0591906290804354,91202.2,91137.3,,,
2024-11-17 09:18:00+00:00,91410.2,91434.0,91401.1,91426.2,35.57,90755.87766310335,-0.06426742706762488,91080.66192906532,90431.09339714139,649.5685319239274,0,91105.1,91275.2,0.0,0.0,0.0,0.0,0.3205620695376841,-1.0591906290804354,91202.2,91137.3,,,
2024-11-17 09:19:00+00:00,91426.2,91435.7,91408.1,91408.1,34.026,90755.81339567628,-0.06426742706762488,91080.59766163824,90431.02912971431,649.5685319239274,0,91105.1,91275.2,0.0,0.0,0.0,0.0,0.3205620695376841,-1.0591906290804354,91202.2,91137.3,,,
2024-11-17 09:20:00+00:00,91408.1,91408.2,91296.1,91309.9,55.474,90755.74912824921,-0.06426742706762488,91080.53339421118,90430.96486228725,649.5685319239274,0,91105.1,91275.2,0.0,0.0,0.0,0.0,0.3205620695376841,-1.0591906290804354,91202.2,91137.3,,,
2024-11-17 09:21:00+00:00,91309.9,91310.0,91259.8,91299.6,49.824,90755.68486082215,-0.06426742706762488,91080.46912678411,90430.90059486018,649.5685319239274,0,91105.1,91275.2,0.0,0.0,0.0,0.0,0.3205620695376841,-1.0591906290804354,91202.2,91137.3,,,
2024-11-17 09:22:00+00:00,91299.6,91301.0,91259.1,91259.1,29.518,90755.62059339508,-0.06426742706762488,91080.40485935705,90430.83632743312,649.5685319239274,0,91105.1,91275.2,0.0,0.0,0.0,0.0,0.3205620695376841,-1.0591906290804354,91202.2,91137.3,,,
2024-11-17 09:23:00+00:00,91259.1,91289.1,91217.8,91269.3,56.282,90755.556325968,-0.06426742706762488,91080.34059192997,90430.77206000604,649.5685319239274,-1,91105.1,91275.2,0.0,-787.0279399939609,0.0,-1.2116164828103646,0.3205620695376841,-1.0591906290804354,91202.2,91137.3,,,
2024-11-17 09:24:00+00:00,91269.3,91300.0,91248.6,91264.0,41.835,90755.49205854094,-0.06426742706762488,91080.2763245029,90430.70779257898,649.5685319239274,0,91105.1,91275.2,0.0,0.0,0.0,0.0,0.3205620695376841,-1.0591906290804354,91202.2,91137.3,,,
2024-11-17 09:25:00+00:00,91264.0,91348.7,91263.9,91290.6,53.169,90755.42779111388,-0.06426742706762488,91080.21205707584,90430.64352515191,649.5685319239274,0,91105.1,91275.2,0.0,0.0,0.0,0.0,0.3205620695376841,-1.0591906290804354,91202.2,91137.3,,,
2024-11-17 09:26:00+00:00,91290.6,91311.3,91259.5,91311.3,16.812,90755.36352368681,-0.06426742706762488,91080.14778964878,90430.57925772485,649.5685319239274,0,91105.1,91275.2,0.0,0.0,0.0,0.0,0.3205620695376841,-1.0591906290804354,91202.2,91137.3,,,
2024-11-17 09:27:00+00:00,91311.3,91344.4,91302.1,91313.1,46.56,90755.29925625974,-0.06426742706762488,91080.0835222217,90430.51499029777,649.5685319239274,0,91105.1,91275.2,0.0,0.0,0.0,0.0,0.3205620695376841,-1.0591906290804354,91202.2,91137.3,,,
2024-11-17 09:28:00+00:00,91313.1,91313.1,91244.2,91256.3,47.313,90755.23498883267,-0.06426742706762488,91080.01925479464,90430.45072287071,649.5685319239274,0,91105.1,91275.2,0.0,0.0,0.0,0.0,0.3205620695376841,-1.0591906290804354,91202.2,91137.3,,,
2024-11-17 09:29:00+00:00,91256.3,91256.4,91220.0,91241.8,25.922,90755.17072140561,-0.06426742706762488,91079.95498736757,90430.38645544364,649.5685319239274,0,91105.1,91275.2,0.0,0.0,0.0,0.0,0.3205620695376841,-1.0591906290804354,91202.2,91137.3,,,
2024-11-17 09:30:00+00:00,91241.8,91290.1,91227.3,91290.1,17.986,90755.10645397854,-0.06426742706762488,91079.89071994051,90430.32218801658,649.5685319239274,0,91105.1,91275.2,0.0,0.0,0.0,0.0,0.3205620695376841,-1.0591906290804354,91202.2,91137.3,,,
2024-11-17 09:31:00+00:00,91290.1,91290.1,91191.5,91191.8,38.466,90755.04218655147,-0.06426742706762488,91079.82645251343,90430.2579205895,649.5685319239274,0,91105.1,91275.2,0.0,0.0,0.0,0.0,0.3205620695376841,-1.0591906290804354,91202.2,91137.3,,,
2024-11-17 09:32:00+00:00,91191.8,91191.9,91162.9,91163.4,52.304,90754.9779191244,-0.06426742706762488,91079.76218508637,90430.19365316244,649.5685319239274,0,91105.1,91275.2,0.0,0.0,0.0,0.0,0.3205620695376841,-1.0591906290804354,91202.2,91137.3,,,
2024-11-17 09:33:00+00:00,91163.4,91163.5,91136.2,91157.6,46.101,90754.91365169734,-0.06426742706762488,91079.6979176593,90430.12938573537,649.5685319239274,-1,91105.1,91275.2,0.0,-706.0706142646231,0.0,-1.0869840202593326,0.3205620695376841,-1.0591906290804354,91202.2,91137.3,,,
2024-11-17 09:34:00+00:00,91157.6,91215.3,91141.0,91215.3,23.794,90754.84938427027,-0.06426742706762488,91079.63365023224,90430.06511830831,649.5685319239274,0,91105.1,91275.2,0.0,0.0,0.0,0.0,0.3205620695376841,-1.0591906290804354,91202.2,91137.3,,,
2024-11-17 09:35:00+00:00,91215.3,91237.0,91200.0,91200.1,21.944,90754.7851168432,-0.06426742706762488,91079.56938280516,90430.00085088123,649.5685319239274,0,91105.1,91275.2,0.0,0.0,0.0,0.0,0.3205620695376841,-1.0591906290804354,91202.2,91137.3,,,
2024-11-17 09:36:00+00:00,91200.1,91338.5,91198.3,91308.0,118.981,90754.72084941613,-0.06426742706762488,91079.5051153781,90429.93658345417,649.5685319239274,0,91105.1,91275.2,0.0,0.0,0.0,0.0,0.3205620695376841,-1.0591906290804354,91202.2,91137.3,,,
2024-11-17 09:37:00+00:00,91308.0,91338.0,91273.6,91273.6,22.79,90754.65658198907,-0.06426742706762488,91079.44084795103,90429.8723160271,649.5685319239274,0,91105.1,91275.2,0.0,0.0,0.0,0.0,0.3205620695376841,-1.0591906290804354,91202.2,91137.3,,,
2024-11-17 09:38:00+00:00,91273.6,91273.6,91166.8,91166.8,11.922,90754.592314562,-0.06426742706762488,91079.37658052397,90429.80804860004,649.5685319239274,0,91105.1,91275.2,0.0,0.0,0.0,0.0,0.3205620695376841,-1.0591906290804354,91202.2,91137.3,,,
2024-11-17 09:39:00+00:00,91166.8,91239.9,91166.8,91239.8,43.204,90754.52804713493,-0.06426742706762488,91079.31231309689,90429.74378117296,649.5685319239274,0,91105.1,91275.2,0.0,0.0,0.0,0.0,0.3205620695376841,-1.0591906290804354,91202.2,91137.3,,,
2024-11-17 09:40:00+00:00,91239.8,91319.4,91220.7,91314.0,42.21,90754.46377970786,-0.06426742706762488,91079.24804566982,90429.6795137459,649.5685319239274,0,91105.1,91275.2,0.0,0.0,0.0,0.0,0.3205620695376841,-1.0591906290804354,91202.2,91137.3,,,
2024-11-17 09:41:00+00:00,91314.0,91347.6,91274.9,91344.5,43.33,90754.3995122808,-0.06426742706762488,91079.18377824276,90429.61524631883,649.5685319239274,0,91105.1,91275.2,0.0,0.0,0.0,0.0,0.3205620695376841,-1.0591906290804354,91202.2,91137.3,,,
2024-11-17 09:42:00+00:00,91344.5,91369.9,91344.5,91356.0,31.793,90754.33524485373,-0.06426742706762488,91079.1195108157,90429.55097889177,649.5685319239274,0,91105.1,91275.2,0.0,0.0,0.0,0.0,0.3205620695376841,-1.0591906290804354,91202.2,91137.3,,,
2024-11-17 09:43:00+00:00,91356.0,91411.5,91356.0,91386.5,80.933,90754.27097742666,-0.06426742706762488,91079.05524338862,90429.48671146469,649.5685319239274,1,91105.1,91275.2,332.4447566113813,0.0,0.5117931985201444,0.0,0.3205620695376841,-1.0591906290804354,91202.2,91137.3,,,
2024-11-17 09:44:00+00:00,91386.5,91386.6,91337.6,91363.3,40.567,90754.20670999959,-0.06426742706762488,91078.99097596155,90429.42244403763,649.5685319239274,0,91105.1,91275.2,0.0,0.0,0.0,0.0,0.3205620695376841,-1.0591906290804354,91202.2,91137.3,,,
2024-11-17 09:45:00+00:00,91363.3,91363.3,91291.1,91291.2,85.646,90754.14244257253,-0.06426742706762488,91078.92670853449,90429.35817661056,649.5685319239274,0,91105.1,91275.2,0.0,0.0,0.0,0.0,0.3205620695376841,-1.0591906290804354,91202.2,91137.3,,,
2024-11-17 09:46:00+00:00,91291.2,91310.2,91264.0,91294.0,36.924,90754.07817514545,-0.06426742706762488,91078.86244110741,90429.29390918349,649.5685319239274,0,91105.1,91275.2,0.0,0.0,0.0,0.0,0.3205620695376841,-1.0591906290804354,91202.2,91137.3,,,
2024-11-17 09:47:00+00:00,91294.0,91327.4,91181.4,91327.3,79.687,90754.01390771838,-0.06426742706762488,91078.79817368035,90429.22964175642,649.5685319239274,-1,91105.1,91275.2,0.0,-752.170358243573,0.0,-1.1579538128421245,0.3205620695376841,-1.0591906290804354,91202.2,91137.3,,,
2024-11-17 09:48:00+00:00,91327.3,91333.0,91274.2,91282.8,7.529,90753.94964029132,-0.06426742706762488,91078.73390625328,90429.16537432936,649.5685319239274,0,91105.1,91275.2,0.0,0.0,0.0,0.0,0.3205620695376841,-1.0591906290804354,91202.2,91137.3,,,
2024-11-17 09:49:00+00:00,91282.8,91298.5,91209.1,91253.2,16.768,90753.88537286426,-0.06426742706762488,91078.66963882622,90429.1011069023,649.5685319239274,0,91105.1,91275.2,0.0,0.0,0.0,0.0,0.3205620695376841,-1.0591906290804354,91202.2,91137.3,,,
2024-11-17 09:50:00+00:00,91253.2,91298.5,91234.4,91279.5,14.183,90753.82110543718,-0.06426742706762488,91078.60537139914,90429.03683947521,649.5685319239274,0,91105.1,91275.2,0.0,0.0,0.0,0.0,0.3205620695376841,-1.0591906290804354,91202.2,91137.3,,,
2024-11-17 09:51:00+00:00,91279.5,91279.6,91245.6,91248.0,9.053,90753.75683801011,-0.06426742706762488,91078.54110397208,90428.97257204815,649.5685319239274,0,91105.1,91275.2,0.0,0.0,0.0,0.0,0.3205620695376841,-1.0591906290804354,91202.2,91137.3,,,
2024-11-17 09:52:00+00:00,91248.0,91284.1,91227.0,91284.1,11.984,90753.69257058305,-0.06426742706762488,91078.47683654501,90428.90830462109,649.5685319239274,0,91105.1,91275.2,0.0,0.0,0.0,0.0,0.3205620695376841,-1.0591906290804354,91202.2,91137.3,,,
2024-11-17 09:53:00+00:00,91284.1,91333.0,91262.9,91333.0,14.555,90753.62830315599,-0.06426742706762488,91078.41256911795,90428.84403719402,649.5685319239274,0,91105.1,91275.2,0.0,0.0,0.0,0.0,0.3205620695376841,-1.0591906290804354,91202.2,91137.3,,,
2024-11-17 09:54:00+00:00,91333.0,91343.7,91326.9,91337.1,17.135,90753.56403572891,-0.06426742706762488,91078.34830169087,90428.77976976694,649.5685319239274,0,91105.1,91275.2,0.0,0.0,0.0,0.0,0.3205620695376841,-1.0591906290804354,91202.2,91137.3,,,
2024-11-17 09:55:00+00:00,91337.1,91344.7,91307.6,91327.9,10.413,90753.49976830184,-0.06426742706762488,91078.28403426381,90428.71550233988,649.5685319239274,0,91105.1,91275.2,0.0,0.0,0.0,0.0,0.3205620695376841,-1.0591906290804354,91202.2,91137.3,,,
2024-11-17 09:56:00+00:00,91327.9,91388.6,91323.3,91387.9,18.702,90753.43550087478,-0.06426742706762488,91078.21976683674,90428.65123491282,649.5685319239274,0,91105.1,91275.2,0.0,0.0,0.0,0.0,0.3205620695376841,-1.0591906290804354,91202.2,91137.3,,,
2024-11-17 09:57:00+00:00,91387.9,91436.4,91369.9,91408.7,36.663,90753.37123344772,-0.06426742706762488,91078.15549940968,90428.58696748575,649.5685319239274,0,91105.1,91275.2,0.0,0.0,0.0,0.0,0.3205620695376841,-1.0591906290804354,91202.2,91137.3,,,
2024-11-17 09:58:00+00:00,91408.7,91444.0,91408.6,91419.6,24.317,90753.30696602064,-0.06426742706762488,91078.0912319826,90428.52270005867,649.5685319239274,0,91105.1,91275.2,0.0,0.0,0.0,0.0,0.3205620695376841,-1.0591906290804354,91202.2,91137.3,,,
2024-11-17 09:59:00+00:00,91419.6,91427.3,91402.7,91410.4,26.434,90753.24269859357,-0.06426742706762488,91078.02696455554,90428.45843263161,649.5685319239274,0,91105.1,91275.2,0.0,0.0,0.0,0.0,0.3205620695376841,-1.0591906290804354,91202.2,91137.3,,,
2024-11-17 10:00:00+00:00,91410.4,91436.3,91396.6,91434.2,37.923,90753.17843116651,-0.06426742706762488,91077.96269712847,90428.39416520455,649.5685319239274,0,91105.1,91275.2,0.0,0.0,0.0,0.0,0.3205620695376841,-1.0591906290804354,91202.2,91137.3,,,
2024-11-17 10:01:00+00:00,91434.2,91446.3,91412.5,91412.9,30.757,90753.11416373945,-0.06426742706762488,91077.89842970141,90428.32989777748,649.5685319239274,1,91105.1,91275.2,368.40157029859256,0.0,0.5671481178551565,0.0,0.3205620695376841,-1.0591906290804354,91202.2,91137.3,,,
2024-11-17 10:02:00+00:00,91412.9,91422.3,91349.1,91369.0,79.223,90753.04989631237,-0.06426742706762488,91077.83416227433,90428.2656303504,649.5685319239274,0,91105.1,91275.2,0.0,0.0,0.0,0.0,0.3205620695376841,-1.0591906290804354,91202.2,91137.3,,,
2024-11-17 10:03:00+00:00,91369.0,91419.3,91351.8,91419.2,72.332,90752.9856288853,-0.06426742706762488,91077.76989484727,90428.20136292334,649.5685319239274,0,91105.1,91275.2,0.0,0.0,0.0,0.0,0.3205620695376841,-1.0591906290804354,91202.2,91137.3,,,
2024-11-17 10:04:00+00:00,91419.2,91440.0,91400.0,91429.7,34.736,90752.92136145824,-0.06426742706762488,91077.7056274202,90428.13709549628,649.5685319239274,0,91105.1,91275.2,0.0,0.0,0.0,0.0,0.3205620695376841,-1.0591906290804354,91202.2,91137.3,,,
2024-11-17 10:05:00+00:00,91429.7,91434.9,91356.8,91392.7,23.412,90752.85709403118,-0.06426742706762488,91077.64135999314,90428.07282806921,649.5685319239274,0,91105.1,91275.2,0.0,0.0,0.0,0.0,0.3205620695376841,-1.0591906290804354,91202.2,91137.3,,,
2024-11-17 10:06:00+00:00,91392.7,91395.7,91335.2,91339.8,30.263,90752.7928266041,-0.06426742706762488,91077.57709256606,90428.00856064213,649.5685319239274,0,91105.1,91275.2,0.0,0.0,0.0,0.0,0.3205620695376841,-1.0591906290804354,91202.2,91137.3,,,
2024-11-17 10:07:00+00:00,91339.8,91393.0,91310.5,91310.5,22.429,90752.72855917703,-0.06426742706762488,91077.512825139,90427.94429321507,649.5685319239274,0,91105.1,91275.2,0.0,0.0,0.0,0.0,0.3205620695376841,-1.0591906290804354,91202.2,91137.3,,,
2024-11-17 10:08:00+00:00,91310.5,91329.2,91273.8,91329.1,28.061,90752.66429174997,-0.06426742706762488,91077.44855771193,90427.880025788,649.5685319239274,0,91105.1,91275.2,0.0,0.0,0.0,0.0,0.3205620695376841,-1.0591906290804354,91202.2,91137.3,,,
2024-11-17 10:09:00+00:00,91329.1,91330.0,91260.0,91260.1,71.079,90752.6000243229,-0.06426742706762488,91077.38429028487,90427.81575836094,649.5685319239274,0,91105.1,91275.2,0.0,0.0,0.0,0.0,0.3205620695376841,-1.0591906290804354,91202.2,91137.3,,,
2024-11-17 10:10:00+00:00,91260.1,91274.9,91220.0,91268.5,44.178,90752.53575689583,-0.06426742706762488,91077.32002285779,90427.75149093386,649.5685319239274,-1,91105.1,91275.2,0.0,-792.2485090661357,0.0,-1.2196534624600903,0.3205620695376841,-1.0591906290804354,91202.2,91137.3,,,
2024-11-17 10:11:00+00:00,91268.5,91286.5,91249.6,91286.5,34.702,90752.47148946876,-0.06426742706762488,91077.25575543073,90427.6872235068,649.5685319239274,0,91105.1,91275.2,0.0,0.0,0.0,0.0,0.3205620695376841,-1.0591906290804354,91202.2,91137.3,,,
2024-11-17 10:12:00+00:00,91286.5,91342.5,91269.2,91296.7,92.808,90752.4072220417,-0.06426742706762488,91077.19148800366,90427.62295607974,649.5685319239274,0,91105.1,91275.2,0.0,0.0,0.0,0.0,0.3205620695376841,-1.0591906290804354,91202.2,91137.3,,,
2024-11-17 10:13:00+00:00,91296.7,91341.8,91269.4,91273.8,19.099,90752.34295461464,-0.06426742706762488,91077.1272205766,90427.55868865267,649.5685319239274,0,91105.1,91275.2,0.0,0.0,0.0,0.0,0.3205620695376841,-1.0591906290804354,91202.2,91137.3,,,
2024-11-17 10:14:00+00:00,91273.8,91308.0,91273.8,91307.9,9.871,90752.27868718756,-0.06426742706762488,91077.06295314952,90427.4944212256,649.5685319239274,0,91105.1,91275.2,0.0,0.0,0.0,0.0,0.3205620695376841,-1.0591906290804354,91202.2,91137.3,,,
2024-11-17 10:15:00+00:00,91307.9,91328.7,91306.8,91317.1,12.752,90752.2144197605,-0.06426742706762488,91076.99868572246,90427.43015379853,649.5685319239274,0,91105.1,91275.2,0.0,0.0,0.0,0.0,0.3205620695376841,-1.0591906290804354,91202.2,91137.3,,,
2024-11-17 10:16:00+00:00,91317.1,91317.1,91251.5,91251.5,7.152,90752.15015233343,-0.06426742706762488,91076.9344182954,90427.36588637147,649.5685319239274,0,91105.1,91275.2,0.0,0.0,0.0,0.0,0.3205620695376841,-1.0591906290804354,91202.2,91137.3,,,
2024-11-17 10:17:00+00:00,91251.5,91283.5,91230.0,91276.9,41.488,90752.08588490637,-0.06426742706762488,91076.87015086833,90427.3016189444,649.5685319239274,0,91105.1,91275.2,0.0,0.0,0.0,0.0,0.3205620695376841,-1.0591906290804354,91202.2,91137.3,,,
2024-11-17 10:18:00+00:00,91276.9,91300.0,91251.7,91300.0,9.462,90752.02161747929,-0.06426742706762488,91076.80588344125,90427.23735151732,649.5685319239274,0,91105.1,91275.2,0.0,0.0,0.0,0.0,0.3205620695376841,-1.0591906290804354,91202.2,91137.3,,,
2024-11-17 10:19:00+00:00,91300.0,91328.7,91260.1,91260.1,36.518,90751.95735005222,-0.06426742706762488,91076.74161601419,90427.17308409026,649.5685319239274,0,91105.1,91275.2,0.0,0.0,0.0,0.0,0.3205620695376841,-1.0591906290804354,91202.2,91137.3,,,
2024-11-17 10:20:00+00:00,91260.1,91261.3,91220.4,91227.5,51.875,90751.89308262516,-0.06426742706762488,91076.67734858712,90427.1088166632,649.5685319239274,0,91105.1,91275.2,0.0,0.0,0.0,0.0,0.3205620695376841,-1.0591906290804354,91202.2,91137.3,,,
2024-11-17 10:21:00+00:00,91227.5,91262.2,91180.0,91200.0,26.627,90751.8288151981,-0.06426742706762488,91076.61308116006,90427.04454923613,649.5685319239274,0,91105.1,91275.2,0.0,0.0,0.0,0.0,0.3205620695376841,-1.0591906290804354,91202.2,91137.3,,,
2024-11-17 10:22:00+00:00,91200.0,91200.0,91155.2,91200.0,58.418,90751.76454777102,-0.06426742706762488,91076.54881373298,90426.98028180905,649.5685319239274,-1,91105.1,91275.2,0.0,-728.2197181909432,0.0,-1.1210821990315056,0.3205620695376841,-1.0591906290804354,91202.2,91137.3,,,
2024-11-17 10:23:00+00:00,91200.0,91247.7,91199.9,91247.7,23.694,90751.70028034395,-0.06426742706762488,91076.48454630592,90426.91601438199,649.5685319239274,0,91105.1,91275.2,0.0,0.0,0.0,0.0,0.3205620695376841,-1.0591906290804354,91202.2,91137.3,,,
2024-11-17 10:24:00+00:00,91247.7,91259.7,91201.5,91218.9,16.575,90751.63601291689,-0.06426742706762488,91076.42027887885,90426.85174695493,649.5685319239274,0,91105.1,91275.2,0.0,0.0,0.0,0.0,0.3205620695376841,-1.0591906290804354,91202.2,91137.3,,,
2024-11-17 10:25:00+00:00,91218.9,91264.2,91205.3,91248.4,13.183,90751.57174548981,-0.06426742706762488,91076.35601145177,90426.78747952785,649.5685319239274,0,91105.1,91275.2,0.0,0.0,0.0,0.0,0.3205620695376841,-1.0591906290804354,91202.2,91137.3,,,
2024-11-17 10:26:00+00:00,91248.4,91268.5,91248.4,91268.5,8.426,90751.50747806275,-0.06426742706762488,91076.29174402471,90426.72321210078,649.5685319239274,0,91105.1,91275.2,0.0,0.0,0.0,0.0,0.3205620695376841,-1.0591906290804354,91202.2,91137.3,,,
2024-11-17 10:27:00+00:00,91268.5,91275.1,91250.0,91273.1,11.495,90751.44321063568,-0.06426742706762488,91076.22747659765,90426.65894467372,649.5685319239274,1,91105.1,91275.2,198.87252340235864,0.0,0.3061609570484075,0.0,0.3205620695376841,-1.0591906290804354,91202.2,91137.3,,,
2024-11-17 10:28:00+00:00,91273.1,91273.1,91235.0,91239.3,11.145,90751.37894320862,-0.06426742706762488,91076.16320917058,90426.59467724666,649.5685319239274,0,91105.1,91275.2,0.0,0.0,0.0,0.0,0.3205620695376841,-1.0591906290804354,91202.2,91137.3,,,
2024-11-17 10:29:00+00:00,91239.3,91239.3,91221.2,91229.2,6.57,90751.31467578154,-0.06426742706762488,91076.0989417435,90426.53040981958,649.5685319239274,0,91105.1,91275.2,0.0,0.0,0.0,0.0,0.3205620695376841,-1.0591906290804354,91202.2,91137.3,,,
2024-11-17 10:30:00+00:00,91229.2,91229.2,91172.1,91172.1,9.777,90751.25040835448,-0.06426742706762488,91076.03467431644,90426.46614239251,649.5685319239274,0,91105.1,91275.2,0.0,0.0,0.0,0.0,0.3205620695376841,-1.0591906290804354,91202.2,91137.3,,,
2024-11-17 10:31:00+00:00,91172.1,91223.3,91172.0,91223.3,23.247,90751.18614092741,-0.06426742706762488,91075.97040688938,90426.40187496545,649.5685319239274,-1,91105.1,91275.2,0.0,-745.5981250345503,0.0,-1.1478359686332054,0.3205620695376841,-1.0591906290804354,91202.2,91137.3,,,
2024-11-17 10:32:00+00:00,91223.3,91223.3,91189.4,91204.4,10.874,90751.12187350035,-0.06426742706762488,91075.90613946231,90426.33760753839,649.5685319239274,0,91105.1,91275.2,0.0,0.0,0.0,0.0,0.3205620695376841,-1.0591906290804354,91202.2,91137.3,,,
2024-11-17 10:33:00+00:00,91204.4,91227.5,91204.1,91223.5,5.791,90751.05760607327,-0.06426742706762488,91075.84187203523,90426.27334011131,649.5685319239274,0,91105.1,91275.2,0.0,0.0,0.0,0.0,0.3205620695376841,-1.0591906290804354,91202.2,91137.3,,,
2024-11-17 10:34:00+00:00,91223.5,91242.3,91197.4,91198.9,17.185,90750.9933386462,-0.06426742706762488,91075.77760460817,90426.20907268424,649.5685319239274,0,91105.1,91275.2,0.0,0.0,0.0,0.0,0.3205620695376841,-1.0591906290804354,91202.2,91137.3,,,
2024-11-17 10:35:00+00:00,91198.9,91226.4,91185.9,91186.0,7.701,90750.92907121914,-0.06426742706762488,91075.7133371811,90426.14480525718,649.5685319239274,0,91105.1,91275.2,0.0,0.0,0.0,0.0,0.3205620695376841,-1.0591906290804354,91202.2,91137.3,,,
2024-11-17 10:36:00+00:00,91186.0,91248.5,91185.0,91248.0,7.69,90750.86480379208,-0.06426742706762488,91075.64906975404,90426.08053783012,649.5685319239274,0,91105.1,91275.2,0.0,0.0,0.0,0.0,0.3205620695376841,-1.0591906290804354,91202.2,91137.3,,,
2024-11-17 10:37:00+00:00,91248.0,91256.9,91221.2,91221.2,18.406,90750.800536365,-0.06426742706762488,91075.58480232696,90426.01627040304,649.5685319239274,1,91105.1,91275.2,181.31519767302962,0.0,0.27913174478449626,0.0,0.3205620695376841,-1.0591906290804354,91202.2,91137.3,,,
2024-11-17 10:38:00+00:00,91221.2,91221.2,91174.4,91174.4,12.244,90750.73626893794,-0.06426742706762488,91075.5205348999,90425.95200297597,649.5685319239274,0,91105.1,91275.2,0.0,0.0,0.0,0.0,0.3205620695376841,-1.0591906290804354,91202.2,91137.3,,,
2024-11-17 10:39:00+00:00,91174.4,91222.0,91174.4,91208.9,15.674,90750.67200151087,-0.06426742706762488,91075.45626747284,90425.88773554891,649.5685319239274,0,91105.1,91275.2,0.0,0.0,0.0,0.0,0.3205620695376841,-1.0591906290804354,91202.2,91137.3,,,
2024-11-17 10:40:00+00:00,91208.9,91208.9,91168.1,91168.2,11.245,90750.60773408381,-0.06426742706762488,91075.39200004577,90425.82346812185,649.5685319239274,0,91105.1,91275.2,0.0,0.0,0.0,0.0,0.3205620695376841,-1.0591906290804354,91202.2,91137.3,,,
2024-11-17 10:41:00+00:00,91168.2,91190.4,91168.1,91171.7,12.332,90750.54346665673,-0.06426742706762488,91075.3277326187,90425.75920069477,649.5685319239274,0,91105.1,91275.2,0.0,0.0,0.0,0.0,0.3205620695376841,-1.0591906290804354,91202.2,91137.3,,,
2024-11-17 10:42:00+00:00,91171.7,91200.0,91171.7,91199.9,4.767,90750.47919922967,-0.06426742706762488,91075.26346519163,90425.6949332677,649.5685319239274,0,91105.1,91275.2,0.0,0.0,0.0,0.0,0.3205620695376841,-1.0591906290804354,91202.2,91137.3,,,
2024-11-17 10:43:00+00:00,91199.9,91199.9,91145.1,91145.1,32.568,90750.4149318026,-0.06426742706762488,91075.19919776457,90425.63066584064,649.5685319239274,0,91105.1,91275.2,0.0,0.0,0.0,0.0,0.3205620695376841,-1.0591906290804354,91202.2,91137.3,,,
2024-11-17 10:44:00+00:00,91145.1,91145.2,91102.8,91125.6,65.079,90750.35066437554,-0.06426742706762488,91075.1349303375,90425.56639841358,649.5685319239274,0,91105.1,91275.2,0.0,0.0,0.0,0.0,0.3205620695376841,-1.0591906290804354,91202.2,91137.3,,,
2024-11-17 10:45:00+00:00,91125.6,91159.5,91093.8,91150.0,141.47,90750.28639694846,-0.06426742706762488,91075.07066291042,90425.5021309865,649.5685319239274,-1,91105.1,91275.2,0.0,-668.297869013506,0.0,-1.02883350434804,0.3205620695376841,-1.0591906290804354,91202.2,91137.3,,,
2024-11-17 10:46:00+00:00,91150.0,91200.0,91149.9,91188.5,36.567,90750.2221295214,-0.06426742706762488,91075.00639548336,90425.43786355943,649.5685319239274,0,91105.1,91275.2,0.0,0.0,0.0,0.0,0.3205620695376841,-1.0591906290804354,91202.2,91137.3,,,
2024-11-17 10:47:00+00:00,91188.5,91200.0,91161.1,91200.0,17.976,90750.15786209433,-0.06426742706762488,91074.9421280563,90425.37359613237,649.5685319239274,0,91105.1,91275.2,0.0,0.0,0.0,0.0,0.3205620695376841,-1.0591906290804354,91202.2,91137.3,,,
2024-11-17 10:48:00+00:00,91200.0,91238.2,91199.9,91226.5,24.588,90750.09359466727,-0.06426742706762488,91074.87786062923,90425.3093287053,649.5685319239274,0,91105.1,91275.2,0.0,0.0,0.0,0.0,0.3205620695376841,-1.0591906290804354,91202.2,91137.3,,,
2024-11-17 10:49:00+00:00,91226.5,91226.5,91176.5,91176.6,14.908,90750.02932724019,-0.06426742706762488,91074.81359320215,90425.24506127823,649.5685319239274,0,91105.1,91275.2,0.0,0.0,0.0,0.0,0.3205620695376841,-1.0591906290804354,91202.2,91137.3,,,
2024-11-17 10:50:00+00:00,91176.6,91218.7,91176.5,91213.3,14.016,90749.96505981313,-0.06426742706762488,91074.74932577509,90425.18079385116,649.5685319239274,0,91105.1,91275.2,0.0,0.0,0.0,0.0,0.3205620695376841,-1.0591906290804354,91202.2,91137.3,,,
2024-11-17 10:51:00+00:00,91213.3,91244.5,91213.3,91244.5,22.367,90749.90079238606,-0.06426742706762488,91074.68505834803,90425.1165264241,649.5685319239274,1,91105.1,91275.2,169.81494165197364,0.0,0.26142729104965495,0.0,0.3205620695376841,-1.0591906290804354,91202.2,91137.3,,,
2024-11-17 10:52:00+00:00,91244.5,91244.5,91209.8,91209.9,13.892,90749.836524959,-0.06426742706762488,91074.62079092096,90425.05225899704,649.5685319239274,1,91105.1,91275.2,169.87920907903754,0.0,0.2615262296895449,0.0,0.3205620695376841,-1.0591906290804354,91202.2,91137.3,,,
2024-11-17 10:53:00+00:00,91209.9,91213.3,91139.6,91139.7,14.636,90749.77225753192,-0.06426742706762488,91074.55652349388,90424.98799156996,649.5685319239274,0,91105.1,91275.2,0.0,0.0,0.0,0.0,0.3205620695376841,-1.0591906290804354,91202.2,91137.3,,,
2024-11-17 10:54:00+00:00,91139.7,91173.3,91083.7,91083.8,51.624,90749.70799010486,-0.06426742706762488,91074.49225606682,90424.9237241429,649.5685319239274,0,91105.1,91275.2,0.0,0.0,0.0,0.0,0.3205620695376841,-1.0591906290804354,91202.2,91137.3,,,
2024-11-17 10:55:00+00:00,91083.8,91083.8,90896.7,91066.3,535.852,90749.64372267779,-0.06426742706762488,91074.42798863976,90424.85945671583,649.5685319239274,-1,91105.1,91275.2,0.0,-471.84054328416823,0.0,-0.726390704128855,0.3205620695376841,-1.0591906290804354,91202.2,91137.3,,,
2024-11-17 10:56:00+00:00,91066.3,91160.8,91066.3,91160.1,73.063,90749.57945525073,-0.06426742706762488,91074.36372121269,90424.79518928876,649.5685319239274,0,91105.1,91275.2,0.0,0.0,0.0,0.0,0.3205620695376841,-1.0591906290804354,91202.2,91137.3,,,
2024-11-17 10:57:00+00:00,91160.1,91188.9,91150.0,91159.4,26.897,90749.51518782365,-0.06426742706762488,91074.29945378561,90424.73092186169,649.5685319239274,0,91105.1,91275.2,0.0,0.0,0.0,0.0,0.3205620695376841,-1.0591906290804354,91202.2,91137.3,,,
2024-11-17 10:58:00+00:00,91159.4,91184.6,91118.5,91148.2,20.846,90749.45092039659,-0.06426742706762488,91074.23518635855,90424.66665443462,649.5685319239274,0,91105.1,91275.2,0.0,0.0,0.0,0.0,0.3205620695376841,-1.0591906290804354,91202.2,91137.3,,,
2024-11-17 10:59:00+00:00,91148.2,91183.1,91148.1,91166.3,32.346,90749.38665296952,-0.06426742706762488,91074.17091893149,90424.60238700756,649.5685319239274,0,91105.1,91275.2,0.0,0.0,0.0,0.0,0.3205620695376841,-1.0591906290804354,91202.2,91137.3,,,
2024-11-17 11:00:00+00:00,91166.3,91187.8,91156.1,91169.0,28.008,90749.32238554246,-0.06426742706762488,91074.10665150442,90424.5381195805,649.5685319239274,0,91105.1,91275.2,0.0,0.0,0.0,0.0,0.3205620695376841,-1.0591906290804354,91202.2,91137.3,,,
2024-11-17 11:01:00+00:00,91169.0,91185.7,91069.0,91069.0,53.864,90749.25811811538,-0.06426742706762488,91074.04238407734,90424.47385215342,649.5685319239274,0,91105.1,91275.2,0.0,0.0,0.0,0.0,0.3205620695376841,-1.0591906290804354,91202.2,91137.3,,,
2024-11-17 11:02:00+00:00,91069.0,91106.2,91000.0,91034.3,272.792,90749.19385068832,-0.06426742706762488,91073.97811665028,90424.40958472635,649.5685319239274,0,91105.1,91275.2,0.0,0.0,0.0,0.0,0.3205620695376841,-1.0591906290804354,91202.2,91137.3,,,
2024-11-17 11:03:00+00:00,91034.3,91040.5,90930.0,90971.2,125.607,90749.12958326125,-0.06426742706762488,91073.91384922322,90424.34531729929,649.5685319239274,-1,91105.1,91275.2,0.0,-505.6546827007114,0.0,-0.7784470119004009,0.3205620695376841,-1.0591906290804354,91202.2,91137.3,,,
2024-11-17 11:04:00+00:00,90971.2,90975.0,90934.3,90966.3,40.939,90749.06531583419,-0.06426742706762488,91073.84958179615,90424.28104987222,649.5685319239274,0,91105.1,91275.2,0.0,0.0,0.0,0.0,0.3205620695376841,-1.0591906290804354,91202.2,91137.3,,,
2024-11-17 11:05:00+00:00,90966.3,91045.4,90966.3,91039.5,57.788,90749.00104840711,-0.06426742706762488,91073.78531436907,90424.21678244515,649.5685319239274,0,91105.1,91275.2,0.0,0.0,0.0,0.0,0.3205620695376841,-1.0591906290804354,91202.2,91137.3,,,
2024-11-17 11:06:00+00:00,91039.5,91100.0,91025.8,91097.4,23.378,90748.93678098005,-0.06426742706762488,91073.72104694201,90424.15251501808,649.5685319239274,0,91105.1,91275.2,0.0,0.0,0.0,0.0,0.3205620695376841,-1.0591906290804354,91202.2,91137.3,,,
2024-11-17 11:07:00+00:00,91097.4,91128.7,91085.8,91123.1,19.649,90748.87251355298,-0.06426742706762488,91073.65677951495,90424.08824759102,649.5685319239274,0,91105.1,91275.2,0.0,0.0,0.0,0.0,0.3205620695376841,-1.0591906290804354,91202.2,91137.3,,,
2024-11-17 11:08:00+00:00,91123.1,91123.1,90950.0,90950.0,50.034,90748.8082461259,-0.06426742706762488,91073.59251208787,90424.02398016394,649.5685319239274,0,91105.1,91275.2,0.0,0.0,0.0,0.0,0.3205620695376841,-1.0591906290804354,91202.2,91137.3,,,
2024-11-17 11:09:00+00:00,90950.0,91000.0,90950.0,90977.7,31.053,90748.74397869884,-0.06426742706762488,91073.5282446608,90423.95971273688,649.5685319239274,0,91105.1,91275.2,0.0,0.0,0.0,0.0,0.3205620695376841,-1.0591906290804354,91202.2,91137.3,,,
2024-11-17 11:10:00+00:00,90977.7,90977.7,90845.6,90875.3,181.279,90748.67971127178,-0.06426742706762488,91073.46397723374,90423.89544530981,649.5685319239274,0,91105.1,91275.2,0.0,0.0,0.0,0.0,0.3205620695376841,-1.0591906290804354,91202.2,91137.3,,,
2024-11-17 11:11:00+00:00,90875.3,90924.0,90832.2,90861.5,101.342,90748.61544384471,-0.06426742706762488,91073.39970980668,90423.83117788275,649.5685319239274,0,91105.1,91275.2,0.0,0.0,0.0,0.0,0.3205620695376841,-1.0591906290804354,91202.2,91137.3,,,
2024-11-17 11:12:00+00:00,90861.5,90873.5,90717.0,90750.2,302.476,90748.55117641763,-0.06426742706762488,91073.3354423796,90423.76691045567,649.5685319239274,0,91105.1,91275.2,0.0,0.0,0.0,0.0,0.3205620695376841,-1.0591906290804354,91202.2,91137.3,,,
2024-11-17 11:13:00+00:00,90750.2,90850.0,90548.9,90666.5,376.551,90748.48690899057,-0.06426742706762488,91073.27117495253,90423.7026430286,649.5685319239274,-1,91105.1,91275.2,0.0,-125.19735697138822,0.0,-0.19273925816660467,0.3205620695376841,-1.0591906290804354,91202.2,91137.3,,,1.0
2024-11-17 11:14:00+00:00,90666.5,90852.0,90665.5,90790.1,377.46,90748.4226415635,-0.06426742706762488,91073.20690752547,90423.63837560154,649.5685319239274,0,91105.1,91275.2,0.0,0.0,0.0,0.0,0.3205620695376841,-1.0591906290804354,91202.2,91137.3,,,
2024-11-17 11:15:00+00:00,90790.1,90799.4,90709.2,90721.5,77.853,90748.35837413644,-0.06426742706762488,91073.1426400984,90423.57410817448,649.5685319239274,0,91105.1,91275.2,0.0,0.0,0.0,0.0,0.3205620695376841,-1.0591906290804354,91202.2,91137.3,,,1.0
2024-11-17 11:16:00+00:00,90721.5,90772.8,90676.5,90676.5,69.914,90748.29410670936,-0.06426742706762488,91073.07837267133,90423.5098407474,649.5685319239274,0,91105.1,91275.2,0.0,0.0,0.0,0.0,0.3205620695376841,-1.0591906290804354,91202.2,91137.3,,,
2024-11-17 11:17:00+00:00,90676.5,90821.0,90676.5,90773.5,83.318,90748.2298392823,-0.06426742706762488,91073.01410524426,90423.44557332034,649.5685319239274,0,91105.1,91275.2,0.0,0.0,0.0,0.0,0.3205620695376841,-1.0591906290804354,91202.2,91137.3,,,
2024-11-17 11:18:00+00:00,90773.5,90787.7,90724.2,90778.9,41.627,90748.16557185524,-0.06426742706762488,91072.9498378172,90423.38130589327,649.5685319239274,0,91105.1,91275.2,0.0,0.0,0.0,0.0,0.3205620695376841,-1.0591906290804354,91202.2,91137.3,,,
2024-11-17 11:19:00+00:00,90778.9,90832.5,90778.9,90814.0,57.123,90748.10130442817,-0.06426742706762488,91072.88557039014,90423.31703846621,649.5685319239274,0,91105.1,91275.2,0.0,0.0,0.0,0.0,0.3205620695376841,-1.0591906290804354,91202.2,91137.3,,,
2024-11-17 11:20:00+00:00,90814.0,90896.0,90813.9,90869.9,73.545,90748.0370370011,-0.06426742706762488,91072.82130296306,90423.25277103913,649.5685319239274,1,91105.1,91275.2,-176.82130296305695,0.0,-0.27221346828384374,0.0,0.3205620695376841,-1.0591906290804354,91202.2,91137.3,,,
2024-11-17 11:21:00+00:00,90869.9,90896.0,90869.8,90888.8,32.222,90747.97276957403,-0.06426742706762488,91072.757035536,90423.18850361207,649.5685319239274,1,91105.1,91275.2,-176.75703553599305,0.0,-0.2721145296439538,0.0,0.3205620695376841,-1.0591906290804354,91202.2,91137.3,,,
2024-11-17 11:22:00+00:00,90888.8,90888.9,90825.1,90840.9,36.146,90747.90850214697,-0.06426742706762488,91072.69276810893,90423.124236185,649.5685319239274,0,91105.1,91275.2,0.0,0.0,0.0,0.0,0.3205620695376841,-1.0591906290804354,91202.2,91137.3,,,
2024-11-17 11:23:00+00:00,90840.9,90892.1,90840.9,90850.1,25.826,90747.8442347199,-0.06426742706762488,91072.62850068187,90423.05996875794,649.5685319239274,0,91105.1,91275.2,0.0,0.0,0.0,0.0,0.3205620695376841,-1.0591906290804354,91202.2,91137.3,,,
2024-11-17 11:24:00+00:00,90850.1,90850.2,90783.2,90842.3,35.368,90747.77996729282,-0.06426742706762488,91072.56423325479,90422.99570133086,649.5685319239274,0,91105.1,91275.2,0.0,0.0,0.0,0.0,0.3205620695376841,-1.0591906290804354,91202.2,91137.3,,,
2024-11-17 11:25:00+00:00,90842.3,90844.0,90768.9,90769.4,31.805,90747.71569986576,-0.06426742706762488,91072.49996582772,90422.9314339038,649.5685319239274,0,91105.1,91275.2,0.0,0.0,0.0,0.0,0.3205620695376841,-1.0591906290804354,91202.2,91137.3,,,
2024-11-17 11:26:00+00:00,90769.4,90802.8,90718.6,90720.0,38.09,90747.6514324387,-0.06426742706762488,91072.43569840066,90422.86716647673,649.5685319239274,-1,91105.1,91275.2,0.0,-295.73283352327417,0.0,-0.4552758007647886,0.3205620695376841,-1.0591906290804354,91202.2,91137.3,,,1.0
2024-11-17 11:27:00+00:00,90720.0,90802.8,90720.0,90770.0,31.504,90747.58716501163,-0.06426742706762488,91072.3714309736,90422.80289904967,649.5685319239274,0,91105.1,91275.2,0.0,0.0,0.0,0.0,0.3205620695376841,-1.0591906290804354,91202.2,91137.3,,,
2024-11-17 11:28:00+00:00,90770.0,90820.1,90770.0,90820.0,16.386,90747.52289758455,-0.06426742706762488,91072.30716354652,90422.73863162259,649.5685319239274,0,91105.1,91275.2,0.0,0.0,0.0,0.0,0.3205620695376841,-1.0591906290804354,91202.2,91137.3,,,
2024-11-17 11:29:00+00:00,90820.0,90820.1,90790.2,90818.3,27.353,90747.45863015749,-0.06426742706762488,91072.24289611945,90422.67436419553,649.5685319239274,0,91105.1,91275.2,0.0,0.0,0.0,0.0,0.3205620695376841,-1.0591906290804354,91202.2,91137.3,,,
2024-11-17 11:30:00+00:00,90818.3,90818.3,90759.3,90759.4,13.574,90747.39436273043,-0.06426742706762488,91072.17862869239,90422.61009676846,649.5685319239274,0,91105.1,91275.2,0.0,0.0,0.0,0.0,0.3205620695376841,-1.0591906290804354,91202.2,91137.3,,,
2024-11-17 11:31:00+00:00,90759.4,90851.1,90730.0,90737.3,176.356,90747.33009530336,-0.06426742706762488,91072.11436126532,90422.5458293414,649.5685319239274,0,91105.1,91275.2,0.0,0.0,0.0,0.0,0.3205620695376841,-1.0591906290804354,91202.2,91137.3,,,1.0
2024-11-17 11:32:00+00:00,90737.3,90775.8,90728.0,90728.1,41.323,90747.26582787628,-0.06426742706762488,91072.05009383825,90422.48156191432,649.5685319239274,0,91105.1,91275.2,0.0,0.0,0.0,0.0,0.3205620695376841,-1.0591906290804354,91202.2,91137.3,,,
2024-11-17 11:33:00+00:00,90728.1,90779.3,90692.1,90770.0,108.189,90747.20156044922,-0.06426742706762488,91071.98582641118,90422.41729448726,649.5685319239274,-1,91105.1,91275.2,0.0,-269.68270551275054,0.0,-0.4151720600041841,0.3205620695376841,-1.0591906290804354,91202.2,91137.3,,,
2024-11-17 11:34:00+00:00,90770.0,90815.6,90770.0,90815.5,29.036,90747.13729302216,-0.06426742706762488,91071.92155898412,90422.35302706019,649.5685319239274,0,91105.1,91275.2,0.0,0.0,0.0,0.0,0.3205620695376841,-1.0591906290804354,91202.2,91137.3,,,
2024-11-17 11:35:00+00:00,90815.5,90816.2,90780.1,90796.7,30.331,90747.07302559509,-0.06426742706762488,91071.85729155705,90422.28875963313,649.5685319239274,0,91105.1,91275.2,0.0,0.0,0.0,0.0,0.3205620695376841,-1.0591906290804354,91202.2,91137.3,,,
2024-11-17 11:36:00+00:00,90796.7,90894.9,90796.7,90863.4,178.038,90747.00875816801,-0.06426742706762488,91071.79302412998,90422.22449220605,649.5685319239274,1,91105.1,91275.2,-176.89302412998222,0.0,-0.2723238818328389,0.0,0.3205620695376841,-1.0591906290804354,91202.2,91137.3,,,
2024-11-17 11:37:00+00:00,90863.4,90883.8,90793.5,90800.0,83.244,90746.94449074095,-0.06426742706762488,91071.72875670291,90422.16022477899,649.5685319239274,0,91105.1,91275.2,0.0,0.0,0.0,0.0,0.3205620695376841,-1.0591906290804354,91202.2,91137.3,,,
2024-11-17 11:38:00+00:00,90800.0,90844.7,90739.4,90793.5,295.923,90746.88022331388,-0.06426742706762488,91071.66448927585,90422.09595735192,649.5685319239274,0,91105.1,91275.2,0.0,0.0,0.0,0.0,0.3205620695376841,-1.0591906290804354,91202.2,91137.3,,,
2024-11-17 11:39:00+00:00,90793.5,90793.6,90698.7,90710.3,38.065,90746.81595588682,-0.06426742706762488,91071.60022184878,90422.03168992486,649.5685319239274,0,91105.1,91275.2,0.0,0.0,0.0,0.0,0.3205620695376841,-1.0591906290804354,91202.2,91137.3,,,1.0
2024-11-17 11:40:00+00:00,90710.3,90738.0,90663.5,90674.8,46.039,90746.75168845974,-0.06426742706762488,91071.5359544217,90421.96742249778,649.5685319239274,0,91105.1,91275.2,0.0,0.0,0.0,0.0,0.3205620695376841,-1.0591906290804354,91202.2,91137.3,,,
2024-11-17 11:41:00+00:00,90674.8,90708.3,90651.0,90666.8,55.803,90746.68742103268,-0.06426742706762488,91071.47168699464,90421.90315507072,649.5685319239274,0,91105.1,91275.2,0.0,0.0,0.0,0.0,0.3205620695376841,-1.0591906290804354,91202.2,91137.3,,,
2024-11-17 11:42:00+00:00,90666.8,90712.9,90630.0,90705.5,39.316,90746.62315360561,-0.06426742706762488,91071.40741956758,90421.83888764365,649.5685319239274,0,91105.1,91275.2,0.0,0.0,0.0,0.0,0.3205620695376841,-1.0591906290804354,91202.2,91137.3,,,
2024-11-17 11:43:00+00:00,90705.5,90756.0,90705.4,90747.2,20.737,90746.55888617855,-0.06426742706762488,91071.34315214051,90421.77462021659,649.5685319239274,0,91105.1,91275.2,0.0,0.0,0.0,0.0,0.3205620695376841,-1.0591906290804354,91202.2,91137.3,,,
2024-11-17 11:44:00+00:00,90747.2,90765.6,90734.8,90765.6,15.875,90746.49461875147,-0.06426742706762488,91071.27888471344,90421.71035278951,649.5685319239274,0,91105.1,91275.2,0.0,0.0,0.0,0.0,0.3205620695376841,-1.0591906290804354,91202.2,91137.3,,,
2024-11-17 11:45:00+00:00,90765.6,90765.6,90719.2,90719.2,16.771,90746.43035132441,-0.06426742706762488,91071.21461728637,90421.64608536244,649.5685319239274,0,91105.1,91275.2,0.0,0.0,0.0,0.0,0.3205620695376841,-1.0591906290804354,91202.2,91137.3,,,1.0
2024-11-17 11:46:00+00:00,90719.2,90775.9,90719.2,90722.9,29.278,90746.36608389734,-0.06426742706762488,91071.15034985931,90421.58181793538,649.5685319239274,0,91105.1,91275.2,0.0,0.0,0.0,0.0,0.3205620695376841,-1.0591906290804354,91202.2,91137.3,,,
2024-11-17 11:47:00+00:00,90722.9,90722.9,90578.7,90605.7,169.19,90746.30181647027,-0.06426742706762488,91071.08608243223,90421.5175505083,649.5685319239274,-1,91105.1,91275.2,0.0,-157.18244949169457,0.0,-0.24197977852489722,0.3205620695376841,-1.0591906290804354,91202.2,91137.3,,,
2024-11-17 11:48:00+00:00,90605.7,90755.0,90605.7,90714.9,78.62,90746.2375490432,-0.06426742706762488,91071.02181500517,90421.45328308124,649.5685319239274,0,91105.1,91275.2,0.0,0.0,0.0,0.0,0.3205620695376841,-1.0591906290804354,91202.2,91137.3,,,
2024-11-17 11:49:00+00:00,90714.9,90755.0,90705.1,90709.4,32.158,90746.17328161614,-0.06426742706762488,91070.9575475781,90421.38901565417,649.5685319239274,0,91105.1,91275.2,0.0,0.0,0.0,0.0,0.3205620695376841,-1.0591906290804354,91202.2,91137.3,,,
2024-11-17 11:50:00+00:00,90709.4,90784.9,90708.9,90779.3,48.026,90746.10901418907,-0.06426742706762488,91070.89328015104,90421.32474822711,649.5685319239274,0,91105.1,91275.2,0.0,0.0,0.0,0.0,0.3205620695376841,-1.0591906290804354,91202.2,91137.3,,,
2024-11-17 11:51:00+00:00,90779.3,90907.8,90771.9,90831.9,164.626,90746.044746762,-0.06426742706762488,91070.82901272396,90421.26048080003,649.5685319239274,0,91105.1,91275.2,0.0,0.0,0.0,0.0,0.3205620695376841,-1.0591906290804354,91202.2,91137.3,,,
2024-11-17 11:52:00+00:00,90831.9,90855.9,90800.0,90800.0,34.954,90745.98047933493,-0.06426742706762488,91070.7647452969,90421.19621337297,649.5685319239274,0,91105.1,91275.2,0.0,0.0,0.0,0.0,0.3205620695376841,-1.0591906290804354,91202.2,91137.3,,,
2024-11-17 11:53:00+00:00,90800.0,90885.5,90789.1,90885.5,19.693,90745.91621190787,-0.06426742706762488,91070.70047786983,90421.1319459459,649.5685319239274,0,91105.1,91275.2,0.0,0.0,0.0,0.0,0.3205620695376841,-1.0591906290804354,91202.2,91137.3,,,
2024-11-17 11:54:00+00:00,90885.5,90885.5,90833.3,90849.9,41.323,90745.8519444808,-0.06426742706762488,91070.63621044277,90421.06767851884,649.5685319239274,0,91105.1,91275.2,0.0,0.0,0.0,0.0,0.3205620695376841,-1.0591906290804354,91202.2,91137.3,,,
2024-11-17 11:55:00+00:00,90849.9,90863.8,90833.3,90851.2,35.668,90745.78767705373,-0.06426742706762488,91070.57194301569,90421.00341109176,649.5685319239274,0,91105.1,91275.2,0.0,0.0,0.0,0.0,0.3205620695376841,-1.0591906290804354,91202.2,91137.3,,,
2024-11-17 11:56:00+00:00,90851.2,90944.6,90851.2,90888.7,144.361,90745.72340962666,-0.06426742706762488,91070.50767558863,90420.9391436647,649.5685319239274,1,91105.1,91275.2,-125.9076755886199,0.0,-0.19383278191709766,0.0,0.3205620695376841,-1.0591906290804354,91202.2,91137.3,,,
2024-11-17 11:57:00+00:00,90888.7,90925.1,90836.3,90836.3,79.984,90745.6591421996,-0.06426742706762488,91070.44340816156,90420.87487623763,649.5685319239274,0,91105.1,91275.2,0.0,0.0,0.0,0.0,0.3205620695376841,-1.0591906290804354,91202.2,91137.3,,,
2024-11-17 11:58:00+00:00,90836.3,90863.7,90786.3,90786.3,27.043,90745.59487477253,-0.06426742706762488,91070.3791407345,90420.81060881057,649.5685319239274,0,91105.1,91275.2,0.0,0.0,0.0,0.0,0.3205620695376841,-1.0591906290804354,91202.2,91137.3,,,
2024-11-17 11:59:00+00:00,90786.3,90805.1,90771.5,90771.5,19.831,90745.53060734546,-0.06426742706762488,91070.31487330742,90420.74634138349,649.5685319239274,0,91105.1,91275.2,0.0,0.0,0.0,0.0,0.3205620695376841,-1.0591906290804354,91202.2,91137.3,,,
2024-11-17 12:00:00+00:00,90771.5,90844.2,90761.2,90811.1,27.578,90745.46633991839,-0.06426742706762488,91070.25060588036,90420.68207395643,649.5685319239274,0,91105.1,91275.2,0.0,0.0,0.0,0.0,0.3205620695376841,-1.0591906290804354,91202.2,91137.3,,,
2024-11-17 12:01:00+00:00,90811.1,90844.1,90768.5,90820.6,25.222,90745.40207249133,-0.06426742706762488,91070.18633845329,90420.61780652936,649.5685319239274,0,91105.1,91275.2,0.0,0.0,0.0,0.0,0.3205620695376841,-1.0591906290804354,91202.2,91137.3,,,
2024-11-17 12:02:00+00:00,90820.6,90857.8,90715.1,90715.9,53.417,90745.33780506426,-0.06426742706762488,91070.12207102623,90420.5535391023,649.5685319239274,-1,91105.1,91275.2,0.0,-294.5464608977054,0.0,-0.45344939975048004,0.3205620695376841,-1.0591906290804354,91202.2,91137.3,,,1.0
2024-11-17 12:03:00+00:00,90715.9,90871.5,90715.9,90865.2,32.675,90745.27353763719,-0.06426742706762488,91070.05780359915,90420.48927167522,649.5685319239274,0,91105.1,91275.2,0.0,0.0,0.0,0.0,0.3205620695376841,-1.0591906290804354,91202.2,91137.3,,,
2024-11-17 12:04:00+00:00,90865.2,90885.1,90854.8,90872.6,20.424,90745.20927021012,-0.06426742706762488,91069.99353617209,90420.42500424816,649.5685319239274,0,91105.1,91275.2,0.0,0.0,0.0,0.0,0.3205620695376841,-1.0591906290804354,91202.2,91137.3,,,
2024-11-17 12:05:00+00:00,90872.6,90995.2,90870.0,90984.2,140.867,90745.14500278306,-0.06426742706762488,91069.92926874502,90420.3607368211,649.5685319239274,0,91105.1,91275.2,0.0,0.0,0.0,0.0,0.3205620695376841,-1.0591906290804354,91202.2,91137.3,,,
2024-11-17 12:06:00+00:00,90984.2,90984.2,90900.0,90963.8,123.326,90745.080735356,-0.06426742706762488,91069.86500131796,90420.29646939403,649.5685319239274,0,91105.1,91275.2,0.0,0.0,0.0,0.0,0.3205620695376841,-1.0591906290804354,91202.2,91137.3,,,
2024-11-17 12:07:00+00:00,90963.8,91023.3,90963.8,91023.3,109.663,90745.01646792892,-0.06426742706762488,91069.80073389088,90420.23220196695,649.5685319239274,0,91105.1,91275.2,0.0,0.0,0.0,0.0,0.3205620695376841,-1.0591906290804354,91202.2,91137.3,,,
2024-11-17 12:08:00+00:00,91023.3,91023.3,90958.0,90991.6,158.153,90744.95220050185,-0.06426742706762488,91069.73646646382,90420.16793453989,649.5685319239274,0,91105.1,91275.2,0.0,0.0,0.0,0.0,0.3205620695376841,-1.0591906290804354,91202.2,91137.3,,,
2024-11-17 12:09:00+00:00,90991.6,90998.5,90882.4,90912.2,145.942,90744.88793307479,-0.06426742706762488,91069.67219903675,90420.10366711282,649.5685319239274,0,91105.1,91275.2,0.0,0.0,0.0,0.0,0.3205620695376841,-1.0591906290804354,91202.2,91137.3,,,
2024-11-17 12:10:00+00:00,90912.2,91055.0,90899.0,91038.6,73.869,90744.82366564772,-0.06426742706762488,91069.60793160969,90420.03939968576,649.5685319239274,1,91105.1,91275.2,-14.607931609687512,0.0,-0.02248866884979934,0.0,0.3205620695376841,-1.0591906290804354,91202.2,91137.3,,,
2024-11-17 12:11:00+00:00,91038.6,91038.6,90882.6,90888.5,42.038,90744.75939822065,-0.06426742706762488,91069.54366418261,90419.97513225868,649.5685319239274,0,91105.1,91275.2,0.0,0.0,0.0,0.0,0.3205620695376841,-1.0591906290804354,91202.2,91137.3,,,
2024-11-17 12:12:00+00:00,90888.5,90916.6,90844.1,90844.1,68.942,90744.69513079358,-0.06426742706762488,91069.47939675555,90419.91086483162,649.5685319239274,0,91105.1,91275.2,0.0,0.0,0.0,0.0,0.3205620695376841,-1.0591906290804354,91202.2,91137.3,,,
2024-11-17 12:13:00+00:00,90844.1,90900.6,90818.7,90883.6,51.441,90744.63086336652,-0.06426742706762488,91069.41512932848,90419.84659740455,649.5685319239274,0,91105.1,91275.2,0.0,0.0,0.0,0.0,0.3205620695376841,-1.0591906290804354,91202.2,91137.3,,,
2024-11-17 12:14:00+00:00,90883.6,90959.5,90856.0,90918.0,36.99,90744.56659593945,-0.06426742706762488,91069.35086190142,90419.78232997749,649.5685319239274,0,91105.1,91275.2,0.0,0.0,0.0,0.0,0.3205620695376841,-1.0591906290804354,91202.2,91137.3,,,
2024-11-17 12:15:00+00:00,90918.0,90922.5,90809.4,90922.5,47.524,90744.50232851238,-0.06426742706762488,91069.28659447434,90419.71806255041,649.5685319239274,-1,91105.1,91275.2,0.0,-389.6819374495826,0.0,-0.5999088907453713,0.3205620695376841,-1.0591906290804354,91202.2,91137.3,,,
2024-11-17 12:16:00+00:00,90922.5,91004.4,90909.8,91004.2,43.882,90744.43806108531,-0.06426742706762488,91069.22232704728,90419.65379512335,649.5685319239274,0,91105.1,91275.2,0.0,0.0,0.0,0.0,0.3205620695376841,-1.0591906290804354,91202.2,91137.3,,,
2024-11-17 12:17:00+00:00,91004.2,91030.6,90957.5,91030.6,52.124,90744.37379365825,-0.06426742706762488,91069.15805962021,90419.58952769628,649.5685319239274,0,91105.1,91275.2,0.0,0.0,0.0,0.0,0.3205620695376841,-1.0591906290804354,91202.2,91137.3,,,
2024-11-17 12:18:00+00:00,91030.6,91040.3,91000.2,91030.0,31.537,90744.30952623118,-0.06426742706762488,91069.09379219315,90419.52526026922,649.5685319239274,0,91105.1,91275.2,0.0,0.0,0.0,0.0,0.3205620695376841,-1.0591906290804354,91202.2,91137.3,,,
2024-11-17 12:19:00+00:00,91030.0,91062.1,91021.6,91038.8,37.876,90744.2452588041,-0.06426742706762488,91069.02952476607,90419.46099284214,649.5685319239274,1,91105.1,91275.2,-6.929524766062968,0.0,-0.010667888645311567,0.0,0.3205620695376841,-1.0591906290804354,91202.2,91137.3,,,
2024-11-17 12:20:00+00:00,91038.8,91043.2,90985.6,90991.9,52.129,90744.18099137704,-0.06426742706762488,91068.965257339,90419.39672541508,649.5685319239274,0,91105.1,91275.2,0.0,0.0,0.0,0.0,0.3205620695376841,-1.0591906290804354,91202.2,91137.3,,,
2024-11-17 12:21:00+00:00,90991.9,91030.0,90932.0,90938.8,38.363,90744.11672394998,-0.06426742706762488,91068.90098991194,90419.33245798801,649.5685319239274,0,91105.1,91275.2,0.0,0.0,0.0,0.0,0.3205620695376841,-1.0591906290804354,91202.2,91137.3,,,
2024-11-17 12:22:00+00:00,90938.8,90976.8,90914.2,90914.2,10.024,90744.05245652291,-0.06426742706762488,91068.83672248488,90419.26819056095,649.5685319239274,0,91105.1,91275.2,0.0,0.0,0.0,0.0,0.3205620695376841,-1.0591906290804354,91202.2,91137.3,,,
2024-11-17 12:23:00+00:00,90914.2,90971.9,90901.0,90943.9,15.387,90743.98818909583,-0.06426742706762488,91068.7724550578,90419.20392313387,649.5685319239274,-1,91105.1,91275.2,0.0,-481.7960768661287,0.0,-0.7417170832446561,0.3205620695376841,-1.0591906290804354,91202.2,91137.3,,,
2024-11-17 12:24:00+00:00,90943.9,90955.9,90943.8,90949.7,4.329,90743.92392166877,-0.06426742706762488,91068.70818763073,90419.13965570681,649.5685319239274,0,91105.1,91275.2,0.0,0.0,0.0,0.0,0.3205620695376841,-1.0591906290804354,91202.2,91137.3,,,
2024-11-17 12:25:00+00:00,90949.7,90969.0,90940.6,90949.9,18.964,90743.8596542417,-0.06426742706762488,91068.64392020367,90419.07538827974,649.5685319239274,0,91105.1,91275.2,0.0,0.0,0.0,0.0,0.3205620695376841,-1.0591906290804354,91202.2,91137.3,,,
2024-11-17 12:26:00+00:00,90949.9,90985.1,90909.4,90938.9,20.679,90743.79538681463,-0.06426742706762488,91068.57965277659,90419.01112085267,649.5685319239274,0,91105.1,91275.2,0.0,0.0,0.0,0.0,0.3205620695376841,-1.0591906290804354,91202.2,91137.3,,,
2024-11-17 12:27:00+00:00,90938.9,90973.7,90930.1,90973.7,13.579,90743.73111938756,-0.06426742706762488,91068.51538534953,90418.9468534256,649.5685319239274,0,91105.1,91275.2,0.0,0.0,0.0,0.0,0.3205620695376841,-1.0591906290804354,91202.2,91137.3,,,
2024-11-17 12:28:00+00:00,90973.7,90973.7,90905.1,90935.9,12.603,90743.6668519605,-0.06426742706762488,91068.45111792246,90418.88258599854,649.5685319239274,0,91105.1,91275.2,0.0,0.0,0.0,0.0,0.3205620695376841,-1.0591906290804354,91202.2,91137.3,,,
2024-11-17 12:29:00+00:00,90935.9,90952.8,90912.7,90926.0,13.439,90743.60258453344,-0.06426742706762488,91068.3868504954,90418.81831857147,649.5685319239274,0,91105.1,91275.2,0.0,0.0,0.0,0.0,0.3205620695376841,-1.0591906290804354,91202.2,91137.3,,,
2024-11-17 12:30:00+00:00,90926.0,90927.8,90905.0,90918.4,11.423,90743.53831710636,-0.06426742706762488,91068.32258306832,90418.7540511444,649.5685319239274,0,91105.1,91275.2,0.0,0.0,0.0,0.0,0.3205620695376841,-1.0591906290804354,91202.2,91137.3,,,
2024-11-17 12:31:00+00:00,90918.4,90928.0,90912.1,90912.1,23.629,90743.4740496793,-0.06426742706762488,91068.25831564126,90418.68978371733,649.5685319239274,0,91105.1,91275.2,0.0,0.0,0.0,0.0,0.3205620695376841,-1.0591906290804354,91202.2,91137.3,,,
2024-11-17 12:32:00+00:00,90912.1,90943.8,90905.0,90931.6,12.545,90743.40978225223,-0.06426742706762488,91068.1940482142,90418.62551629027,649.5685319239274,0,91105.1,91275.2,0.0,0.0,0.0,0.0,0.3205620695376841,-1.0591906290804354,91202.2,91137.3,,,
2024-11-17 12:33:00+00:00,90931.6,90985.1,90924.0,90985.1,15.41,90743.34551482517,-0.06426742706762488,91068.12978078713,90418.5612488632,649.5685319239274,0,91105.1,91275.2,0.0,0.0,0.0,0.0,0.3205620695376841,-1.0591906290804354,91202.2,91137.3,,,
2024-11-17 12:34:00+00:00,90985.1,91012.5,90970.9,90971.1,15.225,90743.28124739809,-0.06426742706762488,91068.06551336005,90418.49698143612,649.5685319239274,1,91105.1,91275.2,-55.56551336005214,0.0,-0.08554218782039084,0.0,0.3205620695376841,-1.0591906290804354,91202.2,91137.3,,,
2024-11-17 12:35:00+00:00,90971.1,90971.1,90909.9,90934.1,26.196,90743.21697997102,-0.06426742706762488,91068.00124593299,90418.43271400906,649.5685319239274,0,91105.1,91275.2,0.0,0.0,0.0,0.0,0.3205620695376841,-1.0591906290804354,91202.2,91137.3,,,
2024-11-17 12:36:00+00:00,90934.1,90934.1,90887.4,90887.4,20.499,90743.15271254396,-0.06426742706762488,91067.93697850592,90418.368446582,649.5685319239274,0,91105.1,91275.2,0.0,0.0,0.0,0.0,0.3205620695376841,-1.0591906290804354,91202.2,91137.3,,,
2024-11-17 12:37:00+00:00,90887.4,90897.1,90867.0,90881.7,18.201,90743.0884451169,-0.06426742706762488,91067.87271107886,90418.30417915493,649.5685319239274,-1,91105.1,91275.2,0.0,-448.6958208450669,0.0,-0.6907597871406967,0.3205620695376841,-1.0591906290804354,91202.2,91137.3,,,
2024-11-17 12:38:00+00:00,90881.7,90915.6,90867.8,90891.4,13.279,90743.02417768982,-0.06426742706762488,91067.80844365178,90418.23991172785,649.5685319239274,0,91105.1,91275.2,0.0,0.0,0.0,0.0,0.3205620695376841,-1.0591906290804354,91202.2,91137.3,,,
2024-11-17 12:39:00+00:00,90891.4,90940.5,90891.4,90910.2,18.998,90742.95991026275,-0.06426742706762488,91067.74417622472,90418.17564430079,649.5685319239274,0,91105.1,91275.2,0.0,0.0,0.0,0.0,0.3205620695376841,-1.0591906290804354,91202.2,91137.3,,,
2024-11-17 12:40:00+00:00,90910.2,90919.4,90886.4,90917.2,8.203,90742.89564283569,-0.06426742706762488,91067.67990879765,90418.11137687373,649.5685319239274,0,91105.1,91275.2,0.0,0.0,0.0,0.0,0.3205620695376841,-1.0591906290804354,91202.2,91137.3,,,
2024-11-17 12:41:00+00:00,90917.2,90943.2,90917.1,90934.3,10.918,90742.83137540863,-0.06426742706762488,91067.61564137059,90418.04710944666,649.5685319239274,0,91105.1,91275.2,0.0,0.0,0.0,0.0,0.3205620695376841,-1.0591906290804354,91202.2,91137.3,,,
2024-11-17 12:42:00+00:00,90934.3,91011.2,90934.2,90987.6,22.425,90742.76710798155,-0.06426742706762488,91067.55137394351,90417.98284201958,649.5685319239274,0,91105.1,91275.2,0.0,0.0,0.0,0.0,0.3205620695376841,-1.0591906290804354,91202.2,91137.3,,,
2024-11-17 12:43:00+00:00,90987.6,91038.8,90966.4,91031.9,35.307,90742.70284055448,-0.06426742706762488,91067.48710651645,90417.91857459252,649.5685319239274,0,91105.1,91275.2,0.0,0.0,0.0,0.0,0.3205620695376841,-1.0591906290804354,91202.2,91137.3,,,
2024-11-17 12:44:00+00:00,91031.9,91070.0,91009.8,91069.9,32.728,90742.63857312742,-0.06426742706762488,91067.42283908938,90417.85430716546,649.5685319239274,0,91105.1,91275.2,0.0,0.0,0.0,0.0,0.3205620695376841,-1.0591906290804354,91202.2,91137.3,,,
2024-11-17 12:45:00+00:00,91069.9,91112.8,91038.0,91105.8,89.818,90742.57430570036,-0.06426742706762488,91067.35857166232,90417.7900397384,649.5685319239274,0,91105.1,91275.2,0.0,0.0,0.0,0.0,0.3205620695376841,-1.0591906290804354,91202.2,91137.3,,,
2024-11-17 12:46:00+00:00,91105.8,91200.0,91105.7,91176.6,151.135,90742.51003827328,-0.06426742706762488,91067.29430423524,90417.72577231131,649.5685319239274,0,91105.1,91275.2,0.0,0.0,0.0,0.0,0.3205620695376841,-1.0591906290804354,91202.2,91137.3,,,
2024-11-17 12:47:00+00:00,91176.6,91270.4,91176.3,91190.6,185.827,90742.44577084621,-0.06426742706762488,91067.23003680818,90417.66150488425,649.5685319239274,0,91105.1,91275.2,0.0,0.0,0.0,0.0,0.3205620695376841,-1.0591906290804354,91202.2,91137.3,,,
2024-11-17 12:48:00+00:00,91190.6,91218.6,91178.2,91178.2,38.893,90742.38150341915,-0.06426742706762488,91067.16576938111,90417.59723745719,649.5685319239274,0,91105.1,91275.2,0.0,0.0,0.0,0.0,0.3205620695376841,-1.0591906290804354,91202.2,91137.3,,,
2024-11-17 12:49:00+00:00,91178.2,91244.0,91174.4,91239.9,43.097,90742.31723599209,-0.06426742706762488,91067.10150195405,90417.53297003012,649.5685319239274,0,91105.1,91275.2,0.0,0.0,0.0,0.0,0.3205620695376841,-1.0591906290804354,91202.2,91137.3,,,
2024-11-17 12:50:00+00:00,91239.9,91264.8,91192.5,91230.0,47.755,90742.25296856501,-0.06426742706762488,91067.03723452697,90417.46870260304,649.5685319239274,0,91105.1,91275.2,0.0,0.0,0.0,0.0,0.3205620695376841,-1.0591906290804354,91202.2,91137.3,,,
2024-11-17 12:51:00+00:00,91230.0,91275.2,91202.2,91202.2,46.456,90742.18870113794,-0.06426742706762488,91066.97296709991,90417.40443517598,649.5685319239274,1,91105.1,91275.2,208.2270329000894,0.0,0.3205620695376841,0.0,0.3205620695376841,-1.0591906290804354,91202.2,91137.3,,,
2024-11-17 12:52:00+00:00,91202.2,91213.2,91159.7,91174.4,59.054,90742.12443371088,-0.06426742706762488,91066.90869967284,90417.34016774892,649.5685319239274,0,91105.1,91275.2,0.0,0.0,0.0,0.0,0.3205620695376841,-1.0591906290804354,91202.2,91137.3,,,
2024-11-17 12:53:00+00:00,91174.4,91200.3,91159.6,91170.1,29.158,90742.06016628382,-0.06426742706762488,91066.84443224578,90417.27590032185,649.5685319239274,0,91105.1,91275.2,0.0,0.0,0.0,0.0,0.3205620695376841,-1.0591906290804354,91202.2,91137.3,,,
2024-11-17 12:54:00+00:00,91170.1,91210.0,91170.0,91185.1,24.843,90741.99589885674,-0.06426742706762488,91066.7801648187,90417.21163289477,649.5685319239274,0,91105.1,91275.2,0.0,0.0,0.0,0.0,0.3205620695376841,-1.0591906290804354,91202.2,91137.3,,,
2024-11-17 12:55:00+00:00,91185.1,91227.1,91168.4,91168.4,23.305,90741.93163142967,-0.06426742706762488,91066.71589739164,90417.14736546771,649.5685319239274,0,91105.1,91275.2,0.0,0.0,0.0,0.0,0.3205620695376841,-1.0591906290804354,91202.2,91137.3,,,
2024-11-17 12:56:00+00:00,91168.4,91168.5,91105.1,91137.3,36.53,90741.86736400261,-0.06426742706762488,91066.65162996457,90417.08309804065,649.5685319239274,-1,91105.1,91275.2,0.0,-688.0169019593595,0.0,-1.0591906290804354,0.3205620695376841,-1.0591906290804354,91202.2,91137.3,,,
