2023-08-25 13:35:05,724 - INFO - Bot started successfully
2023-08-25 13:35:34,023 - INFO - SDPUSDT will be awailable at 2023-08-25 14:00:00 UTC, 0:24:25.976593 from now
2023-08-25 13:35:34,496 - INFO - Heartbeat
2023-08-25 13:36:36,807 - INFO - Heartbeat
2023-08-25 13:37:38,182 - INFO - Heartbeat
2023-08-25 13:38:40,491 - INFO - Heartbeat
2023-08-25 13:39:45,500 - INFO - Heartbeat
2023-08-25 13:40:47,737 - INFO - Heartbeat
2023-08-25 13:41:52,865 - INFO - Heartbeat
2023-08-25 13:42:55,217 - INFO - Heartbeat
2023-08-25 13:43:56,403 - INFO - Heartbeat
2023-08-25 13:44:57,815 - INFO - Heartbeat
2023-08-25 13:45:58,828 - INFO - Heartbeat
2023-08-25 13:47:00,890 - INFO - Heartbeat
2023-08-25 13:48:03,168 - INFO - Heartbeat
2023-08-25 13:49:04,171 - INFO - Heartbeat
2023-08-25 13:50:05,343 - INFO - Heartbeat
2023-08-25 13:51:07,068 - INFO - Heartbeat
2023-08-25 13:52:09,591 - INFO - Heartbeat
2023-08-25 13:53:11,402 - INFO - Heartbeat
2023-08-25 13:54:12,534 - INFO - Heartbeat
2023-08-25 13:55:13,667 - INFO - Heartbeat
2023-08-25 13:56:15,120 - INFO - Heartbeat
2023-08-25 13:57:16,274 - INFO - Heartbeat
2023-08-25 13:58:17,887 - INFO - SDPUSDT is about to launch, getting ready...
2023-08-25 13:59:00,659 - INFO - {'symbol': 'SDPUSDT', 'price': '0'}
2023-08-25 13:59:01,061 - INFO - {'symbol': 'SDPUSDT', 'price': '0'}
2023-08-25 13:59:01,803 - INFO - {'symbol': 'SDPUSDT', 'price': '0'}
2023-08-25 13:59:02,263 - INFO - {'symbol': 'SDPUSDT', 'price': '0'}
2023-08-25 13:59:02,980 - INFO - {'symbol': 'SDPUSDT', 'price': '0'}
2023-08-25 13:59:03,427 - INFO - {'symbol': 'SDPUSDT', 'price': '0'}
2023-08-25 13:59:03,875 - INFO - {'symbol': 'SDPUSDT', 'price': '0'}
2023-08-25 13:59:04,603 - INFO - {'symbol': 'SDPUSDT', 'price': '0'}
2023-08-25 13:59:05,122 - INFO - {'symbol': 'SDPUSDT', 'price': '0'}
2023-08-25 13:59:05,577 - INFO - {'symbol': 'SDPUSDT', 'price': '0'}
2023-08-25 13:59:05,973 - INFO - {'symbol': 'SDPUSDT', 'price': '0'}
2023-08-25 13:59:06,747 - INFO - {'symbol': 'SDPUSDT', 'price': '0'}
2023-08-25 13:59:07,262 - INFO - {'symbol': 'SDPUSDT', 'price': '0'}
2023-08-25 13:59:07,967 - INFO - {'symbol': 'SDPUSDT', 'price': '0'}
2023-08-25 13:59:08,407 - INFO - {'symbol': 'SDPUSDT', 'price': '0'}
2023-08-25 13:59:09,143 - INFO - {'symbol': 'SDPUSDT', 'price': '0'}
2023-08-25 13:59:09,565 - INFO - {'symbol': 'SDPUSDT', 'price': '0'}
2023-08-25 13:59:09,960 - INFO - {'symbol': 'SDPUSDT', 'price': '0'}
2023-08-25 13:59:10,652 - INFO - {'symbol': 'SDPUSDT', 'price': '0'}
2023-08-25 13:59:11,047 - INFO - {'symbol': 'SDPUSDT', 'price': '0'}
2023-08-25 13:59:11,554 - INFO - {'symbol': 'SDPUSDT', 'price': '0'}
2023-08-25 13:59:11,993 - INFO - {'symbol': 'SDPUSDT', 'price': '0'}
2023-08-25 13:59:12,389 - INFO - {'symbol': 'SDPUSDT', 'price': '0'}
2023-08-25 13:59:12,811 - INFO - {'symbol': 'SDPUSDT', 'price': '0'}
2023-08-25 13:59:13,411 - INFO - {'symbol': 'SDPUSDT', 'price': '0'}
2023-08-25 13:59:13,988 - INFO - {'symbol': 'SDPUSDT', 'price': '0'}
2023-08-25 13:59:14,714 - INFO - {'symbol': 'SDPUSDT', 'price': '0'}
2023-08-25 13:59:15,113 - INFO - {'symbol': 'SDPUSDT', 'price': '0'}
2023-08-25 13:59:15,680 - INFO - {'symbol': 'SDPUSDT', 'price': '0'}
2023-08-25 13:59:16,081 - INFO - {'symbol': 'SDPUSDT', 'price': '0'}
2023-08-25 13:59:16,830 - INFO - {'symbol': 'SDPUSDT', 'price': '0'}
2023-08-25 13:59:17,470 - INFO - {'symbol': 'SDPUSDT', 'price': '0'}
2023-08-25 13:59:17,928 - INFO - {'symbol': 'SDPUSDT', 'price': '0'}
2023-08-25 13:59:18,562 - INFO - {'symbol': 'SDPUSDT', 'price': '0'}
2023-08-25 13:59:18,980 - INFO - {'symbol': 'SDPUSDT', 'price': '0'}
2023-08-25 13:59:19,543 - INFO - {'symbol': 'SDPUSDT', 'price': '0'}
2023-08-25 13:59:20,014 - INFO - {'symbol': 'SDPUSDT', 'price': '0'}
2023-08-25 13:59:20,549 - INFO - {'symbol': 'SDPUSDT', 'price': '0'}
2023-08-25 13:59:20,944 - INFO - {'symbol': 'SDPUSDT', 'price': '0'}
2023-08-25 13:59:21,454 - INFO - {'symbol': 'SDPUSDT', 'price': '0'}
2023-08-25 13:59:21,949 - INFO - {'symbol': 'SDPUSDT', 'price': '0'}
2023-08-25 13:59:22,362 - INFO - {'symbol': 'SDPUSDT', 'price': '0'}
2023-08-25 13:59:22,847 - INFO - {'symbol': 'SDPUSDT', 'price': '0'}
2023-08-25 13:59:23,581 - INFO - {'symbol': 'SDPUSDT', 'price': '0'}
2023-08-25 13:59:23,974 - INFO - {'symbol': 'SDPUSDT', 'price': '0'}
2023-08-25 13:59:24,491 - INFO - {'symbol': 'SDPUSDT', 'price': '0'}
2023-08-25 13:59:24,997 - INFO - {'symbol': 'SDPUSDT', 'price': '0'}
2023-08-25 13:59:25,746 - INFO - {'symbol': 'SDPUSDT', 'price': '0'}
2023-08-25 13:59:26,159 - INFO - {'symbol': 'SDPUSDT', 'price': '0'}
2023-08-25 13:59:26,741 - INFO - {'symbol': 'SDPUSDT', 'price': '0'}
2023-08-25 13:59:27,462 - INFO - {'symbol': 'SDPUSDT', 'price': '0'}
2023-08-25 13:59:27,861 - INFO - {'symbol': 'SDPUSDT', 'price': '0'}
2023-08-25 13:59:28,373 - INFO - {'symbol': 'SDPUSDT', 'price': '0'}
2023-08-25 13:59:28,775 - INFO - {'symbol': 'SDPUSDT', 'price': '0'}
2023-08-25 13:59:29,195 - INFO - {'symbol': 'SDPUSDT', 'price': '0'}
2023-08-25 13:59:29,713 - INFO - {'symbol': 'SDPUSDT', 'price': '0'}
2023-08-25 13:59:30,175 - INFO - {'symbol': 'SDPUSDT', 'price': '0'}
2023-08-25 13:59:30,783 - INFO - {'symbol': 'SDPUSDT', 'price': '0'}
2023-08-25 13:59:31,495 - INFO - {'symbol': 'SDPUSDT', 'price': '0'}
2023-08-25 13:59:31,981 - INFO - {'symbol': 'SDPUSDT', 'price': '0'}
2023-08-25 13:59:32,376 - INFO - {'symbol': 'SDPUSDT', 'price': '0'}
2023-08-25 13:59:32,781 - INFO - {'symbol': 'SDPUSDT', 'price': '0'}
2023-08-25 13:59:33,434 - INFO - {'symbol': 'SDPUSDT', 'price': '0'}
2023-08-25 13:59:33,934 - INFO - {'symbol': 'SDPUSDT', 'price': '0'}
2023-08-25 13:59:34,449 - INFO - {'symbol': 'SDPUSDT', 'price': '0'}
2023-08-25 13:59:34,854 - INFO - {'symbol': 'SDPUSDT', 'price': '0'}
2023-08-25 13:59:35,275 - INFO - {'symbol': 'SDPUSDT', 'price': '0'}
2023-08-25 13:59:35,895 - INFO - {'symbol': 'SDPUSDT', 'price': '0'}
2023-08-25 13:59:36,525 - INFO - {'symbol': 'SDPUSDT', 'price': '0'}
2023-08-25 13:59:36,960 - INFO - {'symbol': 'SDPUSDT', 'price': '0'}
2023-08-25 13:59:37,608 - INFO - {'symbol': 'SDPUSDT', 'price': '0'}
2023-08-25 13:59:38,001 - INFO - {'symbol': 'SDPUSDT', 'price': '0'}
2023-08-25 13:59:38,530 - INFO - {'symbol': 'SDPUSDT', 'price': '0'}
2023-08-25 13:59:38,927 - INFO - {'symbol': 'SDPUSDT', 'price': '0'}
2023-08-25 13:59:39,320 - INFO - {'symbol': 'SDPUSDT', 'price': '0'}
2023-08-25 13:59:39,816 - INFO - {'symbol': 'SDPUSDT', 'price': '0'}
2023-08-25 13:59:40,357 - INFO - {'symbol': 'SDPUSDT', 'price': '0'}
2023-08-25 13:59:40,746 - INFO - {'symbol': 'SDPUSDT', 'price': '0'}
2023-08-25 13:59:41,521 - INFO - {'symbol': 'SDPUSDT', 'price': '0'}
2023-08-25 13:59:41,935 - INFO - {'symbol': 'SDPUSDT', 'price': '0'}
2023-08-25 13:59:42,680 - INFO - {'symbol': 'SDPUSDT', 'price': '0'}
2023-08-25 13:59:43,427 - INFO - {'symbol': 'SDPUSDT', 'price': '0'}
2023-08-25 13:59:43,874 - INFO - {'symbol': 'SDPUSDT', 'price': '0'}
2023-08-25 13:59:44,297 - INFO - {'symbol': 'SDPUSDT', 'price': '0'}
2023-08-25 13:59:44,695 - INFO - {'symbol': 'SDPUSDT', 'price': '0'}
2023-08-25 13:59:45,150 - INFO - {'symbol': 'SDPUSDT', 'price': '0'}
2023-08-25 13:59:45,749 - INFO - {'symbol': 'SDPUSDT', 'price': '0'}
2023-08-25 13:59:46,198 - INFO - {'symbol': 'SDPUSDT', 'price': '0'}
2023-08-25 13:59:46,602 - INFO - {'symbol': 'SDPUSDT', 'price': '0'}
2023-08-25 13:59:47,019 - INFO - {'symbol': 'SDPUSDT', 'price': '0'}
2023-08-25 13:59:47,404 - INFO - {'symbol': 'SDPUSDT', 'price': '0'}
2023-08-25 13:59:47,813 - INFO - {'symbol': 'SDPUSDT', 'price': '0'}
2023-08-25 13:59:48,208 - INFO - {'symbol': 'SDPUSDT', 'price': '0'}
2023-08-25 13:59:48,631 - INFO - {'symbol': 'SDPUSDT', 'price': '0'}
2023-08-25 13:59:49,014 - INFO - {'symbol': 'SDPUSDT', 'price': '0'}
2023-08-25 13:59:49,405 - INFO - {'symbol': 'SDPUSDT', 'price': '0'}
2023-08-25 13:59:49,802 - INFO - {'symbol': 'SDPUSDT', 'price': '0'}
2023-08-25 13:59:50,199 - INFO - {'symbol': 'SDPUSDT', 'price': '0'}
2023-08-25 13:59:50,584 - INFO - {'symbol': 'SDPUSDT', 'price': '0'}
2023-08-25 13:59:50,980 - INFO - {'symbol': 'SDPUSDT', 'price': '0'}
2023-08-25 13:59:51,385 - INFO - {'symbol': 'SDPUSDT', 'price': '0'}
2023-08-25 13:59:51,785 - INFO - {'symbol': 'SDPUSDT', 'price': '0'}
2023-08-25 13:59:52,175 - INFO - {'symbol': 'SDPUSDT', 'price': '0'}
2023-08-25 13:59:52,573 - INFO - {'symbol': 'SDPUSDT', 'price': '0'}
2023-08-25 13:59:52,957 - INFO - {'symbol': 'SDPUSDT', 'price': '0'}
2023-08-25 13:59:53,353 - INFO - {'symbol': 'SDPUSDT', 'price': '0'}
2023-08-25 13:59:53,745 - INFO - {'symbol': 'SDPUSDT', 'price': '0'}
2023-08-25 13:59:54,145 - INFO - {'symbol': 'SDPUSDT', 'price': '0'}
2023-08-25 13:59:54,546 - INFO - {'symbol': 'SDPUSDT', 'price': '0'}
2023-08-25 13:59:54,942 - INFO - {'symbol': 'SDPUSDT', 'price': '0'}
2023-08-25 13:59:55,338 - INFO - {'symbol': 'SDPUSDT', 'price': '0'}
2023-08-25 13:59:55,743 - INFO - {'symbol': 'SDPUSDT', 'price': '0'}
2023-08-25 13:59:56,138 - INFO - {'symbol': 'SDPUSDT', 'price': '0'}
2023-08-25 13:59:56,542 - INFO - {'symbol': 'SDPUSDT', 'price': '0'}
2023-08-25 13:59:56,931 - INFO - {'symbol': 'SDPUSDT', 'price': '0'}
2023-08-25 13:59:57,340 - INFO - {'symbol': 'SDPUSDT', 'price': '0'}
2023-08-25 13:59:57,739 - INFO - {'symbol': 'SDPUSDT', 'price': '0'}
2023-08-25 13:59:58,137 - INFO - {'symbol': 'SDPUSDT', 'price': '0'}
2023-08-25 13:59:58,533 - INFO - {'symbol': 'SDPUSDT', 'price': '0'}
2023-08-25 13:59:58,928 - INFO - {'symbol': 'SDPUSDT', 'price': '0'}
2023-08-25 13:59:59,317 - INFO - {'symbol': 'SDPUSDT', 'price': '0'}
2023-08-25 13:59:59,728 - INFO - {'symbol': 'SDPUSDT', 'price': '0'}
2023-08-25 14:00:00,131 - INFO - {'symbol': 'SDPUSDT', 'price': '0'}
2023-08-25 14:00:00,527 - INFO - {'symbol': 'SDPUSDT', 'price': '0'}
2023-08-25 14:00:00,911 - INFO - {'symbol': 'SDPUSDT', 'price': '0'}
2023-08-25 14:00:01,315 - INFO - {'symbol': 'SDPUSDT', 'price': '0.00044'}
2023-08-25 14:00:01,713 - INFO - {'symbol': 'SDPUSDT', 'price': '0.000438'}
2023-08-25 14:00:02,101 - INFO - {'symbol': 'SDPUSDT', 'price': '0.000444'}
2023-08-25 14:00:02,490 - INFO - {'symbol': 'SDPUSDT', 'price': '0.00044'}
2023-08-25 14:00:02,890 - INFO - {'symbol': 'SDPUSDT', 'price': '0.00044'}
2023-08-25 14:00:03,280 - INFO - {'symbol': 'SDPUSDT', 'price': '0.000444'}
2023-08-25 14:00:03,685 - INFO - {'symbol': 'SDPUSDT', 'price': '0.000401'}
2023-08-25 14:00:04,084 - INFO - {'symbol': 'SDPUSDT', 'price': '0.00041'}
2023-08-25 14:00:04,490 - INFO - {'symbol': 'SDPUSDT', 'price': '0.000437'}
2023-08-25 14:00:04,878 - INFO - {'symbol': 'SDPUSDT', 'price': '0.000411'}
2023-08-25 14:00:05,241 - INFO - {'symbol': 'SDPUSDT', 'price': '0.00041'}
2023-08-25 14:00:05,658 - INFO - {'symbol': 'SDPUSDT', 'price': '0.00041'}
2023-08-25 14:00:06,050 - INFO - {'symbol': 'SDPUSDT', 'price': '0.00041'}
2023-08-25 14:00:06,477 - INFO - {'symbol': 'SDPUSDT', 'price': '0.000436'}
2023-08-25 14:00:06,879 - INFO - {'symbol': 'SDPUSDT', 'price': '0.000436'}
2023-08-25 14:00:07,269 - INFO - {'symbol': 'SDPUSDT', 'price': '0.000399'}
2023-08-25 14:00:07,661 - INFO - {'symbol': 'SDPUSDT', 'price': '0.000332'}
2023-08-25 14:00:08,060 - INFO - {'symbol': 'SDPUSDT', 'price': '0.000332'}
2023-08-25 14:00:08,456 - INFO - {'symbol': 'SDPUSDT', 'price': '0.0004'}
2023-08-25 14:00:08,879 - INFO - {'symbol': 'SDPUSDT', 'price': '0.000332'}
2023-08-25 14:00:09,286 - INFO - {'symbol': 'SDPUSDT', 'price': '0.000332'}
2023-08-25 14:00:09,697 - INFO - {'symbol': 'SDPUSDT', 'price': '0.000332'}
2023-08-25 14:00:10,088 - INFO - {'symbol': 'SDPUSDT', 'price': '0.000333'}
2023-08-25 14:00:10,491 - INFO - {'symbol': 'SDPUSDT', 'price': '0.000394'}
2023-08-25 14:00:10,896 - INFO - {'symbol': 'SDPUSDT', 'price': '0.000327'}
2023-08-25 14:00:11,308 - INFO - {'symbol': 'SDPUSDT', 'price': '0.000335'}
2023-08-25 14:00:11,701 - INFO - {'symbol': 'SDPUSDT', 'price': '0.000335'}
2023-08-25 14:00:12,100 - INFO - {'symbol': 'SDPUSDT', 'price': '0.000394'}
2023-08-25 14:00:12,493 - INFO - {'symbol': 'SDPUSDT', 'price': '0.000335'}
2023-08-25 14:00:12,908 - INFO - {'symbol': 'SDPUSDT', 'price': '0.000394'}
2023-08-25 14:00:13,312 - INFO - {'symbol': 'SDPUSDT', 'price': '0.000337'}
2023-08-25 14:00:13,720 - INFO - {'symbol': 'SDPUSDT', 'price': '0.000327'}
2023-08-25 14:00:14,118 - INFO - {'symbol': 'SDPUSDT', 'price': '0.000327'}
2023-08-25 14:00:14,515 - INFO - {'symbol': 'SDPUSDT', 'price': '0.000327'}
2023-08-25 14:00:14,901 - INFO - {'symbol': 'SDPUSDT', 'price': '0.000327'}
2023-08-25 14:00:15,295 - INFO - {'symbol': 'SDPUSDT', 'price': '0.000326'}
2023-08-25 14:00:15,684 - INFO - {'symbol': 'SDPUSDT', 'price': '0.000326'}
2023-08-25 14:00:16,071 - INFO - {'symbol': 'SDPUSDT', 'price': '0.000326'}
2023-08-25 14:00:16,469 - INFO - {'symbol': 'SDPUSDT', 'price': '0.000323'}
2023-08-25 14:00:16,861 - INFO - {'symbol': 'SDPUSDT', 'price': '0.000323'}
2023-08-25 14:00:17,282 - INFO - {'symbol': 'SDPUSDT', 'price': '0.000322'}
2023-08-25 14:00:17,673 - INFO - {'symbol': 'SDPUSDT', 'price': '0.000322'}
2023-08-25 14:00:18,081 - INFO - {'symbol': 'SDPUSDT', 'price': '0.000323'}
2023-08-25 14:00:18,471 - INFO - {'symbol': 'SDPUSDT', 'price': '0.000302'}
2023-08-25 14:00:18,870 - INFO - {'symbol': 'SDPUSDT', 'price': '0.000321'}
2023-08-25 14:00:19,279 - INFO - {'symbol': 'SDPUSDT', 'price': '0.000302'}
2023-08-25 14:00:19,663 - INFO - {'symbol': 'SDPUSDT', 'price': '0.000301'}
2023-08-25 14:00:20,068 - INFO - {'symbol': 'SDPUSDT', 'price': '0.000301'}
2023-08-25 14:00:20,446 - INFO - {'symbol': 'SDPUSDT', 'price': '0.000301'}
2023-08-25 14:00:20,827 - INFO - {'symbol': 'SDPUSDT', 'price': '0.000301'}
2023-08-25 14:00:21,218 - INFO - {'symbol': 'SDPUSDT', 'price': '0.000301'}
2023-08-25 14:00:21,614 - INFO - {'symbol': 'SDPUSDT', 'price': '0.000301'}
2023-08-25 14:00:22,009 - INFO - {'symbol': 'SDPUSDT', 'price': '0.000301'}
2023-08-25 14:00:22,394 - INFO - {'symbol': 'SDPUSDT', 'price': '0.000301'}
2023-08-25 14:00:22,825 - INFO - {'symbol': 'SDPUSDT', 'price': '0.000301'}
2023-08-25 14:00:23,264 - INFO - {'symbol': 'SDPUSDT', 'price': '0.000296'}
2023-08-25 14:00:23,666 - INFO - {'symbol': 'SDPUSDT', 'price': '0.000296'}
2023-08-25 14:00:24,048 - INFO - {'symbol': 'SDPUSDT', 'price': '0.000294'}
2023-08-25 14:00:24,444 - INFO - {'symbol': 'SDPUSDT', 'price': '0.000294'}
2023-08-25 14:00:24,849 - INFO - {'symbol': 'SDPUSDT', 'price': '0.000237'}
2023-08-25 14:00:25,242 - INFO - {'symbol': 'SDPUSDT', 'price': '0.000294'}
2023-08-25 14:00:25,637 - INFO - {'symbol': 'SDPUSDT', 'price': '0.000237'}
2023-08-25 14:00:26,042 - INFO - {'symbol': 'SDPUSDT', 'price': '0.000294'}
2023-08-25 14:00:26,440 - INFO - {'symbol': 'SDPUSDT', 'price': '0.000237'}
2023-08-25 14:00:26,828 - INFO - {'symbol': 'SDPUSDT', 'price': '0.000241'}
2023-08-25 14:00:27,215 - INFO - {'symbol': 'SDPUSDT', 'price': '0.00024'}
2023-08-25 14:00:27,630 - INFO - {'symbol': 'SDPUSDT', 'price': '0.000242'}
2023-08-25 14:00:28,027 - INFO - {'symbol': 'SDPUSDT', 'price': '0.000241'}
2023-08-25 14:00:28,417 - INFO - {'symbol': 'SDPUSDT', 'price': '0.000241'}
2023-08-25 14:00:28,811 - INFO - {'symbol': 'SDPUSDT', 'price': '0.000242'}
2023-08-25 14:00:29,237 - INFO - {'symbol': 'SDPUSDT', 'price': '0.000241'}
2023-08-25 14:00:29,642 - INFO - {'symbol': 'SDPUSDT', 'price': '0.000241'}
2023-08-25 14:00:30,046 - INFO - {'symbol': 'SDPUSDT', 'price': '0.000243'}
2023-08-25 14:00:30,451 - INFO - {'symbol': 'SDPUSDT', 'price': '0.000243'}
2023-08-25 14:00:30,888 - INFO - {'symbol': 'SDPUSDT', 'price': '0.000243'}
2023-08-25 14:00:31,278 - INFO - {'symbol': 'SDPUSDT', 'price': '0.000242'}
2023-08-25 14:00:31,683 - INFO - {'symbol': 'SDPUSDT', 'price': '0.000243'}
2023-08-25 14:00:32,078 - INFO - {'symbol': 'SDPUSDT', 'price': '0.000242'}
2023-08-25 14:00:32,473 - INFO - {'symbol': 'SDPUSDT', 'price': '0.000242'}
2023-08-25 14:00:32,863 - INFO - {'symbol': 'SDPUSDT', 'price': '0.000242'}
2023-08-25 14:00:33,261 - INFO - {'symbol': 'SDPUSDT', 'price': '0.000242'}
2023-08-25 14:00:33,655 - INFO - {'symbol': 'SDPUSDT', 'price': '0.000235'}
2023-08-25 14:00:34,056 - INFO - {'symbol': 'SDPUSDT', 'price': '0.0002'}
2023-08-25 14:00:34,452 - INFO - {'symbol': 'SDPUSDT', 'price': '0.000232'}
2023-08-25 14:00:34,844 - INFO - {'symbol': 'SDPUSDT', 'price': '0.0002'}
2023-08-25 14:00:35,251 - INFO - {'symbol': 'SDPUSDT', 'price': '0.000232'}
2023-08-25 14:00:35,645 - INFO - {'symbol': 'SDPUSDT', 'price': '0.000232'}
2023-08-25 14:00:36,053 - INFO - {'symbol': 'SDPUSDT', 'price': '0.000232'}
2023-08-25 14:00:36,450 - INFO - {'symbol': 'SDPUSDT', 'price': '0.000235'}
2023-08-25 14:00:36,838 - INFO - {'symbol': 'SDPUSDT', 'price': '0.000232'}
2023-08-25 14:00:37,236 - INFO - {'symbol': 'SDPUSDT', 'price': '0.000235'}
2023-08-25 14:00:37,628 - INFO - {'symbol': 'SDPUSDT', 'price': '0.000232'}
2023-08-25 14:00:38,031 - INFO - {'symbol': 'SDPUSDT', 'price': '0.000232'}
2023-08-25 14:00:38,427 - INFO - {'symbol': 'SDPUSDT', 'price': '0.000232'}
2023-08-25 14:00:38,818 - INFO - {'symbol': 'SDPUSDT', 'price': '0.00023'}
2023-08-25 14:00:39,218 - INFO - {'symbol': 'SDPUSDT', 'price': '0.000232'}
2023-08-25 14:00:39,601 - INFO - {'symbol': 'SDPUSDT', 'price': '0.0002289'}
2023-08-25 14:00:40,009 - INFO - {'symbol': 'SDPUSDT', 'price': '0.0002289'}
2023-08-25 14:00:40,437 - INFO - {'symbol': 'SDPUSDT', 'price': '0.0002289'}
2023-08-25 14:00:40,836 - INFO - {'symbol': 'SDPUSDT', 'price': '0.0002289'}
2023-08-25 14:00:41,229 - INFO - {'symbol': 'SDPUSDT', 'price': '0.0002249'}
2023-08-25 14:00:41,625 - INFO - {'symbol': 'SDPUSDT', 'price': '0.0002249'}
2023-08-25 14:00:42,013 - INFO - {'symbol': 'SDPUSDT', 'price': '0.0002249'}
2023-08-25 14:00:42,426 - INFO - {'symbol': 'SDPUSDT', 'price': '0.0002249'}
2023-08-25 14:00:42,819 - INFO - {'symbol': 'SDPUSDT', 'price': '0.000212'}
2023-08-25 14:00:43,327 - INFO - {'symbol': 'SDPUSDT', 'price': '0.0002199'}
2023-08-25 14:00:43,717 - INFO - {'symbol': 'SDPUSDT', 'price': '0.000212'}
2023-08-25 14:00:44,111 - INFO - {'symbol': 'SDPUSDT', 'price': '0.000212'}
2023-08-25 14:00:44,499 - INFO - {'symbol': 'SDPUSDT', 'price': '0.0002199'}
2023-08-25 14:00:44,895 - INFO - {'symbol': 'SDPUSDT', 'price': '0.0002199'}
2023-08-25 14:00:45,293 - INFO - {'symbol': 'SDPUSDT', 'price': '0.0002199'}
2023-08-25 14:00:45,693 - INFO - {'symbol': 'SDPUSDT', 'price': '0.0002199'}
2023-08-25 14:00:46,083 - INFO - {'symbol': 'SDPUSDT', 'price': '0.0002121'}
2023-08-25 14:00:46,470 - INFO - {'symbol': 'SDPUSDT', 'price': '0.0002199'}
2023-08-25 14:00:46,866 - INFO - {'symbol': 'SDPUSDT', 'price': '0.0002199'}
2023-08-25 14:00:47,269 - INFO - {'symbol': 'SDPUSDT', 'price': '0.000216'}
2023-08-25 14:00:47,655 - INFO - {'symbol': 'SDPUSDT', 'price': '0.000216'}
2023-08-25 14:00:48,052 - INFO - {'symbol': 'SDPUSDT', 'price': '0.000219'}
2023-08-25 14:00:48,463 - INFO - {'symbol': 'SDPUSDT', 'price': '0.0002131'}
2023-08-25 14:00:48,847 - INFO - {'symbol': 'SDPUSDT', 'price': '0.0002131'}
2023-08-25 14:00:49,254 - INFO - {'symbol': 'SDPUSDT', 'price': '0.000212'}
2023-08-25 14:00:49,690 - INFO - {'symbol': 'SDPUSDT', 'price': '0.000212'}
2023-08-25 14:00:50,085 - INFO - {'symbol': 'SDPUSDT', 'price': '0.000213'}
2023-08-25 14:00:50,472 - INFO - {'symbol': 'SDPUSDT', 'price': '0.000213'}
2023-08-25 14:00:50,868 - INFO - {'symbol': 'SDPUSDT', 'price': '0.000215'}
2023-08-25 14:00:51,322 - INFO - {'symbol': 'SDPUSDT', 'price': '0.000215'}
2023-08-25 14:00:51,719 - INFO - {'symbol': 'SDPUSDT', 'price': '0.000215'}
2023-08-25 14:00:52,117 - INFO - {'symbol': 'SDPUSDT', 'price': '0.000215'}
2023-08-25 14:00:52,516 - INFO - {'symbol': 'SDPUSDT', 'price': '0.0002188'}
2023-08-25 14:00:52,920 - INFO - {'symbol': 'SDPUSDT', 'price': '0.0002188'}
2023-08-25 14:00:53,325 - INFO - {'symbol': 'SDPUSDT', 'price': '0.0002188'}
2023-08-25 14:00:53,727 - INFO - {'symbol': 'SDPUSDT', 'price': '0.000212'}
2023-08-25 14:00:54,117 - INFO - {'symbol': 'SDPUSDT', 'price': '0.000212'}
2023-08-25 14:00:54,507 - INFO - {'symbol': 'SDPUSDT', 'price': '0.000212'}
2023-08-25 14:00:54,906 - INFO - {'symbol': 'SDPUSDT', 'price': '0.000212'}
2023-08-25 14:00:55,308 - INFO - {'symbol': 'SDPUSDT', 'price': '0.000212'}
2023-08-25 14:00:55,703 - INFO - {'symbol': 'SDPUSDT', 'price': '0.000212'}
2023-08-25 14:00:56,165 - INFO - {'symbol': 'SDPUSDT', 'price': '0.000204'}
2023-08-25 14:00:56,568 - INFO - {'symbol': 'SDPUSDT', 'price': '0.000204'}
2023-08-25 14:00:56,969 - INFO - {'symbol': 'SDPUSDT', 'price': '0.000204'}
2023-08-25 14:00:57,366 - INFO - {'symbol': 'SDPUSDT', 'price': '0.000204'}
2023-08-25 14:00:57,772 - INFO - {'symbol': 'SDPUSDT', 'price': '0.000204'}
2023-08-25 14:00:58,208 - INFO - {'symbol': 'SDPUSDT', 'price': '0.0002'}
2023-08-25 14:00:58,598 - INFO - {'symbol': 'SDPUSDT', 'price': '0.0002'}
2023-08-25 14:00:58,999 - INFO - {'symbol': 'SDPUSDT', 'price': '0.0002'}
2023-08-25 14:00:59,404 - INFO - {'symbol': 'SDPUSDT', 'price': '0.0002'}
2023-08-25 14:00:59,801 - INFO - {'symbol': 'SDPUSDT', 'price': '0.0002'}
2023-08-25 14:01:00,200 - INFO - {'symbol': 'SDPUSDT', 'price': '0.0001999'}
2023-08-25 14:01:00,594 - INFO - {'symbol': 'SDPUSDT', 'price': '0.0001999'}
2023-08-25 14:01:00,986 - INFO - {'symbol': 'SDPUSDT', 'price': '0.0001841'}
2023-08-25 14:01:01,395 - INFO - {'symbol': 'SDPUSDT', 'price': '0.0001999'}
2023-08-25 14:01:01,770 - INFO - {'symbol': 'SDPUSDT', 'price': '0.0001841'}
2023-08-25 14:01:02,177 - INFO - {'symbol': 'SDPUSDT', 'price': '0.0001841'}
2023-08-25 14:01:02,569 - INFO - {'symbol': 'SDPUSDT', 'price': '0.0001841'}
2023-08-25 14:01:02,998 - INFO - {'symbol': 'SDPUSDT', 'price': '0.0001841'}
2023-08-25 14:01:03,403 - INFO - {'symbol': 'SDPUSDT', 'price': '0.0001841'}
2023-08-25 14:01:03,802 - INFO - {'symbol': 'SDPUSDT', 'price': '0.0001841'}
2023-08-25 14:01:04,224 - INFO - {'symbol': 'SDPUSDT', 'price': '0.0001841'}
2023-08-25 14:01:04,637 - INFO - {'symbol': 'SDPUSDT', 'price': '0.0001841'}
2023-08-25 14:01:05,038 - INFO - {'symbol': 'SDPUSDT', 'price': '0.0001841'}
2023-08-25 14:01:05,429 - INFO - {'symbol': 'SDPUSDT', 'price': '0.000182'}
2023-08-25 14:01:05,817 - INFO - {'symbol': 'SDPUSDT', 'price': '0.0001816'}
2023-08-25 14:01:06,217 - INFO - {'symbol': 'SDPUSDT', 'price': '0.000182'}
2023-08-25 14:01:06,632 - INFO - {'symbol': 'SDPUSDT', 'price': '0.0001816'}
2023-08-25 14:01:07,018 - INFO - {'symbol': 'SDPUSDT', 'price': '0.0001817'}
2023-08-25 14:01:07,425 - INFO - {'symbol': 'SDPUSDT', 'price': '0.0001816'}
2023-08-25 14:01:07,820 - INFO - {'symbol': 'SDPUSDT', 'price': '0.0001817'}
2023-08-25 14:01:08,226 - INFO - {'symbol': 'SDPUSDT', 'price': '0.0001817'}
2023-08-25 14:01:08,622 - INFO - {'symbol': 'SDPUSDT', 'price': '0.0001817'}
2023-08-25 14:01:09,039 - INFO - {'symbol': 'SDPUSDT', 'price': '0.0001831'}
2023-08-25 14:01:09,426 - INFO - {'symbol': 'SDPUSDT', 'price': '0.0001831'}
2023-08-25 14:01:09,829 - INFO - {'symbol': 'SDPUSDT', 'price': '0.0001831'}
2023-08-25 14:01:10,216 - INFO - {'symbol': 'SDPUSDT', 'price': '0.0001817'}
2023-08-25 14:01:10,614 - INFO - {'symbol': 'SDPUSDT', 'price': '0.0001831'}
2023-08-25 14:01:11,006 - INFO - {'symbol': 'SDPUSDT', 'price': '0.000184'}
2023-08-25 14:01:11,408 - INFO - {'symbol': 'SDPUSDT', 'price': '0.000184'}
2023-08-25 14:01:11,795 - INFO - {'symbol': 'SDPUSDT', 'price': '0.000184'}
2023-08-25 14:01:12,193 - INFO - {'symbol': 'SDPUSDT', 'price': '0.000181'}
2023-08-25 14:01:12,593 - INFO - {'symbol': 'SDPUSDT', 'price': '0.000184'}
2023-08-25 14:01:12,983 - INFO - {'symbol': 'SDPUSDT', 'price': '0.000184'}
2023-08-25 14:01:13,397 - INFO - {'symbol': 'SDPUSDT', 'price': '0.0001777'}
2023-08-25 14:01:14,251 - INFO - {'symbol': 'SDPUSDT', 'price': '0.0001777'}
2023-08-25 14:01:14,651 - INFO - {'symbol': 'SDPUSDT', 'price': '0.0001777'}
2023-08-25 14:01:15,041 - INFO - {'symbol': 'SDPUSDT', 'price': '0.0001777'}
2023-08-25 14:01:15,429 - INFO - {'symbol': 'SDPUSDT', 'price': '0.00018'}
2023-08-25 14:01:15,815 - INFO - {'symbol': 'SDPUSDT', 'price': '0.00018'}
2023-08-25 14:01:16,211 - INFO - {'symbol': 'SDPUSDT', 'price': '0.00018'}
2023-08-25 14:01:16,613 - INFO - {'symbol': 'SDPUSDT', 'price': '0.00018'}
2023-08-25 14:01:17,002 - INFO - {'symbol': 'SDPUSDT', 'price': '0.00018'}
2023-08-25 14:01:17,411 - INFO - {'symbol': 'SDPUSDT', 'price': '0.000176'}
2023-08-25 14:01:17,800 - INFO - {'symbol': 'SDPUSDT', 'price': '0.000176'}
2023-08-25 14:01:18,213 - INFO - {'symbol': 'SDPUSDT', 'price': '0.00017'}
2023-08-25 14:01:18,606 - INFO - {'symbol': 'SDPUSDT', 'price': '0.00017'}
2023-08-25 14:01:19,003 - INFO - {'symbol': 'SDPUSDT', 'price': '0.000173'}
2023-08-25 14:01:19,398 - INFO - {'symbol': 'SDPUSDT', 'price': '0.000173'}
2023-08-25 14:01:19,793 - INFO - {'symbol': 'SDPUSDT', 'price': '0.00015'}
2023-08-25 14:01:20,649 - INFO - {'symbol': 'SDPUSDT', 'price': '0.00015'}
2023-08-25 14:01:21,049 - INFO - {'symbol': 'SDPUSDT', 'price': '0.00015'}
2023-08-25 14:01:21,441 - INFO - {'symbol': 'SDPUSDT', 'price': '0.00015'}
2023-08-25 14:01:21,833 - INFO - {'symbol': 'SDPUSDT', 'price': '0.000162'}
2023-08-25 14:01:22,237 - INFO - {'symbol': 'SDPUSDT', 'price': '0.000162'}
2023-08-25 14:01:22,627 - INFO - {'symbol': 'SDPUSDT', 'price': '0.000162'}
2023-08-25 14:01:23,026 - INFO - {'symbol': 'SDPUSDT', 'price': '0.000159'}
2023-08-25 14:01:23,411 - INFO - {'symbol': 'SDPUSDT', 'price': '0.000159'}
2023-08-25 14:01:23,809 - INFO - {'symbol': 'SDPUSDT', 'price': '0.000159'}
2023-08-25 14:01:24,207 - INFO - {'symbol': 'SDPUSDT', 'price': '0.0001579'}
2023-08-25 14:01:24,606 - INFO - {'symbol': 'SDPUSDT', 'price': '0.000159'}
2023-08-25 14:01:25,023 - INFO - {'symbol': 'SDPUSDT', 'price': '0.000157'}
2023-08-25 14:01:25,417 - INFO - {'symbol': 'SDPUSDT', 'price': '0.000157'}
2023-08-25 14:01:25,843 - INFO - {'symbol': 'SDPUSDT', 'price': '0.000154'}
2023-08-25 14:01:26,253 - INFO - {'symbol': 'SDPUSDT', 'price': '0.000157'}
2023-08-25 14:01:26,647 - INFO - {'symbol': 'SDPUSDT', 'price': '0.000152'}
2023-08-25 14:01:27,030 - INFO - {'symbol': 'SDPUSDT', 'price': '0.00015'}
2023-08-25 14:01:27,418 - INFO - {'symbol': 'SDPUSDT', 'price': '0.000152'}
2023-08-25 14:01:27,811 - INFO - {'symbol': 'SDPUSDT', 'price': '0.00015'}
2023-08-25 14:01:28,211 - INFO - {'symbol': 'SDPUSDT', 'price': '0.00015'}
2023-08-25 14:01:28,601 - INFO - {'symbol': 'SDPUSDT', 'price': '0.00016'}
2023-08-25 14:01:29,001 - INFO - {'symbol': 'SDPUSDT', 'price': '0.00016'}
2023-08-25 14:01:29,403 - INFO - {'symbol': 'SDPUSDT', 'price': '0.00016'}
2023-08-25 14:01:29,828 - INFO - {'symbol': 'SDPUSDT', 'price': '0.00016'}
2023-08-25 14:01:30,217 - INFO - {'symbol': 'SDPUSDT', 'price': '0.0001777'}
2023-08-25 14:01:30,603 - INFO - {'symbol': 'SDPUSDT', 'price': '0.0001777'}
2023-08-25 14:01:31,005 - INFO - {'symbol': 'SDPUSDT', 'price': '0.0001777'}
2023-08-25 14:01:31,412 - INFO - {'symbol': 'SDPUSDT', 'price': '0.00016'}
2023-08-25 14:01:31,803 - INFO - {'symbol': 'SDPUSDT', 'price': '0.00016'}
2023-08-25 14:01:32,192 - INFO - {'symbol': 'SDPUSDT', 'price': '0.0001766'}
2023-08-25 14:01:32,599 - INFO - {'symbol': 'SDPUSDT', 'price': '0.00016'}
2023-08-25 14:01:33,003 - INFO - {'symbol': 'SDPUSDT', 'price': '0.0001766'}
2023-08-25 14:01:33,387 - INFO - {'symbol': 'SDPUSDT', 'price': '0.0001766'}
2023-08-25 14:01:33,782 - INFO - {'symbol': 'SDPUSDT', 'price': '0.0001766'}
2023-08-25 14:01:34,184 - INFO - {'symbol': 'SDPUSDT', 'price': '0.000162'}
2023-08-25 14:01:34,581 - INFO - {'symbol': 'SDPUSDT', 'price': '0.000162'}
2023-08-25 14:01:34,971 - INFO - {'symbol': 'SDPUSDT', 'price': '0.000162'}
2023-08-25 14:01:35,378 - INFO - {'symbol': 'SDPUSDT', 'price': '0.000162'}
2023-08-25 14:01:35,785 - INFO - {'symbol': 'SDPUSDT', 'price': '0.000162'}
2023-08-25 14:01:36,184 - INFO - {'symbol': 'SDPUSDT', 'price': '0.0001626'}
2023-08-25 14:01:36,577 - INFO - {'symbol': 'SDPUSDT', 'price': '0.0001626'}
2023-08-25 14:01:36,981 - INFO - {'symbol': 'SDPUSDT', 'price': '0.00017'}
2023-08-25 14:01:37,367 - INFO - {'symbol': 'SDPUSDT', 'price': '0.0001626'}
2023-08-25 14:01:37,750 - INFO - {'symbol': 'SDPUSDT', 'price': '0.00017'}
2023-08-25 14:01:38,166 - INFO - {'symbol': 'SDPUSDT', 'price': '0.00017'}
2023-08-25 14:01:38,577 - INFO - {'symbol': 'SDPUSDT', 'price': '0.000155'}
2023-08-25 14:01:38,974 - INFO - {'symbol': 'SDPUSDT', 'price': '0.00017'}
2023-08-25 14:01:39,370 - INFO - {'symbol': 'SDPUSDT', 'price': '0.000155'}
2023-08-25 14:01:39,757 - INFO - {'symbol': 'SDPUSDT', 'price': '0.000155'}
2023-08-25 14:01:40,187 - INFO - {'symbol': 'SDPUSDT', 'price': '0.000165'}
2023-08-25 14:01:40,588 - INFO - {'symbol': 'SDPUSDT', 'price': '0.000165'}
2023-08-25 14:01:40,975 - INFO - {'symbol': 'SDPUSDT', 'price': '0.000165'}
2023-08-25 14:01:41,366 - INFO - {'symbol': 'SDPUSDT', 'price': '0.00016'}
2023-08-25 14:01:41,752 - INFO - {'symbol': 'SDPUSDT', 'price': '0.000155'}
2023-08-25 14:01:42,135 - INFO - {'symbol': 'SDPUSDT', 'price': '0.000169'}
2023-08-25 14:01:42,541 - INFO - {'symbol': 'SDPUSDT', 'price': '0.00016'}
2023-08-25 14:01:42,931 - INFO - {'symbol': 'SDPUSDT', 'price': '0.00016'}
2023-08-25 14:01:43,334 - INFO - {'symbol': 'SDPUSDT', 'price': '0.00016'}
2023-08-25 14:01:43,733 - INFO - {'symbol': 'SDPUSDT', 'price': '0.00016'}
2023-08-25 14:01:44,132 - INFO - {'symbol': 'SDPUSDT', 'price': '0.0001557'}
2023-08-25 14:01:44,521 - INFO - {'symbol': 'SDPUSDT', 'price': '0.0001557'}
2023-08-25 14:01:44,922 - INFO - {'symbol': 'SDPUSDT', 'price': '0.0001557'}
2023-08-25 14:01:45,312 - INFO - {'symbol': 'SDPUSDT', 'price': '0.0001557'}
2023-08-25 14:01:45,728 - INFO - {'symbol': 'SDPUSDT', 'price': '0.0001557'}
2023-08-25 14:01:46,121 - INFO - {'symbol': 'SDPUSDT', 'price': '0.0001557'}
2023-08-25 14:01:46,521 - INFO - {'symbol': 'SDPUSDT', 'price': '0.000158'}
2023-08-25 14:01:46,916 - INFO - {'symbol': 'SDPUSDT', 'price': '0.000154'}
2023-08-25 14:01:47,304 - INFO - {'symbol': 'SDPUSDT', 'price': '0.000158'}
2023-08-25 14:01:47,731 - INFO - {'symbol': 'SDPUSDT', 'price': '0.000154'}
2023-08-25 14:01:48,149 - INFO - {'symbol': 'SDPUSDT', 'price': '0.000154'}
2023-08-25 14:01:48,554 - INFO - {'symbol': 'SDPUSDT', 'price': '0.000154'}
2023-08-25 14:01:48,955 - INFO - {'symbol': 'SDPUSDT', 'price': '0.000154'}
2023-08-25 14:01:49,356 - INFO - {'symbol': 'SDPUSDT', 'price': '0.000154'}
2023-08-25 14:01:49,722 - INFO - {'symbol': 'SDPUSDT', 'price': '0.000153'}
2023-08-25 14:01:50,126 - INFO - {'symbol': 'SDPUSDT', 'price': '0.000154'}
2023-08-25 14:01:50,542 - INFO - {'symbol': 'SDPUSDT', 'price': '0.00016'}
2023-08-25 14:01:50,932 - INFO - {'symbol': 'SDPUSDT', 'price': '0.00016'}
2023-08-25 14:01:51,320 - INFO - {'symbol': 'SDPUSDT', 'price': '0.00016'}
2023-08-25 14:01:51,726 - INFO - {'symbol': 'SDPUSDT', 'price': '0.00016'}
2023-08-25 14:01:52,118 - INFO - {'symbol': 'SDPUSDT', 'price': '0.000158'}
2023-08-25 14:01:52,523 - INFO - {'symbol': 'SDPUSDT', 'price': '0.000158'}
2023-08-25 14:01:52,915 - INFO - {'symbol': 'SDPUSDT', 'price': '0.000156'}
2023-08-25 14:01:53,322 - INFO - {'symbol': 'SDPUSDT', 'price': '0.000159'}
2023-08-25 14:01:53,710 - INFO - {'symbol': 'SDPUSDT', 'price': '0.000159'}
2023-08-25 14:01:54,118 - INFO - {'symbol': 'SDPUSDT', 'price': '0.000159'}
2023-08-25 14:01:54,533 - INFO - {'symbol': 'SDPUSDT', 'price': '0.000159'}
2023-08-25 14:01:54,931 - INFO - {'symbol': 'SDPUSDT', 'price': '0.000159'}
2023-08-25 14:01:55,291 - INFO - {'symbol': 'SDPUSDT', 'price': '0.000159'}
2023-08-25 14:01:55,688 - INFO - {'symbol': 'SDPUSDT', 'price': '0.000159'}
2023-08-25 14:01:56,075 - INFO - {'symbol': 'SDPUSDT', 'price': '0.000161'}
2023-08-25 14:01:56,468 - INFO - {'symbol': 'SDPUSDT', 'price': '0.000161'}
2023-08-25 14:01:56,852 - INFO - {'symbol': 'SDPUSDT', 'price': '0.000161'}
2023-08-25 14:01:57,255 - INFO - {'symbol': 'SDPUSDT', 'price': '0.000161'}
2023-08-25 14:01:57,652 - INFO - {'symbol': 'SDPUSDT', 'price': '0.000161'}
2023-08-25 14:01:58,040 - INFO - {'symbol': 'SDPUSDT', 'price': '0.000161'}
2023-08-25 14:01:58,439 - INFO - {'symbol': 'SDPUSDT', 'price': '0.000161'}
2023-08-25 14:01:58,865 - INFO - {'symbol': 'SDPUSDT', 'price': '0.000161'}
2023-08-25 14:01:59,283 - INFO - {'symbol': 'SDPUSDT', 'price': '0.000161'}
2023-08-25 14:01:59,694 - INFO - {'symbol': 'SDPUSDT', 'price': '0.000161'}
2023-08-25 14:02:00,082 - INFO - {'symbol': 'SDPUSDT', 'price': '0.000161'}
2023-08-25 14:02:00,471 - INFO - {'symbol': 'SDPUSDT', 'price': '0.000161'}
2023-08-25 14:02:00,943 - INFO - {'symbol': 'SDPUSDT', 'price': '0.0001611'}
2023-08-25 14:02:01,347 - INFO - {'symbol': 'SDPUSDT', 'price': '0.000161'}
2023-08-25 14:02:01,740 - INFO - {'symbol': 'SDPUSDT', 'price': '0.000161'}
2023-08-25 14:02:02,143 - INFO - {'symbol': 'SDPUSDT', 'price': '0.000161'}
2023-08-25 14:02:02,545 - INFO - {'symbol': 'SDPUSDT', 'price': '0.0001611'}
2023-08-25 14:02:02,939 - INFO - {'symbol': 'SDPUSDT', 'price': '0.0001611'}
2023-08-25 14:02:03,335 - INFO - {'symbol': 'SDPUSDT', 'price': '0.0001611'}
2023-08-25 14:02:03,732 - INFO - {'symbol': 'SDPUSDT', 'price': '0.0001611'}
2023-08-25 14:02:04,126 - INFO - {'symbol': 'SDPUSDT', 'price': '0.0001611'}
2023-08-25 14:02:04,528 - INFO - {'symbol': 'SDPUSDT', 'price': '0.0001611'}
2023-08-25 14:02:04,937 - INFO - {'symbol': 'SDPUSDT', 'price': '0.0001611'}
2023-08-25 14:02:05,332 - INFO - {'symbol': 'SDPUSDT', 'price': '0.0001611'}
2023-08-25 14:02:05,741 - INFO - {'symbol': 'SDPUSDT', 'price': '0.0001694'}
2023-08-25 14:02:06,122 - INFO - {'symbol': 'SDPUSDT', 'price': '0.0001611'}
2023-08-25 14:02:06,517 - INFO - {'symbol': 'SDPUSDT', 'price': '0.0001694'}
2023-08-25 14:02:06,918 - INFO - {'symbol': 'SDPUSDT', 'price': '0.0001694'}
2023-08-25 14:02:07,316 - INFO - {'symbol': 'SDPUSDT', 'price': '0.0001694'}
2023-08-25 14:02:07,702 - INFO - {'symbol': 'SDPUSDT', 'price': '0.0001629'}
2023-08-25 14:02:08,091 - INFO - {'symbol': 'SDPUSDT', 'price': '0.0001694'}
2023-08-25 14:02:08,481 - INFO - {'symbol': 'SDPUSDT', 'price': '0.000162'}
2023-08-25 14:02:08,875 - INFO - {'symbol': 'SDPUSDT', 'price': '0.0001629'}
2023-08-25 14:02:09,267 - INFO - {'symbol': 'SDPUSDT', 'price': '0.000169'}
2023-08-25 14:02:09,657 - INFO - {'symbol': 'SDPUSDT', 'price': '0.000161'}
2023-08-25 14:02:10,058 - INFO - {'symbol': 'SDPUSDT', 'price': '0.000161'}
2023-08-25 14:02:10,474 - INFO - {'symbol': 'SDPUSDT', 'price': '0.000168'}
2023-08-25 14:02:10,874 - INFO - {'symbol': 'SDPUSDT', 'price': '0.000168'}
2023-08-25 14:02:11,273 - INFO - {'symbol': 'SDPUSDT', 'price': '0.00017'}
2023-08-25 14:02:11,691 - INFO - {'symbol': 'SDPUSDT', 'price': '0.00017'}
2023-08-25 14:02:12,095 - INFO - {'symbol': 'SDPUSDT', 'price': '0.00017'}
2023-08-25 14:02:12,492 - INFO - {'symbol': 'SDPUSDT', 'price': '0.00017'}
2023-08-25 14:02:12,884 - INFO - {'symbol': 'SDPUSDT', 'price': '0.00017'}
2023-08-25 14:02:13,276 - INFO - {'symbol': 'SDPUSDT', 'price': '0.00016'}
2023-08-25 14:02:13,673 - INFO - {'symbol': 'SDPUSDT', 'price': '0.00016'}
2023-08-25 14:02:14,057 - INFO - {'symbol': 'SDPUSDT', 'price': '0.00016'}
2023-08-25 14:02:14,449 - INFO - {'symbol': 'SDPUSDT', 'price': '0.00016'}
2023-08-25 14:02:14,845 - INFO - {'symbol': 'SDPUSDT', 'price': '0.000169'}
2023-08-25 14:02:15,234 - INFO - {'symbol': 'SDPUSDT', 'price': '0.000169'}
2023-08-25 14:02:15,633 - INFO - {'symbol': 'SDPUSDT', 'price': '0.000169'}
2023-08-25 14:02:16,038 - INFO - {'symbol': 'SDPUSDT', 'price': '0.000169'}
2023-08-25 14:02:16,429 - INFO - {'symbol': 'SDPUSDT', 'price': '0.000169'}
2023-08-25 14:02:16,818 - INFO - {'symbol': 'SDPUSDT', 'price': '0.0001618'}
2023-08-25 14:02:17,229 - INFO - {'symbol': 'SDPUSDT', 'price': '0.0001628'}
2023-08-25 14:02:17,620 - INFO - {'symbol': 'SDPUSDT', 'price': '0.0001618'}
2023-08-25 14:02:18,022 - INFO - {'symbol': 'SDPUSDT', 'price': '0.0001628'}
2023-08-25 14:02:18,423 - INFO - {'symbol': 'SDPUSDT', 'price': '0.0001628'}
2023-08-25 14:02:18,820 - INFO - {'symbol': 'SDPUSDT', 'price': '0.0001628'}
2023-08-25 14:02:19,205 - INFO - {'symbol': 'SDPUSDT', 'price': '0.00016'}
2023-08-25 14:02:19,595 - INFO - {'symbol': 'SDPUSDT', 'price': '0.00016'}
2023-08-25 14:02:19,999 - INFO - {'symbol': 'SDPUSDT', 'price': '0.00016'}
2023-08-25 14:02:20,401 - INFO - {'symbol': 'SDPUSDT', 'price': '0.00016'}
2023-08-25 14:02:20,794 - INFO - {'symbol': 'SDPUSDT', 'price': '0.00016'}
2023-08-25 14:02:21,189 - INFO - {'symbol': 'SDPUSDT', 'price': '0.000167'}
2023-08-25 14:02:21,577 - INFO - {'symbol': 'SDPUSDT', 'price': '0.000167'}
2023-08-25 14:02:21,968 - INFO - {'symbol': 'SDPUSDT', 'price': '0.000167'}
2023-08-25 14:02:22,369 - INFO - {'symbol': 'SDPUSDT', 'price': '0.000167'}
2023-08-25 14:02:22,758 - INFO - {'symbol': 'SDPUSDT', 'price': '0.000156'}
2023-08-25 14:02:23,163 - INFO - {'symbol': 'SDPUSDT', 'price': '0.000156'}
2023-08-25 14:02:23,556 - INFO - {'symbol': 'SDPUSDT', 'price': '0.000156'}
2023-08-25 14:02:23,952 - INFO - {'symbol': 'SDPUSDT', 'price': '0.00016'}
2023-08-25 14:02:24,348 - INFO - {'symbol': 'SDPUSDT', 'price': '0.00016'}
2023-08-25 14:02:24,736 - INFO - {'symbol': 'SDPUSDT', 'price': '0.00016'}
2023-08-25 14:02:25,136 - INFO - {'symbol': 'SDPUSDT', 'price': '0.00016'}
2023-08-25 14:02:25,516 - INFO - {'symbol': 'SDPUSDT', 'price': '0.000159'}
2023-08-25 14:02:25,914 - INFO - {'symbol': 'SDPUSDT', 'price': '0.000159'}
2023-08-25 14:02:26,307 - INFO - {'symbol': 'SDPUSDT', 'price': '0.000159'}
2023-08-25 14:02:26,694 - INFO - {'symbol': 'SDPUSDT', 'price': '0.000159'}
2023-08-25 14:02:27,087 - INFO - {'symbol': 'SDPUSDT', 'price': '0.00016'}
2023-08-25 14:02:27,491 - INFO - {'symbol': 'SDPUSDT', 'price': '0.00016'}
2023-08-25 14:02:27,888 - INFO - {'symbol': 'SDPUSDT', 'price': '0.00016'}
2023-08-25 14:02:28,287 - INFO - {'symbol': 'SDPUSDT', 'price': '0.00016'}
2023-08-25 14:02:28,692 - INFO - {'symbol': 'SDPUSDT', 'price': '0.00016'}
2023-08-25 14:02:29,081 - INFO - {'symbol': 'SDPUSDT', 'price': '0.00016'}
2023-08-25 14:02:29,478 - INFO - {'symbol': 'SDPUSDT', 'price': '0.0001512'}
2023-08-25 14:02:29,862 - INFO - {'symbol': 'SDPUSDT', 'price': '0.00016'}
2023-08-25 14:02:30,263 - INFO - {'symbol': 'SDPUSDT', 'price': '0.0001512'}
2023-08-25 14:02:30,652 - INFO - {'symbol': 'SDPUSDT', 'price': '0.0001505'}
2023-08-25 14:02:31,038 - INFO - {'symbol': 'SDPUSDT', 'price': '0.0001512'}
2023-08-25 14:02:31,426 - INFO - {'symbol': 'SDPUSDT', 'price': '0.0001512'}
2023-08-25 14:02:31,809 - INFO - {'symbol': 'SDPUSDT', 'price': '0.0001501'}
2023-08-25 14:02:32,208 - INFO - {'symbol': 'SDPUSDT', 'price': '0.0001501'}
2023-08-25 14:02:32,591 - INFO - {'symbol': 'SDPUSDT', 'price': '0.0001501'}
2023-08-25 14:02:33,047 - INFO - {'symbol': 'SDPUSDT', 'price': '0.0001501'}
2023-08-25 14:02:33,443 - INFO - {'symbol': 'SDPUSDT', 'price': '0.0001501'}
2023-08-25 14:02:33,838 - INFO - {'symbol': 'SDPUSDT', 'price': '0.0001505'}
2023-08-25 14:02:34,241 - INFO - {'symbol': 'SDPUSDT', 'price': '0.0001505'}
2023-08-25 14:02:34,643 - INFO - {'symbol': 'SDPUSDT', 'price': '0.0001505'}
2023-08-25 14:02:35,046 - INFO - {'symbol': 'SDPUSDT', 'price': '0.00015'}
2023-08-25 14:02:35,440 - INFO - {'symbol': 'SDPUSDT', 'price': '0.0001435'}
2023-08-25 14:02:35,848 - INFO - {'symbol': 'SDPUSDT', 'price': '0.00015'}
2023-08-25 14:02:36,235 - INFO - {'symbol': 'SDPUSDT', 'price': '0.00015'}
2023-08-25 14:02:36,640 - INFO - {'symbol': 'SDPUSDT', 'price': '0.00015'}
2023-08-25 14:02:37,044 - INFO - {'symbol': 'SDPUSDT', 'price': '0.000149'}
2023-08-25 14:02:37,447 - INFO - {'symbol': 'SDPUSDT', 'price': '0.000149'}
2023-08-25 14:02:37,840 - INFO - {'symbol': 'SDPUSDT', 'price': '0.000149'}
2023-08-25 14:02:38,238 - INFO - {'symbol': 'SDPUSDT', 'price': '0.0001435'}
2023-08-25 14:02:38,665 - INFO - {'symbol': 'SDPUSDT', 'price': '0.0001435'}
2023-08-25 14:02:39,053 - INFO - {'symbol': 'SDPUSDT', 'price': '0.0001435'}
2023-08-25 14:02:39,445 - INFO - {'symbol': 'SDPUSDT', 'price': '0.0001435'}
2023-08-25 14:02:39,844 - INFO - {'symbol': 'SDPUSDT', 'price': '0.0001605'}
2023-08-25 14:02:40,242 - INFO - {'symbol': 'SDPUSDT', 'price': '0.0001605'}
2023-08-25 14:02:40,623 - INFO - {'symbol': 'SDPUSDT', 'price': '0.0001605'}
2023-08-25 14:02:41,015 - INFO - {'symbol': 'SDPUSDT', 'price': '0.0001605'}
2023-08-25 14:02:41,424 - INFO - {'symbol': 'SDPUSDT', 'price': '0.000143'}
2023-08-25 14:02:41,815 - INFO - {'symbol': 'SDPUSDT', 'price': '0.000143'}
2023-08-25 14:02:42,179 - INFO - {'symbol': 'SDPUSDT', 'price': '0.00015'}
2023-08-25 14:02:42,578 - INFO - {'symbol': 'SDPUSDT', 'price': '0.000143'}
2023-08-25 14:02:42,980 - INFO - {'symbol': 'SDPUSDT', 'price': '0.000143'}
2023-08-25 14:02:43,396 - INFO - {'symbol': 'SDPUSDT', 'price': '0.0001435'}
2023-08-25 14:02:43,788 - INFO - {'symbol': 'SDPUSDT', 'price': '0.0001435'}
2023-08-25 14:02:44,181 - INFO - {'symbol': 'SDPUSDT', 'price': '0.0001435'}
2023-08-25 14:02:44,617 - INFO - {'symbol': 'SDPUSDT', 'price': '0.0001435'}
2023-08-25 14:02:45,035 - INFO - {'symbol': 'SDPUSDT', 'price': '0.000144'}
2023-08-25 14:02:45,439 - INFO - {'symbol': 'SDPUSDT', 'price': '0.000144'}
2023-08-25 14:02:45,845 - INFO - {'symbol': 'SDPUSDT', 'price': '0.000144'}
2023-08-25 14:02:46,240 - INFO - {'symbol': 'SDPUSDT', 'price': '0.000144'}
2023-08-25 14:02:46,638 - INFO - {'symbol': 'SDPUSDT', 'price': '0.00015'}
2023-08-25 14:02:47,032 - INFO - {'symbol': 'SDPUSDT', 'price': '0.00015'}
2023-08-25 14:02:47,428 - INFO - {'symbol': 'SDPUSDT', 'price': '0.00015'}
2023-08-25 14:02:47,827 - INFO - {'symbol': 'SDPUSDT', 'price': '0.00015'}
2023-08-25 14:02:48,220 - INFO - {'symbol': 'SDPUSDT', 'price': '0.00015'}
2023-08-25 14:02:48,675 - INFO - {'symbol': 'SDPUSDT', 'price': '0.00015'}
2023-08-25 14:02:49,058 - INFO - {'symbol': 'SDPUSDT', 'price': '0.00015'}
2023-08-25 14:02:49,447 - INFO - {'symbol': 'SDPUSDT', 'price': '0.00015'}
2023-08-25 14:02:49,854 - INFO - {'symbol': 'SDPUSDT', 'price': '0.00015'}
2023-08-25 14:02:50,243 - INFO - {'symbol': 'SDPUSDT', 'price': '0.00015'}
2023-08-25 14:02:50,631 - INFO - {'symbol': 'SDPUSDT', 'price': '0.00015'}
2023-08-25 14:02:51,017 - INFO - {'symbol': 'SDPUSDT', 'price': '0.00015'}
2023-08-25 14:02:51,411 - INFO - {'symbol': 'SDPUSDT', 'price': '0.00015'}
2023-08-25 14:02:51,824 - INFO - {'symbol': 'SDPUSDT', 'price': '0.00015'}
2023-08-25 14:02:52,230 - INFO - {'symbol': 'SDPUSDT', 'price': '0.00015'}
2023-08-25 14:02:52,643 - INFO - {'symbol': 'SDPUSDT', 'price': '0.00015'}
2023-08-25 14:02:53,032 - INFO - {'symbol': 'SDPUSDT', 'price': '0.00015'}
2023-08-25 14:02:53,418 - INFO - {'symbol': 'SDPUSDT', 'price': '0.00015'}
2023-08-25 14:02:53,836 - INFO - {'symbol': 'SDPUSDT', 'price': '0.00015'}
2023-08-25 14:02:54,237 - INFO - {'symbol': 'SDPUSDT', 'price': '0.00015'}
2023-08-25 14:02:54,633 - INFO - {'symbol': 'SDPUSDT', 'price': '0.00015'}
2023-08-25 14:02:55,022 - INFO - {'symbol': 'SDPUSDT', 'price': '0.00015'}
2023-08-25 14:02:55,414 - INFO - {'symbol': 'SDPUSDT', 'price': '0.00015'}
2023-08-25 14:02:55,806 - INFO - {'symbol': 'SDPUSDT', 'price': '0.00015'}
2023-08-25 14:02:56,203 - INFO - {'symbol': 'SDPUSDT', 'price': '0.00015'}
2023-08-25 14:02:56,600 - INFO - {'symbol': 'SDPUSDT', 'price': '0.00015'}
2023-08-25 14:02:57,001 - INFO - {'symbol': 'SDPUSDT', 'price': '0.00015'}
2023-08-25 14:02:57,397 - INFO - {'symbol': 'SDPUSDT', 'price': '0.00015'}
2023-08-25 14:02:57,800 - INFO - {'symbol': 'SDPUSDT', 'price': '0.00015'}
2023-08-25 14:02:58,202 - INFO - {'symbol': 'SDPUSDT', 'price': '0.00015'}
2023-08-25 14:02:58,598 - INFO - {'symbol': 'SDPUSDT', 'price': '0.00015'}
2023-08-25 14:02:59,012 - INFO - {'symbol': 'SDPUSDT', 'price': '0.00015'}
2023-08-25 14:02:59,413 - INFO - {'symbol': 'SDPUSDT', 'price': '0.00015'}
2023-08-25 14:02:59,806 - INFO - {'symbol': 'SDPUSDT', 'price': '0.00015'}
2023-08-25 14:03:00,197 - INFO - {'symbol': 'SDPUSDT', 'price': '0.00015'}
2023-08-25 14:03:00,663 - INFO - {'symbol': 'SDPUSDT', 'price': '0.00015'}
2023-08-25 14:03:01,052 - INFO - {'symbol': 'SDPUSDT', 'price': '0.00015'}
2023-08-25 14:03:01,449 - INFO - {'symbol': 'SDPUSDT', 'price': '0.00015'}
2023-08-25 14:03:01,805 - INFO - {'symbol': 'SDPUSDT', 'price': '0.00015'}
2023-08-25 14:03:02,213 - INFO - {'symbol': 'SDPUSDT', 'price': '0.00015'}
2023-08-25 14:03:02,598 - INFO - {'symbol': 'SDPUSDT', 'price': '0.00015'}
2023-08-25 14:03:02,986 - INFO - {'symbol': 'SDPUSDT', 'price': '0.00015'}
2023-08-25 14:03:03,385 - INFO - {'symbol': 'SDPUSDT', 'price': '0.00015'}
2023-08-25 14:03:03,767 - INFO - {'symbol': 'SDPUSDT', 'price': '0.000148'}
2023-08-25 14:03:04,170 - INFO - {'symbol': 'SDPUSDT', 'price': '0.000148'}
2023-08-25 14:03:04,518 - INFO - {'symbol': 'SDPUSDT', 'price': '0.000148'}
2023-08-25 14:03:04,925 - INFO - {'symbol': 'SDPUSDT', 'price': '0.0001442'}
2023-08-25 14:03:05,327 - INFO - {'symbol': 'SDPUSDT', 'price': '0.0001442'}
2023-08-25 14:03:05,727 - INFO - {'symbol': 'SDPUSDT', 'price': '0.0001442'}
2023-08-25 14:03:06,108 - INFO - {'symbol': 'SDPUSDT', 'price': '0.0001442'}
2023-08-25 14:03:06,500 - INFO - {'symbol': 'SDPUSDT', 'price': '0.00015'}
2023-08-25 14:03:06,908 - INFO - {'symbol': 'SDPUSDT', 'price': '0.0001442'}
2023-08-25 14:03:07,302 - INFO - {'symbol': 'SDPUSDT', 'price': '0.00015'}
2023-08-25 14:03:07,691 - INFO - {'symbol': 'SDPUSDT', 'price': '0.00015'}
2023-08-25 14:03:08,082 - INFO - {'symbol': 'SDPUSDT', 'price': '0.00015'}
2023-08-25 14:03:08,479 - INFO - {'symbol': 'SDPUSDT', 'price': '0.00015'}
2023-08-25 14:03:08,886 - INFO - {'symbol': 'SDPUSDT', 'price': '0.00015'}
2023-08-25 14:03:09,274 - INFO - {'symbol': 'SDPUSDT', 'price': '0.00015'}
2023-08-25 14:03:09,670 - INFO - {'symbol': 'SDPUSDT', 'price': '0.00015'}
2023-08-25 14:03:10,125 - INFO - {'symbol': 'SDPUSDT', 'price': '0.00015'}
2023-08-25 14:03:10,526 - INFO - {'symbol': 'SDPUSDT', 'price': '0.00015'}
2023-08-25 14:03:10,917 - INFO - {'symbol': 'SDPUSDT', 'price': '0.00015'}
2023-08-25 14:03:11,300 - INFO - {'symbol': 'SDPUSDT', 'price': '0.00015'}
2023-08-25 14:03:11,704 - INFO - {'symbol': 'SDPUSDT', 'price': '0.00015'}
2023-08-25 14:03:12,110 - INFO - {'symbol': 'SDPUSDT', 'price': '0.00015'}
2023-08-25 14:03:12,517 - INFO - {'symbol': 'SDPUSDT', 'price': '0.00015'}
2023-08-25 14:03:12,909 - INFO - {'symbol': 'SDPUSDT', 'price': '0.0001564'}
2023-08-25 14:03:13,304 - INFO - {'symbol': 'SDPUSDT', 'price': '0.00015'}
2023-08-25 14:03:13,716 - INFO - {'symbol': 'SDPUSDT', 'price': '0.0001564'}
2023-08-25 14:03:14,097 - INFO - {'symbol': 'SDPUSDT', 'price': '0.0001564'}
2023-08-25 14:03:14,489 - INFO - {'symbol': 'SDPUSDT', 'price': '0.00015'}
2023-08-25 14:03:14,899 - INFO - {'symbol': 'SDPUSDT', 'price': '0.00015'}
2023-08-25 14:03:15,302 - INFO - {'symbol': 'SDPUSDT', 'price': '0.00015'}
2023-08-25 14:03:15,692 - INFO - {'symbol': 'SDPUSDT', 'price': '0.00015'}
2023-08-25 14:03:16,095 - INFO - {'symbol': 'SDPUSDT', 'price': '0.00015'}
2023-08-25 14:03:16,540 - INFO - {'symbol': 'SDPUSDT', 'price': '0.00015'}
2023-08-25 14:03:16,942 - INFO - {'symbol': 'SDPUSDT', 'price': '0.00015'}
2023-08-25 14:03:17,341 - INFO - {'symbol': 'SDPUSDT', 'price': '0.00015'}
2023-08-25 14:03:17,734 - INFO - {'symbol': 'SDPUSDT', 'price': '0.00015'}
2023-08-25 14:03:18,128 - INFO - {'symbol': 'SDPUSDT', 'price': '0.00015'}
2023-08-25 14:03:18,518 - INFO - {'symbol': 'SDPUSDT', 'price': '0.00015'}
2023-08-25 14:03:18,920 - INFO - {'symbol': 'SDPUSDT', 'price': '0.00015'}
2023-08-25 14:03:19,314 - INFO - {'symbol': 'SDPUSDT', 'price': '0.00015'}
2023-08-25 14:03:19,701 - INFO - {'symbol': 'SDPUSDT', 'price': '0.00015'}
2023-08-25 14:03:20,104 - INFO - {'symbol': 'SDPUSDT', 'price': '0.00015'}
2023-08-25 14:03:20,495 - INFO - {'symbol': 'SDPUSDT', 'price': '0.0001547'}
2023-08-25 14:03:20,887 - INFO - {'symbol': 'SDPUSDT', 'price': '0.00015'}
2023-08-25 14:03:21,286 - INFO - {'symbol': 'SDPUSDT', 'price': '0.0001547'}
2023-08-25 14:03:21,697 - INFO - {'symbol': 'SDPUSDT', 'price': '0.0001547'}
2023-08-25 14:03:22,083 - INFO - {'symbol': 'SDPUSDT', 'price': '0.0001547'}
2023-08-25 14:03:22,481 - INFO - {'symbol': 'SDPUSDT', 'price': '0.0001547'}
2023-08-25 14:03:22,889 - INFO - {'symbol': 'SDPUSDT', 'price': '0.000155'}
2023-08-25 14:03:23,268 - INFO - {'symbol': 'SDPUSDT', 'price': '0.0001547'}
2023-08-25 14:03:23,659 - INFO - {'symbol': 'SDPUSDT', 'price': '0.000155'}
2023-08-25 14:03:24,040 - INFO - {'symbol': 'SDPUSDT', 'price': '0.000155'}
2023-08-25 14:03:24,436 - INFO - {'symbol': 'SDPUSDT', 'price': '0.000155'}
2023-08-25 14:03:24,840 - INFO - {'symbol': 'SDPUSDT', 'price': '0.000155'}
2023-08-25 14:03:25,223 - INFO - {'symbol': 'SDPUSDT', 'price': '0.000155'}
2023-08-25 14:03:25,580 - INFO - {'symbol': 'SDPUSDT', 'price': '0.000155'}
2023-08-25 14:03:25,977 - INFO - {'symbol': 'SDPUSDT', 'price': '0.000155'}
2023-08-25 14:03:26,369 - INFO - {'symbol': 'SDPUSDT', 'price': '0.000155'}
2023-08-25 14:03:26,750 - INFO - {'symbol': 'SDPUSDT', 'price': '0.000155'}
2023-08-25 14:03:27,134 - INFO - {'symbol': 'SDPUSDT', 'price': '0.000155'}
2023-08-25 14:03:27,533 - INFO - {'symbol': 'SDPUSDT', 'price': '0.000155'}
2023-08-25 14:03:27,941 - INFO - {'symbol': 'SDPUSDT', 'price': '0.000155'}
2023-08-25 14:03:28,347 - INFO - {'symbol': 'SDPUSDT', 'price': '0.000155'}
2023-08-25 14:03:28,731 - INFO - {'symbol': 'SDPUSDT', 'price': '0.0001579'}
2023-08-25 14:03:29,135 - INFO - {'symbol': 'SDPUSDT', 'price': '0.0001579'}
2023-08-25 14:03:29,517 - INFO - {'symbol': 'SDPUSDT', 'price': '0.0001579'}
2023-08-25 14:03:29,912 - INFO - {'symbol': 'SDPUSDT', 'price': '0.0001579'}
2023-08-25 14:03:30,332 - INFO - {'symbol': 'SDPUSDT', 'price': '0.0001579'}
2023-08-25 14:03:30,725 - INFO - {'symbol': 'SDPUSDT', 'price': '0.00016'}
2023-08-25 14:03:31,111 - INFO - {'symbol': 'SDPUSDT', 'price': '0.00016'}
2023-08-25 14:03:31,507 - INFO - {'symbol': 'SDPUSDT', 'price': '0.00016'}
2023-08-25 14:03:31,901 - INFO - {'symbol': 'SDPUSDT', 'price': '0.00016'}
2023-08-25 14:03:32,288 - INFO - {'symbol': 'SDPUSDT', 'price': '0.00016'}
2023-08-25 14:03:32,691 - INFO - {'symbol': 'SDPUSDT', 'price': '0.00016'}
2023-08-25 14:03:33,097 - INFO - {'symbol': 'SDPUSDT', 'price': '0.00016'}
2023-08-25 14:03:33,506 - INFO - {'symbol': 'SDPUSDT', 'price': '0.0001688'}
2023-08-25 14:03:33,903 - INFO - {'symbol': 'SDPUSDT', 'price': '0.0001688'}
2023-08-25 14:03:34,311 - INFO - {'symbol': 'SDPUSDT', 'price': '0.0001688'}
2023-08-25 14:03:34,702 - INFO - {'symbol': 'SDPUSDT', 'price': '0.0001688'}
2023-08-25 14:03:35,096 - INFO - {'symbol': 'SDPUSDT', 'price': '0.0001688'}
2023-08-25 14:03:35,539 - INFO - {'symbol': 'SDPUSDT', 'price': '0.00017'}
2023-08-25 14:03:35,922 - INFO - {'symbol': 'SDPUSDT', 'price': '0.00017'}
2023-08-25 14:03:36,320 - INFO - {'symbol': 'SDPUSDT', 'price': '0.00017'}
2023-08-25 14:03:36,705 - INFO - {'symbol': 'SDPUSDT', 'price': '0.00017'}
2023-08-25 14:03:37,124 - INFO - {'symbol': 'SDPUSDT', 'price': '0.00017'}
2023-08-25 14:03:37,535 - INFO - {'symbol': 'SDPUSDT', 'price': '0.0001688'}
2023-08-25 14:03:37,955 - INFO - {'symbol': 'SDPUSDT', 'price': '0.0001699'}
2023-08-25 14:03:38,388 - INFO - {'symbol': 'SDPUSDT', 'price': '0.0001688'}
2023-08-25 14:03:38,788 - INFO - {'symbol': 'SDPUSDT', 'price': '0.0001688'}
2023-08-25 14:03:39,178 - INFO - {'symbol': 'SDPUSDT', 'price': '0.0001688'}
2023-08-25 14:03:39,577 - INFO - {'symbol': 'SDPUSDT', 'price': '0.0001688'}
2023-08-25 14:03:40,460 - INFO - {'symbol': 'SDPUSDT', 'price': '0.0001688'}
2023-08-25 14:03:40,848 - INFO - {'symbol': 'SDPUSDT', 'price': '0.0001688'}
2023-08-25 14:03:41,245 - INFO - {'symbol': 'SDPUSDT', 'price': '0.0001688'}
2023-08-25 14:03:41,648 - INFO - {'symbol': 'SDPUSDT', 'price': '0.0001688'}
2023-08-25 14:03:42,035 - INFO - {'symbol': 'SDPUSDT', 'price': '0.0001688'}
2023-08-25 14:03:42,427 - INFO - {'symbol': 'SDPUSDT', 'price': '0.0001688'}
2023-08-25 14:03:42,823 - INFO - {'symbol': 'SDPUSDT', 'price': '0.0001688'}
2023-08-25 14:03:43,245 - INFO - {'symbol': 'SDPUSDT', 'price': '0.0001688'}
2023-08-25 14:03:43,588 - INFO - {'symbol': 'SDPUSDT', 'price': '0.000163'}
2023-08-25 14:03:43,981 - INFO - {'symbol': 'SDPUSDT', 'price': '0.000163'}
2023-08-25 14:03:44,363 - INFO - {'symbol': 'SDPUSDT', 'price': '0.000163'}
2023-08-25 14:03:44,764 - INFO - {'symbol': 'SDPUSDT', 'price': '0.000163'}
2023-08-25 14:03:45,158 - INFO - {'symbol': 'SDPUSDT', 'price': '0.000163'}
2023-08-25 14:03:45,545 - INFO - {'symbol': 'SDPUSDT', 'price': '0.0001683'}
2023-08-25 14:03:45,942 - INFO - {'symbol': 'SDPUSDT', 'price': '0.0001683'}
2023-08-25 14:03:46,333 - INFO - {'symbol': 'SDPUSDT', 'price': '0.0001683'}
2023-08-25 14:03:46,723 - INFO - {'symbol': 'SDPUSDT', 'price': '0.000162'}
2023-08-25 14:03:47,124 - INFO - {'symbol': 'SDPUSDT', 'price': '0.000162'}
2023-08-25 14:03:47,519 - INFO - {'symbol': 'SDPUSDT', 'price': '0.0001683'}
2023-08-25 14:03:47,923 - INFO - {'symbol': 'SDPUSDT', 'price': '0.0001683'}
2023-08-25 14:03:48,309 - INFO - {'symbol': 'SDPUSDT', 'price': '0.0001683'}
2023-08-25 14:03:48,713 - INFO - {'symbol': 'SDPUSDT', 'price': '0.0001683'}
2023-08-25 14:03:49,101 - INFO - {'symbol': 'SDPUSDT', 'price': '0.0001683'}
2023-08-25 14:03:49,491 - INFO - {'symbol': 'SDPUSDT', 'price': '0.0001683'}
2023-08-25 14:03:49,881 - INFO - {'symbol': 'SDPUSDT', 'price': '0.0001683'}
2023-08-25 14:03:50,261 - INFO - {'symbol': 'SDPUSDT', 'price': '0.0001683'}
2023-08-25 14:03:50,670 - INFO - {'symbol': 'SDPUSDT', 'price': '0.0001683'}
2023-08-25 14:03:51,068 - INFO - {'symbol': 'SDPUSDT', 'price': '0.0001683'}
2023-08-25 14:03:51,475 - INFO - {'symbol': 'SDPUSDT', 'price': '0.0001683'}
2023-08-25 14:03:51,872 - INFO - {'symbol': 'SDPUSDT', 'price': '0.0001794'}
2023-08-25 14:03:52,261 - INFO - {'symbol': 'SDPUSDT', 'price': '0.0001794'}
2023-08-25 14:03:52,666 - INFO - {'symbol': 'SDPUSDT', 'price': '0.0001794'}
2023-08-25 14:03:53,071 - INFO - {'symbol': 'SDPUSDT', 'price': '0.0001794'}
2023-08-25 14:03:53,471 - INFO - {'symbol': 'SDPUSDT', 'price': '0.0001794'}
2023-08-25 14:03:53,871 - INFO - {'symbol': 'SDPUSDT', 'price': '0.0001794'}
2023-08-25 14:03:54,271 - INFO - {'symbol': 'SDPUSDT', 'price': '0.0001794'}
2023-08-25 14:03:54,671 - INFO - {'symbol': 'SDPUSDT', 'price': '0.0001794'}
2023-08-25 14:03:55,068 - INFO - {'symbol': 'SDPUSDT', 'price': '0.0001794'}
2023-08-25 14:03:55,474 - INFO - {'symbol': 'SDPUSDT', 'price': '0.0001794'}
2023-08-25 14:03:55,881 - INFO - {'symbol': 'SDPUSDT', 'price': '0.0001794'}
2023-08-25 14:03:56,278 - INFO - {'symbol': 'SDPUSDT', 'price': '0.0001794'}
2023-08-25 14:03:56,687 - INFO - {'symbol': 'SDPUSDT', 'price': '0.0001794'}
2023-08-25 14:03:57,084 - INFO - {'symbol': 'SDPUSDT', 'price': '0.0001794'}
2023-08-25 14:03:57,477 - INFO - {'symbol': 'SDPUSDT', 'price': '0.0001794'}
2023-08-25 14:03:57,878 - INFO - {'symbol': 'SDPUSDT', 'price': '0.000179'}
2023-08-25 14:03:58,285 - INFO - {'symbol': 'SDPUSDT', 'price': '0.0001794'}
2023-08-25 14:03:58,687 - INFO - {'symbol': 'SDPUSDT', 'price': '0.000179'}
2023-08-25 14:03:59,097 - INFO - {'symbol': 'SDPUSDT', 'price': '0.000179'}
2023-08-25 14:03:59,491 - INFO - {'symbol': 'SDPUSDT', 'price': '0.000179'}
2023-08-25 14:03:59,885 - INFO - {'symbol': 'SDPUSDT', 'price': '0.000179'}
2023-08-25 14:04:00,339 - INFO - {'symbol': 'SDPUSDT', 'price': '0.000179'}
2023-08-25 14:04:00,728 - INFO - {'symbol': 'SDPUSDT', 'price': '0.000179'}
2023-08-25 14:04:01,134 - INFO - {'symbol': 'SDPUSDT', 'price': '0.000179'}
2023-08-25 14:04:01,541 - INFO - {'symbol': 'SDPUSDT', 'price': '0.000179'}
2023-08-25 14:04:01,933 - INFO - {'symbol': 'SDPUSDT', 'price': '0.000179'}
2023-08-25 14:04:02,366 - INFO - {'symbol': 'SDPUSDT', 'price': '0.000179'}
2023-08-25 14:04:02,753 - INFO - {'symbol': 'SDPUSDT', 'price': '0.000179'}
2023-08-25 14:04:03,150 - INFO - {'symbol': 'SDPUSDT', 'price': '0.000179'}
2023-08-25 14:04:03,547 - INFO - {'symbol': 'SDPUSDT', 'price': '0.0001794'}
2023-08-25 14:04:03,946 - INFO - {'symbol': 'SDPUSDT', 'price': '0.0001794'}
2023-08-25 14:04:04,330 - INFO - {'symbol': 'SDPUSDT', 'price': '0.0001794'}
2023-08-25 14:04:04,728 - INFO - {'symbol': 'SDPUSDT', 'price': '0.0001794'}
2023-08-25 14:04:05,127 - INFO - {'symbol': 'SDPUSDT', 'price': '0.0001794'}
2023-08-25 14:04:05,524 - INFO - {'symbol': 'SDPUSDT', 'price': '0.0001794'}
2023-08-25 14:04:05,917 - INFO - {'symbol': 'SDPUSDT', 'price': '0.0001794'}
2023-08-25 14:04:06,329 - INFO - {'symbol': 'SDPUSDT', 'price': '0.0001794'}
2023-08-25 14:04:06,725 - INFO - {'symbol': 'SDPUSDT', 'price': '0.0001794'}
2023-08-25 14:04:07,124 - INFO - {'symbol': 'SDPUSDT', 'price': '0.0001794'}
2023-08-25 14:04:07,528 - INFO - {'symbol': 'SDPUSDT', 'price': '0.0001794'}
2023-08-25 14:04:07,930 - INFO - {'symbol': 'SDPUSDT', 'price': '0.0001794'}
2023-08-25 14:04:08,315 - INFO - {'symbol': 'SDPUSDT', 'price': '0.0001794'}
2023-08-25 14:04:08,712 - INFO - {'symbol': 'SDPUSDT', 'price': '0.0001794'}
2023-08-25 14:04:09,105 - INFO - {'symbol': 'SDPUSDT', 'price': '0.0001794'}
2023-08-25 14:04:09,493 - INFO - {'symbol': 'SDPUSDT', 'price': '0.0001794'}
2023-08-25 14:04:09,893 - INFO - {'symbol': 'SDPUSDT', 'price': '0.0001794'}
2023-08-25 14:04:10,301 - INFO - {'symbol': 'SDPUSDT', 'price': '0.0001794'}
2023-08-25 14:04:10,709 - INFO - {'symbol': 'SDPUSDT', 'price': '0.0001794'}
2023-08-25 14:04:11,126 - INFO - {'symbol': 'SDPUSDT', 'price': '0.0001794'}
2023-08-25 14:04:11,520 - INFO - {'symbol': 'SDPUSDT', 'price': '0.000179'}
2023-08-25 14:04:11,925 - INFO - {'symbol': 'SDPUSDT', 'price': '0.000179'}
2023-08-25 14:04:12,321 - INFO - {'symbol': 'SDPUSDT', 'price': '0.000179'}
2023-08-25 14:04:12,724 - INFO - {'symbol': 'SDPUSDT', 'price': '0.000179'}
2023-08-25 14:04:13,107 - INFO - {'symbol': 'SDPUSDT', 'price': '0.000171'}
2023-08-25 14:04:13,498 - INFO - {'symbol': 'SDPUSDT', 'price': '0.000171'}
2023-08-25 14:04:13,896 - INFO - {'symbol': 'SDPUSDT', 'price': '0.000171'}
2023-08-25 14:04:14,307 - INFO - {'symbol': 'SDPUSDT', 'price': '0.000171'}
2023-08-25 14:04:14,699 - INFO - {'symbol': 'SDPUSDT', 'price': '0.000171'}
2023-08-25 14:04:15,089 - INFO - {'symbol': 'SDPUSDT', 'price': '0.0001703'}
2023-08-25 14:04:15,524 - INFO - {'symbol': 'SDPUSDT', 'price': '0.000171'}
2023-08-25 14:04:15,917 - INFO - {'symbol': 'SDPUSDT', 'price': '0.0001703'}
2023-08-25 14:04:16,339 - INFO - {'symbol': 'SDPUSDT', 'price': '0.0001703'}
2023-08-25 14:04:16,733 - INFO - {'symbol': 'SDPUSDT', 'price': '0.0001703'}
2023-08-25 14:04:17,124 - INFO - {'symbol': 'SDPUSDT', 'price': '0.0001703'}
2023-08-25 14:04:17,514 - INFO - {'symbol': 'SDPUSDT', 'price': '0.0001703'}
2023-08-25 14:04:17,899 - INFO - {'symbol': 'SDPUSDT', 'price': '0.0001703'}
2023-08-25 14:04:18,340 - INFO - {'symbol': 'SDPUSDT', 'price': '0.0001703'}
2023-08-25 14:04:18,732 - INFO - {'symbol': 'SDPUSDT', 'price': '0.0001703'}
2023-08-25 14:04:19,130 - INFO - {'symbol': 'SDPUSDT', 'price': '0.00017'}
2023-08-25 14:04:19,543 - INFO - {'symbol': 'SDPUSDT', 'price': '0.00017'}
2023-08-25 14:04:19,946 - INFO - {'symbol': 'SDPUSDT', 'price': '0.00017'}
2023-08-25 14:04:20,349 - INFO - {'symbol': 'SDPUSDT', 'price': '0.00017'}
2023-08-25 14:04:20,738 - INFO - {'symbol': 'SDPUSDT', 'price': '0.0001683'}
2023-08-25 14:04:21,144 - INFO - {'symbol': 'SDPUSDT', 'price': '0.0001683'}
2023-08-25 14:04:21,548 - INFO - {'symbol': 'SDPUSDT', 'price': '0.0001683'}
2023-08-25 14:04:21,945 - INFO - {'symbol': 'SDPUSDT', 'price': '0.0001683'}
2023-08-25 14:04:22,331 - INFO - {'symbol': 'SDPUSDT', 'price': '0.0001683'}
2023-08-25 14:04:22,741 - INFO - {'symbol': 'SDPUSDT', 'price': '0.0001683'}
2023-08-25 14:04:23,124 - INFO - {'symbol': 'SDPUSDT', 'price': '0.0001683'}
2023-08-25 14:04:23,519 - INFO - {'symbol': 'SDPUSDT', 'price': '0.0001683'}
2023-08-25 14:04:23,905 - INFO - {'symbol': 'SDPUSDT', 'price': '0.0001683'}
2023-08-25 14:04:24,307 - INFO - {'symbol': 'SDPUSDT', 'price': '0.0001683'}
2023-08-25 14:04:24,692 - INFO - {'symbol': 'SDPUSDT', 'price': '0.000169'}
2023-08-25 14:04:25,081 - INFO - {'symbol': 'SDPUSDT', 'price': '0.000169'}
2023-08-25 14:04:25,465 - INFO - {'symbol': 'SDPUSDT', 'price': '0.0001683'}
2023-08-25 14:04:25,858 - INFO - {'symbol': 'SDPUSDT', 'price': '0.000169'}
2023-08-25 14:04:26,261 - INFO - {'symbol': 'SDPUSDT', 'price': '0.000169'}
2023-08-25 14:04:26,655 - INFO - {'symbol': 'SDPUSDT', 'price': '0.000169'}
2023-08-25 14:04:27,052 - INFO - {'symbol': 'SDPUSDT', 'price': '0.000169'}
2023-08-25 14:04:27,441 - INFO - {'symbol': 'SDPUSDT', 'price': '0.000169'}
2023-08-25 14:04:27,836 - INFO - {'symbol': 'SDPUSDT', 'price': '0.000169'}
2023-08-25 14:04:28,228 - INFO - {'symbol': 'SDPUSDT', 'price': '0.000169'}
2023-08-25 14:04:28,622 - INFO - {'symbol': 'SDPUSDT', 'price': '0.000169'}
2023-08-25 14:04:29,024 - INFO - {'symbol': 'SDPUSDT', 'price': '0.000169'}
2023-08-25 14:04:29,413 - INFO - {'symbol': 'SDPUSDT', 'price': '0.000169'}
2023-08-25 14:04:29,862 - INFO - {'symbol': 'SDPUSDT', 'price': '0.000169'}
2023-08-25 14:04:30,253 - INFO - {'symbol': 'SDPUSDT', 'price': '0.000169'}
2023-08-25 14:04:30,645 - INFO - {'symbol': 'SDPUSDT', 'price': '0.000171'}
2023-08-25 14:04:31,041 - INFO - {'symbol': 'SDPUSDT', 'price': '0.000171'}
2023-08-25 14:04:31,444 - INFO - {'symbol': 'SDPUSDT', 'price': '0.000171'}
2023-08-25 14:04:31,855 - INFO - {'symbol': 'SDPUSDT', 'price': '0.000171'}
2023-08-25 14:04:32,246 - INFO - {'symbol': 'SDPUSDT', 'price': '0.000171'}
2023-08-25 14:04:32,637 - INFO - {'symbol': 'SDPUSDT', 'price': '0.000171'}
2023-08-25 14:04:33,035 - INFO - {'symbol': 'SDPUSDT', 'price': '0.000171'}
2023-08-25 14:04:33,431 - INFO - {'symbol': 'SDPUSDT', 'price': '0.000171'}
2023-08-25 14:04:33,820 - INFO - {'symbol': 'SDPUSDT', 'price': '0.000171'}
2023-08-25 14:04:34,225 - INFO - {'symbol': 'SDPUSDT', 'price': '0.000171'}
2023-08-25 14:04:34,634 - INFO - {'symbol': 'SDPUSDT', 'price': '0.000171'}
2023-08-25 14:04:35,031 - INFO - {'symbol': 'SDPUSDT', 'price': '0.000171'}
2023-08-25 14:04:35,449 - INFO - {'symbol': 'SDPUSDT', 'price': '0.000179'}
2023-08-25 14:04:35,848 - INFO - {'symbol': 'SDPUSDT', 'price': '0.00018'}
2023-08-25 14:04:36,243 - INFO - {'symbol': 'SDPUSDT', 'price': '0.000179'}
2023-08-25 14:04:36,652 - INFO - {'symbol': 'SDPUSDT', 'price': '0.00018'}
2023-08-25 14:04:37,059 - INFO - {'symbol': 'SDPUSDT', 'price': '0.000179'}
2023-08-25 14:04:37,440 - INFO - {'symbol': 'SDPUSDT', 'price': '0.00018'}
2023-08-25 14:04:37,838 - INFO - {'symbol': 'SDPUSDT', 'price': '0.00018'}
2023-08-25 14:04:38,234 - INFO - {'symbol': 'SDPUSDT', 'price': '0.00018'}
2023-08-25 14:04:38,640 - INFO - {'symbol': 'SDPUSDT', 'price': '0.00018'}
2023-08-25 14:04:39,029 - INFO - {'symbol': 'SDPUSDT', 'price': '0.000171'}
2023-08-25 14:04:39,470 - INFO - {'symbol': 'SDPUSDT', 'price': '0.000171'}
2023-08-25 14:04:39,880 - INFO - {'symbol': 'SDPUSDT', 'price': '0.000171'}
2023-08-25 14:04:40,289 - INFO - {'symbol': 'SDPUSDT', 'price': '0.000188'}
2023-08-25 14:04:40,685 - INFO - {'symbol': 'SDPUSDT', 'price': '0.000188'}
2023-08-25 14:04:41,086 - INFO - {'symbol': 'SDPUSDT', 'price': '0.000188'}
2023-08-25 14:04:41,495 - INFO - {'symbol': 'SDPUSDT', 'price': '0.000188'}
2023-08-25 14:04:42,362 - INFO - {'symbol': 'SDPUSDT', 'price': '0.0001898'}
2023-08-25 14:04:42,747 - INFO - {'symbol': 'SDPUSDT', 'price': '0.0001898'}
2023-08-25 14:04:43,142 - INFO - {'symbol': 'SDPUSDT', 'price': '0.00019'}
2023-08-25 14:04:43,540 - INFO - {'symbol': 'SDPUSDT', 'price': '0.00019'}
2023-08-25 14:04:43,924 - INFO - {'symbol': 'SDPUSDT', 'price': '0.00019'}
2023-08-25 14:04:44,334 - INFO - {'symbol': 'SDPUSDT', 'price': '0.00019'}
2023-08-25 14:04:44,737 - INFO - {'symbol': 'SDPUSDT', 'price': '0.00019'}
2023-08-25 14:04:45,136 - INFO - {'symbol': 'SDPUSDT', 'price': '0.00019'}
2023-08-25 14:04:45,523 - INFO - {'symbol': 'SDPUSDT', 'price': '0.000188'}
2023-08-25 14:04:45,909 - INFO - {'symbol': 'SDPUSDT', 'price': '0.000188'}
2023-08-25 14:04:46,309 - INFO - {'symbol': 'SDPUSDT', 'price': '0.000188'}
2023-08-25 14:04:46,699 - INFO - {'symbol': 'SDPUSDT', 'price': '0.000188'}
2023-08-25 14:04:47,096 - INFO - {'symbol': 'SDPUSDT', 'price': '0.000188'}
2023-08-25 14:04:47,504 - INFO - {'symbol': 'SDPUSDT', 'price': '0.000188'}
2023-08-25 14:04:47,897 - INFO - {'symbol': 'SDPUSDT', 'price': '0.000188'}
2023-08-25 14:04:48,304 - INFO - {'symbol': 'SDPUSDT', 'price': '0.000188'}
2023-08-25 14:04:48,701 - INFO - {'symbol': 'SDPUSDT', 'price': '0.000188'}
2023-08-25 14:04:49,108 - INFO - {'symbol': 'SDPUSDT', 'price': '0.000188'}
2023-08-25 14:04:49,507 - INFO - {'symbol': 'SDPUSDT', 'price': '0.000188'}
2023-08-25 14:04:49,908 - INFO - {'symbol': 'SDPUSDT', 'price': '0.000188'}
2023-08-25 14:04:50,315 - INFO - {'symbol': 'SDPUSDT', 'price': '0.000188'}
2023-08-25 14:04:50,710 - INFO - {'symbol': 'SDPUSDT', 'price': '0.000188'}
2023-08-25 14:04:51,103 - INFO - {'symbol': 'SDPUSDT', 'price': '0.000188'}
2023-08-25 14:04:51,508 - INFO - {'symbol': 'SDPUSDT', 'price': '0.000188'}
2023-08-25 14:04:51,909 - INFO - {'symbol': 'SDPUSDT', 'price': '0.000188'}
2023-08-25 14:04:52,291 - INFO - {'symbol': 'SDPUSDT', 'price': '0.000188'}
2023-08-25 14:04:52,683 - INFO - {'symbol': 'SDPUSDT', 'price': '0.000188'}
2023-08-25 14:04:53,086 - INFO - {'symbol': 'SDPUSDT', 'price': '0.000188'}
2023-08-25 14:04:53,478 - INFO - {'symbol': 'SDPUSDT', 'price': '0.000188'}
2023-08-25 14:04:53,881 - INFO - {'symbol': 'SDPUSDT', 'price': '0.000188'}
2023-08-25 14:04:54,313 - INFO - {'symbol': 'SDPUSDT', 'price': '0.000184'}
2023-08-25 14:04:54,700 - INFO - {'symbol': 'SDPUSDT', 'price': '0.000188'}
2023-08-25 14:04:55,101 - INFO - {'symbol': 'SDPUSDT', 'price': '0.000184'}
2023-08-25 14:04:55,500 - INFO - {'symbol': 'SDPUSDT', 'price': '0.0001755'}
2023-08-25 14:04:55,885 - INFO - {'symbol': 'SDPUSDT', 'price': '0.000184'}
2023-08-25 14:04:56,292 - INFO - {'symbol': 'SDPUSDT', 'price': '0.0001755'}
2023-08-25 14:04:56,691 - INFO - {'symbol': 'SDPUSDT', 'price': '0.000175'}
2023-08-25 14:04:57,083 - INFO - {'symbol': 'SDPUSDT', 'price': '0.000175'}
2023-08-25 14:04:57,481 - INFO - {'symbol': 'SDPUSDT', 'price': '0.000175'}
2023-08-25 14:04:57,884 - INFO - {'symbol': 'SDPUSDT', 'price': '0.000175'}
2023-08-25 14:04:58,268 - INFO - {'symbol': 'SDPUSDT', 'price': '0.000175'}
2023-08-25 14:04:58,650 - INFO - {'symbol': 'SDPUSDT', 'price': '0.000175'}
2023-08-25 14:04:59,046 - INFO - {'symbol': 'SDPUSDT', 'price': '0.000175'}
2023-08-25 14:04:59,449 - INFO - {'symbol': 'SDPUSDT', 'price': '0.000184'}
2023-08-25 14:04:59,848 - INFO - {'symbol': 'SDPUSDT', 'price': '0.000184'}
2023-08-25 14:05:00,259 - INFO - {'symbol': 'SDPUSDT', 'price': '0.000184'}
2023-08-25 14:05:00,656 - INFO - {'symbol': 'SDPUSDT', 'price': '0.00018'}
2023-08-25 14:05:01,062 - INFO - {'symbol': 'SDPUSDT', 'price': '0.00018'}
2023-08-25 14:05:01,461 - INFO - {'symbol': 'SDPUSDT', 'price': '0.00018'}
2023-08-25 14:05:01,811 - INFO - {'symbol': 'SDPUSDT', 'price': '0.00018'}
2023-08-25 14:05:02,210 - INFO - {'symbol': 'SDPUSDT', 'price': '0.00018'}
2023-08-25 14:05:02,600 - INFO - {'symbol': 'SDPUSDT', 'price': '0.00018'}
2023-08-25 14:05:02,985 - INFO - {'symbol': 'SDPUSDT', 'price': '0.00018'}
2023-08-25 14:05:03,404 - INFO - {'symbol': 'SDPUSDT', 'price': '0.00019'}
2023-08-25 14:05:03,811 - INFO - {'symbol': 'SDPUSDT', 'price': '0.00018'}
2023-08-25 14:05:04,210 - INFO - {'symbol': 'SDPUSDT', 'price': '0.00019'}
2023-08-25 14:05:04,614 - INFO - {'symbol': 'SDPUSDT', 'price': '0.00019'}
2023-08-25 14:05:05,007 - INFO - {'symbol': 'SDPUSDT', 'price': '0.0001812'}
2023-08-25 14:05:05,425 - INFO - {'symbol': 'SDPUSDT', 'price': '0.0001812'}
2023-08-25 14:05:05,866 - INFO - {'symbol': 'SDPUSDT', 'price': '0.0001812'}
2023-08-25 14:05:06,266 - INFO - {'symbol': 'SDPUSDT', 'price': '0.0001812'}
2023-08-25 14:05:06,665 - INFO - {'symbol': 'SDPUSDT', 'price': '0.0001812'}
2023-08-25 14:05:07,066 - INFO - {'symbol': 'SDPUSDT', 'price': '0.0001812'}
2023-08-25 14:05:07,459 - INFO - {'symbol': 'SDPUSDT', 'price': '0.0001812'}
2023-08-25 14:05:07,853 - INFO - {'symbol': 'SDPUSDT', 'price': '0.0001812'}
2023-08-25 14:05:08,250 - INFO - {'symbol': 'SDPUSDT', 'price': '0.0001812'}
2023-08-25 14:05:08,641 - INFO - {'symbol': 'SDPUSDT', 'price': '0.0001812'}
2023-08-25 14:05:09,040 - INFO - {'symbol': 'SDPUSDT', 'price': '0.00019'}
2023-08-25 14:05:09,435 - INFO - {'symbol': 'SDPUSDT', 'price': '0.00019'}
2023-08-25 14:05:09,842 - INFO - {'symbol': 'SDPUSDT', 'price': '0.00019'}
2023-08-25 14:05:10,188 - INFO - {'symbol': 'SDPUSDT', 'price': '0.00019'}
2023-08-25 14:05:10,574 - INFO - {'symbol': 'SDPUSDT', 'price': '0.00019'}
2023-08-25 14:05:10,965 - INFO - {'symbol': 'SDPUSDT', 'price': '0.00019'}
2023-08-25 14:05:11,335 - INFO - {'symbol': 'SDPUSDT', 'price': '0.00019'}
2023-08-25 14:05:11,729 - INFO - {'symbol': 'SDPUSDT', 'price': '0.00019'}
2023-08-25 14:05:12,137 - INFO - {'symbol': 'SDPUSDT', 'price': '0.00019'}
2023-08-25 14:05:12,528 - INFO - {'symbol': 'SDPUSDT', 'price': '0.00019'}
2023-08-25 14:05:13,403 - INFO - {'symbol': 'SDPUSDT', 'price': '0.000189'}
2023-08-25 14:05:13,788 - INFO - {'symbol': 'SDPUSDT', 'price': '0.000189'}
2023-08-25 14:05:14,185 - INFO - {'symbol': 'SDPUSDT', 'price': '0.000189'}
2023-08-25 14:05:14,577 - INFO - {'symbol': 'SDPUSDT', 'price': '0.000182'}
2023-08-25 14:05:14,984 - INFO - {'symbol': 'SDPUSDT', 'price': '0.0001812'}
2023-08-25 14:05:15,367 - INFO - {'symbol': 'SDPUSDT', 'price': '0.0001812'}
2023-08-25 14:05:15,759 - INFO - {'symbol': 'SDPUSDT', 'price': '0.00018'}
2023-08-25 14:05:16,162 - INFO - {'symbol': 'SDPUSDT', 'price': '0.0001812'}
2023-08-25 14:05:16,567 - INFO - {'symbol': 'SDPUSDT', 'price': '0.00018'}
2023-08-25 14:05:16,966 - INFO - {'symbol': 'SDPUSDT', 'price': '0.00018'}
2023-08-25 14:05:17,358 - INFO - {'symbol': 'SDPUSDT', 'price': '0.00018'}
2023-08-25 14:05:17,754 - INFO - {'symbol': 'SDPUSDT', 'price': '0.0001812'}
2023-08-25 14:05:18,149 - INFO - {'symbol': 'SDPUSDT', 'price': '0.0001812'}
2023-08-25 14:05:18,540 - INFO - {'symbol': 'SDPUSDT', 'price': '0.0001812'}
2023-08-25 14:05:18,941 - INFO - {'symbol': 'SDPUSDT', 'price': '0.0001812'}
2023-08-25 14:05:19,345 - INFO - {'symbol': 'SDPUSDT', 'price': '0.0001812'}
2023-08-25 14:05:19,743 - INFO - {'symbol': 'SDPUSDT', 'price': '0.0001812'}
2023-08-25 14:05:20,141 - INFO - {'symbol': 'SDPUSDT', 'price': '0.0001812'}
2023-08-25 14:05:20,541 - INFO - {'symbol': 'SDPUSDT', 'price': '0.00018'}
2023-08-25 14:05:20,931 - INFO - {'symbol': 'SDPUSDT', 'price': '0.0001812'}
2023-08-25 14:05:21,332 - INFO - {'symbol': 'SDPUSDT', 'price': '0.000187'}
2023-08-25 14:05:21,715 - INFO - {'symbol': 'SDPUSDT', 'price': '0.000187'}
2023-08-25 14:05:22,108 - INFO - {'symbol': 'SDPUSDT', 'price': '0.000187'}
2023-08-25 14:05:22,514 - INFO - {'symbol': 'SDPUSDT', 'price': '0.000187'}
2023-08-25 14:05:22,915 - INFO - {'symbol': 'SDPUSDT', 'price': '0.000187'}
2023-08-25 14:05:23,310 - INFO - {'symbol': 'SDPUSDT', 'price': '0.000187'}
2023-08-25 14:05:23,700 - INFO - {'symbol': 'SDPUSDT', 'price': '0.000187'}
2023-08-25 14:05:24,105 - INFO - {'symbol': 'SDPUSDT', 'price': '0.0001899'}
2023-08-25 14:05:24,505 - INFO - {'symbol': 'SDPUSDT', 'price': '0.000187'}
2023-08-25 14:05:24,894 - INFO - {'symbol': 'SDPUSDT', 'price': '0.0001899'}
2023-08-25 14:05:25,293 - INFO - {'symbol': 'SDPUSDT', 'price': '0.0001899'}
2023-08-25 14:05:25,694 - INFO - {'symbol': 'SDPUSDT', 'price': '0.0001899'}
2023-08-25 14:05:26,103 - INFO - {'symbol': 'SDPUSDT', 'price': '0.0001899'}
2023-08-25 14:05:26,500 - INFO - {'symbol': 'SDPUSDT', 'price': '0.0001899'}
2023-08-25 14:05:26,897 - INFO - {'symbol': 'SDPUSDT', 'price': '0.0001899'}
2023-08-25 14:05:27,290 - INFO - {'symbol': 'SDPUSDT', 'price': '0.0001899'}
2023-08-25 14:05:27,690 - INFO - {'symbol': 'SDPUSDT', 'price': '0.0001899'}
2023-08-25 14:05:28,076 - INFO - {'symbol': 'SDPUSDT', 'price': '0.0001899'}
2023-08-25 14:05:28,948 - INFO - {'symbol': 'SDPUSDT', 'price': '0.0001899'}
2023-08-25 14:05:29,338 - INFO - {'symbol': 'SDPUSDT', 'price': '0.0001899'}
2023-08-25 14:05:29,743 - INFO - {'symbol': 'SDPUSDT', 'price': '0.0001899'}
2023-08-25 14:05:30,142 - INFO - {'symbol': 'SDPUSDT', 'price': '0.0001899'}
2023-08-25 14:05:30,543 - INFO - {'symbol': 'SDPUSDT', 'price': '0.0001899'}
2023-08-25 14:05:30,958 - INFO - {'symbol': 'SDPUSDT', 'price': '0.0001899'}
2023-08-25 14:05:31,340 - INFO - {'symbol': 'SDPUSDT', 'price': '0.0001899'}
2023-08-25 14:05:31,735 - INFO - {'symbol': 'SDPUSDT', 'price': '0.0001899'}
2023-08-25 14:05:32,133 - INFO - {'symbol': 'SDPUSDT', 'price': '0.0001899'}
2023-08-25 14:05:32,519 - INFO - {'symbol': 'SDPUSDT', 'price': '0.0001899'}
2023-08-25 14:05:32,916 - INFO - {'symbol': 'SDPUSDT', 'price': '0.0001899'}
2023-08-25 14:05:33,322 - INFO - {'symbol': 'SDPUSDT', 'price': '0.00019'}
2023-08-25 14:05:33,732 - INFO - {'symbol': 'SDPUSDT', 'price': '0.00019'}
2023-08-25 14:05:34,113 - INFO - {'symbol': 'SDPUSDT', 'price': '0.00019'}
2023-08-25 14:05:34,526 - INFO - {'symbol': 'SDPUSDT', 'price': '0.00019'}
2023-08-25 14:05:34,919 - INFO - {'symbol': 'SDPUSDT', 'price': '0.00019'}
2023-08-25 14:05:35,306 - INFO - {'symbol': 'SDPUSDT', 'price': '0.00019'}
2023-08-25 14:05:35,730 - INFO - {'symbol': 'SDPUSDT', 'price': '0.00019'}
2023-08-25 14:05:36,125 - INFO - {'symbol': 'SDPUSDT', 'price': '0.00019'}
2023-08-25 14:05:36,514 - INFO - {'symbol': 'SDPUSDT', 'price': '0.00019'}
2023-08-25 14:05:36,906 - INFO - {'symbol': 'SDPUSDT', 'price': '0.00019'}
2023-08-25 14:05:37,305 - INFO - {'symbol': 'SDPUSDT', 'price': '0.00019'}
2023-08-25 14:05:37,699 - INFO - {'symbol': 'SDPUSDT', 'price': '0.00019'}
2023-08-25 14:05:38,103 - INFO - {'symbol': 'SDPUSDT', 'price': '0.00019'}
2023-08-25 14:05:38,495 - INFO - {'symbol': 'SDPUSDT', 'price': '0.00019'}
2023-08-25 14:05:38,898 - INFO - {'symbol': 'SDPUSDT', 'price': '0.00019'}
2023-08-25 14:05:39,290 - INFO - {'symbol': 'SDPUSDT', 'price': '0.00019'}
2023-08-25 14:05:39,693 - INFO - {'symbol': 'SDPUSDT', 'price': '0.00019'}
2023-08-25 14:05:40,120 - INFO - {'symbol': 'SDPUSDT', 'price': '0.00019'}
2023-08-25 14:05:40,513 - INFO - {'symbol': 'SDPUSDT', 'price': '0.00019'}
2023-08-25 14:05:40,907 - INFO - {'symbol': 'SDPUSDT', 'price': '0.00019'}
2023-08-25 14:05:41,313 - INFO - {'symbol': 'SDPUSDT', 'price': '0.00019'}
2023-08-25 14:05:41,728 - INFO - {'symbol': 'SDPUSDT', 'price': '0.00019'}
2023-08-25 14:05:42,129 - INFO - {'symbol': 'SDPUSDT', 'price': '0.00019'}
2023-08-25 14:05:42,530 - INFO - {'symbol': 'SDPUSDT', 'price': '0.00019'}
2023-08-25 14:05:42,928 - INFO - {'symbol': 'SDPUSDT', 'price': '0.0001978'}
2023-08-25 14:05:43,332 - INFO - {'symbol': 'SDPUSDT', 'price': '0.0001978'}
2023-08-25 14:05:43,715 - INFO - {'symbol': 'SDPUSDT', 'price': '0.0001978'}
2023-08-25 14:05:44,119 - INFO - {'symbol': 'SDPUSDT', 'price': '0.0001978'}
2023-08-25 14:05:44,515 - INFO - {'symbol': 'SDPUSDT', 'price': '0.0002'}
2023-08-25 14:05:44,929 - INFO - {'symbol': 'SDPUSDT', 'price': '0.0002'}
2023-08-25 14:05:45,329 - INFO - {'symbol': 'SDPUSDT', 'price': '0.0002'}
2023-08-25 14:05:46,186 - INFO - {'symbol': 'SDPUSDT', 'price': '0.0002'}
2023-08-25 14:05:46,586 - INFO - {'symbol': 'SDPUSDT', 'price': '0.0002'}
2023-08-25 14:05:46,972 - INFO - {'symbol': 'SDPUSDT', 'price': '0.0002'}
2023-08-25 14:05:47,365 - INFO - {'symbol': 'SDPUSDT', 'price': '0.0002'}
2023-08-25 14:05:47,769 - INFO - {'symbol': 'SDPUSDT', 'price': '0.0002'}
2023-08-25 14:05:48,174 - INFO - {'symbol': 'SDPUSDT', 'price': '0.0002'}
2023-08-25 14:05:48,612 - INFO - {'symbol': 'SDPUSDT', 'price': '0.0002'}
2023-08-25 14:05:49,011 - INFO - {'symbol': 'SDPUSDT', 'price': '0.0002'}
2023-08-25 14:05:49,401 - INFO - {'symbol': 'SDPUSDT', 'price': '0.0002'}
2023-08-25 14:05:49,807 - INFO - {'symbol': 'SDPUSDT', 'price': '0.0002'}
2023-08-25 14:05:50,219 - INFO - {'symbol': 'SDPUSDT', 'price': '0.0002'}
2023-08-25 14:05:50,610 - INFO - {'symbol': 'SDPUSDT', 'price': '0.0002'}
2023-08-25 14:05:50,993 - INFO - {'symbol': 'SDPUSDT', 'price': '0.0002'}
2023-08-25 14:05:51,375 - INFO - {'symbol': 'SDPUSDT', 'price': '0.0002'}
2023-08-25 14:05:51,767 - INFO - {'symbol': 'SDPUSDT', 'price': '0.0002'}
2023-08-25 14:05:52,168 - INFO - {'symbol': 'SDPUSDT', 'price': '0.0002'}
2023-08-25 14:05:52,572 - INFO - {'symbol': 'SDPUSDT', 'price': '0.0002'}
2023-08-25 14:05:52,961 - INFO - {'symbol': 'SDPUSDT', 'price': '0.0002'}
2023-08-25 14:05:53,380 - INFO - {'symbol': 'SDPUSDT', 'price': '0.0002'}
2023-08-25 14:05:53,775 - INFO - {'symbol': 'SDPUSDT', 'price': '0.0002'}
2023-08-25 14:05:54,163 - INFO - {'symbol': 'SDPUSDT', 'price': '0.0002'}
2023-08-25 14:05:54,552 - INFO - {'symbol': 'SDPUSDT', 'price': '0.0002'}
2023-08-25 14:05:54,934 - INFO - {'symbol': 'SDPUSDT', 'price': '0.0001998'}
2023-08-25 14:05:55,318 - INFO - {'symbol': 'SDPUSDT', 'price': '0.0001998'}
2023-08-25 14:05:55,711 - INFO - {'symbol': 'SDPUSDT', 'price': '0.0001998'}
2023-08-25 14:05:56,108 - INFO - {'symbol': 'SDPUSDT', 'price': '0.0001998'}
2023-08-25 14:05:56,506 - INFO - {'symbol': 'SDPUSDT', 'price': '0.0001998'}
2023-08-25 14:05:56,916 - INFO - {'symbol': 'SDPUSDT', 'price': '0.0001998'}
2023-08-25 14:05:57,329 - INFO - {'symbol': 'SDPUSDT', 'price': '0.0001978'}
2023-08-25 14:05:57,710 - INFO - {'symbol': 'SDPUSDT', 'price': '0.0001978'}
2023-08-25 14:05:58,134 - INFO - {'symbol': 'SDPUSDT', 'price': '0.0001978'}
2023-08-25 14:05:58,528 - INFO - {'symbol': 'SDPUSDT', 'price': '0.0001978'}
2023-08-25 14:05:58,930 - INFO - {'symbol': 'SDPUSDT', 'price': '0.0001978'}
2023-08-25 14:05:59,325 - INFO - {'symbol': 'SDPUSDT', 'price': '0.0001997'}
2023-08-25 14:05:59,738 - INFO - {'symbol': 'SDPUSDT', 'price': '0.0001997'}
2023-08-25 14:06:00,140 - INFO - {'symbol': 'SDPUSDT', 'price': '0.000194'}
2023-08-25 14:06:00,556 - INFO - {'symbol': 'SDPUSDT', 'price': '0.0001997'}
2023-08-25 14:06:00,953 - INFO - {'symbol': 'SDPUSDT', 'price': '0.000194'}
2023-08-25 14:06:01,351 - INFO - {'symbol': 'SDPUSDT', 'price': '0.000194'}
2023-08-25 14:06:01,752 - INFO - {'symbol': 'SDPUSDT', 'price': '0.000194'}
2023-08-25 14:06:02,137 - INFO - {'symbol': 'SDPUSDT', 'price': '0.000194'}
2023-08-25 14:06:02,525 - INFO - {'symbol': 'SDPUSDT', 'price': '0.000194'}
2023-08-25 14:06:02,926 - INFO - {'symbol': 'SDPUSDT', 'price': '0.000194'}
2023-08-25 14:06:03,328 - INFO - {'symbol': 'SDPUSDT', 'price': '0.000194'}
2023-08-25 14:06:03,726 - INFO - {'symbol': 'SDPUSDT', 'price': '0.000194'}
2023-08-25 14:06:04,115 - INFO - {'symbol': 'SDPUSDT', 'price': '0.00019'}
2023-08-25 14:06:04,521 - INFO - {'symbol': 'SDPUSDT', 'price': '0.00019'}
2023-08-25 14:06:04,912 - INFO - {'symbol': 'SDPUSDT', 'price': '0.00019'}
2023-08-25 14:06:05,324 - INFO - {'symbol': 'SDPUSDT', 'price': '0.00019'}
2023-08-25 14:06:05,729 - INFO - {'symbol': 'SDPUSDT', 'price': '0.00019'}
2023-08-25 14:06:06,138 - INFO - {'symbol': 'SDPUSDT', 'price': '0.00019'}
2023-08-25 14:06:06,531 - INFO - {'symbol': 'SDPUSDT', 'price': '0.00019'}
2023-08-25 14:06:06,923 - INFO - {'symbol': 'SDPUSDT', 'price': '0.00019'}
2023-08-25 14:06:07,319 - INFO - {'symbol': 'SDPUSDT', 'price': '0.00019'}
2023-08-25 14:06:07,714 - INFO - {'symbol': 'SDPUSDT', 'price': '0.0001833'}
2023-08-25 14:06:08,111 - INFO - {'symbol': 'SDPUSDT', 'price': '0.0001833'}
2023-08-25 14:06:08,503 - INFO - {'symbol': 'SDPUSDT', 'price': '0.0001833'}
2023-08-25 14:06:08,910 - INFO - {'symbol': 'SDPUSDT', 'price': '0.0001833'}
2023-08-25 14:06:09,315 - INFO - {'symbol': 'SDPUSDT', 'price': '0.0001833'}
2023-08-25 14:06:09,701 - INFO - {'symbol': 'SDPUSDT', 'price': '0.0001833'}
2023-08-25 14:06:10,107 - INFO - {'symbol': 'SDPUSDT', 'price': '0.0001833'}
2023-08-25 14:06:10,497 - INFO - {'symbol': 'SDPUSDT', 'price': '0.0001833'}
2023-08-25 14:06:10,903 - INFO - {'symbol': 'SDPUSDT', 'price': '0.0001833'}
2023-08-25 14:06:11,287 - INFO - {'symbol': 'SDPUSDT', 'price': '0.0001833'}
2023-08-25 14:06:11,691 - INFO - {'symbol': 'SDPUSDT', 'price': '0.0001833'}
2023-08-25 14:06:12,085 - INFO - {'symbol': 'SDPUSDT', 'price': '0.0001833'}
2023-08-25 14:06:12,468 - INFO - {'symbol': 'SDPUSDT', 'price': '0.0001833'}
2023-08-25 14:06:12,855 - INFO - {'symbol': 'SDPUSDT', 'price': '0.0001833'}
2023-08-25 14:06:13,738 - INFO - {'symbol': 'SDPUSDT', 'price': '0.0001833'}
2023-08-25 14:06:14,120 - INFO - {'symbol': 'SDPUSDT', 'price': '0.0001833'}
2023-08-25 14:06:14,521 - INFO - {'symbol': 'SDPUSDT', 'price': '0.0001833'}
2023-08-25 14:06:14,920 - INFO - {'symbol': 'SDPUSDT', 'price': '0.0001835'}
2023-08-25 14:06:15,319 - INFO - {'symbol': 'SDPUSDT', 'price': '0.0001833'}
2023-08-25 14:06:15,709 - INFO - {'symbol': 'SDPUSDT', 'price': '0.0001835'}
2023-08-25 14:06:16,102 - INFO - {'symbol': 'SDPUSDT', 'price': '0.0001835'}
2023-08-25 14:06:16,503 - INFO - {'symbol': 'SDPUSDT', 'price': '0.0001835'}
2023-08-25 14:06:16,897 - INFO - {'symbol': 'SDPUSDT', 'price': '0.0001835'}
2023-08-25 14:06:17,285 - INFO - {'symbol': 'SDPUSDT', 'price': '0.0001835'}
2023-08-25 14:06:17,686 - INFO - {'symbol': 'SDPUSDT', 'price': '0.0001835'}
2023-08-25 14:06:18,073 - INFO - {'symbol': 'SDPUSDT', 'price': '0.0001835'}
2023-08-25 14:06:18,471 - INFO - {'symbol': 'SDPUSDT', 'price': '0.0001835'}
2023-08-25 14:06:18,873 - INFO - {'symbol': 'SDPUSDT', 'price': '0.0001835'}
2023-08-25 14:06:19,270 - INFO - {'symbol': 'SDPUSDT', 'price': '0.000184'}
2023-08-25 14:06:19,679 - INFO - {'symbol': 'SDPUSDT', 'price': '0.000184'}
2023-08-25 14:06:20,069 - INFO - {'symbol': 'SDPUSDT', 'price': '0.000184'}
2023-08-25 14:06:20,470 - INFO - {'symbol': 'SDPUSDT', 'price': '0.000184'}
2023-08-25 14:06:20,864 - INFO - {'symbol': 'SDPUSDT', 'price': '0.000184'}
2023-08-25 14:06:21,263 - INFO - {'symbol': 'SDPUSDT', 'price': '0.000184'}
2023-08-25 14:06:21,667 - INFO - {'symbol': 'SDPUSDT', 'price': '0.000184'}
2023-08-25 14:06:22,062 - INFO - {'symbol': 'SDPUSDT', 'price': '0.000184'}
2023-08-25 14:06:22,458 - INFO - {'symbol': 'SDPUSDT', 'price': '0.000184'}
2023-08-25 14:06:22,847 - INFO - {'symbol': 'SDPUSDT', 'price': '0.000184'}
2023-08-25 14:06:23,242 - INFO - {'symbol': 'SDPUSDT', 'price': '0.0001835'}
2023-08-25 14:06:23,650 - INFO - {'symbol': 'SDPUSDT', 'price': '0.0001835'}
2023-08-25 14:06:24,048 - INFO - {'symbol': 'SDPUSDT', 'price': '0.0001835'}
2023-08-25 14:06:24,448 - INFO - {'symbol': 'SDPUSDT', 'price': '0.0001835'}
2023-08-25 14:06:24,846 - INFO - {'symbol': 'SDPUSDT', 'price': '0.0001835'}
2023-08-25 14:06:25,199 - INFO - {'symbol': 'SDPUSDT', 'price': '0.0001835'}
2023-08-25 14:06:25,593 - INFO - {'symbol': 'SDPUSDT', 'price': '0.0001835'}
2023-08-25 14:06:25,983 - INFO - {'symbol': 'SDPUSDT', 'price': '0.000188'}
2023-08-25 14:06:26,370 - INFO - {'symbol': 'SDPUSDT', 'price': '0.000188'}
2023-08-25 14:06:26,774 - INFO - {'symbol': 'SDPUSDT', 'price': '0.000188'}
2023-08-25 14:06:27,167 - INFO - {'symbol': 'SDPUSDT', 'price': '0.0001899'}
2023-08-25 14:06:27,563 - INFO - {'symbol': 'SDPUSDT', 'price': '0.000188'}
2023-08-25 14:06:27,945 - INFO - {'symbol': 'SDPUSDT', 'price': '0.0001899'}
2023-08-25 14:06:28,352 - INFO - {'symbol': 'SDPUSDT', 'price': '0.000183'}
2023-08-25 14:06:28,740 - INFO - {'symbol': 'SDPUSDT', 'price': '0.000183'}
2023-08-25 14:06:29,167 - INFO - {'symbol': 'SDPUSDT', 'price': '0.000183'}
2023-08-25 14:06:29,623 - INFO - {'symbol': 'SDPUSDT', 'price': '0.000183'}
2023-08-25 14:06:30,020 - INFO - {'symbol': 'SDPUSDT', 'price': '0.000183'}
2023-08-25 14:06:30,423 - INFO - {'symbol': 'SDPUSDT', 'price': '0.00018'}
2023-08-25 14:06:30,856 - INFO - {'symbol': 'SDPUSDT', 'price': '0.00018'}
2023-08-25 14:06:31,272 - INFO - {'symbol': 'SDPUSDT', 'price': '0.00018'}
2023-08-25 14:06:31,664 - INFO - {'symbol': 'SDPUSDT', 'price': '0.00018'}
2023-08-25 14:06:32,063 - INFO - {'symbol': 'SDPUSDT', 'price': '0.00018'}
2023-08-25 14:06:32,471 - INFO - {'symbol': 'SDPUSDT', 'price': '0.00018'}
2023-08-25 14:06:32,857 - INFO - {'symbol': 'SDPUSDT', 'price': '0.000171'}
2023-08-25 14:06:33,256 - INFO - {'symbol': 'SDPUSDT', 'price': '0.000171'}
2023-08-25 14:06:33,640 - INFO - {'symbol': 'SDPUSDT', 'price': '0.000171'}
2023-08-25 14:06:34,029 - INFO - {'symbol': 'SDPUSDT', 'price': '0.000171'}
2023-08-25 14:06:34,434 - INFO - {'symbol': 'SDPUSDT', 'price': '0.000171'}
2023-08-25 14:06:34,820 - INFO - {'symbol': 'SDPUSDT', 'price': '0.000171'}
2023-08-25 14:06:35,222 - INFO - {'symbol': 'SDPUSDT', 'price': '0.000175'}
2023-08-25 14:06:35,623 - INFO - {'symbol': 'SDPUSDT', 'price': '0.000171'}
2023-08-25 14:06:36,012 - INFO - {'symbol': 'SDPUSDT', 'price': '0.000175'}
2023-08-25 14:06:36,403 - INFO - {'symbol': 'SDPUSDT', 'price': '0.000175'}
2023-08-25 14:06:36,788 - INFO - {'symbol': 'SDPUSDT', 'price': '0.000175'}
2023-08-25 14:06:37,169 - INFO - {'symbol': 'SDPUSDT', 'price': '0.000175'}
2023-08-25 14:06:37,557 - INFO - {'symbol': 'SDPUSDT', 'price': '0.000175'}
2023-08-25 14:06:37,954 - INFO - {'symbol': 'SDPUSDT', 'price': '0.000175'}
2023-08-25 14:06:38,356 - INFO - {'symbol': 'SDPUSDT', 'price': '0.000175'}
2023-08-25 14:06:38,758 - INFO - {'symbol': 'SDPUSDT', 'price': '0.00017'}
2023-08-25 14:06:39,167 - INFO - {'symbol': 'SDPUSDT', 'price': '0.00017'}
2023-08-25 14:06:39,552 - INFO - {'symbol': 'SDPUSDT', 'price': '0.00017'}
2023-08-25 14:06:39,945 - INFO - {'symbol': 'SDPUSDT', 'price': '0.000175'}
2023-08-25 14:06:40,344 - INFO - {'symbol': 'SDPUSDT', 'price': '0.000175'}
2023-08-25 14:06:40,741 - INFO - {'symbol': 'SDPUSDT', 'price': '0.000175'}
2023-08-25 14:06:41,143 - INFO - {'symbol': 'SDPUSDT', 'price': '0.000175'}
2023-08-25 14:06:41,534 - INFO - {'symbol': 'SDPUSDT', 'price': '0.000175'}
2023-08-25 14:06:41,961 - INFO - {'symbol': 'SDPUSDT', 'price': '0.000175'}
2023-08-25 14:06:42,353 - INFO - {'symbol': 'SDPUSDT', 'price': '0.00017'}
2023-08-25 14:06:42,741 - INFO - {'symbol': 'SDPUSDT', 'price': '0.00017'}
2023-08-25 14:06:43,136 - INFO - {'symbol': 'SDPUSDT', 'price': '0.00017'}
2023-08-25 14:06:43,522 - INFO - {'symbol': 'SDPUSDT', 'price': '0.00017'}
2023-08-25 14:06:43,909 - INFO - {'symbol': 'SDPUSDT', 'price': '0.00017'}
2023-08-25 14:06:44,312 - INFO - {'symbol': 'SDPUSDT', 'price': '0.00017'}
2023-08-25 14:06:44,728 - INFO - {'symbol': 'SDPUSDT', 'price': '0.00017'}
2023-08-25 14:06:45,123 - INFO - {'symbol': 'SDPUSDT', 'price': '0.00017'}
2023-08-25 14:06:45,518 - INFO - {'symbol': 'SDPUSDT', 'price': '0.00017'}
2023-08-25 14:06:45,922 - INFO - {'symbol': 'SDPUSDT', 'price': '0.00017'}
2023-08-25 14:06:46,328 - INFO - {'symbol': 'SDPUSDT', 'price': '0.00017'}
2023-08-25 14:06:46,734 - INFO - {'symbol': 'SDPUSDT', 'price': '0.00017'}
2023-08-25 14:06:47,135 - INFO - {'symbol': 'SDPUSDT', 'price': '0.00017'}
2023-08-25 14:06:47,551 - INFO - {'symbol': 'SDPUSDT', 'price': '0.00017'}
2023-08-25 14:06:47,957 - INFO - {'symbol': 'SDPUSDT', 'price': '0.00017'}
2023-08-25 14:06:48,359 - INFO - {'symbol': 'SDPUSDT', 'price': '0.00017'}
2023-08-25 14:06:48,758 - INFO - {'symbol': 'SDPUSDT', 'price': '0.00017'}
2023-08-25 14:06:49,160 - INFO - {'symbol': 'SDPUSDT', 'price': '0.00017'}
2023-08-25 14:06:49,553 - INFO - {'symbol': 'SDPUSDT', 'price': '0.00017'}
2023-08-25 14:06:49,950 - INFO - {'symbol': 'SDPUSDT', 'price': '0.00017'}
2023-08-25 14:06:50,357 - INFO - {'symbol': 'SDPUSDT', 'price': '0.00017'}
2023-08-25 14:06:50,772 - INFO - {'symbol': 'SDPUSDT', 'price': '0.00017'}
2023-08-25 14:06:51,174 - INFO - {'symbol': 'SDPUSDT', 'price': '0.00017'}
2023-08-25 14:06:51,583 - INFO - {'symbol': 'SDPUSDT', 'price': '0.00017'}
2023-08-25 14:06:51,990 - INFO - {'symbol': 'SDPUSDT', 'price': '0.00017'}
2023-08-25 14:06:52,382 - INFO - {'symbol': 'SDPUSDT', 'price': '0.00017'}
2023-08-25 14:06:52,778 - INFO - {'symbol': 'SDPUSDT', 'price': '0.00017'}
2023-08-25 14:06:53,163 - INFO - {'symbol': 'SDPUSDT', 'price': '0.00017'}
2023-08-25 14:06:53,579 - INFO - {'symbol': 'SDPUSDT', 'price': '0.00017'}
2023-08-25 14:06:53,980 - INFO - {'symbol': 'SDPUSDT', 'price': '0.00017'}
2023-08-25 14:06:54,382 - INFO - {'symbol': 'SDPUSDT', 'price': '0.00017'}
2023-08-25 14:06:54,776 - INFO - {'symbol': 'SDPUSDT', 'price': '0.00017'}
2023-08-25 14:06:55,159 - INFO - {'symbol': 'SDPUSDT', 'price': '0.00017'}
2023-08-25 14:06:55,552 - INFO - {'symbol': 'SDPUSDT', 'price': '0.00017'}
2023-08-25 14:06:55,947 - INFO - {'symbol': 'SDPUSDT', 'price': '0.00017'}
2023-08-25 14:06:56,387 - INFO - {'symbol': 'SDPUSDT', 'price': '0.00017'}
2023-08-25 14:06:56,776 - INFO - {'symbol': 'SDPUSDT', 'price': '0.00017'}
2023-08-25 14:06:57,178 - INFO - {'symbol': 'SDPUSDT', 'price': '0.00017'}
2023-08-25 14:06:57,575 - INFO - {'symbol': 'SDPUSDT', 'price': '0.00017'}
2023-08-25 14:06:57,940 - INFO - {'symbol': 'SDPUSDT', 'price': '0.00017'}
2023-08-25 14:06:58,336 - INFO - {'symbol': 'SDPUSDT', 'price': '0.00017'}
2023-08-25 14:06:58,742 - INFO - {'symbol': 'SDPUSDT', 'price': '0.00017'}
2023-08-25 14:06:59,133 - INFO - {'symbol': 'SDPUSDT', 'price': '0.00017'}
2023-08-25 14:06:59,521 - INFO - {'symbol': 'SDPUSDT', 'price': '0.00017'}
2023-08-25 14:06:59,906 - INFO - {'symbol': 'SDPUSDT', 'price': '0.00017'}
2023-08-25 14:07:00,309 - INFO - {'symbol': 'SDPUSDT', 'price': '0.00017'}
2023-08-25 14:07:00,705 - INFO - {'symbol': 'SDPUSDT', 'price': '0.00018'}
2023-08-25 14:07:01,115 - INFO - {'symbol': 'SDPUSDT', 'price': '0.00018'}
2023-08-25 14:07:01,506 - INFO - {'symbol': 'SDPUSDT', 'price': '0.00018'}
2023-08-25 14:07:01,902 - INFO - {'symbol': 'SDPUSDT', 'price': '0.00018'}
2023-08-25 14:07:02,292 - INFO - {'symbol': 'SDPUSDT', 'price': '0.00018'}
2023-08-25 14:07:02,691 - INFO - {'symbol': 'SDPUSDT', 'price': '0.00018'}
2023-08-25 14:07:03,078 - INFO - {'symbol': 'SDPUSDT', 'price': '0.00018'}
2023-08-25 14:07:03,473 - INFO - {'symbol': 'SDPUSDT', 'price': '0.00018'}
2023-08-25 14:07:03,866 - INFO - {'symbol': 'SDPUSDT', 'price': '0.00018'}
2023-08-25 14:07:04,275 - INFO - {'symbol': 'SDPUSDT', 'price': '0.00018'}
2023-08-25 14:07:04,673 - INFO - {'symbol': 'SDPUSDT', 'price': '0.00018'}
2023-08-25 14:07:05,064 - INFO - {'symbol': 'SDPUSDT', 'price': '0.00018'}
2023-08-25 14:07:05,476 - INFO - {'symbol': 'SDPUSDT', 'price': '0.00018'}
2023-08-25 14:07:05,868 - INFO - {'symbol': 'SDPUSDT', 'price': '0.00018'}
2023-08-25 14:07:06,278 - INFO - {'symbol': 'SDPUSDT', 'price': '0.00018'}
2023-08-25 14:07:06,689 - INFO - {'symbol': 'SDPUSDT', 'price': '0.00018'}
2023-08-25 14:07:07,081 - INFO - {'symbol': 'SDPUSDT', 'price': '0.00018'}
2023-08-25 14:07:07,468 - INFO - {'symbol': 'SDPUSDT', 'price': '0.00018'}
2023-08-25 14:07:07,856 - INFO - {'symbol': 'SDPUSDT', 'price': '0.00018'}
2023-08-25 14:07:08,261 - INFO - {'symbol': 'SDPUSDT', 'price': '0.00018'}
2023-08-25 14:07:08,656 - INFO - {'symbol': 'SDPUSDT', 'price': '0.00018'}
2023-08-25 14:07:09,053 - INFO - {'symbol': 'SDPUSDT', 'price': '0.00018'}
2023-08-25 14:07:09,443 - INFO - {'symbol': 'SDPUSDT', 'price': '0.00018'}
2023-08-25 14:07:09,846 - INFO - {'symbol': 'SDPUSDT', 'price': '0.00018'}
2023-08-25 14:07:10,232 - INFO - {'symbol': 'SDPUSDT', 'price': '0.00018'}
2023-08-25 14:07:10,616 - INFO - {'symbol': 'SDPUSDT', 'price': '0.00018'}
2023-08-25 14:07:11,016 - INFO - {'symbol': 'SDPUSDT', 'price': '0.00018'}
2023-08-25 14:07:11,399 - INFO - {'symbol': 'SDPUSDT', 'price': '0.000178'}
2023-08-25 14:07:11,788 - INFO - {'symbol': 'SDPUSDT', 'price': '0.00018'}
2023-08-25 14:07:12,179 - INFO - {'symbol': 'SDPUSDT', 'price': '0.000178'}
2023-08-25 14:07:12,581 - INFO - {'symbol': 'SDPUSDT', 'price': '0.000178'}
2023-08-25 14:07:12,975 - INFO - {'symbol': 'SDPUSDT', 'price': '0.000178'}
2023-08-25 14:07:13,369 - INFO - {'symbol': 'SDPUSDT', 'price': '0.000178'}
2023-08-25 14:07:13,751 - INFO - {'symbol': 'SDPUSDT', 'price': '0.000178'}
2023-08-25 14:07:14,141 - INFO - {'symbol': 'SDPUSDT', 'price': '0.000178'}
2023-08-25 14:07:14,544 - INFO - {'symbol': 'SDPUSDT', 'price': '0.000178'}
2023-08-25 14:07:14,940 - INFO - {'symbol': 'SDPUSDT', 'price': '0.0001702'}
2023-08-25 14:07:15,337 - INFO - {'symbol': 'SDPUSDT', 'price': '0.0001702'}
2023-08-25 14:07:15,727 - INFO - {'symbol': 'SDPUSDT', 'price': '0.0001702'}
2023-08-25 14:07:16,126 - INFO - {'symbol': 'SDPUSDT', 'price': '0.0001702'}
2023-08-25 14:07:16,483 - INFO - {'symbol': 'SDPUSDT', 'price': '0.0001706'}
2023-08-25 14:07:16,884 - INFO - {'symbol': 'SDPUSDT', 'price': '0.0001706'}
2023-08-25 14:07:17,280 - INFO - {'symbol': 'SDPUSDT', 'price': '0.0001706'}
2023-08-25 14:07:18,151 - INFO - {'symbol': 'SDPUSDT', 'price': '0.0001706'}
2023-08-25 14:07:18,533 - INFO - {'symbol': 'SDPUSDT', 'price': '0.0001706'}
2023-08-25 14:07:18,926 - INFO - {'symbol': 'SDPUSDT', 'price': '0.0001706'}
2023-08-25 14:07:19,305 - INFO - {'symbol': 'SDPUSDT', 'price': '0.0001706'}
2023-08-25 14:07:19,697 - INFO - {'symbol': 'SDPUSDT', 'price': '0.0001706'}
2023-08-25 14:07:20,097 - INFO - {'symbol': 'SDPUSDT', 'price': '0.0001706'}
2023-08-25 14:07:20,500 - INFO - {'symbol': 'SDPUSDT', 'price': '0.0001706'}
2023-08-25 14:07:20,934 - INFO - {'symbol': 'SDPUSDT', 'price': '0.000175'}
2023-08-25 14:07:21,321 - INFO - {'symbol': 'SDPUSDT', 'price': '0.0001706'}
2023-08-25 14:07:21,715 - INFO - {'symbol': 'SDPUSDT', 'price': '0.000175'}
2023-08-25 14:07:22,097 - INFO - {'symbol': 'SDPUSDT', 'price': '0.000175'}
2023-08-25 14:07:22,494 - INFO - {'symbol': 'SDPUSDT', 'price': '0.000175'}
2023-08-25 14:07:22,896 - INFO - {'symbol': 'SDPUSDT', 'price': '0.000175'}
2023-08-25 14:07:23,298 - INFO - {'symbol': 'SDPUSDT', 'price': '0.000175'}
2023-08-25 14:07:23,708 - INFO - {'symbol': 'SDPUSDT', 'price': '0.000175'}
2023-08-25 14:07:24,097 - INFO - {'symbol': 'SDPUSDT', 'price': '0.000175'}
2023-08-25 14:07:24,528 - INFO - {'symbol': 'SDPUSDT', 'price': '0.000175'}
2023-08-25 14:07:24,939 - INFO - {'symbol': 'SDPUSDT', 'price': '0.000175'}
2023-08-25 14:07:25,339 - INFO - {'symbol': 'SDPUSDT', 'price': '0.000175'}
2023-08-25 14:07:25,737 - INFO - {'symbol': 'SDPUSDT', 'price': '0.000175'}
2023-08-25 14:07:26,132 - INFO - {'symbol': 'SDPUSDT', 'price': '0.000175'}
2023-08-25 14:07:26,536 - INFO - {'symbol': 'SDPUSDT', 'price': '0.000175'}
2023-08-25 14:07:26,942 - INFO - {'symbol': 'SDPUSDT', 'price': '0.000175'}
2023-08-25 14:07:27,352 - INFO - {'symbol': 'SDPUSDT', 'price': '0.000175'}
2023-08-25 14:07:27,745 - INFO - {'symbol': 'SDPUSDT', 'price': '0.000175'}
2023-08-25 14:07:28,137 - INFO - {'symbol': 'SDPUSDT', 'price': '0.000175'}
2023-08-25 14:07:28,518 - INFO - {'symbol': 'SDPUSDT', 'price': '0.000175'}
2023-08-25 14:07:28,897 - INFO - {'symbol': 'SDPUSDT', 'price': '0.000175'}
2023-08-25 14:07:29,294 - INFO - {'symbol': 'SDPUSDT', 'price': '0.000175'}
2023-08-25 14:07:29,693 - INFO - {'symbol': 'SDPUSDT', 'price': '0.000175'}
2023-08-25 14:07:30,085 - INFO - {'symbol': 'SDPUSDT', 'price': '0.000175'}
2023-08-25 14:07:30,489 - INFO - {'symbol': 'SDPUSDT', 'price': '0.000175'}
2023-08-25 14:07:30,872 - INFO - {'symbol': 'SDPUSDT', 'price': '0.000175'}
2023-08-25 14:07:31,277 - INFO - {'symbol': 'SDPUSDT', 'price': '0.000175'}
2023-08-25 14:07:31,666 - INFO - {'symbol': 'SDPUSDT', 'price': '0.000176'}
2023-08-25 14:07:32,072 - INFO - {'symbol': 'SDPUSDT', 'price': '0.000175'}
2023-08-25 14:07:32,459 - INFO - {'symbol': 'SDPUSDT', 'price': '0.000175'}
2023-08-25 14:07:32,855 - INFO - {'symbol': 'SDPUSDT', 'price': '0.000178'}
2023-08-25 14:07:33,240 - INFO - {'symbol': 'SDPUSDT', 'price': '0.000178'}
2023-08-25 14:07:33,633 - INFO - {'symbol': 'SDPUSDT', 'price': '0.00018'}
2023-08-25 14:07:34,028 - INFO - {'symbol': 'SDPUSDT', 'price': '0.00018'}
2023-08-25 14:07:34,470 - INFO - {'symbol': 'SDPUSDT', 'price': '0.0001759'}
2023-08-25 14:07:34,859 - INFO - {'symbol': 'SDPUSDT', 'price': '0.0001759'}
2023-08-25 14:07:35,257 - INFO - {'symbol': 'SDPUSDT', 'price': '0.0001759'}
2023-08-25 14:07:35,655 - INFO - {'symbol': 'SDPUSDT', 'price': '0.0001759'}
2023-08-25 14:07:36,051 - INFO - {'symbol': 'SDPUSDT', 'price': '0.0001759'}
2023-08-25 14:07:36,439 - INFO - {'symbol': 'SDPUSDT', 'price': '0.00018'}
2023-08-25 14:07:36,832 - INFO - {'symbol': 'SDPUSDT', 'price': '0.0001759'}
2023-08-25 14:07:37,228 - INFO - {'symbol': 'SDPUSDT', 'price': '0.00018'}
2023-08-25 14:07:37,629 - INFO - {'symbol': 'SDPUSDT', 'price': '0.00018'}
2023-08-25 14:07:38,036 - INFO - {'symbol': 'SDPUSDT', 'price': '0.00018'}
2023-08-25 14:07:38,425 - INFO - {'symbol': 'SDPUSDT', 'price': '0.00018'}
2023-08-25 14:07:38,816 - INFO - {'symbol': 'SDPUSDT', 'price': '0.00018'}
2023-08-25 14:07:39,210 - INFO - {'symbol': 'SDPUSDT', 'price': '0.00018'}
2023-08-25 14:07:39,616 - INFO - {'symbol': 'SDPUSDT', 'price': '0.00018'}
2023-08-25 14:07:39,998 - INFO - {'symbol': 'SDPUSDT', 'price': '0.00018'}
2023-08-25 14:07:40,420 - INFO - {'symbol': 'SDPUSDT', 'price': '0.00018'}
2023-08-25 14:07:40,822 - INFO - {'symbol': 'SDPUSDT', 'price': '0.00018'}
2023-08-25 14:07:41,221 - INFO - {'symbol': 'SDPUSDT', 'price': '0.00018'}
2023-08-25 14:07:41,610 - INFO - {'symbol': 'SDPUSDT', 'price': '0.00018'}
2023-08-25 14:07:42,023 - INFO - {'symbol': 'SDPUSDT', 'price': '0.00018'}
2023-08-25 14:07:42,424 - INFO - {'symbol': 'SDPUSDT', 'price': '0.00018'}
2023-08-25 14:07:42,825 - INFO - {'symbol': 'SDPUSDT', 'price': '0.00018'}
2023-08-25 14:07:43,217 - INFO - {'symbol': 'SDPUSDT', 'price': '0.00018'}
2023-08-25 14:07:43,617 - INFO - {'symbol': 'SDPUSDT', 'price': '0.00018'}
2023-08-25 14:07:44,032 - INFO - {'symbol': 'SDPUSDT', 'price': '0.00018'}
2023-08-25 14:07:44,443 - INFO - {'symbol': 'SDPUSDT', 'price': '0.0001759'}
2023-08-25 14:07:44,865 - INFO - {'symbol': 'SDPUSDT', 'price': '0.00018'}
2023-08-25 14:07:45,254 - INFO - {'symbol': 'SDPUSDT', 'price': '0.00018'}
2023-08-25 14:07:45,643 - INFO - {'symbol': 'SDPUSDT', 'price': '0.00018'}
2023-08-25 14:07:46,035 - INFO - {'symbol': 'SDPUSDT', 'price': '0.0001759'}
2023-08-25 14:07:46,429 - INFO - {'symbol': 'SDPUSDT', 'price': '0.00018'}
2023-08-25 14:07:46,820 - INFO - {'symbol': 'SDPUSDT', 'price': '0.00018'}
2023-08-25 14:07:47,236 - INFO - {'symbol': 'SDPUSDT', 'price': '0.00018'}
2023-08-25 14:07:47,642 - INFO - {'symbol': 'SDPUSDT', 'price': '0.00018'}
2023-08-25 14:07:48,034 - INFO - {'symbol': 'SDPUSDT', 'price': '0.00018'}
2023-08-25 14:07:48,445 - INFO - {'symbol': 'SDPUSDT', 'price': '0.00018'}
2023-08-25 14:07:48,844 - INFO - {'symbol': 'SDPUSDT', 'price': '0.00018'}
2023-08-25 14:07:49,233 - INFO - {'symbol': 'SDPUSDT', 'price': '0.00018'}
2023-08-25 14:07:49,615 - INFO - {'symbol': 'SDPUSDT', 'price': '0.00018'}
2023-08-25 14:07:50,018 - INFO - {'symbol': 'SDPUSDT', 'price': '0.00018'}
2023-08-25 14:07:50,427 - INFO - {'symbol': 'SDPUSDT', 'price': '0.00018'}
2023-08-25 14:07:50,833 - INFO - {'symbol': 'SDPUSDT', 'price': '0.00018'}
2023-08-25 14:07:51,227 - INFO - {'symbol': 'SDPUSDT', 'price': '0.00018'}
2023-08-25 14:07:51,615 - INFO - {'symbol': 'SDPUSDT', 'price': '0.00018'}
2023-08-25 14:07:51,999 - INFO - {'symbol': 'SDPUSDT', 'price': '0.00018'}
2023-08-25 14:07:52,389 - INFO - {'symbol': 'SDPUSDT', 'price': '0.00018'}
2023-08-25 14:07:52,776 - INFO - {'symbol': 'SDPUSDT', 'price': '0.00018'}
2023-08-25 14:07:53,170 - INFO - {'symbol': 'SDPUSDT', 'price': '0.00018'}
2023-08-25 14:07:53,607 - INFO - {'symbol': 'SDPUSDT', 'price': '0.00018'}
2023-08-25 14:07:54,047 - INFO - {'symbol': 'SDPUSDT', 'price': '0.00018'}
2023-08-25 14:07:54,455 - INFO - {'symbol': 'SDPUSDT', 'price': '0.00018'}
2023-08-25 14:07:54,856 - INFO - {'symbol': 'SDPUSDT', 'price': '0.00018'}
2023-08-25 14:07:55,249 - INFO - {'symbol': 'SDPUSDT', 'price': '0.00018'}
2023-08-25 14:07:55,645 - INFO - {'symbol': 'SDPUSDT', 'price': '0.00018'}
2023-08-25 14:07:56,048 - INFO - {'symbol': 'SDPUSDT', 'price': '0.0001763'}
2023-08-25 14:07:56,444 - INFO - {'symbol': 'SDPUSDT', 'price': '0.0001763'}
2023-08-25 14:07:56,838 - INFO - {'symbol': 'SDPUSDT', 'price': '0.0001763'}
2023-08-25 14:07:57,247 - INFO - {'symbol': 'SDPUSDT', 'price': '0.0001763'}
2023-08-25 14:07:57,644 - INFO - {'symbol': 'SDPUSDT', 'price': '0.0001763'}
2023-08-25 14:07:58,033 - INFO - {'symbol': 'SDPUSDT', 'price': '0.0001763'}
2023-08-25 14:07:58,434 - INFO - {'symbol': 'SDPUSDT', 'price': '0.0001763'}
2023-08-25 14:07:58,832 - INFO - {'symbol': 'SDPUSDT', 'price': '0.0001763'}
2023-08-25 14:07:59,218 - INFO - {'symbol': 'SDPUSDT', 'price': '0.0001763'}
2023-08-25 14:07:59,610 - INFO - {'symbol': 'SDPUSDT', 'price': '0.0001763'}
2023-08-25 14:07:59,999 - INFO - {'symbol': 'SDPUSDT', 'price': '0.00017'}
2023-08-25 14:08:00,404 - INFO - {'symbol': 'SDPUSDT', 'price': '0.0001763'}
2023-08-25 14:08:00,812 - INFO - {'symbol': 'SDPUSDT', 'price': '0.00017'}
2023-08-25 14:08:01,218 - INFO - {'symbol': 'SDPUSDT', 'price': '0.00017'}
2023-08-25 14:08:01,618 - INFO - {'symbol': 'SDPUSDT', 'price': '0.00017'}
2023-08-25 14:08:02,017 - INFO - {'symbol': 'SDPUSDT', 'price': '0.00017'}
2023-08-25 14:08:02,413 - INFO - {'symbol': 'SDPUSDT', 'price': '0.00017'}
2023-08-25 14:08:02,815 - INFO - {'symbol': 'SDPUSDT', 'price': '0.00017'}
2023-08-25 14:08:03,247 - INFO - {'symbol': 'SDPUSDT', 'price': '0.00017'}
2023-08-25 14:08:03,638 - INFO - {'symbol': 'SDPUSDT', 'price': '0.00017'}
2023-08-25 14:08:04,031 - INFO - {'symbol': 'SDPUSDT', 'price': '0.00017'}
2023-08-25 14:08:04,502 - INFO - {'symbol': 'SDPUSDT', 'price': '0.00017'}
2023-08-25 14:08:04,908 - INFO - {'symbol': 'SDPUSDT', 'price': '0.00017'}
2023-08-25 14:08:05,298 - INFO - {'symbol': 'SDPUSDT', 'price': '0.00017'}
2023-08-25 14:08:05,704 - INFO - {'symbol': 'SDPUSDT', 'price': '0.00017'}
2023-08-25 14:08:06,098 - INFO - {'symbol': 'SDPUSDT', 'price': '0.00017'}
2023-08-25 14:08:06,490 - INFO - {'symbol': 'SDPUSDT', 'price': '0.00017'}
2023-08-25 14:08:06,877 - INFO - {'symbol': 'SDPUSDT', 'price': '0.00017'}
2023-08-25 14:08:07,270 - INFO - {'symbol': 'SDPUSDT', 'price': '0.00017'}
2023-08-25 14:08:07,664 - INFO - {'symbol': 'SDPUSDT', 'price': '0.00017'}
2023-08-25 14:08:08,051 - INFO - {'symbol': 'SDPUSDT', 'price': '0.00017'}
2023-08-25 14:08:08,453 - INFO - {'symbol': 'SDPUSDT', 'price': '0.00017'}
2023-08-25 14:08:08,860 - INFO - {'symbol': 'SDPUSDT', 'price': '0.00017'}
2023-08-25 14:08:09,263 - INFO - {'symbol': 'SDPUSDT', 'price': '0.00017'}
2023-08-25 14:08:09,650 - INFO - {'symbol': 'SDPUSDT', 'price': '0.000169'}
2023-08-25 14:08:10,046 - INFO - {'symbol': 'SDPUSDT', 'price': '0.000169'}
2023-08-25 14:08:10,436 - INFO - {'symbol': 'SDPUSDT', 'price': '0.00017'}
2023-08-25 14:08:10,835 - INFO - {'symbol': 'SDPUSDT', 'price': '0.00017'}
2023-08-25 14:08:11,221 - INFO - {'symbol': 'SDPUSDT', 'price': '0.0001689'}
2023-08-25 14:08:11,615 - INFO - {'symbol': 'SDPUSDT', 'price': '0.00017'}
2023-08-25 14:08:11,999 - INFO - {'symbol': 'SDPUSDT', 'price': '0.000168'}
2023-08-25 14:08:12,393 - INFO - {'symbol': 'SDPUSDT', 'price': '0.000168'}
2023-08-25 14:08:12,783 - INFO - {'symbol': 'SDPUSDT', 'price': '0.000168'}
2023-08-25 14:08:13,167 - INFO - {'symbol': 'SDPUSDT', 'price': '0.000168'}
2023-08-25 14:08:13,568 - INFO - {'symbol': 'SDPUSDT', 'price': '0.000168'}
2023-08-25 14:08:13,956 - INFO - {'symbol': 'SDPUSDT', 'price': '0.000168'}
2023-08-25 14:08:14,353 - INFO - {'symbol': 'SDPUSDT', 'price': '0.000168'}
2023-08-25 14:08:14,762 - INFO - {'symbol': 'SDPUSDT', 'price': '0.000168'}
2023-08-25 14:08:15,153 - INFO - {'symbol': 'SDPUSDT', 'price': '0.000168'}
2023-08-25 14:08:15,548 - INFO - {'symbol': 'SDPUSDT', 'price': '0.000166'}
2023-08-25 14:08:15,934 - INFO - {'symbol': 'SDPUSDT', 'price': '0.000168'}
2023-08-25 14:08:16,326 - INFO - {'symbol': 'SDPUSDT', 'price': '0.000166'}
2023-08-25 14:08:16,727 - INFO - {'symbol': 'SDPUSDT', 'price': '0.000166'}
2023-08-25 14:08:17,121 - INFO - {'symbol': 'SDPUSDT', 'price': '0.000166'}
2023-08-25 14:08:18,061 - INFO - {'symbol': 'SDPUSDT', 'price': '0.000166'}
2023-08-25 14:08:18,461 - INFO - {'symbol': 'SDPUSDT', 'price': '0.000166'}
2023-08-25 14:08:18,886 - INFO - {'symbol': 'SDPUSDT', 'price': '0.000166'}
2023-08-25 14:08:19,279 - INFO - {'symbol': 'SDPUSDT', 'price': '0.000166'}
2023-08-25 14:08:19,720 - INFO - {'symbol': 'SDPUSDT', 'price': '0.000166'}
2023-08-25 14:08:20,120 - INFO - {'symbol': 'SDPUSDT', 'price': '0.000166'}
2023-08-25 14:08:20,511 - INFO - {'symbol': 'SDPUSDT', 'price': '0.000166'}
2023-08-25 14:08:20,908 - INFO - {'symbol': 'SDPUSDT', 'price': '0.000166'}
2023-08-25 14:08:21,302 - INFO - {'symbol': 'SDPUSDT', 'price': '0.000166'}
2023-08-25 14:08:21,699 - INFO - {'symbol': 'SDPUSDT', 'price': '0.000166'}
2023-08-25 14:08:22,097 - INFO - {'symbol': 'SDPUSDT', 'price': '0.000166'}
2023-08-25 14:08:22,496 - INFO - {'symbol': 'SDPUSDT', 'price': '0.000179'}
2023-08-25 14:08:22,902 - INFO - {'symbol': 'SDPUSDT', 'price': '0.000179'}
2023-08-25 14:08:23,299 - INFO - {'symbol': 'SDPUSDT', 'price': '0.000179'}
2023-08-25 14:08:23,687 - INFO - {'symbol': 'SDPUSDT', 'price': '0.000179'}
2023-08-25 14:08:24,078 - INFO - {'symbol': 'SDPUSDT', 'price': '0.000179'}
2023-08-25 14:08:24,472 - INFO - {'symbol': 'SDPUSDT', 'price': '0.000179'}
2023-08-25 14:08:24,860 - INFO - {'symbol': 'SDPUSDT', 'price': '0.000179'}
2023-08-25 14:08:25,256 - INFO - {'symbol': 'SDPUSDT', 'price': '0.0001613'}
2023-08-25 14:08:25,646 - INFO - {'symbol': 'SDPUSDT', 'price': '0.0001613'}
2023-08-25 14:08:26,040 - INFO - {'symbol': 'SDPUSDT', 'price': '0.0001613'}
2023-08-25 14:08:26,422 - INFO - {'symbol': 'SDPUSDT', 'price': '0.0001613'}
2023-08-25 14:08:26,820 - INFO - {'symbol': 'SDPUSDT', 'price': '0.0001613'}
2023-08-25 14:08:27,205 - INFO - {'symbol': 'SDPUSDT', 'price': '0.0001613'}
2023-08-25 14:08:27,589 - INFO - {'symbol': 'SDPUSDT', 'price': '0.0001613'}
2023-08-25 14:08:27,981 - INFO - {'symbol': 'SDPUSDT', 'price': '0.0001613'}
2023-08-25 14:08:28,376 - INFO - {'symbol': 'SDPUSDT', 'price': '0.0001613'}
2023-08-25 14:08:28,783 - INFO - {'symbol': 'SDPUSDT', 'price': '0.0001613'}
2023-08-25 14:08:29,178 - INFO - {'symbol': 'SDPUSDT', 'price': '0.0001613'}
2023-08-25 14:08:29,576 - INFO - {'symbol': 'SDPUSDT', 'price': '0.0001613'}
2023-08-25 14:08:29,979 - INFO - {'symbol': 'SDPUSDT', 'price': '0.000161'}
2023-08-25 14:08:30,387 - INFO - {'symbol': 'SDPUSDT', 'price': '0.000161'}
2023-08-25 14:08:30,777 - INFO - {'symbol': 'SDPUSDT', 'price': '0.000161'}
2023-08-25 14:08:31,179 - INFO - {'symbol': 'SDPUSDT', 'price': '0.0001613'}
2023-08-25 14:08:31,580 - INFO - {'symbol': 'SDPUSDT', 'price': '0.000161'}
2023-08-25 14:08:31,971 - INFO - {'symbol': 'SDPUSDT', 'price': '0.000161'}
2023-08-25 14:08:32,403 - INFO - {'symbol': 'SDPUSDT', 'price': '0.000161'}
2023-08-25 14:08:32,787 - INFO - {'symbol': 'SDPUSDT', 'price': '0.000161'}
2023-08-25 14:08:33,175 - INFO - {'symbol': 'SDPUSDT', 'price': '0.000161'}
2023-08-25 14:08:33,587 - INFO - {'symbol': 'SDPUSDT', 'price': '0.000161'}
2023-08-25 14:08:33,972 - INFO - {'symbol': 'SDPUSDT', 'price': '0.000161'}
2023-08-25 14:08:34,359 - INFO - {'symbol': 'SDPUSDT', 'price': '0.000161'}
2023-08-25 14:08:34,744 - INFO - {'symbol': 'SDPUSDT', 'price': '0.000161'}
2023-08-25 14:08:35,154 - INFO - {'symbol': 'SDPUSDT', 'price': '0.000161'}
2023-08-25 14:08:35,539 - INFO - {'symbol': 'SDPUSDT', 'price': '0.000161'}
2023-08-25 14:08:35,944 - INFO - {'symbol': 'SDPUSDT', 'price': '0.000161'}
2023-08-25 14:08:36,335 - INFO - {'symbol': 'SDPUSDT', 'price': '0.000161'}
2023-08-25 14:08:36,725 - INFO - {'symbol': 'SDPUSDT', 'price': '0.000161'}
2023-08-25 14:08:37,115 - INFO - {'symbol': 'SDPUSDT', 'price': '0.000161'}
2023-08-25 14:08:37,481 - INFO - {'symbol': 'SDPUSDT', 'price': '0.000161'}
2023-08-25 14:08:37,874 - INFO - {'symbol': 'SDPUSDT', 'price': '0.000161'}
2023-08-25 14:08:38,283 - INFO - {'symbol': 'SDPUSDT', 'price': '0.000161'}
2023-08-25 14:08:38,676 - INFO - {'symbol': 'SDPUSDT', 'price': '0.000161'}
2023-08-25 14:08:39,063 - INFO - {'symbol': 'SDPUSDT', 'price': '0.000161'}
2023-08-25 14:08:39,458 - INFO - {'symbol': 'SDPUSDT', 'price': '0.000161'}
2023-08-25 14:08:39,847 - INFO - {'symbol': 'SDPUSDT', 'price': '0.000161'}
2023-08-25 14:08:40,289 - INFO - {'symbol': 'SDPUSDT', 'price': '0.000161'}
2023-08-25 14:08:40,680 - INFO - {'symbol': 'SDPUSDT', 'price': '0.0001603'}
2023-08-25 14:08:41,070 - INFO - {'symbol': 'SDPUSDT', 'price': '0.0001603'}
2023-08-25 14:08:41,471 - INFO - {'symbol': 'SDPUSDT', 'price': '0.0001603'}
2023-08-25 14:08:41,863 - INFO - {'symbol': 'SDPUSDT', 'price': '0.0001603'}
2023-08-25 14:08:42,272 - INFO - {'symbol': 'SDPUSDT', 'price': '0.000155'}
2023-08-25 14:08:42,670 - INFO - {'symbol': 'SDPUSDT', 'price': '0.0001575'}
2023-08-25 14:08:43,074 - INFO - {'symbol': 'SDPUSDT', 'price': '0.000155'}
2023-08-25 14:08:43,487 - INFO - {'symbol': 'SDPUSDT', 'price': '0.0001575'}
2023-08-25 14:08:43,873 - INFO - {'symbol': 'SDPUSDT', 'price': '0.0001575'}
2023-08-25 14:08:44,274 - INFO - {'symbol': 'SDPUSDT', 'price': '0.0001575'}
2023-08-25 14:08:44,664 - INFO - {'symbol': 'SDPUSDT', 'price': '0.0001575'}
2023-08-25 14:08:45,069 - INFO - {'symbol': 'SDPUSDT', 'price': '0.0001575'}
2023-08-25 14:08:45,474 - INFO - {'symbol': 'SDPUSDT', 'price': '0.0001575'}
2023-08-25 14:08:45,861 - INFO - {'symbol': 'SDPUSDT', 'price': '0.0001575'}
2023-08-25 14:08:46,264 - INFO - {'symbol': 'SDPUSDT', 'price': '0.0001575'}
2023-08-25 14:08:46,665 - INFO - {'symbol': 'SDPUSDT', 'price': '0.0001575'}
2023-08-25 14:08:47,057 - INFO - {'symbol': 'SDPUSDT', 'price': '0.000152'}
2023-08-25 14:08:47,445 - INFO - {'symbol': 'SDPUSDT', 'price': '0.0001575'}
2023-08-25 14:08:47,838 - INFO - {'symbol': 'SDPUSDT', 'price': '0.000152'}
2023-08-25 14:08:48,245 - INFO - {'symbol': 'SDPUSDT', 'price': '0.000152'}
2023-08-25 14:08:48,652 - INFO - {'symbol': 'SDPUSDT', 'price': '0.000152'}
2023-08-25 14:08:49,065 - INFO - {'symbol': 'SDPUSDT', 'price': '0.000152'}
2023-08-25 14:08:49,450 - INFO - {'symbol': 'SDPUSDT', 'price': '0.000152'}
2023-08-25 14:08:49,870 - INFO - {'symbol': 'SDPUSDT', 'price': '0.000152'}
2023-08-25 14:08:50,252 - INFO - {'symbol': 'SDPUSDT', 'price': '0.000152'}
2023-08-25 14:08:50,651 - INFO - {'symbol': 'SDPUSDT', 'price': '0.000152'}
2023-08-25 14:08:51,050 - INFO - {'symbol': 'SDPUSDT', 'price': '0.000152'}
2023-08-25 14:08:51,451 - INFO - {'symbol': 'SDPUSDT', 'price': '0.000152'}
2023-08-25 14:08:51,843 - INFO - {'symbol': 'SDPUSDT', 'price': '0.000152'}
2023-08-25 14:08:52,228 - INFO - {'symbol': 'SDPUSDT', 'price': '0.000152'}
2023-08-25 14:08:52,628 - INFO - {'symbol': 'SDPUSDT', 'price': '0.000152'}
2023-08-25 14:08:53,015 - INFO - {'symbol': 'SDPUSDT', 'price': '0.000152'}
2023-08-25 14:08:53,421 - INFO - {'symbol': 'SDPUSDT', 'price': '0.000152'}
2023-08-25 14:08:53,815 - INFO - {'symbol': 'SDPUSDT', 'price': '0.000152'}
2023-08-25 14:08:54,217 - INFO - {'symbol': 'SDPUSDT', 'price': '0.000152'}
2023-08-25 14:08:54,620 - INFO - {'symbol': 'SDPUSDT', 'price': '0.000152'}
2023-08-25 14:08:55,006 - INFO - {'symbol': 'SDPUSDT', 'price': '0.000152'}
2023-08-25 14:08:55,399 - INFO - {'symbol': 'SDPUSDT', 'price': '0.000152'}
2023-08-25 14:08:55,785 - INFO - {'symbol': 'SDPUSDT', 'price': '0.000152'}
2023-08-25 14:08:56,175 - INFO - {'symbol': 'SDPUSDT', 'price': '0.000152'}
2023-08-25 14:08:56,583 - INFO - {'symbol': 'SDPUSDT', 'price': '0.000152'}
2023-08-25 14:08:56,975 - INFO - {'symbol': 'SDPUSDT', 'price': '0.000152'}
2023-08-25 14:08:57,369 - INFO - {'symbol': 'SDPUSDT', 'price': '0.000152'}
2023-08-25 14:08:57,753 - INFO - {'symbol': 'SDPUSDT', 'price': '0.000153'}
2023-08-25 14:08:58,153 - INFO - {'symbol': 'SDPUSDT', 'price': '0.000152'}
2023-08-25 14:08:58,567 - INFO - {'symbol': 'SDPUSDT', 'price': '0.000153'}
2023-08-25 14:08:58,956 - INFO - {'symbol': 'SDPUSDT', 'price': '0.000153'}
2023-08-25 14:08:59,353 - INFO - {'symbol': 'SDPUSDT', 'price': '0.000153'}
2023-08-25 14:08:59,743 - INFO - {'symbol': 'SDPUSDT', 'price': '0.000153'}
2023-08-25 14:09:00,140 - INFO - {'symbol': 'SDPUSDT', 'price': '0.000153'}
2023-08-25 14:09:00,526 - INFO - {'symbol': 'SDPUSDT', 'price': '0.0001532'}
2023-08-25 14:09:00,920 - INFO - {'symbol': 'SDPUSDT', 'price': '0.000153'}
2023-08-25 14:09:01,317 - INFO - {'symbol': 'SDPUSDT', 'price': '0.000153'}
2023-08-25 14:09:01,720 - INFO - {'symbol': 'SDPUSDT', 'price': '0.0001532'}
2023-08-25 14:09:02,107 - INFO - {'symbol': 'SDPUSDT', 'price': '0.0001532'}
2023-08-25 14:09:02,497 - INFO - {'symbol': 'SDPUSDT', 'price': '0.0001532'}
2023-08-25 14:09:02,882 - INFO - {'symbol': 'SDPUSDT', 'price': '0.0001532'}
2023-08-25 14:09:03,268 - INFO - {'symbol': 'SDPUSDT', 'price': '0.0001532'}
2023-08-25 14:09:03,655 - INFO - {'symbol': 'SDPUSDT', 'price': '0.0001532'}
2023-08-25 14:09:04,045 - INFO - {'symbol': 'SDPUSDT', 'price': '0.0001532'}
2023-08-25 14:09:04,440 - INFO - {'symbol': 'SDPUSDT', 'price': '0.0001532'}
2023-08-25 14:09:04,838 - INFO - {'symbol': 'SDPUSDT', 'price': '0.0001532'}
2023-08-25 14:09:05,237 - INFO - {'symbol': 'SDPUSDT', 'price': '0.0001532'}
2023-08-25 14:09:05,620 - INFO - {'symbol': 'SDPUSDT', 'price': '0.0001532'}
2023-08-25 14:09:06,003 - INFO - {'symbol': 'SDPUSDT', 'price': '0.0001532'}
2023-08-25 14:09:06,398 - INFO - {'symbol': 'SDPUSDT', 'price': '0.0001532'}
2023-08-25 14:09:07,282 - INFO - {'symbol': 'SDPUSDT', 'price': '0.0001532'}
2023-08-25 14:09:07,666 - INFO - {'symbol': 'SDPUSDT', 'price': '0.0001532'}
2023-08-25 14:09:08,055 - INFO - {'symbol': 'SDPUSDT', 'price': '0.0001532'}
2023-08-25 14:09:08,440 - INFO - {'symbol': 'SDPUSDT', 'price': '0.0001532'}
2023-08-25 14:09:08,828 - INFO - {'symbol': 'SDPUSDT', 'price': '0.0001532'}
2023-08-25 14:09:09,701 - INFO - {'symbol': 'SDPUSDT', 'price': '0.0001532'}
2023-08-25 14:09:10,087 - INFO - {'symbol': 'SDPUSDT', 'price': '0.0001532'}
2023-08-25 14:09:10,484 - INFO - {'symbol': 'SDPUSDT', 'price': '0.0001532'}
2023-08-25 14:09:10,877 - INFO - {'symbol': 'SDPUSDT', 'price': '0.0001532'}
2023-08-25 14:09:11,280 - INFO - {'symbol': 'SDPUSDT', 'price': '0.0001532'}
2023-08-25 14:09:11,667 - INFO - {'symbol': 'SDPUSDT', 'price': '0.0001532'}
2023-08-25 14:09:12,062 - INFO - {'symbol': 'SDPUSDT', 'price': '0.0001532'}
2023-08-25 14:09:12,455 - INFO - {'symbol': 'SDPUSDT', 'price': '0.0001532'}
2023-08-25 14:09:12,845 - INFO - {'symbol': 'SDPUSDT', 'price': '0.0001532'}
2023-08-25 14:09:13,237 - INFO - {'symbol': 'SDPUSDT', 'price': '0.0001532'}
2023-08-25 14:09:13,635 - INFO - {'symbol': 'SDPUSDT', 'price': '0.000167'}
2023-08-25 14:09:14,024 - INFO - {'symbol': 'SDPUSDT', 'price': '0.0001554'}
2023-08-25 14:09:14,417 - INFO - {'symbol': 'SDPUSDT', 'price': '0.000167'}
2023-08-25 14:09:14,819 - INFO - {'symbol': 'SDPUSDT', 'price': '0.000167'}
2023-08-25 14:09:15,215 - INFO - {'symbol': 'SDPUSDT', 'price': '0.000167'}
2023-08-25 14:09:15,607 - INFO - {'symbol': 'SDPUSDT', 'price': '0.000167'}
2023-08-25 14:09:16,010 - INFO - {'symbol': 'SDPUSDT', 'price': '0.000167'}
2023-08-25 14:09:16,414 - INFO - {'symbol': 'SDPUSDT', 'price': '0.000167'}
2023-08-25 14:09:16,801 - INFO - {'symbol': 'SDPUSDT', 'price': '0.000167'}
2023-08-25 14:09:17,240 - INFO - {'symbol': 'SDPUSDT', 'price': '0.000167'}
2023-08-25 14:09:17,632 - INFO - {'symbol': 'SDPUSDT', 'price': '0.000167'}
2023-08-25 14:09:18,027 - INFO - {'symbol': 'SDPUSDT', 'price': '0.000167'}
2023-08-25 14:09:18,425 - INFO - {'symbol': 'SDPUSDT', 'price': '0.000167'}
2023-08-25 14:09:18,819 - INFO - {'symbol': 'SDPUSDT', 'price': '0.000167'}
2023-08-25 14:09:19,216 - INFO - {'symbol': 'SDPUSDT', 'price': '0.000167'}
2023-08-25 14:09:19,613 - INFO - {'symbol': 'SDPUSDT', 'price': '0.000167'}
2023-08-25 14:09:20,013 - INFO - {'symbol': 'SDPUSDT', 'price': '0.000167'}
2023-08-25 14:09:20,435 - INFO - {'symbol': 'SDPUSDT', 'price': '0.000167'}
2023-08-25 14:09:21,305 - INFO - {'symbol': 'SDPUSDT', 'price': '0.000167'}
2023-08-25 14:09:21,696 - INFO - {'symbol': 'SDPUSDT', 'price': '0.000167'}
2023-08-25 14:09:22,091 - INFO - {'symbol': 'SDPUSDT', 'price': '0.000167'}
2023-08-25 14:09:22,486 - INFO - {'symbol': 'SDPUSDT', 'price': '0.000167'}
2023-08-25 14:09:22,856 - INFO - {'symbol': 'SDPUSDT', 'price': '0.000167'}
2023-08-25 14:09:23,256 - INFO - {'symbol': 'SDPUSDT', 'price': '0.000167'}
2023-08-25 14:09:23,648 - INFO - {'symbol': 'SDPUSDT', 'price': '0.000167'}
2023-08-25 14:09:24,033 - INFO - {'symbol': 'SDPUSDT', 'price': '0.000167'}
2023-08-25 14:09:24,417 - INFO - {'symbol': 'SDPUSDT', 'price': '0.000167'}
2023-08-25 14:09:24,817 - INFO - {'symbol': 'SDPUSDT', 'price': '0.000167'}
2023-08-25 14:09:25,244 - INFO - {'symbol': 'SDPUSDT', 'price': '0.000167'}
2023-08-25 14:09:25,647 - INFO - {'symbol': 'SDPUSDT', 'price': '0.000167'}
2023-08-25 14:09:26,054 - INFO - {'symbol': 'SDPUSDT', 'price': '0.000167'}
2023-08-25 14:09:26,457 - INFO - {'symbol': 'SDPUSDT', 'price': '0.000167'}
2023-08-25 14:09:26,840 - INFO - {'symbol': 'SDPUSDT', 'price': '0.000167'}
2023-08-25 14:09:27,240 - INFO - {'symbol': 'SDPUSDT', 'price': '0.000167'}
2023-08-25 14:09:27,683 - INFO - {'symbol': 'SDPUSDT', 'price': '0.000167'}
2023-08-25 14:09:28,072 - INFO - {'symbol': 'SDPUSDT', 'price': '0.000167'}
2023-08-25 14:09:28,468 - INFO - {'symbol': 'SDPUSDT', 'price': '0.000165'}
2023-08-25 14:09:28,861 - INFO - {'symbol': 'SDPUSDT', 'price': '0.000167'}
2023-08-25 14:09:29,252 - INFO - {'symbol': 'SDPUSDT', 'price': '0.000165'}
2023-08-25 14:09:29,660 - INFO - {'symbol': 'SDPUSDT', 'price': '0.000165'}
2023-08-25 14:09:30,049 - INFO - {'symbol': 'SDPUSDT', 'price': '0.000161'}
2023-08-25 14:09:30,454 - INFO - {'symbol': 'SDPUSDT', 'price': '0.000161'}
2023-08-25 14:09:30,851 - INFO - {'symbol': 'SDPUSDT', 'price': '0.000161'}
2023-08-25 14:09:31,247 - INFO - {'symbol': 'SDPUSDT', 'price': '0.000161'}
2023-08-25 14:09:31,646 - INFO - {'symbol': 'SDPUSDT', 'price': '0.000161'}
2023-08-25 14:09:32,047 - INFO - {'symbol': 'SDPUSDT', 'price': '0.000161'}
2023-08-25 14:09:32,434 - INFO - {'symbol': 'SDPUSDT', 'price': '0.000161'}
2023-08-25 14:09:32,828 - INFO - {'symbol': 'SDPUSDT', 'price': '0.000161'}
2023-08-25 14:09:33,218 - INFO - {'symbol': 'SDPUSDT', 'price': '0.000161'}
2023-08-25 14:09:33,607 - INFO - {'symbol': 'SDPUSDT', 'price': '0.000161'}
2023-08-25 14:09:34,000 - INFO - {'symbol': 'SDPUSDT', 'price': '0.000161'}
2023-08-25 14:09:34,412 - INFO - {'symbol': 'SDPUSDT', 'price': '0.000161'}
2023-08-25 14:09:34,796 - INFO - {'symbol': 'SDPUSDT', 'price': '0.000161'}
2023-08-25 14:09:35,202 - INFO - {'symbol': 'SDPUSDT', 'price': '0.000161'}
2023-08-25 14:09:35,604 - INFO - {'symbol': 'SDPUSDT', 'price': '0.000161'}
2023-08-25 14:09:36,003 - INFO - {'symbol': 'SDPUSDT', 'price': '0.000161'}
2023-08-25 14:09:36,406 - INFO - {'symbol': 'SDPUSDT', 'price': '0.000161'}
2023-08-25 14:09:36,819 - INFO - {'symbol': 'SDPUSDT', 'price': '0.000164'}
2023-08-25 14:09:37,215 - INFO - {'symbol': 'SDPUSDT', 'price': '0.000164'}
2023-08-25 14:09:37,617 - INFO - {'symbol': 'SDPUSDT', 'price': '0.000164'}
2023-08-25 14:09:38,015 - INFO - {'symbol': 'SDPUSDT', 'price': '0.000164'}
2023-08-25 14:09:38,412 - INFO - {'symbol': 'SDPUSDT', 'price': '0.000164'}
2023-08-25 14:09:38,806 - INFO - {'symbol': 'SDPUSDT', 'price': '0.000164'}
2023-08-25 14:09:39,196 - INFO - {'symbol': 'SDPUSDT', 'price': '0.000164'}
2023-08-25 14:09:39,598 - INFO - {'symbol': 'SDPUSDT', 'price': '0.000164'}
2023-08-25 14:09:40,004 - INFO - {'symbol': 'SDPUSDT', 'price': '0.0001554'}
2023-08-25 14:09:40,428 - INFO - {'symbol': 'SDPUSDT', 'price': '0.0001554'}
2023-08-25 14:09:40,812 - INFO - {'symbol': 'SDPUSDT', 'price': '0.0001554'}
2023-08-25 14:09:41,222 - INFO - {'symbol': 'SDPUSDT', 'price': '0.0001554'}
2023-08-25 14:09:41,626 - INFO - {'symbol': 'SDPUSDT', 'price': '0.0001554'}
2023-08-25 14:09:42,020 - INFO - {'symbol': 'SDPUSDT', 'price': '0.0001554'}
2023-08-25 14:09:42,414 - INFO - {'symbol': 'SDPUSDT', 'price': '0.0001554'}
2023-08-25 14:09:42,805 - INFO - {'symbol': 'SDPUSDT', 'price': '0.0001554'}
2023-08-25 14:09:43,199 - INFO - {'symbol': 'SDPUSDT', 'price': '0.0001554'}
2023-08-25 14:09:43,594 - INFO - {'symbol': 'SDPUSDT', 'price': '0.0001554'}
2023-08-25 14:09:43,987 - INFO - {'symbol': 'SDPUSDT', 'price': '0.0001554'}
2023-08-25 14:09:44,369 - INFO - {'symbol': 'SDPUSDT', 'price': '0.0001554'}
2023-08-25 14:09:44,787 - INFO - {'symbol': 'SDPUSDT', 'price': '0.0001554'}
2023-08-25 14:09:45,204 - INFO - {'symbol': 'SDPUSDT', 'price': '0.0001554'}
2023-08-25 14:09:45,620 - INFO - {'symbol': 'SDPUSDT', 'price': '0.0001554'}
2023-08-25 14:09:46,007 - INFO - {'symbol': 'SDPUSDT', 'price': '0.0001554'}
2023-08-25 14:09:46,394 - INFO - {'symbol': 'SDPUSDT', 'price': '0.0001554'}
2023-08-25 14:09:46,785 - INFO - {'symbol': 'SDPUSDT', 'price': '0.0001637'}
2023-08-25 14:09:47,184 - INFO - {'symbol': 'SDPUSDT', 'price': '0.0001637'}
2023-08-25 14:09:47,575 - INFO - {'symbol': 'SDPUSDT', 'price': '0.0001637'}
2023-08-25 14:09:47,964 - INFO - {'symbol': 'SDPUSDT', 'price': '0.0001637'}
2023-08-25 14:09:48,351 - INFO - {'symbol': 'SDPUSDT', 'price': '0.0001637'}
2023-08-25 14:09:48,750 - INFO - {'symbol': 'SDPUSDT', 'price': '0.0001637'}
2023-08-25 14:09:49,147 - INFO - {'symbol': 'SDPUSDT', 'price': '0.0001637'}
2023-08-25 14:09:49,538 - INFO - {'symbol': 'SDPUSDT', 'price': '0.0001554'}
2023-08-25 14:09:49,957 - INFO - {'symbol': 'SDPUSDT', 'price': '0.0001554'}
2023-08-25 14:09:50,340 - INFO - {'symbol': 'SDPUSDT', 'price': '0.0001554'}
2023-08-25 14:09:50,772 - INFO - {'symbol': 'SDPUSDT', 'price': '0.0001554'}
2023-08-25 14:09:51,177 - INFO - {'symbol': 'SDPUSDT', 'price': '0.0001554'}
2023-08-25 14:09:51,569 - INFO - {'symbol': 'SDPUSDT', 'price': '0.0001554'}
2023-08-25 14:09:51,956 - INFO - {'symbol': 'SDPUSDT', 'price': '0.0001554'}
2023-08-25 14:09:52,355 - INFO - {'symbol': 'SDPUSDT', 'price': '0.0001554'}
2023-08-25 14:09:52,753 - INFO - {'symbol': 'SDPUSDT', 'price': '0.0001554'}
2023-08-25 14:09:53,148 - INFO - {'symbol': 'SDPUSDT', 'price': '0.0001554'}
2023-08-25 14:09:54,019 - INFO - {'symbol': 'SDPUSDT', 'price': '0.0001554'}
2023-08-25 14:09:54,439 - INFO - {'symbol': 'SDPUSDT', 'price': '0.000155'}
2023-08-25 14:09:54,846 - INFO - {'symbol': 'SDPUSDT', 'price': '0.000155'}
2023-08-25 14:09:55,268 - INFO - {'symbol': 'SDPUSDT', 'price': '0.000155'}
2023-08-25 14:09:55,672 - INFO - {'symbol': 'SDPUSDT', 'price': '0.000155'}
2023-08-25 14:09:56,063 - INFO - {'symbol': 'SDPUSDT', 'price': '0.000155'}
2023-08-25 14:09:56,462 - INFO - {'symbol': 'SDPUSDT', 'price': '0.000155'}
2023-08-25 14:09:56,865 - INFO - {'symbol': 'SDPUSDT', 'price': '0.0001505'}
2023-08-25 14:09:57,261 - INFO - {'symbol': 'SDPUSDT', 'price': '0.00015'}
2023-08-25 14:09:57,620 - INFO - {'symbol': 'SDPUSDT', 'price': '0.0001505'}
2023-08-25 14:09:58,014 - INFO - {'symbol': 'SDPUSDT', 'price': '0.00015'}
2023-08-25 14:09:58,414 - INFO - {'symbol': 'SDPUSDT', 'price': '0.00015'}
2023-08-25 14:09:58,801 - INFO - {'symbol': 'SDPUSDT', 'price': '0.00015'}
2023-08-25 14:09:59,197 - INFO - {'symbol': 'SDPUSDT', 'price': '0.00015'}
2023-08-25 14:09:59,633 - INFO - {'symbol': 'SDPUSDT', 'price': '0.00015'}
2023-08-25 14:10:00,037 - INFO - {'symbol': 'SDPUSDT', 'price': '0.00015'}
2023-08-25 14:10:00,484 - INFO - {'symbol': 'SDPUSDT', 'price': '0.00015'}
2023-08-25 14:10:00,886 - INFO - {'symbol': 'SDPUSDT', 'price': '0.00015'}
2023-08-25 14:10:01,281 - INFO - {'symbol': 'SDPUSDT', 'price': '0.00015'}
2023-08-25 14:10:01,687 - INFO - {'symbol': 'SDPUSDT', 'price': '0.00015'}
2023-08-25 14:10:02,086 - INFO - {'symbol': 'SDPUSDT', 'price': '0.00015'}
2023-08-25 14:10:02,478 - INFO - {'symbol': 'SDPUSDT', 'price': '0.000136'}
2023-08-25 14:10:02,862 - INFO - {'symbol': 'SDPUSDT', 'price': '0.0001333'}
2023-08-25 14:10:03,251 - INFO - {'symbol': 'SDPUSDT', 'price': '0.0001333'}
2023-08-25 14:10:03,655 - INFO - {'symbol': 'SDPUSDT', 'price': '0.0001333'}
2023-08-25 14:10:04,055 - INFO - {'symbol': 'SDPUSDT', 'price': '0.0001333'}
2023-08-25 14:10:04,445 - INFO - {'symbol': 'SDPUSDT', 'price': '0.0001333'}
2023-08-25 14:10:04,836 - INFO - {'symbol': 'SDPUSDT', 'price': '0.0001333'}
2023-08-25 14:10:05,232 - INFO - {'symbol': 'SDPUSDT', 'price': '0.0001333'}
2023-08-25 14:10:05,633 - INFO - {'symbol': 'SDPUSDT', 'price': '0.0001333'}
2023-08-25 14:10:06,024 - INFO - {'symbol': 'SDPUSDT', 'price': '0.0001333'}
2023-08-25 14:10:06,411 - INFO - {'symbol': 'SDPUSDT', 'price': '0.0001333'}
2023-08-25 14:10:06,814 - INFO - {'symbol': 'SDPUSDT', 'price': '0.0001333'}
2023-08-25 14:10:07,216 - INFO - {'symbol': 'SDPUSDT', 'price': '0.0001333'}
2023-08-25 14:10:07,620 - INFO - {'symbol': 'SDPUSDT', 'price': '0.0001403'}
2023-08-25 14:10:08,013 - INFO - {'symbol': 'SDPUSDT', 'price': '0.0001403'}
2023-08-25 14:10:08,401 - INFO - {'symbol': 'SDPUSDT', 'price': '0.0001403'}
2023-08-25 14:10:08,793 - INFO - {'symbol': 'SDPUSDT', 'price': '0.0001403'}
2023-08-25 14:10:09,179 - INFO - {'symbol': 'SDPUSDT', 'price': '0.0001403'}
2023-08-25 14:10:09,573 - INFO - {'symbol': 'SDPUSDT', 'price': '0.0001337'}
2023-08-25 14:10:09,957 - INFO - {'symbol': 'SDPUSDT', 'price': '0.0001337'}
2023-08-25 14:10:10,344 - INFO - {'symbol': 'SDPUSDT', 'price': '0.000139'}
2023-08-25 14:10:10,733 - INFO - {'symbol': 'SDPUSDT', 'price': '0.000139'}
2023-08-25 14:10:11,123 - INFO - {'symbol': 'SDPUSDT', 'price': '0.000139'}
2023-08-25 14:10:11,521 - INFO - {'symbol': 'SDPUSDT', 'price': '0.000138'}
2023-08-25 14:10:11,935 - INFO - {'symbol': 'SDPUSDT', 'price': '0.000138'}
2023-08-25 14:10:12,336 - INFO - {'symbol': 'SDPUSDT', 'price': '0.000138'}
2023-08-25 14:10:12,724 - INFO - {'symbol': 'SDPUSDT', 'price': '0.000137'}
2023-08-25 14:10:13,109 - INFO - {'symbol': 'SDPUSDT', 'price': '0.000137'}
2023-08-25 14:10:13,505 - INFO - {'symbol': 'SDPUSDT', 'price': '0.000137'}
2023-08-25 14:10:13,901 - INFO - {'symbol': 'SDPUSDT', 'price': '0.000137'}
2023-08-25 14:10:14,284 - INFO - {'symbol': 'SDPUSDT', 'price': '0.000137'}
2023-08-25 14:10:15,079 - INFO - {'symbol': 'SDPUSDT', 'price': '0.000137'}
2023-08-25 14:10:15,470 - INFO - {'symbol': 'SDPUSDT', 'price': '0.000137'}
2023-08-25 14:10:15,855 - INFO - {'symbol': 'SDPUSDT', 'price': '0.000137'}
2023-08-25 14:10:16,245 - INFO - {'symbol': 'SDPUSDT', 'price': '0.000137'}
2023-08-25 14:10:16,645 - INFO - {'symbol': 'SDPUSDT', 'price': '0.000137'}
2023-08-25 14:10:17,038 - INFO - {'symbol': 'SDPUSDT', 'price': '0.000137'}
2023-08-25 14:10:17,448 - INFO - {'symbol': 'SDPUSDT', 'price': '0.000137'}
2023-08-25 14:10:17,854 - INFO - {'symbol': 'SDPUSDT', 'price': '0.0001342'}
2023-08-25 14:10:18,241 - INFO - {'symbol': 'SDPUSDT', 'price': '0.00014'}
2023-08-25 14:10:18,639 - INFO - {'symbol': 'SDPUSDT', 'price': '0.0001342'}
2023-08-25 14:10:19,034 - INFO - {'symbol': 'SDPUSDT', 'price': '0.00014'}
2023-08-25 14:10:19,431 - INFO - {'symbol': 'SDPUSDT', 'price': '0.00014'}
2023-08-25 14:10:19,870 - INFO - {'symbol': 'SDPUSDT', 'price': '0.000135'}
2023-08-25 14:10:20,279 - INFO - {'symbol': 'SDPUSDT', 'price': '0.00014'}
2023-08-25 14:10:20,666 - INFO - {'symbol': 'SDPUSDT', 'price': '0.00014'}
2023-08-25 14:10:21,055 - INFO - {'symbol': 'SDPUSDT', 'price': '0.000135'}
2023-08-25 14:10:21,479 - INFO - {'symbol': 'SDPUSDT', 'price': '0.000135'}
2023-08-25 14:10:21,876 - INFO - {'symbol': 'SDPUSDT', 'price': '0.000135'}
2023-08-25 14:10:22,271 - INFO - {'symbol': 'SDPUSDT', 'price': '0.000135'}
2023-08-25 14:10:22,656 - INFO - {'symbol': 'SDPUSDT', 'price': '0.000135'}
2023-08-25 14:10:23,055 - INFO - {'symbol': 'SDPUSDT', 'price': '0.000135'}
2023-08-25 14:10:23,452 - INFO - {'symbol': 'SDPUSDT', 'price': '0.000135'}
2023-08-25 14:10:23,846 - INFO - {'symbol': 'SDPUSDT', 'price': '0.000135'}
2023-08-25 14:10:24,238 - INFO - {'symbol': 'SDPUSDT', 'price': '0.000135'}
2023-08-25 14:10:24,633 - INFO - {'symbol': 'SDPUSDT', 'price': '0.000135'}
2023-08-25 14:10:25,031 - INFO - {'symbol': 'SDPUSDT', 'price': '0.000135'}
2023-08-25 14:10:25,433 - INFO - {'symbol': 'SDPUSDT', 'price': '0.000135'}
2023-08-25 14:10:25,815 - INFO - {'symbol': 'SDPUSDT', 'price': '0.000135'}
2023-08-25 14:10:26,202 - INFO - {'symbol': 'SDPUSDT', 'price': '0.000135'}
2023-08-25 14:10:26,603 - INFO - {'symbol': 'SDPUSDT', 'price': '0.000135'}
2023-08-25 14:10:27,008 - INFO - {'symbol': 'SDPUSDT', 'price': '0.000135'}
2023-08-25 14:10:27,399 - INFO - {'symbol': 'SDPUSDT', 'price': '0.000135'}
2023-08-25 14:10:27,791 - INFO - {'symbol': 'SDPUSDT', 'price': '0.000135'}
2023-08-25 14:10:28,202 - INFO - {'symbol': 'SDPUSDT', 'price': '0.000135'}
2023-08-25 14:10:28,589 - INFO - {'symbol': 'SDPUSDT', 'price': '0.000135'}
2023-08-25 14:10:28,993 - INFO - {'symbol': 'SDPUSDT', 'price': '0.000135'}
2023-08-25 14:10:29,395 - INFO - {'symbol': 'SDPUSDT', 'price': '0.000135'}
2023-08-25 14:10:29,794 - INFO - {'symbol': 'SDPUSDT', 'price': '0.000135'}
2023-08-25 14:10:30,190 - INFO - {'symbol': 'SDPUSDT', 'price': '0.000135'}
2023-08-25 14:10:30,597 - INFO - {'symbol': 'SDPUSDT', 'price': '0.000135'}
2023-08-25 14:10:31,001 - INFO - {'symbol': 'SDPUSDT', 'price': '0.000135'}
2023-08-25 14:10:31,398 - INFO - {'symbol': 'SDPUSDT', 'price': '0.000135'}
2023-08-25 14:10:31,799 - INFO - {'symbol': 'SDPUSDT', 'price': '0.000135'}
2023-08-25 14:10:32,191 - INFO - {'symbol': 'SDPUSDT', 'price': '0.000135'}
2023-08-25 14:10:32,619 - INFO - {'symbol': 'SDPUSDT', 'price': '0.000135'}
2023-08-25 14:10:33,023 - INFO - {'symbol': 'SDPUSDT', 'price': '0.000135'}
2023-08-25 14:10:33,426 - INFO - {'symbol': 'SDPUSDT', 'price': '0.0001343'}
2023-08-25 14:10:33,833 - INFO - {'symbol': 'SDPUSDT', 'price': '0.0001343'}
2023-08-25 14:10:34,231 - INFO - {'symbol': 'SDPUSDT', 'price': '0.000135'}
2023-08-25 14:10:34,641 - INFO - {'symbol': 'SDPUSDT', 'price': '0.000135'}
2023-08-25 14:10:35,046 - INFO - {'symbol': 'SDPUSDT', 'price': '0.0001343'}
2023-08-25 14:10:35,453 - INFO - {'symbol': 'SDPUSDT', 'price': '0.000135'}
2023-08-25 14:10:35,846 - INFO - {'symbol': 'SDPUSDT', 'price': '0.000135'}
2023-08-25 14:10:36,238 - INFO - {'symbol': 'SDPUSDT', 'price': '0.000135'}
2023-08-25 14:10:36,628 - INFO - {'symbol': 'SDPUSDT', 'price': '0.000135'}
2023-08-25 14:10:37,017 - INFO - {'symbol': 'SDPUSDT', 'price': '0.000135'}
2023-08-25 14:10:37,415 - INFO - {'symbol': 'SDPUSDT', 'price': '0.000135'}
2023-08-25 14:10:37,800 - INFO - {'symbol': 'SDPUSDT', 'price': '0.0001333'}
2023-08-25 14:10:38,196 - INFO - {'symbol': 'SDPUSDT', 'price': '0.0001338'}
2023-08-25 14:10:38,598 - INFO - {'symbol': 'SDPUSDT', 'price': '0.0001333'}
2023-08-25 14:10:39,008 - INFO - {'symbol': 'SDPUSDT', 'price': '0.0001333'}
2023-08-25 14:10:39,410 - INFO - {'symbol': 'SDPUSDT', 'price': '0.0001333'}
2023-08-25 14:10:39,806 - INFO - {'symbol': 'SDPUSDT', 'price': '0.0001333'}
2023-08-25 14:10:40,221 - INFO - {'symbol': 'SDPUSDT', 'price': '0.0001333'}
2023-08-25 14:10:40,619 - INFO - {'symbol': 'SDPUSDT', 'price': '0.0001333'}
2023-08-25 14:10:40,999 - INFO - {'symbol': 'SDPUSDT', 'price': '0.0001333'}
2023-08-25 14:10:41,398 - INFO - {'symbol': 'SDPUSDT', 'price': '0.0001333'}
2023-08-25 14:10:41,811 - INFO - {'symbol': 'SDPUSDT', 'price': '0.0001333'}
2023-08-25 14:10:42,204 - INFO - {'symbol': 'SDPUSDT', 'price': '0.0001333'}
2023-08-25 14:10:42,603 - INFO - {'symbol': 'SDPUSDT', 'price': '0.0001333'}
2023-08-25 14:10:43,017 - INFO - {'symbol': 'SDPUSDT', 'price': '0.0001333'}
2023-08-25 14:10:43,408 - INFO - {'symbol': 'SDPUSDT', 'price': '0.0001333'}
2023-08-25 14:10:43,817 - INFO - {'symbol': 'SDPUSDT', 'price': '0.0001338'}
2023-08-25 14:10:44,222 - INFO - {'symbol': 'SDPUSDT', 'price': '0.0001338'}
2023-08-25 14:10:44,622 - INFO - {'symbol': 'SDPUSDT', 'price': '0.0001338'}
2023-08-25 14:10:45,021 - INFO - {'symbol': 'SDPUSDT', 'price': '0.0001338'}
2023-08-25 14:10:45,426 - INFO - {'symbol': 'SDPUSDT', 'price': '0.0001338'}
2023-08-25 14:10:45,826 - INFO - {'symbol': 'SDPUSDT', 'price': '0.0001338'}
2023-08-25 14:10:46,215 - INFO - {'symbol': 'SDPUSDT', 'price': '0.0001338'}
2023-08-25 14:10:46,611 - INFO - {'symbol': 'SDPUSDT', 'price': '0.0001338'}
2023-08-25 14:10:46,997 - INFO - {'symbol': 'SDPUSDT', 'price': '0.0001338'}
2023-08-25 14:10:47,389 - INFO - {'symbol': 'SDPUSDT', 'price': '0.0001338'}
2023-08-25 14:10:47,780 - INFO - {'symbol': 'SDPUSDT', 'price': '0.0001338'}
2023-08-25 14:10:48,165 - INFO - {'symbol': 'SDPUSDT', 'price': '0.0001338'}
2023-08-25 14:10:48,592 - INFO - {'symbol': 'SDPUSDT', 'price': '0.0001338'}
2023-08-25 14:10:48,987 - INFO - {'symbol': 'SDPUSDT', 'price': '0.0001338'}
2023-08-25 14:10:49,390 - INFO - {'symbol': 'SDPUSDT', 'price': '0.0001338'}
2023-08-25 14:10:49,821 - INFO - {'symbol': 'SDPUSDT', 'price': '0.0001338'}
2023-08-25 14:10:50,204 - INFO - {'symbol': 'SDPUSDT', 'price': '0.0001338'}
2023-08-25 14:10:50,608 - INFO - {'symbol': 'SDPUSDT', 'price': '0.0001338'}
2023-08-25 14:10:51,044 - INFO - {'symbol': 'SDPUSDT', 'price': '0.0001338'}
2023-08-25 14:10:51,459 - INFO - {'symbol': 'SDPUSDT', 'price': '0.0001338'}
2023-08-25 14:10:51,843 - INFO - {'symbol': 'SDPUSDT', 'price': '0.0001338'}
2023-08-25 14:10:52,235 - INFO - {'symbol': 'SDPUSDT', 'price': '0.0001301'}
2023-08-25 14:10:52,638 - INFO - {'symbol': 'SDPUSDT', 'price': '0.0001301'}
2023-08-25 14:10:53,041 - INFO - {'symbol': 'SDPUSDT', 'price': '0.0001338'}
2023-08-25 14:10:53,435 - INFO - {'symbol': 'SDPUSDT', 'price': '0.00013'}
2023-08-25 14:10:53,823 - INFO - {'symbol': 'SDPUSDT', 'price': '0.0001301'}
2023-08-25 14:10:54,224 - INFO - {'symbol': 'SDPUSDT', 'price': '0.00013'}
2023-08-25 14:10:54,627 - INFO - {'symbol': 'SDPUSDT', 'price': '0.000129'}
2023-08-25 14:10:55,012 - INFO - {'symbol': 'SDPUSDT', 'price': '0.000129'}
2023-08-25 14:10:55,410 - INFO - {'symbol': 'SDPUSDT', 'price': '0.000129'}
2023-08-25 14:10:55,813 - INFO - {'symbol': 'SDPUSDT', 'price': '0.000129'}
2023-08-25 14:10:56,213 - INFO - {'symbol': 'SDPUSDT', 'price': '0.000129'}
2023-08-25 14:10:56,613 - INFO - {'symbol': 'SDPUSDT', 'price': '0.000129'}
2023-08-25 14:10:57,001 - INFO - {'symbol': 'SDPUSDT', 'price': '0.000129'}
2023-08-25 14:10:57,394 - INFO - {'symbol': 'SDPUSDT', 'price': '0.000129'}
2023-08-25 14:10:57,868 - INFO - {'symbol': 'SDPUSDT', 'price': '0.000129'}
2023-08-25 14:10:58,249 - INFO - {'symbol': 'SDPUSDT', 'price': '0.000129'}
2023-08-25 14:10:58,639 - INFO - {'symbol': 'SDPUSDT', 'price': '0.000129'}
2023-08-25 14:10:59,049 - INFO - {'symbol': 'SDPUSDT', 'price': '0.000129'}
2023-08-25 14:10:59,442 - INFO - {'symbol': 'SDPUSDT', 'price': '0.000129'}
2023-08-25 14:10:59,847 - INFO - {'symbol': 'SDPUSDT', 'price': '0.000129'}
2023-08-25 14:11:00,245 - INFO - {'symbol': 'SDPUSDT', 'price': '0.000129'}
2023-08-25 14:11:00,658 - INFO - {'symbol': 'SDPUSDT', 'price': '0.000129'}
2023-08-25 14:11:01,047 - INFO - {'symbol': 'SDPUSDT', 'price': '0.000129'}
2023-08-25 14:11:01,448 - INFO - {'symbol': 'SDPUSDT', 'price': '0.000129'}
2023-08-25 14:11:01,827 - INFO - {'symbol': 'SDPUSDT', 'price': '0.000122'}
2023-08-25 14:11:02,226 - INFO - {'symbol': 'SDPUSDT', 'price': '0.000122'}
2023-08-25 14:11:02,615 - INFO - {'symbol': 'SDPUSDT', 'price': '0.000122'}
2023-08-25 14:11:03,026 - INFO - {'symbol': 'SDPUSDT', 'price': '0.00012'}
2023-08-25 14:11:03,425 - INFO - {'symbol': 'SDPUSDT', 'price': '0.00012'}
2023-08-25 14:11:03,823 - INFO - {'symbol': 'SDPUSDT', 'price': '0.000121'}
2023-08-25 14:11:04,213 - INFO - {'symbol': 'SDPUSDT', 'price': '0.000121'}
2023-08-25 14:11:05,068 - INFO - {'symbol': 'SDPUSDT', 'price': '0.000121'}
2023-08-25 14:11:05,462 - INFO - {'symbol': 'SDPUSDT', 'price': '0.000121'}
2023-08-25 14:11:05,856 - INFO - {'symbol': 'SDPUSDT', 'price': '0.000121'}
2023-08-25 14:11:06,249 - INFO - {'symbol': 'SDPUSDT', 'price': '0.000121'}
2023-08-25 14:11:06,644 - INFO - {'symbol': 'SDPUSDT', 'price': '0.000121'}
2023-08-25 14:11:07,032 - INFO - {'symbol': 'SDPUSDT', 'price': '0.000121'}
2023-08-25 14:11:07,423 - INFO - {'symbol': 'SDPUSDT', 'price': '0.000121'}
2023-08-25 14:11:07,823 - INFO - {'symbol': 'SDPUSDT', 'price': '0.000121'}
2023-08-25 14:11:08,220 - INFO - {'symbol': 'SDPUSDT', 'price': '0.000121'}
2023-08-25 14:11:08,616 - INFO - {'symbol': 'SDPUSDT', 'price': '0.000121'}
2023-08-25 14:11:09,006 - INFO - {'symbol': 'SDPUSDT', 'price': '0.000121'}
2023-08-25 14:11:09,407 - INFO - {'symbol': 'SDPUSDT', 'price': '0.000121'}
2023-08-25 14:11:09,809 - INFO - {'symbol': 'SDPUSDT', 'price': '0.000121'}
2023-08-25 14:11:10,212 - INFO - {'symbol': 'SDPUSDT', 'price': '0.000121'}
2023-08-25 14:11:10,612 - INFO - {'symbol': 'SDPUSDT', 'price': '0.000121'}
2023-08-25 14:11:11,008 - INFO - {'symbol': 'SDPUSDT', 'price': '0.000121'}
2023-08-25 14:11:11,445 - INFO - {'symbol': 'SDPUSDT', 'price': '0.000121'}
2023-08-25 14:11:11,839 - INFO - {'symbol': 'SDPUSDT', 'price': '0.000121'}
2023-08-25 14:11:12,228 - INFO - {'symbol': 'SDPUSDT', 'price': '0.000121'}
2023-08-25 14:11:12,621 - INFO - {'symbol': 'SDPUSDT', 'price': '0.000121'}
2023-08-25 14:11:13,012 - INFO - {'symbol': 'SDPUSDT', 'price': '0.000121'}
2023-08-25 14:11:13,411 - INFO - {'symbol': 'SDPUSDT', 'price': '0.000121'}
2023-08-25 14:11:13,809 - INFO - {'symbol': 'SDPUSDT', 'price': '0.000121'}
2023-08-25 14:11:14,196 - INFO - {'symbol': 'SDPUSDT', 'price': '0.0001217'}
2023-08-25 14:11:14,589 - INFO - {'symbol': 'SDPUSDT', 'price': '0.0001217'}
2023-08-25 14:11:14,986 - INFO - {'symbol': 'SDPUSDT', 'price': '0.0001217'}
2023-08-25 14:11:15,382 - INFO - {'symbol': 'SDPUSDT', 'price': '0.0001217'}
2023-08-25 14:11:15,772 - INFO - {'symbol': 'SDPUSDT', 'price': '0.0001217'}
2023-08-25 14:11:16,153 - INFO - {'symbol': 'SDPUSDT', 'price': '0.0001217'}
2023-08-25 14:11:16,541 - INFO - {'symbol': 'SDPUSDT', 'price': '0.0001217'}
2023-08-25 14:11:16,946 - INFO - {'symbol': 'SDPUSDT', 'price': '0.0001217'}
2023-08-25 14:11:17,358 - INFO - {'symbol': 'SDPUSDT', 'price': '0.0001217'}
2023-08-25 14:11:17,798 - INFO - {'symbol': 'SDPUSDT', 'price': '0.0001217'}
2023-08-25 14:11:18,193 - INFO - {'symbol': 'SDPUSDT', 'price': '0.0001217'}
2023-08-25 14:11:18,580 - INFO - {'symbol': 'SDPUSDT', 'price': '0.0001217'}
2023-08-25 14:11:18,987 - INFO - {'symbol': 'SDPUSDT', 'price': '0.0001217'}
2023-08-25 14:11:19,385 - INFO - {'symbol': 'SDPUSDT', 'price': '0.000124'}
2023-08-25 14:11:19,787 - INFO - {'symbol': 'SDPUSDT', 'price': '0.000124'}
2023-08-25 14:11:20,227 - INFO - {'symbol': 'SDPUSDT', 'price': '0.000124'}
2023-08-25 14:11:20,615 - INFO - {'symbol': 'SDPUSDT', 'price': '0.000124'}
2023-08-25 14:11:21,034 - INFO - {'symbol': 'SDPUSDT', 'price': '0.000124'}
2023-08-25 14:11:21,434 - INFO - {'symbol': 'SDPUSDT', 'price': '0.000124'}
2023-08-25 14:11:21,831 - INFO - {'symbol': 'SDPUSDT', 'price': '0.000124'}
2023-08-25 14:11:22,220 - INFO - {'symbol': 'SDPUSDT', 'price': '0.000124'}
2023-08-25 14:11:22,620 - INFO - {'symbol': 'SDPUSDT', 'price': '0.000124'}
2023-08-25 14:11:23,023 - INFO - {'symbol': 'SDPUSDT', 'price': '0.000124'}
2023-08-25 14:11:23,405 - INFO - {'symbol': 'SDPUSDT', 'price': '0.000124'}
2023-08-25 14:11:23,815 - INFO - {'symbol': 'SDPUSDT', 'price': '0.000126'}
2023-08-25 14:11:24,666 - INFO - {'symbol': 'SDPUSDT', 'price': '0.000126'}
2023-08-25 14:11:25,054 - INFO - {'symbol': 'SDPUSDT', 'price': '0.000126'}
2023-08-25 14:11:25,450 - INFO - {'symbol': 'SDPUSDT', 'price': '0.000126'}
2023-08-25 14:11:25,848 - INFO - {'symbol': 'SDPUSDT', 'price': '0.000126'}
2023-08-25 14:11:26,251 - INFO - {'symbol': 'SDPUSDT', 'price': '0.000126'}
2023-08-25 14:11:26,649 - INFO - {'symbol': 'SDPUSDT', 'price': '0.000126'}
2023-08-25 14:11:27,037 - INFO - {'symbol': 'SDPUSDT', 'price': '0.000126'}
2023-08-25 14:11:27,436 - INFO - {'symbol': 'SDPUSDT', 'price': '0.000126'}
2023-08-25 14:11:27,854 - INFO - {'symbol': 'SDPUSDT', 'price': '0.000126'}
2023-08-25 14:11:28,243 - INFO - {'symbol': 'SDPUSDT', 'price': '0.000126'}
2023-08-25 14:11:28,630 - INFO - {'symbol': 'SDPUSDT', 'price': '0.000126'}
2023-08-25 14:11:29,030 - INFO - {'symbol': 'SDPUSDT', 'price': '0.000126'}
2023-08-25 14:11:29,416 - INFO - {'symbol': 'SDPUSDT', 'price': '0.000126'}
2023-08-25 14:11:29,810 - INFO - {'symbol': 'SDPUSDT', 'price': '0.000126'}
2023-08-25 14:11:30,193 - INFO - {'symbol': 'SDPUSDT', 'price': '0.000126'}
2023-08-25 14:11:30,587 - INFO - {'symbol': 'SDPUSDT', 'price': '0.000126'}
2023-08-25 14:11:30,981 - INFO - {'symbol': 'SDPUSDT', 'price': '0.000126'}
2023-08-25 14:11:31,377 - INFO - {'symbol': 'SDPUSDT', 'price': '0.000126'}
2023-08-25 14:11:31,777 - INFO - {'symbol': 'SDPUSDT', 'price': '0.000126'}
2023-08-25 14:11:32,220 - INFO - {'symbol': 'SDPUSDT', 'price': '0.000126'}
2023-08-25 14:11:32,607 - INFO - {'symbol': 'SDPUSDT', 'price': '0.000132'}
2023-08-25 14:11:33,002 - INFO - {'symbol': 'SDPUSDT', 'price': '0.000132'}
2023-08-25 14:11:33,408 - INFO - {'symbol': 'SDPUSDT', 'price': '0.000132'}
2023-08-25 14:11:33,813 - INFO - {'symbol': 'SDPUSDT', 'price': '0.000132'}
2023-08-25 14:11:34,212 - INFO - {'symbol': 'SDPUSDT', 'price': '0.0001399'}
2023-08-25 14:11:34,596 - INFO - {'symbol': 'SDPUSDT', 'price': '0.0001399'}
2023-08-25 14:11:34,987 - INFO - {'symbol': 'SDPUSDT', 'price': '0.0001399'}
2023-08-25 14:11:35,385 - INFO - {'symbol': 'SDPUSDT', 'price': '0.0001399'}
2023-08-25 14:11:35,782 - INFO - {'symbol': 'SDPUSDT', 'price': '0.0001399'}
2023-08-25 14:11:36,172 - INFO - {'symbol': 'SDPUSDT', 'price': '0.0001399'}
2023-08-25 14:11:36,568 - INFO - {'symbol': 'SDPUSDT', 'price': '0.0001399'}
2023-08-25 14:11:36,961 - INFO - {'symbol': 'SDPUSDT', 'price': '0.0001399'}
2023-08-25 14:11:37,348 - INFO - {'symbol': 'SDPUSDT', 'price': '0.0001399'}
2023-08-25 14:11:37,755 - INFO - {'symbol': 'SDPUSDT', 'price': '0.0001399'}
2023-08-25 14:11:38,140 - INFO - {'symbol': 'SDPUSDT', 'price': '0.0001399'}
2023-08-25 14:11:38,533 - INFO - {'symbol': 'SDPUSDT', 'price': '0.0001399'}
2023-08-25 14:11:38,952 - INFO - {'symbol': 'SDPUSDT', 'price': '0.0001399'}
2023-08-25 14:11:39,353 - INFO - {'symbol': 'SDPUSDT', 'price': '0.0001399'}
2023-08-25 14:11:39,762 - INFO - {'symbol': 'SDPUSDT', 'price': '0.0001399'}
2023-08-25 14:11:40,180 - INFO - {'symbol': 'SDPUSDT', 'price': '0.0001399'}
2023-08-25 14:11:40,573 - INFO - {'symbol': 'SDPUSDT', 'price': '0.0001399'}
2023-08-25 14:11:40,969 - INFO - {'symbol': 'SDPUSDT', 'price': '0.0001399'}
2023-08-25 14:11:41,351 - INFO - {'symbol': 'SDPUSDT', 'price': '0.0001399'}
2023-08-25 14:11:41,750 - INFO - {'symbol': 'SDPUSDT', 'price': '0.0001399'}
2023-08-25 14:11:42,136 - INFO - {'symbol': 'SDPUSDT', 'price': '0.0001399'}
2023-08-25 14:11:42,531 - INFO - {'symbol': 'SDPUSDT', 'price': '0.000135'}
2023-08-25 14:11:42,926 - INFO - {'symbol': 'SDPUSDT', 'price': '0.0001399'}
2023-08-25 14:11:43,328 - INFO - {'symbol': 'SDPUSDT', 'price': '0.000135'}
2023-08-25 14:11:43,710 - INFO - {'symbol': 'SDPUSDT', 'price': '0.000135'}
2023-08-25 14:11:44,109 - INFO - {'symbol': 'SDPUSDT', 'price': '0.000135'}
2023-08-25 14:11:44,516 - INFO - {'symbol': 'SDPUSDT', 'price': '0.000135'}
2023-08-25 14:11:44,908 - INFO - {'symbol': 'SDPUSDT', 'price': '0.000135'}
2023-08-25 14:11:45,303 - INFO - {'symbol': 'SDPUSDT', 'price': '0.000135'}
2023-08-25 14:11:45,697 - INFO - {'symbol': 'SDPUSDT', 'price': '0.000135'}
2023-08-25 14:11:46,109 - INFO - {'symbol': 'SDPUSDT', 'price': '0.000135'}
2023-08-25 14:11:46,517 - INFO - {'symbol': 'SDPUSDT', 'price': '0.000135'}
2023-08-25 14:11:46,905 - INFO - {'symbol': 'SDPUSDT', 'price': '0.000135'}
2023-08-25 14:11:47,313 - INFO - {'symbol': 'SDPUSDT', 'price': '0.000135'}
2023-08-25 14:11:47,769 - INFO - {'symbol': 'SDPUSDT', 'price': '0.000135'}
2023-08-25 14:11:48,172 - INFO - {'symbol': 'SDPUSDT', 'price': '0.000135'}
2023-08-25 14:11:48,580 - INFO - {'symbol': 'SDPUSDT', 'price': '0.000135'}
2023-08-25 14:11:48,978 - INFO - {'symbol': 'SDPUSDT', 'price': '0.000135'}
2023-08-25 14:11:49,392 - INFO - {'symbol': 'SDPUSDT', 'price': '0.000135'}
2023-08-25 14:11:49,789 - INFO - {'symbol': 'SDPUSDT', 'price': '0.000135'}
2023-08-25 14:11:50,201 - INFO - {'symbol': 'SDPUSDT', 'price': '0.000135'}
2023-08-25 14:11:50,609 - INFO - {'symbol': 'SDPUSDT', 'price': '0.000138'}
2023-08-25 14:11:50,997 - INFO - {'symbol': 'SDPUSDT', 'price': '0.000138'}
2023-08-25 14:11:51,386 - INFO - {'symbol': 'SDPUSDT', 'price': '0.000138'}
2023-08-25 14:11:51,794 - INFO - {'symbol': 'SDPUSDT', 'price': '0.000138'}
2023-08-25 14:11:52,186 - INFO - {'symbol': 'SDPUSDT', 'price': '0.000138'}
2023-08-25 14:11:52,576 - INFO - {'symbol': 'SDPUSDT', 'price': '0.000139'}
2023-08-25 14:11:52,961 - INFO - {'symbol': 'SDPUSDT', 'price': '0.000139'}
2023-08-25 14:11:53,359 - INFO - {'symbol': 'SDPUSDT', 'price': '0.000139'}
2023-08-25 14:11:53,772 - INFO - {'symbol': 'SDPUSDT', 'price': '0.000139'}
2023-08-25 14:11:54,181 - INFO - {'symbol': 'SDPUSDT', 'price': '0.000139'}
2023-08-25 14:11:54,572 - INFO - {'symbol': 'SDPUSDT', 'price': '0.000139'}
2023-08-25 14:11:54,981 - INFO - {'symbol': 'SDPUSDT', 'price': '0.000139'}
2023-08-25 14:11:55,380 - INFO - {'symbol': 'SDPUSDT', 'price': '0.000139'}
2023-08-25 14:11:55,781 - INFO - {'symbol': 'SDPUSDT', 'price': '0.000139'}
2023-08-25 14:11:56,178 - INFO - {'symbol': 'SDPUSDT', 'price': '0.000139'}
2023-08-25 14:11:56,577 - INFO - {'symbol': 'SDPUSDT', 'price': '0.000139'}
2023-08-25 14:11:56,981 - INFO - {'symbol': 'SDPUSDT', 'price': '0.000139'}
2023-08-25 14:11:57,377 - INFO - {'symbol': 'SDPUSDT', 'price': '0.000139'}
2023-08-25 14:11:57,762 - INFO - {'symbol': 'SDPUSDT', 'price': '0.000139'}
2023-08-25 14:11:58,166 - INFO - {'symbol': 'SDPUSDT', 'price': '0.000139'}
2023-08-25 14:11:58,615 - INFO - {'symbol': 'SDPUSDT', 'price': '0.000139'}
2023-08-25 14:11:59,016 - INFO - {'symbol': 'SDPUSDT', 'price': '0.000139'}
2023-08-25 14:11:59,412 - INFO - {'symbol': 'SDPUSDT', 'price': '0.000139'}
2023-08-25 14:11:59,805 - INFO - {'symbol': 'SDPUSDT', 'price': '0.000139'}
2023-08-25 14:12:00,225 - INFO - {'symbol': 'SDPUSDT', 'price': '0.000139'}
2023-08-25 14:12:00,619 - INFO - {'symbol': 'SDPUSDT', 'price': '0.000139'}
2023-08-25 14:12:01,010 - INFO - {'symbol': 'SDPUSDT', 'price': '0.000135'}
2023-08-25 14:12:01,397 - INFO - {'symbol': 'SDPUSDT', 'price': '0.000135'}
2023-08-25 14:12:01,799 - INFO - {'symbol': 'SDPUSDT', 'price': '0.000135'}
2023-08-25 14:12:02,182 - INFO - {'symbol': 'SDPUSDT', 'price': '0.000135'}
2023-08-25 14:12:02,579 - INFO - {'symbol': 'SDPUSDT', 'price': '0.0001399'}
2023-08-25 14:12:03,425 - INFO - {'symbol': 'SDPUSDT', 'price': '0.0001399'}
2023-08-25 14:12:03,809 - INFO - {'symbol': 'SDPUSDT', 'price': '0.0001399'}
2023-08-25 14:12:04,202 - INFO - {'symbol': 'SDPUSDT', 'price': '0.0001399'}
2023-08-25 14:12:04,595 - INFO - {'symbol': 'SDPUSDT', 'price': '0.0001399'}
2023-08-25 14:12:04,991 - INFO - {'symbol': 'SDPUSDT', 'price': '0.0001399'}
2023-08-25 14:12:05,407 - INFO - {'symbol': 'SDPUSDT', 'price': '0.0001399'}
2023-08-25 14:12:05,796 - INFO - {'symbol': 'SDPUSDT', 'price': '0.0001399'}
2023-08-25 14:12:06,189 - INFO - {'symbol': 'SDPUSDT', 'price': '0.0001399'}
2023-08-25 14:12:06,572 - INFO - {'symbol': 'SDPUSDT', 'price': '0.0001399'}
2023-08-25 14:12:06,965 - INFO - {'symbol': 'SDPUSDT', 'price': '0.0001399'}
2023-08-25 14:12:07,353 - INFO - {'symbol': 'SDPUSDT', 'price': '0.0001399'}
2023-08-25 14:12:07,753 - INFO - {'symbol': 'SDPUSDT', 'price': '0.0001399'}
2023-08-25 14:12:08,151 - INFO - {'symbol': 'SDPUSDT', 'price': '0.0001399'}
2023-08-25 14:12:08,552 - INFO - {'symbol': 'SDPUSDT', 'price': '0.0001399'}
2023-08-25 14:12:08,942 - INFO - {'symbol': 'SDPUSDT', 'price': '0.0001399'}
2023-08-25 14:12:09,348 - INFO - {'symbol': 'SDPUSDT', 'price': '0.0001399'}
2023-08-25 14:12:09,751 - INFO - {'symbol': 'SDPUSDT', 'price': '0.0001399'}
2023-08-25 14:12:10,141 - INFO - {'symbol': 'SDPUSDT', 'price': '0.0001399'}
2023-08-25 14:12:10,550 - INFO - {'symbol': 'SDPUSDT', 'price': '0.0001399'}
2023-08-25 14:12:10,963 - INFO - {'symbol': 'SDPUSDT', 'price': '0.0001399'}
2023-08-25 14:12:11,360 - INFO - {'symbol': 'SDPUSDT', 'price': '0.0001399'}
2023-08-25 14:12:11,759 - INFO - {'symbol': 'SDPUSDT', 'price': '0.0001399'}
2023-08-25 14:12:12,148 - INFO - {'symbol': 'SDPUSDT', 'price': '0.0001399'}
2023-08-25 14:12:12,545 - INFO - {'symbol': 'SDPUSDT', 'price': '0.0001399'}
2023-08-25 14:12:12,939 - INFO - {'symbol': 'SDPUSDT', 'price': '0.0001399'}
2023-08-25 14:12:13,332 - INFO - {'symbol': 'SDPUSDT', 'price': '0.0001399'}
2023-08-25 14:12:13,685 - INFO - {'symbol': 'SDPUSDT', 'price': '0.0001399'}
2023-08-25 14:12:14,556 - INFO - {'symbol': 'SDPUSDT', 'price': '0.0001399'}
2023-08-25 14:12:15,028 - INFO - {'symbol': 'SDPUSDT', 'price': '0.0001399'}
2023-08-25 14:12:15,410 - INFO - {'symbol': 'SDPUSDT', 'price': '0.0001399'}
2023-08-25 14:12:15,801 - INFO - {'symbol': 'SDPUSDT', 'price': '0.0001399'}
2023-08-25 14:12:16,195 - INFO - {'symbol': 'SDPUSDT', 'price': '0.0001399'}
2023-08-25 14:12:16,596 - INFO - {'symbol': 'SDPUSDT', 'price': '0.0001399'}
2023-08-25 14:12:16,995 - INFO - {'symbol': 'SDPUSDT', 'price': '0.0001399'}
2023-08-25 14:12:17,866 - INFO - {'symbol': 'SDPUSDT', 'price': '0.0001399'}
2023-08-25 14:12:18,266 - INFO - {'symbol': 'SDPUSDT', 'price': '0.0001399'}
2023-08-25 14:12:18,689 - INFO - {'symbol': 'SDPUSDT', 'price': '0.0001399'}
2023-08-25 14:12:19,080 - INFO - {'symbol': 'SDPUSDT', 'price': '0.0001399'}
2023-08-25 14:12:19,482 - INFO - {'symbol': 'SDPUSDT', 'price': '0.0001399'}
2023-08-25 14:12:19,857 - INFO - {'symbol': 'SDPUSDT', 'price': '0.0001399'}
2023-08-25 14:12:20,325 - INFO - {'symbol': 'SDPUSDT', 'price': '0.0001399'}
2023-08-25 14:12:20,720 - INFO - {'symbol': 'SDPUSDT', 'price': '0.0001399'}
2023-08-25 14:12:21,113 - INFO - {'symbol': 'SDPUSDT', 'price': '0.0001399'}
2023-08-25 14:12:21,510 - INFO - {'symbol': 'SDPUSDT', 'price': '0.0001399'}
2023-08-25 14:12:21,907 - INFO - {'symbol': 'SDPUSDT', 'price': '0.0001399'}
2023-08-25 14:12:22,308 - INFO - {'symbol': 'SDPUSDT', 'price': '0.0001399'}
2023-08-25 14:12:22,726 - INFO - {'symbol': 'SDPUSDT', 'price': '0.0001399'}
2023-08-25 14:12:23,117 - INFO - {'symbol': 'SDPUSDT', 'price': '0.0001399'}
2023-08-25 14:12:23,584 - INFO - {'symbol': 'SDPUSDT', 'price': '0.0001399'}
2023-08-25 14:12:23,971 - INFO - {'symbol': 'SDPUSDT', 'price': '0.0001399'}
2023-08-25 14:12:24,373 - INFO - {'symbol': 'SDPUSDT', 'price': '0.0001399'}
2023-08-25 14:12:24,768 - INFO - {'symbol': 'SDPUSDT', 'price': '0.0001399'}
2023-08-25 14:12:25,167 - INFO - {'symbol': 'SDPUSDT', 'price': '0.0001399'}
2023-08-25 14:12:25,558 - INFO - {'symbol': 'SDPUSDT', 'price': '0.0001399'}
2023-08-25 14:12:25,960 - INFO - {'symbol': 'SDPUSDT', 'price': '0.0001399'}
2023-08-25 14:12:26,363 - INFO - {'symbol': 'SDPUSDT', 'price': '0.0001399'}
2023-08-25 14:12:26,747 - INFO - {'symbol': 'SDPUSDT', 'price': '0.0001399'}
2023-08-25 14:12:27,590 - INFO - {'symbol': 'SDPUSDT', 'price': '0.0001399'}
2023-08-25 14:12:27,995 - INFO - {'symbol': 'SDPUSDT', 'price': '0.0001399'}
2023-08-25 14:12:28,396 - INFO - {'symbol': 'SDPUSDT', 'price': '0.0001399'}
2023-08-25 14:12:28,795 - INFO - {'symbol': 'SDPUSDT', 'price': '0.0001399'}
2023-08-25 14:12:29,197 - INFO - {'symbol': 'SDPUSDT', 'price': '0.0001399'}
2023-08-25 14:12:29,599 - INFO - {'symbol': 'SDPUSDT', 'price': '0.0001399'}
2023-08-25 14:12:29,998 - INFO - {'symbol': 'SDPUSDT', 'price': '0.0001395'}
2023-08-25 14:12:30,410 - INFO - {'symbol': 'SDPUSDT', 'price': '0.0001395'}
2023-08-25 14:12:30,804 - INFO - {'symbol': 'SDPUSDT', 'price': '0.0001395'}
2023-08-25 14:12:31,199 - INFO - {'symbol': 'SDPUSDT', 'price': '0.0001395'}
2023-08-25 14:12:31,597 - INFO - {'symbol': 'SDPUSDT', 'price': '0.0001395'}
2023-08-25 14:12:31,986 - INFO - {'symbol': 'SDPUSDT', 'price': '0.0001395'}
2023-08-25 14:12:32,372 - INFO - {'symbol': 'SDPUSDT', 'price': '0.0001395'}
2023-08-25 14:12:32,799 - INFO - {'symbol': 'SDPUSDT', 'price': '0.0001395'}
2023-08-25 14:12:33,203 - INFO - {'symbol': 'SDPUSDT', 'price': '0.0001395'}
2023-08-25 14:12:33,599 - INFO - {'symbol': 'SDPUSDT', 'price': '0.0001395'}
2023-08-25 14:12:33,994 - INFO - {'symbol': 'SDPUSDT', 'price': '0.0001395'}
2023-08-25 14:12:34,404 - INFO - {'symbol': 'SDPUSDT', 'price': '0.0001395'}
2023-08-25 14:12:34,791 - INFO - {'symbol': 'SDPUSDT', 'price': '0.0001395'}
2023-08-25 14:12:35,175 - INFO - {'symbol': 'SDPUSDT', 'price': '0.0001395'}
2023-08-25 14:12:35,575 - INFO - {'symbol': 'SDPUSDT', 'price': '0.0001395'}
2023-08-25 14:12:35,979 - INFO - {'symbol': 'SDPUSDT', 'price': '0.0001395'}
2023-08-25 14:12:36,380 - INFO - {'symbol': 'SDPUSDT', 'price': '0.0001395'}
2023-08-25 14:12:36,778 - INFO - {'symbol': 'SDPUSDT', 'price': '0.0001395'}
2023-08-25 14:12:37,178 - INFO - {'symbol': 'SDPUSDT', 'price': '0.0001395'}
2023-08-25 14:12:37,583 - INFO - {'symbol': 'SDPUSDT', 'price': '0.0001395'}
2023-08-25 14:12:37,971 - INFO - {'symbol': 'SDPUSDT', 'price': '0.000131'}
2023-08-25 14:12:38,358 - INFO - {'symbol': 'SDPUSDT', 'price': '0.000131'}
2023-08-25 14:12:38,757 - INFO - {'symbol': 'SDPUSDT', 'price': '0.0001395'}
2023-08-25 14:12:39,152 - INFO - {'symbol': 'SDPUSDT', 'price': '0.000131'}
2023-08-25 14:12:39,540 - INFO - {'symbol': 'SDPUSDT', 'price': '0.000131'}
2023-08-25 14:12:39,937 - INFO - {'symbol': 'SDPUSDT', 'price': '0.000131'}
2023-08-25 14:12:40,339 - INFO - {'symbol': 'SDPUSDT', 'price': '0.000131'}
2023-08-25 14:12:40,763 - INFO - {'symbol': 'SDPUSDT', 'price': '0.000131'}
2023-08-25 14:12:41,162 - INFO - {'symbol': 'SDPUSDT', 'price': '0.000131'}
2023-08-25 14:12:41,546 - INFO - {'symbol': 'SDPUSDT', 'price': '0.000131'}
2023-08-25 14:12:41,958 - INFO - {'symbol': 'SDPUSDT', 'price': '0.000131'}
2023-08-25 14:12:42,342 - INFO - {'symbol': 'SDPUSDT', 'price': '0.000131'}
2023-08-25 14:12:42,743 - INFO - {'symbol': 'SDPUSDT', 'price': '0.000131'}
2023-08-25 14:12:43,149 - INFO - {'symbol': 'SDPUSDT', 'price': '0.000131'}
2023-08-25 14:12:43,534 - INFO - {'symbol': 'SDPUSDT', 'price': '0.000131'}
2023-08-25 14:12:43,959 - INFO - {'symbol': 'SDPUSDT', 'price': '0.000131'}
2023-08-25 14:12:44,351 - INFO - {'symbol': 'SDPUSDT', 'price': '0.000131'}
2023-08-25 14:12:44,786 - INFO - {'symbol': 'SDPUSDT', 'price': '0.000131'}
2023-08-25 14:12:45,191 - INFO - {'symbol': 'SDPUSDT', 'price': '0.000131'}
2023-08-25 14:12:45,594 - INFO - {'symbol': 'SDPUSDT', 'price': '0.000131'}
2023-08-25 14:12:45,968 - INFO - {'symbol': 'SDPUSDT', 'price': '0.000131'}
2023-08-25 14:12:46,358 - INFO - {'symbol': 'SDPUSDT', 'price': '0.000131'}
2023-08-25 14:12:46,760 - INFO - {'symbol': 'SDPUSDT', 'price': '0.000131'}
2023-08-25 14:12:47,156 - INFO - {'symbol': 'SDPUSDT', 'price': '0.000131'}
2023-08-25 14:12:47,539 - INFO - {'symbol': 'SDPUSDT', 'price': '0.000131'}
2023-08-25 14:12:47,937 - INFO - {'symbol': 'SDPUSDT', 'price': '0.000131'}
2023-08-25 14:12:48,333 - INFO - {'symbol': 'SDPUSDT', 'price': '0.000131'}
2023-08-25 14:12:48,715 - INFO - {'symbol': 'SDPUSDT', 'price': '0.000131'}
2023-08-25 14:12:49,134 - INFO - {'symbol': 'SDPUSDT', 'price': '0.000131'}
2023-08-25 14:12:49,518 - INFO - {'symbol': 'SDPUSDT', 'price': '0.0001271'}
2023-08-25 14:12:49,909 - INFO - {'symbol': 'SDPUSDT', 'price': '0.0001271'}
2023-08-25 14:12:50,323 - INFO - {'symbol': 'SDPUSDT', 'price': '0.000131'}
2023-08-25 14:12:50,727 - INFO - {'symbol': 'SDPUSDT', 'price': '0.0001271'}
2023-08-25 14:12:51,118 - INFO - {'symbol': 'SDPUSDT', 'price': '0.0001271'}
2023-08-25 14:12:51,518 - INFO - {'symbol': 'SDPUSDT', 'price': '0.0001271'}
2023-08-25 14:12:51,858 - INFO - {'symbol': 'SDPUSDT', 'price': '0.0001271'}
2023-08-25 14:12:52,255 - INFO - {'symbol': 'SDPUSDT', 'price': '0.0001271'}
2023-08-25 14:12:52,660 - INFO - {'symbol': 'SDPUSDT', 'price': '0.0001271'}
2023-08-25 14:12:53,040 - INFO - {'symbol': 'SDPUSDT', 'price': '0.0001271'}
2023-08-25 14:12:53,446 - INFO - {'symbol': 'SDPUSDT', 'price': '0.0001271'}
2023-08-25 14:12:53,830 - INFO - {'symbol': 'SDPUSDT', 'price': '0.0001271'}
2023-08-25 14:12:54,212 - INFO - {'symbol': 'SDPUSDT', 'price': '0.0001271'}
2023-08-25 14:12:54,610 - INFO - {'symbol': 'SDPUSDT', 'price': '0.0001271'}
2023-08-25 14:12:55,014 - INFO - {'symbol': 'SDPUSDT', 'price': '0.0001271'}
2023-08-25 14:12:55,456 - INFO - {'symbol': 'SDPUSDT', 'price': '0.0001271'}
2023-08-25 14:12:55,858 - INFO - {'symbol': 'SDPUSDT', 'price': '0.0001271'}
2023-08-25 14:12:56,243 - INFO - {'symbol': 'SDPUSDT', 'price': '0.0001271'}
2023-08-25 14:12:56,651 - INFO - {'symbol': 'SDPUSDT', 'price': '0.0001271'}
2023-08-25 14:12:57,048 - INFO - {'symbol': 'SDPUSDT', 'price': '0.0001271'}
2023-08-25 14:12:57,432 - INFO - {'symbol': 'SDPUSDT', 'price': '0.0001271'}
2023-08-25 14:12:57,820 - INFO - {'symbol': 'SDPUSDT', 'price': '0.0001271'}
2023-08-25 14:12:58,229 - INFO - {'symbol': 'SDPUSDT', 'price': '0.0001271'}
2023-08-25 14:12:58,625 - INFO - {'symbol': 'SDPUSDT', 'price': '0.0001271'}
2023-08-25 14:12:59,017 - INFO - {'symbol': 'SDPUSDT', 'price': '0.0001271'}
2023-08-25 14:12:59,424 - INFO - {'symbol': 'SDPUSDT', 'price': '0.0001271'}
2023-08-25 14:12:59,814 - INFO - {'symbol': 'SDPUSDT', 'price': '0.0001271'}
2023-08-25 14:13:00,208 - INFO - {'symbol': 'SDPUSDT', 'price': '0.0001271'}
2023-08-25 14:13:00,613 - INFO - {'symbol': 'SDPUSDT', 'price': '0.0001271'}
2023-08-25 14:13:01,008 - INFO - {'symbol': 'SDPUSDT', 'price': '0.0001271'}
2023-08-25 14:13:01,409 - INFO - {'symbol': 'SDPUSDT', 'price': '0.0001271'}
2023-08-25 14:13:01,804 - INFO - {'symbol': 'SDPUSDT', 'price': '0.0001271'}
2023-08-25 14:13:02,183 - INFO - {'symbol': 'SDPUSDT', 'price': '0.0001271'}
2023-08-25 14:13:02,569 - INFO - {'symbol': 'SDPUSDT', 'price': '0.0001271'}
2023-08-25 14:13:02,959 - INFO - {'symbol': 'SDPUSDT', 'price': '0.000131'}
2023-08-25 14:13:03,373 - INFO - {'symbol': 'SDPUSDT', 'price': '0.0001271'}
2023-08-25 14:13:03,781 - INFO - {'symbol': 'SDPUSDT', 'price': '0.000131'}
2023-08-25 14:13:04,170 - INFO - {'symbol': 'SDPUSDT', 'price': '0.000131'}
2023-08-25 14:13:04,557 - INFO - {'symbol': 'SDPUSDT', 'price': '0.000131'}
2023-08-25 14:13:04,960 - INFO - {'symbol': 'SDPUSDT', 'price': '0.000131'}
2023-08-25 14:13:05,361 - INFO - {'symbol': 'SDPUSDT', 'price': '0.000131'}
2023-08-25 14:13:05,720 - INFO - {'symbol': 'SDPUSDT', 'price': '0.000131'}
2023-08-25 14:13:06,117 - INFO - {'symbol': 'SDPUSDT', 'price': '0.000131'}
2023-08-25 14:13:06,528 - INFO - {'symbol': 'SDPUSDT', 'price': '0.000131'}
2023-08-25 14:13:06,909 - INFO - {'symbol': 'SDPUSDT', 'price': '0.000131'}
2023-08-25 14:13:07,322 - INFO - {'symbol': 'SDPUSDT', 'price': '0.000131'}
2023-08-25 14:13:07,719 - INFO - {'symbol': 'SDPUSDT', 'price': '0.000131'}
2023-08-25 14:13:08,119 - INFO - {'symbol': 'SDPUSDT', 'price': '0.000131'}
2023-08-25 14:13:08,511 - INFO - {'symbol': 'SDPUSDT', 'price': '0.000131'}
2023-08-25 14:13:08,900 - INFO - {'symbol': 'SDPUSDT', 'price': '0.000131'}
2023-08-25 14:13:09,289 - INFO - {'symbol': 'SDPUSDT', 'price': '0.000131'}
2023-08-25 14:13:09,689 - INFO - {'symbol': 'SDPUSDT', 'price': '0.000131'}
2023-08-25 14:13:10,104 - INFO - {'symbol': 'SDPUSDT', 'price': '0.000131'}
2023-08-25 14:13:10,507 - INFO - {'symbol': 'SDPUSDT', 'price': '0.000131'}
2023-08-25 14:13:10,898 - INFO - {'symbol': 'SDPUSDT', 'price': '0.000131'}
2023-08-25 14:13:11,287 - INFO - {'symbol': 'SDPUSDT', 'price': '0.000131'}
2023-08-25 14:13:11,687 - INFO - {'symbol': 'SDPUSDT', 'price': '0.000131'}
2023-08-25 14:13:12,106 - INFO - {'symbol': 'SDPUSDT', 'price': '0.000131'}
2023-08-25 14:13:12,496 - INFO - {'symbol': 'SDPUSDT', 'price': '0.000131'}
2023-08-25 14:13:12,899 - INFO - {'symbol': 'SDPUSDT', 'price': '0.000124'}
2023-08-25 14:13:13,296 - INFO - {'symbol': 'SDPUSDT', 'price': '0.000124'}
2023-08-25 14:13:13,713 - INFO - {'symbol': 'SDPUSDT', 'price': '0.000124'}
2023-08-25 14:13:14,557 - INFO - {'symbol': 'SDPUSDT', 'price': '0.000124'}
2023-08-25 14:13:14,949 - INFO - {'symbol': 'SDPUSDT', 'price': '0.000124'}
2023-08-25 14:13:15,337 - INFO - {'symbol': 'SDPUSDT', 'price': '0.000124'}
2023-08-25 14:13:15,739 - INFO - {'symbol': 'SDPUSDT', 'price': '0.000124'}
2023-08-25 14:13:16,137 - INFO - {'symbol': 'SDPUSDT', 'price': '0.000124'}
2023-08-25 14:13:16,541 - INFO - {'symbol': 'SDPUSDT', 'price': '0.000124'}
2023-08-25 14:13:16,935 - INFO - {'symbol': 'SDPUSDT', 'price': '0.000124'}
2023-08-25 14:13:17,324 - INFO - {'symbol': 'SDPUSDT', 'price': '0.000124'}
2023-08-25 14:13:17,715 - INFO - {'symbol': 'SDPUSDT', 'price': '0.000124'}
2023-08-25 14:13:18,102 - INFO - {'symbol': 'SDPUSDT', 'price': '0.000124'}
2023-08-25 14:13:18,498 - INFO - {'symbol': 'SDPUSDT', 'price': '0.000124'}
2023-08-25 14:13:18,897 - INFO - {'symbol': 'SDPUSDT', 'price': '0.000124'}
2023-08-25 14:13:19,292 - INFO - {'symbol': 'SDPUSDT', 'price': '0.000124'}
2023-08-25 14:13:19,687 - INFO - {'symbol': 'SDPUSDT', 'price': '0.000124'}
2023-08-25 14:13:20,099 - INFO - {'symbol': 'SDPUSDT', 'price': '0.000124'}
2023-08-25 14:13:20,484 - INFO - {'symbol': 'SDPUSDT', 'price': '0.000124'}
2023-08-25 14:13:20,874 - INFO - {'symbol': 'SDPUSDT', 'price': '0.000124'}
2023-08-25 14:13:21,266 - INFO - {'symbol': 'SDPUSDT', 'price': '0.000124'}
2023-08-25 14:13:21,664 - INFO - {'symbol': 'SDPUSDT', 'price': '0.000124'}
2023-08-25 14:13:22,055 - INFO - {'symbol': 'SDPUSDT', 'price': '0.000124'}
2023-08-25 14:13:22,454 - INFO - {'symbol': 'SDPUSDT', 'price': '0.000124'}
2023-08-25 14:13:22,852 - INFO - {'symbol': 'SDPUSDT', 'price': '0.000124'}
2023-08-25 14:13:23,260 - INFO - {'symbol': 'SDPUSDT', 'price': '0.000124'}
2023-08-25 14:13:23,657 - INFO - {'symbol': 'SDPUSDT', 'price': '0.000124'}
2023-08-25 14:13:24,049 - INFO - {'symbol': 'SDPUSDT', 'price': '0.000124'}
2023-08-25 14:13:24,451 - INFO - {'symbol': 'SDPUSDT', 'price': '0.000124'}
2023-08-25 14:13:24,854 - INFO - {'symbol': 'SDPUSDT', 'price': '0.000124'}
2023-08-25 14:13:25,252 - INFO - {'symbol': 'SDPUSDT', 'price': '0.000124'}
2023-08-25 14:13:25,654 - INFO - {'symbol': 'SDPUSDT', 'price': '0.000124'}
2023-08-25 14:13:26,057 - INFO - {'symbol': 'SDPUSDT', 'price': '0.000124'}
2023-08-25 14:13:26,477 - INFO - {'symbol': 'SDPUSDT', 'price': '0.000124'}
2023-08-25 14:13:26,917 - INFO - {'symbol': 'SDPUSDT', 'price': '0.000124'}
2023-08-25 14:13:27,312 - INFO - {'symbol': 'SDPUSDT', 'price': '0.000124'}
2023-08-25 14:13:27,700 - INFO - {'symbol': 'SDPUSDT', 'price': '0.000124'}
2023-08-25 14:13:28,102 - INFO - {'symbol': 'SDPUSDT', 'price': '0.000124'}
2023-08-25 14:13:28,495 - INFO - {'symbol': 'SDPUSDT', 'price': '0.000124'}
2023-08-25 14:13:28,880 - INFO - {'symbol': 'SDPUSDT', 'price': '0.000124'}
2023-08-25 14:13:29,279 - INFO - {'symbol': 'SDPUSDT', 'price': '0.000124'}
2023-08-25 14:13:29,716 - INFO - {'symbol': 'SDPUSDT', 'price': '0.000124'}
2023-08-25 14:13:30,123 - INFO - {'symbol': 'SDPUSDT', 'price': '0.000124'}
2023-08-25 14:13:30,522 - INFO - {'symbol': 'SDPUSDT', 'price': '0.000124'}
2023-08-25 14:13:30,948 - INFO - {'symbol': 'SDPUSDT', 'price': '0.000124'}
2023-08-25 14:13:31,340 - INFO - {'symbol': 'SDPUSDT', 'price': '0.000124'}
2023-08-25 14:13:31,734 - INFO - {'symbol': 'SDPUSDT', 'price': '0.000124'}
2023-08-25 14:13:32,127 - INFO - {'symbol': 'SDPUSDT', 'price': '0.000124'}
2023-08-25 14:13:32,560 - INFO - {'symbol': 'SDPUSDT', 'price': '0.000124'}
2023-08-25 14:13:32,970 - INFO - {'symbol': 'SDPUSDT', 'price': '0.000124'}
2023-08-25 14:13:33,365 - INFO - {'symbol': 'SDPUSDT', 'price': '0.000124'}
2023-08-25 14:13:33,765 - INFO - {'symbol': 'SDPUSDT', 'price': '0.000124'}
2023-08-25 14:13:34,162 - INFO - {'symbol': 'SDPUSDT', 'price': '0.000124'}
2023-08-25 14:13:34,557 - INFO - {'symbol': 'SDPUSDT', 'price': '0.000124'}
2023-08-25 14:13:34,957 - INFO - {'symbol': 'SDPUSDT', 'price': '0.000124'}
2023-08-25 14:13:35,347 - INFO - {'symbol': 'SDPUSDT', 'price': '0.000124'}
2023-08-25 14:13:35,736 - INFO - {'symbol': 'SDPUSDT', 'price': '0.000124'}
2023-08-25 14:13:36,138 - INFO - {'symbol': 'SDPUSDT', 'price': '0.000124'}
2023-08-25 14:13:36,543 - INFO - {'symbol': 'SDPUSDT', 'price': '0.000124'}
2023-08-25 14:13:36,957 - INFO - {'symbol': 'SDPUSDT', 'price': '0.000124'}
2023-08-25 14:13:37,361 - INFO - {'symbol': 'SDPUSDT', 'price': '0.000124'}
2023-08-25 14:13:37,763 - INFO - {'symbol': 'SDPUSDT', 'price': '0.000124'}
2023-08-25 14:13:38,169 - INFO - {'symbol': 'SDPUSDT', 'price': '0.000124'}
2023-08-25 14:13:38,565 - INFO - {'symbol': 'SDPUSDT', 'price': '0.000124'}
2023-08-25 14:13:38,962 - INFO - {'symbol': 'SDPUSDT', 'price': '0.000124'}
2023-08-25 14:13:39,344 - INFO - {'symbol': 'SDPUSDT', 'price': '0.000124'}
2023-08-25 14:13:39,732 - INFO - {'symbol': 'SDPUSDT', 'price': '0.000124'}
2023-08-25 14:13:40,122 - INFO - {'symbol': 'SDPUSDT', 'price': '0.000124'}
2023-08-25 14:13:40,516 - INFO - {'symbol': 'SDPUSDT', 'price': '0.000124'}
2023-08-25 14:13:40,938 - INFO - {'symbol': 'SDPUSDT', 'price': '0.000124'}
2023-08-25 14:13:41,325 - INFO - {'symbol': 'SDPUSDT', 'price': '0.000124'}
2023-08-25 14:13:41,717 - INFO - {'symbol': 'SDPUSDT', 'price': '0.000124'}
2023-08-25 14:13:42,108 - INFO - {'symbol': 'SDPUSDT', 'price': '0.000124'}
2023-08-25 14:13:42,504 - INFO - {'symbol': 'SDPUSDT', 'price': '0.000124'}
2023-08-25 14:13:42,896 - INFO - {'symbol': 'SDPUSDT', 'price': '0.000124'}
2023-08-25 14:13:43,289 - INFO - {'symbol': 'SDPUSDT', 'price': '0.000124'}
2023-08-25 14:13:43,686 - INFO - {'symbol': 'SDPUSDT', 'price': '0.000124'}
2023-08-25 14:13:44,082 - INFO - {'symbol': 'SDPUSDT', 'price': '0.000124'}
2023-08-25 14:13:44,480 - INFO - {'symbol': 'SDPUSDT', 'price': '0.000124'}
2023-08-25 14:13:44,877 - INFO - {'symbol': 'SDPUSDT', 'price': '0.000124'}
2023-08-25 14:13:45,269 - INFO - {'symbol': 'SDPUSDT', 'price': '0.000126'}
2023-08-25 14:13:45,659 - INFO - {'symbol': 'SDPUSDT', 'price': '0.000124'}
2023-08-25 14:13:46,046 - INFO - {'symbol': 'SDPUSDT', 'price': '0.000126'}
2023-08-25 14:13:46,438 - INFO - {'symbol': 'SDPUSDT', 'price': '0.000126'}
2023-08-25 14:13:46,855 - INFO - {'symbol': 'SDPUSDT', 'price': '0.000126'}
2023-08-25 14:13:47,242 - INFO - {'symbol': 'SDPUSDT', 'price': '0.000126'}
2023-08-25 14:13:47,638 - INFO - {'symbol': 'SDPUSDT', 'price': '0.000126'}
2023-08-25 14:13:48,037 - INFO - {'symbol': 'SDPUSDT', 'price': '0.000126'}
2023-08-25 14:13:48,425 - INFO - {'symbol': 'SDPUSDT', 'price': '0.000126'}
2023-08-25 14:13:48,842 - INFO - {'symbol': 'SDPUSDT', 'price': '0.000126'}
2023-08-25 14:13:49,695 - INFO - {'symbol': 'SDPUSDT', 'price': '0.000126'}
2023-08-25 14:13:50,089 - INFO - {'symbol': 'SDPUSDT', 'price': '0.000126'}
2023-08-25 14:13:50,491 - INFO - {'symbol': 'SDPUSDT', 'price': '0.000126'}
2023-08-25 14:13:50,880 - INFO - {'symbol': 'SDPUSDT', 'price': '0.00013'}
2023-08-25 14:13:51,283 - INFO - {'symbol': 'SDPUSDT', 'price': '0.00013'}
2023-08-25 14:13:51,668 - INFO - {'symbol': 'SDPUSDT', 'price': '0.00013'}
2023-08-25 14:13:52,055 - INFO - {'symbol': 'SDPUSDT', 'price': '0.00013'}
2023-08-25 14:13:52,444 - INFO - {'symbol': 'SDPUSDT', 'price': '0.00013'}
2023-08-25 14:13:52,834 - INFO - {'symbol': 'SDPUSDT', 'price': '0.00013'}
2023-08-25 14:13:53,251 - INFO - {'symbol': 'SDPUSDT', 'price': '0.00013'}
2023-08-25 14:13:53,642 - INFO - {'symbol': 'SDPUSDT', 'price': '0.00013'}
2023-08-25 14:13:54,045 - INFO - {'symbol': 'SDPUSDT', 'price': '0.00013'}
2023-08-25 14:13:54,451 - INFO - {'symbol': 'SDPUSDT', 'price': '0.000129'}
2023-08-25 14:13:54,859 - INFO - {'symbol': 'SDPUSDT', 'price': '0.00013'}
2023-08-25 14:13:55,264 - INFO - {'symbol': 'SDPUSDT', 'price': '0.000129'}
2023-08-25 14:13:55,648 - INFO - {'symbol': 'SDPUSDT', 'price': '0.000129'}
2023-08-25 14:13:56,041 - INFO - {'symbol': 'SDPUSDT', 'price': '0.000129'}
2023-08-25 14:13:56,437 - INFO - {'symbol': 'SDPUSDT', 'price': '0.000129'}
2023-08-25 14:13:56,832 - INFO - {'symbol': 'SDPUSDT', 'price': '0.000129'}
2023-08-25 14:13:57,228 - INFO - {'symbol': 'SDPUSDT', 'price': '0.000129'}
2023-08-25 14:13:57,624 - INFO - {'symbol': 'SDPUSDT', 'price': '0.000129'}
2023-08-25 14:13:58,019 - INFO - {'symbol': 'SDPUSDT', 'price': '0.000129'}
2023-08-25 14:13:58,413 - INFO - {'symbol': 'SDPUSDT', 'price': '0.000129'}
2023-08-25 14:13:58,803 - INFO - {'symbol': 'SDPUSDT', 'price': '0.000129'}
2023-08-25 14:13:59,194 - INFO - {'symbol': 'SDPUSDT', 'price': '0.000129'}
2023-08-25 14:13:59,577 - INFO - {'symbol': 'SDPUSDT', 'price': '0.000129'}
2023-08-25 14:13:59,981 - INFO - {'symbol': 'SDPUSDT', 'price': '0.000129'}
2023-08-25 14:14:00,400 - INFO - {'symbol': 'SDPUSDT', 'price': '0.000129'}
2023-08-25 14:14:00,788 - INFO - {'symbol': 'SDPUSDT', 'price': '0.000129'}
2023-08-25 14:14:01,186 - INFO - {'symbol': 'SDPUSDT', 'price': '0.000129'}
2023-08-25 14:14:01,590 - INFO - {'symbol': 'SDPUSDT', 'price': '0.000129'}
2023-08-25 14:14:01,976 - INFO - {'symbol': 'SDPUSDT', 'price': '0.000129'}
2023-08-25 14:14:02,376 - INFO - {'symbol': 'SDPUSDT', 'price': '0.000129'}
2023-08-25 14:14:02,774 - INFO - {'symbol': 'SDPUSDT', 'price': '0.000129'}
2023-08-25 14:14:03,171 - INFO - {'symbol': 'SDPUSDT', 'price': '0.000129'}
2023-08-25 14:14:03,571 - INFO - {'symbol': 'SDPUSDT', 'price': '0.000129'}
2023-08-25 14:14:03,960 - INFO - {'symbol': 'SDPUSDT', 'price': '0.000129'}
2023-08-25 14:14:04,360 - INFO - {'symbol': 'SDPUSDT', 'price': '0.000129'}
2023-08-25 14:14:04,753 - INFO - {'symbol': 'SDPUSDT', 'price': '0.000129'}
2023-08-25 14:14:05,147 - INFO - {'symbol': 'SDPUSDT', 'price': '0.000129'}
2023-08-25 14:14:05,549 - INFO - {'symbol': 'SDPUSDT', 'price': '0.000129'}
2023-08-25 14:14:05,949 - INFO - {'symbol': 'SDPUSDT', 'price': '0.000129'}
2023-08-25 14:14:06,355 - INFO - {'symbol': 'SDPUSDT', 'price': '0.000129'}
2023-08-25 14:14:06,787 - INFO - {'symbol': 'SDPUSDT', 'price': '0.000129'}
2023-08-25 14:14:07,187 - INFO - {'symbol': 'SDPUSDT', 'price': '0.000131'}
2023-08-25 14:14:07,575 - INFO - {'symbol': 'SDPUSDT', 'price': '0.000131'}
2023-08-25 14:14:07,965 - INFO - {'symbol': 'SDPUSDT', 'price': '0.000131'}
2023-08-25 14:14:08,352 - INFO - {'symbol': 'SDPUSDT', 'price': '0.000131'}
2023-08-25 14:14:08,746 - INFO - {'symbol': 'SDPUSDT', 'price': '0.000131'}
2023-08-25 14:14:09,151 - INFO - {'symbol': 'SDPUSDT', 'price': '0.000131'}
2023-08-25 14:14:09,532 - INFO - {'symbol': 'SDPUSDT', 'price': '0.000131'}
2023-08-25 14:14:09,926 - INFO - {'symbol': 'SDPUSDT', 'price': '0.000131'}
2023-08-25 14:14:10,313 - INFO - {'symbol': 'SDPUSDT', 'price': '0.000131'}
2023-08-25 14:14:10,709 - INFO - {'symbol': 'SDPUSDT', 'price': '0.000131'}
2023-08-25 14:14:11,107 - INFO - {'symbol': 'SDPUSDT', 'price': '0.000131'}
2023-08-25 14:14:11,505 - INFO - {'symbol': 'SDPUSDT', 'price': '0.000131'}
2023-08-25 14:14:11,901 - INFO - {'symbol': 'SDPUSDT', 'price': '0.000131'}
2023-08-25 14:14:12,296 - INFO - {'symbol': 'SDPUSDT', 'price': '0.000131'}
2023-08-25 14:14:12,680 - INFO - {'symbol': 'SDPUSDT', 'price': '0.000131'}
2023-08-25 14:14:13,076 - INFO - {'symbol': 'SDPUSDT', 'price': '0.000131'}
2023-08-25 14:14:13,479 - INFO - {'symbol': 'SDPUSDT', 'price': '0.000131'}
2023-08-25 14:14:13,879 - INFO - {'symbol': 'SDPUSDT', 'price': '0.000131'}
2023-08-25 14:14:14,275 - INFO - {'symbol': 'SDPUSDT', 'price': '0.000131'}
2023-08-25 14:14:14,683 - INFO - {'symbol': 'SDPUSDT', 'price': '0.000131'}
2023-08-25 14:14:15,074 - INFO - {'symbol': 'SDPUSDT', 'price': '0.000131'}
2023-08-25 14:14:15,456 - INFO - {'symbol': 'SDPUSDT', 'price': '0.000131'}
2023-08-25 14:14:15,858 - INFO - {'symbol': 'SDPUSDT', 'price': '0.000131'}
2023-08-25 14:14:16,257 - INFO - {'symbol': 'SDPUSDT', 'price': '0.000131'}
2023-08-25 14:14:16,651 - INFO - {'symbol': 'SDPUSDT', 'price': '0.000131'}
2023-08-25 14:14:17,041 - INFO - {'symbol': 'SDPUSDT', 'price': '0.000131'}
2023-08-25 14:14:17,446 - INFO - {'symbol': 'SDPUSDT', 'price': '0.000131'}
2023-08-25 14:14:17,841 - INFO - {'symbol': 'SDPUSDT', 'price': '0.000131'}
2023-08-25 14:14:18,221 - INFO - {'symbol': 'SDPUSDT', 'price': '0.000131'}
2023-08-25 14:14:18,626 - INFO - {'symbol': 'SDPUSDT', 'price': '0.000131'}
2023-08-25 14:14:19,011 - INFO - {'symbol': 'SDPUSDT', 'price': '0.000131'}
2023-08-25 14:14:19,414 - INFO - {'symbol': 'SDPUSDT', 'price': '0.000131'}
2023-08-25 14:14:19,804 - INFO - {'symbol': 'SDPUSDT', 'price': '0.000131'}
2023-08-25 14:14:20,196 - INFO - {'symbol': 'SDPUSDT', 'price': '0.000131'}
2023-08-25 14:14:20,598 - INFO - {'symbol': 'SDPUSDT', 'price': '0.000131'}
2023-08-25 14:14:20,987 - INFO - {'symbol': 'SDPUSDT', 'price': '0.000131'}
2023-08-25 14:14:21,401 - INFO - {'symbol': 'SDPUSDT', 'price': '0.000131'}
2023-08-25 14:14:21,795 - INFO - {'symbol': 'SDPUSDT', 'price': '0.000131'}
2023-08-25 14:14:22,186 - INFO - {'symbol': 'SDPUSDT', 'price': '0.000131'}
2023-08-25 14:14:22,584 - INFO - {'symbol': 'SDPUSDT', 'price': '0.000131'}
2023-08-25 14:14:22,970 - INFO - {'symbol': 'SDPUSDT', 'price': '0.000131'}
2023-08-25 14:14:23,365 - INFO - {'symbol': 'SDPUSDT', 'price': '0.000131'}
2023-08-25 14:14:24,219 - INFO - {'symbol': 'SDPUSDT', 'price': '0.000131'}
2023-08-25 14:14:24,600 - INFO - {'symbol': 'SDPUSDT', 'price': '0.000131'}
2023-08-25 14:14:24,985 - INFO - {'symbol': 'SDPUSDT', 'price': '0.000131'}
2023-08-25 14:14:25,384 - INFO - {'symbol': 'SDPUSDT', 'price': '0.000131'}
2023-08-25 14:14:25,789 - INFO - {'symbol': 'SDPUSDT', 'price': '0.000131'}
2023-08-25 14:14:26,172 - INFO - {'symbol': 'SDPUSDT', 'price': '0.000131'}
2023-08-25 14:14:26,562 - INFO - {'symbol': 'SDPUSDT', 'price': '0.000131'}
2023-08-25 14:14:26,957 - INFO - {'symbol': 'SDPUSDT', 'price': '0.000131'}
2023-08-25 14:14:27,347 - INFO - {'symbol': 'SDPUSDT', 'price': '0.000131'}
2023-08-25 14:14:27,743 - INFO - {'symbol': 'SDPUSDT', 'price': '0.000131'}
2023-08-25 14:14:28,154 - INFO - {'symbol': 'SDPUSDT', 'price': '0.000137'}
2023-08-25 14:14:28,553 - INFO - {'symbol': 'SDPUSDT', 'price': '0.000131'}
2023-08-25 14:14:28,938 - INFO - {'symbol': 'SDPUSDT', 'price': '0.000137'}
2023-08-25 14:14:29,351 - INFO - {'symbol': 'SDPUSDT', 'price': '0.000137'}
2023-08-25 14:14:29,791 - INFO - {'symbol': 'SDPUSDT', 'price': '0.000131'}
2023-08-25 14:14:30,187 - INFO - {'symbol': 'SDPUSDT', 'price': '0.000131'}
2023-08-25 14:14:30,580 - INFO - {'symbol': 'SDPUSDT', 'price': '0.000131'}
2023-08-25 14:14:30,981 - INFO - {'symbol': 'SDPUSDT', 'price': '0.000131'}
2023-08-25 14:14:31,384 - INFO - {'symbol': 'SDPUSDT', 'price': '0.000129'}
2023-08-25 14:14:31,808 - INFO - {'symbol': 'SDPUSDT', 'price': '0.000129'}
2023-08-25 14:14:32,217 - INFO - {'symbol': 'SDPUSDT', 'price': '0.000129'}
2023-08-25 14:14:32,626 - INFO - {'symbol': 'SDPUSDT', 'price': '0.000129'}
2023-08-25 14:14:33,568 - INFO - {'symbol': 'SDPUSDT', 'price': '0.000129'}
2023-08-25 14:14:33,963 - INFO - {'symbol': 'SDPUSDT', 'price': '0.000129'}
2023-08-25 14:14:34,431 - INFO - {'symbol': 'SDPUSDT', 'price': '0.000129'}
2023-08-25 14:14:34,822 - INFO - {'symbol': 'SDPUSDT', 'price': '0.000129'}
2023-08-25 14:14:35,207 - INFO - {'symbol': 'SDPUSDT', 'price': '0.000129'}
2023-08-25 14:14:35,656 - INFO - {'symbol': 'SDPUSDT', 'price': '0.000129'}
2023-08-25 14:14:36,042 - INFO - {'symbol': 'SDPUSDT', 'price': '0.000129'}
2023-08-25 14:14:36,437 - INFO - {'symbol': 'SDPUSDT', 'price': '0.000129'}
2023-08-25 14:14:36,851 - INFO - {'symbol': 'SDPUSDT', 'price': '0.000129'}
2023-08-25 14:14:37,235 - INFO - {'symbol': 'SDPUSDT', 'price': '0.000129'}
2023-08-25 14:14:37,611 - INFO - {'symbol': 'SDPUSDT', 'price': '0.000129'}
2023-08-25 14:14:38,870 - INFO - {'symbol': 'SDPUSDT', 'price': '0.000129'}
2023-08-25 14:14:39,275 - INFO - {'symbol': 'SDPUSDT', 'price': '0.000129'}
2023-08-25 14:14:39,664 - INFO - {'symbol': 'SDPUSDT', 'price': '0.000129'}
2023-08-25 14:14:40,263 - INFO - {'symbol': 'SDPUSDT', 'price': '0.000129'}
2023-08-25 14:14:40,692 - INFO - {'symbol': 'SDPUSDT', 'price': '0.000129'}
2023-08-25 14:14:41,083 - INFO - {'symbol': 'SDPUSDT', 'price': '0.000129'}
2023-08-25 14:14:41,470 - INFO - {'symbol': 'SDPUSDT', 'price': '0.000129'}
2023-08-25 14:14:41,890 - INFO - {'symbol': 'SDPUSDT', 'price': '0.000129'}
2023-08-25 14:14:42,274 - INFO - {'symbol': 'SDPUSDT', 'price': '0.000129'}
2023-08-25 14:14:42,684 - INFO - {'symbol': 'SDPUSDT', 'price': '0.000129'}
2023-08-25 14:14:43,082 - INFO - {'symbol': 'SDPUSDT', 'price': '0.000129'}
2023-08-25 14:14:43,625 - INFO - {'symbol': 'SDPUSDT', 'price': '0.000129'}
2023-08-25 14:14:44,016 - INFO - {'symbol': 'SDPUSDT', 'price': '0.000129'}
2023-08-25 14:14:44,421 - INFO - {'symbol': 'SDPUSDT', 'price': '0.000129'}
2023-08-25 14:14:44,968 - INFO - {'symbol': 'SDPUSDT', 'price': '0.000129'}
2023-08-25 14:14:45,364 - INFO - {'symbol': 'SDPUSDT', 'price': '0.000129'}
2023-08-25 14:14:45,751 - INFO - {'symbol': 'SDPUSDT', 'price': '0.000131'}
2023-08-25 14:14:46,240 - INFO - {'symbol': 'SDPUSDT', 'price': '0.000129'}
2023-08-25 14:14:46,626 - INFO - {'symbol': 'SDPUSDT', 'price': '0.000131'}
2023-08-25 14:14:47,031 - INFO - {'symbol': 'SDPUSDT', 'price': '0.000131'}
2023-08-25 14:14:47,734 - INFO - {'symbol': 'SDPUSDT', 'price': '0.000131'}
2023-08-25 14:14:48,122 - INFO - {'symbol': 'SDPUSDT', 'price': '0.000131'}
2023-08-25 14:14:48,806 - INFO - {'symbol': 'SDPUSDT', 'price': '0.000131'}
2023-08-25 14:14:49,211 - INFO - {'symbol': 'SDPUSDT', 'price': '0.000131'}
2023-08-25 14:14:49,608 - INFO - {'symbol': 'SDPUSDT', 'price': '0.000131'}
2023-08-25 14:14:50,031 - INFO - {'symbol': 'SDPUSDT', 'price': '0.000131'}
2023-08-25 14:14:50,769 - INFO - {'symbol': 'SDPUSDT', 'price': '0.000131'}
2023-08-25 14:14:51,165 - INFO - {'symbol': 'SDPUSDT', 'price': '0.000132'}
2023-08-25 14:14:51,547 - INFO - {'symbol': 'SDPUSDT', 'price': '0.000134'}
2023-08-25 14:14:51,944 - INFO - {'symbol': 'SDPUSDT', 'price': '0.000134'}
2023-08-25 14:14:52,398 - INFO - {'symbol': 'SDPUSDT', 'price': '0.000134'}
2023-08-25 14:14:52,818 - INFO - {'symbol': 'SDPUSDT', 'price': '0.000134'}
2023-08-25 14:14:53,220 - INFO - {'symbol': 'SDPUSDT', 'price': '0.000134'}
2023-08-25 14:14:53,675 - INFO - {'symbol': 'SDPUSDT', 'price': '0.000134'}
2023-08-25 14:14:54,062 - INFO - {'symbol': 'SDPUSDT', 'price': '0.000134'}
2023-08-25 14:14:54,447 - INFO - {'symbol': 'SDPUSDT', 'price': '0.000134'}
2023-08-25 14:14:54,832 - INFO - {'symbol': 'SDPUSDT', 'price': '0.000134'}
2023-08-25 14:14:55,322 - INFO - {'symbol': 'SDPUSDT', 'price': '0.000134'}
2023-08-25 14:14:55,722 - INFO - {'symbol': 'SDPUSDT', 'price': '0.000134'}
2023-08-25 14:14:56,124 - INFO - {'symbol': 'SDPUSDT', 'price': '0.000134'}
2023-08-25 14:14:56,523 - INFO - {'symbol': 'SDPUSDT', 'price': '0.000134'}
2023-08-25 14:14:56,937 - INFO - {'symbol': 'SDPUSDT', 'price': '0.000134'}
2023-08-25 14:14:57,372 - INFO - {'symbol': 'SDPUSDT', 'price': '0.000134'}
2023-08-25 14:14:57,761 - INFO - {'symbol': 'SDPUSDT', 'price': '0.000134'}
2023-08-25 14:14:58,171 - INFO - {'symbol': 'SDPUSDT', 'price': '0.000134'}
2023-08-25 14:14:58,920 - INFO - {'symbol': 'SDPUSDT', 'price': '0.000134'}
2023-08-25 14:14:59,316 - INFO - {'symbol': 'SDPUSDT', 'price': '0.000134'}
2023-08-25 14:15:00,065 - INFO - {'symbol': 'SDPUSDT', 'price': '0.000134'}
2023-08-25 14:15:00,511 - INFO - {'symbol': 'SDPUSDT', 'price': '0.000134'}
2023-08-25 14:15:01,254 - INFO - {'symbol': 'SDPUSDT', 'price': '0.000134'}
2023-08-25 14:15:01,974 - INFO - {'symbol': 'SDPUSDT', 'price': '0.000134'}
2023-08-25 14:15:02,355 - INFO - {'symbol': 'SDPUSDT', 'price': '0.000139'}
2023-08-25 14:15:02,773 - INFO - {'symbol': 'SDPUSDT', 'price': '0.000139'}
2023-08-25 14:15:03,257 - INFO - {'symbol': 'SDPUSDT', 'price': '0.000139'}
2023-08-25 14:15:04,002 - INFO - {'symbol': 'SDPUSDT', 'price': '0.000139'}
2023-08-25 14:15:04,729 - INFO - {'symbol': 'SDPUSDT', 'price': '0.00014'}
2023-08-25 14:15:05,166 - INFO - {'symbol': 'SDPUSDT', 'price': '0.00014'}
2023-08-25 14:15:05,595 - INFO - {'symbol': 'SDPUSDT', 'price': '0.0001352'}
2023-08-25 14:15:06,021 - INFO - {'symbol': 'SDPUSDT', 'price': '0.0001352'}
2023-08-25 14:15:06,764 - INFO - {'symbol': 'SDPUSDT', 'price': '0.0001352'}
2023-08-25 14:15:07,488 - INFO - {'symbol': 'SDPUSDT', 'price': '0.00014'}
2023-08-25 14:15:08,232 - INFO - {'symbol': 'SDPUSDT', 'price': '0.00014'}
2023-08-25 14:15:08,658 - INFO - {'symbol': 'SDPUSDT', 'price': '0.00014'}
2023-08-25 14:15:09,223 - INFO - {'symbol': 'SDPUSDT', 'price': '0.00014'}
2023-08-25 14:15:09,961 - INFO - {'symbol': 'SDPUSDT', 'price': '0.00014'}
2023-08-25 14:15:10,392 - INFO - {'symbol': 'SDPUSDT', 'price': '0.00014'}
2023-08-25 14:15:11,144 - INFO - {'symbol': 'SDPUSDT', 'price': '0.00014'}
2023-08-25 14:15:11,551 - INFO - {'symbol': 'SDPUSDT', 'price': '0.00014'}
2023-08-25 14:15:11,954 - INFO - {'symbol': 'SDPUSDT', 'price': '0.00014'}
2023-08-25 14:15:12,381 - INFO - {'symbol': 'SDPUSDT', 'price': '0.00014'}
2023-08-25 14:15:12,786 - INFO - {'symbol': 'SDPUSDT', 'price': '0.00014'}
2023-08-25 14:15:13,257 - INFO - {'symbol': 'SDPUSDT', 'price': '0.00014'}
2023-08-25 14:15:13,643 - INFO - {'symbol': 'SDPUSDT', 'price': '0.00014'}
2023-08-25 14:15:14,069 - INFO - {'symbol': 'SDPUSDT', 'price': '0.00014'}
2023-08-25 14:15:14,479 - INFO - {'symbol': 'SDPUSDT', 'price': '0.00014'}
2023-08-25 14:15:14,899 - INFO - {'symbol': 'SDPUSDT', 'price': '0.00014'}
2023-08-25 14:15:15,303 - INFO - {'symbol': 'SDPUSDT', 'price': '0.00014'}
2023-08-25 14:15:15,715 - INFO - {'symbol': 'SDPUSDT', 'price': '0.00014'}
2023-08-25 14:15:16,159 - INFO - {'symbol': 'SDPUSDT', 'price': '0.00014'}
2023-08-25 14:15:16,590 - INFO - {'symbol': 'SDPUSDT', 'price': '0.00014'}
2023-08-25 14:15:16,987 - INFO - {'symbol': 'SDPUSDT', 'price': '0.00014'}
2023-08-25 14:15:17,400 - INFO - {'symbol': 'SDPUSDT', 'price': '0.00014'}
2023-08-25 14:15:17,929 - INFO - {'symbol': 'SDPUSDT', 'price': '0.00014'}
2023-08-25 14:15:18,349 - INFO - {'symbol': 'SDPUSDT', 'price': '0.00014'}
2023-08-25 14:15:18,750 - INFO - {'symbol': 'SDPUSDT', 'price': '0.00014'}
2023-08-25 14:15:19,259 - INFO - {'symbol': 'SDPUSDT', 'price': '0.00014'}
2023-08-25 14:15:19,668 - INFO - {'symbol': 'SDPUSDT', 'price': '0.00014'}
2023-08-25 14:15:20,103 - INFO - {'symbol': 'SDPUSDT', 'price': '0.00014'}
2023-08-25 14:15:20,567 - INFO - {'symbol': 'SDPUSDT', 'price': '0.0001355'}
2023-08-25 14:15:20,964 - INFO - {'symbol': 'SDPUSDT', 'price': '0.0001355'}
2023-08-25 14:15:21,348 - INFO - {'symbol': 'SDPUSDT', 'price': '0.0001355'}
2023-08-25 14:15:22,083 - INFO - {'symbol': 'SDPUSDT', 'price': '0.0001355'}
2023-08-25 14:15:22,490 - INFO - {'symbol': 'SDPUSDT', 'price': '0.0001355'}
2023-08-25 14:15:23,016 - INFO - {'symbol': 'SDPUSDT', 'price': '0.0001355'}
2023-08-25 14:15:23,727 - INFO - {'symbol': 'SDPUSDT', 'price': '0.0001355'}
2023-08-25 14:15:24,148 - INFO - {'symbol': 'SDPUSDT', 'price': '0.0001355'}
2023-08-25 14:15:24,621 - INFO - {'symbol': 'SDPUSDT', 'price': '0.0001355'}
2023-08-25 14:15:25,360 - INFO - {'symbol': 'SDPUSDT', 'price': '0.0001355'}
2023-08-25 14:15:25,768 - INFO - {'symbol': 'SDPUSDT', 'price': '0.0001355'}
2023-08-25 14:15:26,168 - INFO - {'symbol': 'SDPUSDT', 'price': '0.0001355'}
2023-08-25 14:15:26,573 - INFO - {'symbol': 'SDPUSDT', 'price': '0.0001355'}
2023-08-25 14:15:27,000 - INFO - {'symbol': 'SDPUSDT', 'price': '0.0001355'}
2023-08-25 14:15:27,924 - INFO - {'symbol': 'SDPUSDT', 'price': '0.0001355'}
2023-08-25 14:15:28,355 - INFO - {'symbol': 'SDPUSDT', 'price': '0.0001355'}
2023-08-25 14:15:28,752 - INFO - {'symbol': 'SDPUSDT', 'price': '0.0001355'}
2023-08-25 14:15:29,152 - INFO - {'symbol': 'SDPUSDT', 'price': '0.0001355'}
2023-08-25 14:15:29,550 - INFO - {'symbol': 'SDPUSDT', 'price': '0.0001355'}
2023-08-25 14:15:29,941 - INFO - {'symbol': 'SDPUSDT', 'price': '0.0001355'}
2023-08-25 14:15:30,764 - INFO - {'symbol': 'SDPUSDT', 'price': '0.0001355'}
2023-08-25 14:15:31,526 - INFO - {'symbol': 'SDPUSDT', 'price': '0.0001355'}
2023-08-25 14:15:31,975 - INFO - {'symbol': 'SDPUSDT', 'price': '0.0001355'}
2023-08-25 14:15:32,370 - INFO - {'symbol': 'SDPUSDT', 'price': '0.0001355'}
2023-08-25 14:15:32,837 - INFO - {'symbol': 'SDPUSDT', 'price': '0.0001355'}
2023-08-25 14:15:33,580 - INFO - {'symbol': 'SDPUSDT', 'price': '0.0001355'}
2023-08-25 14:15:34,283 - INFO - {'symbol': 'SDPUSDT', 'price': '0.0001355'}
2023-08-25 14:15:35,041 - INFO - {'symbol': 'SDPUSDT', 'price': '0.0001355'}
2023-08-25 14:15:35,785 - INFO - {'symbol': 'SDPUSDT', 'price': '0.0001355'}
2023-08-25 14:15:36,508 - INFO - {'symbol': 'SDPUSDT', 'price': '0.0001355'}
2023-08-25 14:15:37,023 - INFO - {'symbol': 'SDPUSDT', 'price': '0.0001355'}
2023-08-25 14:15:37,425 - INFO - {'symbol': 'SDPUSDT', 'price': '0.0001355'}
2023-08-25 14:15:37,827 - INFO - {'symbol': 'SDPUSDT', 'price': '0.0001355'}
2023-08-25 14:15:38,582 - INFO - {'symbol': 'SDPUSDT', 'price': '0.000142'}
2023-08-25 14:15:39,404 - INFO - {'symbol': 'SDPUSDT', 'price': '0.000142'}
2023-08-25 14:15:39,824 - INFO - {'symbol': 'SDPUSDT', 'price': '0.000142'}
2023-08-25 14:15:40,218 - INFO - {'symbol': 'SDPUSDT', 'price': '0.000142'}
2023-08-25 14:15:40,959 - INFO - {'symbol': 'SDPUSDT', 'price': '0.000142'}
2023-08-25 14:15:41,404 - INFO - {'symbol': 'SDPUSDT', 'price': '0.000142'}
2023-08-25 14:15:42,147 - INFO - {'symbol': 'SDPUSDT', 'price': '0.000142'}
2023-08-25 14:15:42,564 - INFO - {'symbol': 'SDPUSDT', 'price': '0.000142'}
2023-08-25 14:15:42,989 - INFO - {'symbol': 'SDPUSDT', 'price': '0.000142'}
2023-08-25 14:15:43,430 - INFO - {'symbol': 'SDPUSDT', 'price': '0.000142'}
2023-08-25 14:15:43,833 - INFO - {'symbol': 'SDPUSDT', 'price': '0.000142'}
2023-08-25 14:15:44,584 - INFO - {'symbol': 'SDPUSDT', 'price': '0.000142'}
2023-08-25 14:15:44,994 - INFO - {'symbol': 'SDPUSDT', 'price': '0.000142'}
2023-08-25 14:15:45,754 - INFO - {'symbol': 'SDPUSDT', 'price': '0.000142'}
2023-08-25 14:15:46,177 - INFO - {'symbol': 'SDPUSDT', 'price': '0.000142'}
2023-08-25 14:15:46,586 - INFO - {'symbol': 'SDPUSDT', 'price': '0.000142'}
2023-08-25 14:15:47,039 - INFO - {'symbol': 'SDPUSDT', 'price': '0.0001356'}
2023-08-25 14:15:47,441 - INFO - {'symbol': 'SDPUSDT', 'price': '0.0001356'}
2023-08-25 14:15:47,906 - INFO - {'symbol': 'SDPUSDT', 'price': '0.0001356'}
2023-08-25 14:15:48,427 - INFO - {'symbol': 'SDPUSDT', 'price': '0.0001356'}
2023-08-25 14:15:49,155 - INFO - {'symbol': 'SDPUSDT', 'price': '0.0001356'}
2023-08-25 14:15:49,917 - INFO - {'symbol': 'SDPUSDT', 'price': '0.0001356'}
2023-08-25 14:15:50,480 - INFO - {'symbol': 'SDPUSDT', 'price': '0.0001356'}
2023-08-25 14:15:52,596 - INFO - {'symbol': 'SDPUSDT', 'price': '0.0001356'}
2023-08-25 14:15:53,043 - INFO - {'symbol': 'SDPUSDT', 'price': '0.0001356'}
2023-08-25 14:15:53,440 - INFO - {'symbol': 'SDPUSDT', 'price': '0.0001356'}
2023-08-25 14:15:53,846 - INFO - {'symbol': 'SDPUSDT', 'price': '0.0001356'}
2023-08-25 14:15:54,586 - INFO - {'symbol': 'SDPUSDT', 'price': '0.0001356'}
2023-08-25 14:15:55,045 - INFO - {'symbol': 'SDPUSDT', 'price': '0.0001355'}
2023-08-25 14:15:55,777 - INFO - {'symbol': 'SDPUSDT', 'price': '0.0001397'}
2023-08-25 14:15:56,230 - INFO - {'symbol': 'SDPUSDT', 'price': '0.0001397'}
2023-08-25 14:15:56,634 - INFO - {'symbol': 'SDPUSDT', 'price': '0.0001397'}
2023-08-25 14:15:57,061 - INFO - {'symbol': 'SDPUSDT', 'price': '0.0001397'}
2023-08-25 14:15:57,582 - INFO - {'symbol': 'SDPUSDT', 'price': '0.0001397'}
2023-08-25 14:15:58,058 - INFO - {'symbol': 'SDPUSDT', 'price': '0.0001397'}
2023-08-25 14:15:58,479 - INFO - {'symbol': 'SDPUSDT', 'price': '0.0001397'}
2023-08-25 14:15:58,939 - INFO - {'symbol': 'SDPUSDT', 'price': '0.0001397'}
2023-08-25 14:15:59,419 - INFO - {'symbol': 'SDPUSDT', 'price': '0.0001397'}
2023-08-25 14:15:59,831 - INFO - {'symbol': 'SDPUSDT', 'price': '0.0001397'}
2023-08-25 14:16:00,573 - INFO - {'symbol': 'SDPUSDT', 'price': '0.0001397'}
2023-08-25 14:16:01,342 - INFO - {'symbol': 'SDPUSDT', 'price': '0.0001397'}
2023-08-25 14:16:01,757 - INFO - {'symbol': 'SDPUSDT', 'price': '0.0001397'}
2023-08-25 14:16:02,312 - INFO - {'symbol': 'SDPUSDT', 'price': '0.0001397'}
2023-08-25 14:16:02,713 - INFO - {'symbol': 'SDPUSDT', 'price': '0.0001397'}
2023-08-25 14:16:03,179 - INFO - {'symbol': 'SDPUSDT', 'price': '0.0001397'}
2023-08-25 14:16:03,577 - INFO - {'symbol': 'SDPUSDT', 'price': '0.0001397'}
2023-08-25 14:16:04,143 - INFO - {'symbol': 'SDPUSDT', 'price': '0.0001397'}
2023-08-25 14:16:04,852 - INFO - {'symbol': 'SDPUSDT', 'price': '0.0001397'}
2023-08-25 14:16:05,602 - INFO - {'symbol': 'SDPUSDT', 'price': '0.0001397'}
2023-08-25 14:16:06,381 - INFO - {'symbol': 'SDPUSDT', 'price': '0.0001397'}
2023-08-25 14:16:06,789 - INFO - {'symbol': 'SDPUSDT', 'price': '0.0001397'}
2023-08-25 14:16:07,225 - INFO - {'symbol': 'SDPUSDT', 'price': '0.0001397'}
2023-08-25 14:16:07,616 - INFO - {'symbol': 'SDPUSDT', 'price': '0.0001397'}
2023-08-25 14:16:08,333 - INFO - {'symbol': 'SDPUSDT', 'price': '0.0001397'}
2023-08-25 14:16:08,773 - INFO - {'symbol': 'SDPUSDT', 'price': '0.0001394'}
2023-08-25 14:16:09,179 - INFO - {'symbol': 'SDPUSDT', 'price': '0.0001394'}
2023-08-25 14:16:09,916 - INFO - {'symbol': 'SDPUSDT', 'price': '0.0001394'}
2023-08-25 14:16:10,319 - INFO - {'symbol': 'SDPUSDT', 'price': '0.0001396'}
2023-08-25 14:16:10,812 - INFO - {'symbol': 'SDPUSDT', 'price': '0.0001396'}
2023-08-25 14:16:11,205 - INFO - {'symbol': 'SDPUSDT', 'price': '0.0001396'}
2023-08-25 14:16:11,622 - INFO - {'symbol': 'SDPUSDT', 'price': '0.0001396'}
2023-08-25 14:16:12,017 - INFO - {'symbol': 'SDPUSDT', 'price': '0.0001396'}
2023-08-25 14:16:12,601 - INFO - {'symbol': 'SDPUSDT', 'price': '0.0001396'}
2023-08-25 14:16:13,037 - INFO - {'symbol': 'SDPUSDT', 'price': '0.0001396'}
2023-08-25 14:16:13,799 - INFO - {'symbol': 'SDPUSDT', 'price': '0.0001396'}
2023-08-25 14:16:14,537 - INFO - {'symbol': 'SDPUSDT', 'price': '0.0001396'}
2023-08-25 14:16:15,235 - INFO - {'symbol': 'SDPUSDT', 'price': '0.0001396'}
2023-08-25 14:16:15,971 - INFO - {'symbol': 'SDPUSDT', 'price': '0.0001396'}
2023-08-25 14:16:16,403 - INFO - {'symbol': 'SDPUSDT', 'price': '0.0001396'}
2023-08-25 14:16:17,089 - INFO - {'symbol': 'SDPUSDT', 'price': '0.0001396'}
2023-08-25 14:16:17,497 - INFO - {'symbol': 'SDPUSDT', 'price': '0.0001396'}
2023-08-25 14:16:18,181 - INFO - {'symbol': 'SDPUSDT', 'price': '0.0001396'}
2023-08-25 14:16:18,914 - INFO - {'symbol': 'SDPUSDT', 'price': '0.000132'}
2023-08-25 14:16:19,310 - INFO - {'symbol': 'SDPUSDT', 'price': '0.0001396'}
2023-08-25 14:16:19,712 - INFO - {'symbol': 'SDPUSDT', 'price': '0.000132'}
2023-08-25 14:16:20,238 - INFO - {'symbol': 'SDPUSDT', 'price': '0.000132'}
2023-08-25 14:16:21,013 - INFO - {'symbol': 'SDPUSDT', 'price': '0.000132'}
2023-08-25 14:16:21,771 - INFO - {'symbol': 'SDPUSDT', 'price': '0.000132'}
2023-08-25 14:16:22,168 - INFO - {'symbol': 'SDPUSDT', 'price': '0.000132'}
2023-08-25 14:16:22,577 - INFO - {'symbol': 'SDPUSDT', 'price': '0.000132'}
2023-08-25 14:16:22,968 - INFO - {'symbol': 'SDPUSDT', 'price': '0.000132'}
2023-08-25 14:16:23,420 - INFO - {'symbol': 'SDPUSDT', 'price': '0.000132'}
2023-08-25 14:16:23,841 - INFO - {'symbol': 'SDPUSDT', 'price': '0.000132'}
2023-08-25 14:16:24,235 - INFO - {'symbol': 'SDPUSDT', 'price': '0.000132'}
2023-08-25 14:16:24,734 - INFO - {'symbol': 'SDPUSDT', 'price': '0.000132'}
2023-08-25 14:16:25,459 - INFO - {'symbol': 'SDPUSDT', 'price': '0.000132'}
2023-08-25 14:16:25,910 - INFO - {'symbol': 'SDPUSDT', 'price': '0.000132'}
2023-08-25 14:16:26,672 - INFO - {'symbol': 'SDPUSDT', 'price': '0.000132'}
2023-08-25 14:16:27,126 - INFO - {'symbol': 'SDPUSDT', 'price': '0.000132'}
2023-08-25 14:16:27,878 - INFO - {'symbol': 'SDPUSDT', 'price': '0.000124'}
2023-08-25 14:16:28,279 - INFO - {'symbol': 'SDPUSDT', 'price': '0.000124'}
2023-08-25 14:16:29,038 - INFO - {'symbol': 'SDPUSDT', 'price': '0.000124'}
2023-08-25 14:16:29,556 - INFO - {'symbol': 'SDPUSDT', 'price': '0.000124'}
2023-08-25 14:16:30,281 - INFO - {'symbol': 'SDPUSDT', 'price': '0.000124'}
2023-08-25 14:16:31,005 - INFO - {'symbol': 'SDPUSDT', 'price': '0.000124'}
2023-08-25 14:16:31,775 - INFO - {'symbol': 'SDPUSDT', 'price': '0.000124'}
2023-08-25 14:16:32,390 - INFO - {'symbol': 'SDPUSDT', 'price': '0.000124'}
2023-08-25 14:16:32,790 - INFO - {'symbol': 'SDPUSDT', 'price': '0.000122'}
2023-08-25 14:16:33,557 - INFO - {'symbol': 'SDPUSDT', 'price': '0.000122'}
2023-08-25 14:16:33,954 - INFO - {'symbol': 'SDPUSDT', 'price': '0.000122'}
2023-08-25 14:16:34,484 - INFO - {'symbol': 'SDPUSDT', 'price': '0.000122'}
2023-08-25 14:16:35,167 - INFO - {'symbol': 'SDPUSDT', 'price': '0.000122'}
2023-08-25 14:16:35,564 - INFO - {'symbol': 'SDPUSDT', 'price': '0.000122'}
2023-08-25 14:16:36,312 - INFO - {'symbol': 'SDPUSDT', 'price': '0.000122'}
2023-08-25 14:16:37,061 - INFO - {'symbol': 'SDPUSDT', 'price': '0.000122'}
2023-08-25 14:16:37,423 - INFO - {'symbol': 'SDPUSDT', 'price': '0.000122'}
2023-08-25 14:16:38,171 - INFO - {'symbol': 'SDPUSDT', 'price': '0.000122'}
2023-08-25 14:16:38,568 - INFO - {'symbol': 'SDPUSDT', 'price': '0.000122'}
2023-08-25 14:16:39,361 - INFO - {'symbol': 'SDPUSDT', 'price': '0.000122'}
2023-08-25 14:16:39,757 - INFO - {'symbol': 'SDPUSDT', 'price': '0.000122'}
2023-08-25 14:16:40,150 - INFO - {'symbol': 'SDPUSDT', 'price': '0.000122'}
2023-08-25 14:16:40,890 - INFO - {'symbol': 'SDPUSDT', 'price': '0.000122'}
2023-08-25 14:16:41,418 - INFO - {'symbol': 'SDPUSDT', 'price': '0.000122'}
2023-08-25 14:16:42,155 - INFO - {'symbol': 'SDPUSDT', 'price': '0.0001222'}
2023-08-25 14:16:42,558 - INFO - {'symbol': 'SDPUSDT', 'price': '0.0001222'}
2023-08-25 14:16:43,297 - INFO - {'symbol': 'SDPUSDT', 'price': '0.0001222'}
2023-08-25 14:16:43,692 - INFO - {'symbol': 'SDPUSDT', 'price': '0.0001222'}
2023-08-25 14:16:44,090 - INFO - {'symbol': 'SDPUSDT', 'price': '0.0001222'}
2023-08-25 14:16:44,529 - INFO - {'symbol': 'SDPUSDT', 'price': '0.0001222'}
2023-08-25 14:16:44,973 - INFO - {'symbol': 'SDPUSDT', 'price': '0.0001222'}
2023-08-25 14:16:45,726 - INFO - {'symbol': 'SDPUSDT', 'price': '0.0001222'}
2023-08-25 14:16:46,219 - INFO - {'symbol': 'SDPUSDT', 'price': '0.0001222'}
2023-08-25 14:16:46,978 - INFO - {'symbol': 'SDPUSDT', 'price': '0.0001222'}
2023-08-25 14:16:47,434 - INFO - {'symbol': 'SDPUSDT', 'price': '0.00013'}
2023-08-25 14:16:47,872 - INFO - {'symbol': 'SDPUSDT', 'price': '0.00013'}
2023-08-25 14:16:48,312 - INFO - {'symbol': 'SDPUSDT', 'price': '0.00013'}
2023-08-25 14:16:49,036 - INFO - {'symbol': 'SDPUSDT', 'price': '0.00013'}
2023-08-25 14:16:49,455 - INFO - {'symbol': 'SDPUSDT', 'price': '0.00013'}
2023-08-25 14:16:49,942 - INFO - {'symbol': 'SDPUSDT', 'price': '0.00013'}
2023-08-25 14:16:50,348 - INFO - {'symbol': 'SDPUSDT', 'price': '0.00013'}
2023-08-25 14:16:50,736 - INFO - {'symbol': 'SDPUSDT', 'price': '0.00013'}
2023-08-25 14:16:51,143 - INFO - {'symbol': 'SDPUSDT', 'price': '0.00013'}
2023-08-25 14:16:51,871 - INFO - {'symbol': 'SDPUSDT', 'price': '0.00013'}
2023-08-25 14:16:52,280 - INFO - {'symbol': 'SDPUSDT', 'price': '0.00013'}
2023-08-25 14:16:53,077 - INFO - {'symbol': 'SDPUSDT', 'price': '0.00013'}
2023-08-25 14:16:53,847 - INFO - {'symbol': 'SDPUSDT', 'price': '0.00013'}
2023-08-25 14:16:55,713 - INFO - {'symbol': 'SDPUSDT', 'price': '0.00013'}
2023-08-25 14:16:56,461 - INFO - {'symbol': 'SDPUSDT', 'price': '0.00013'}
2023-08-25 14:16:56,850 - INFO - {'symbol': 'SDPUSDT', 'price': '0.00013'}
2023-08-25 14:16:57,605 - INFO - {'symbol': 'SDPUSDT', 'price': '0.00013'}
2023-08-25 14:16:58,000 - INFO - {'symbol': 'SDPUSDT', 'price': '0.00013'}
2023-08-25 14:16:58,706 - INFO - {'symbol': 'SDPUSDT', 'price': '0.00013'}
2023-08-25 14:16:59,141 - INFO - {'symbol': 'SDPUSDT', 'price': '0.00013'}
2023-08-25 14:16:59,576 - INFO - {'symbol': 'SDPUSDT', 'price': '0.00013'}
2023-08-25 14:17:00,070 - INFO - {'symbol': 'SDPUSDT', 'price': '0.00013'}
2023-08-25 14:17:00,501 - INFO - {'symbol': 'SDPUSDT', 'price': '0.00013'}
2023-08-25 14:17:01,265 - INFO - {'symbol': 'SDPUSDT', 'price': '0.00013'}
2023-08-25 14:17:01,693 - INFO - {'symbol': 'SDPUSDT', 'price': '0.00013'}
2023-08-25 14:17:02,457 - INFO - {'symbol': 'SDPUSDT', 'price': '0.00013'}
2023-08-25 14:17:02,872 - INFO - {'symbol': 'SDPUSDT', 'price': '0.00013'}
2023-08-25 14:17:03,295 - INFO - {'symbol': 'SDPUSDT', 'price': '0.00013'}
2023-08-25 14:17:03,683 - INFO - {'symbol': 'SDPUSDT', 'price': '0.00013'}
2023-08-25 14:17:04,436 - INFO - {'symbol': 'SDPUSDT', 'price': '0.00013'}
2023-08-25 14:17:05,134 - INFO - {'symbol': 'SDPUSDT', 'price': '0.00013'}
2023-08-25 14:17:05,817 - INFO - {'symbol': 'SDPUSDT', 'price': '0.00013'}
2023-08-25 14:17:06,368 - INFO - {'symbol': 'SDPUSDT', 'price': '0.00013'}
2023-08-25 14:17:07,072 - INFO - {'symbol': 'SDPUSDT', 'price': '0.00013'}
2023-08-25 14:17:07,470 - INFO - {'symbol': 'SDPUSDT', 'price': '0.00013'}
2023-08-25 14:17:07,895 - INFO - {'symbol': 'SDPUSDT', 'price': '0.00013'}
2023-08-25 14:17:08,624 - INFO - {'symbol': 'SDPUSDT', 'price': '0.00013'}
2023-08-25 14:17:09,141 - INFO - {'symbol': 'SDPUSDT', 'price': '0.00013'}
2023-08-25 14:17:09,548 - INFO - {'symbol': 'SDPUSDT', 'price': '0.00013'}
2023-08-25 14:17:10,285 - INFO - {'symbol': 'SDPUSDT', 'price': '0.00013'}
2023-08-25 14:17:11,000 - INFO - {'symbol': 'SDPUSDT', 'price': '0.00013'}
2023-08-25 14:17:11,396 - INFO - {'symbol': 'SDPUSDT', 'price': '0.00013'}
2023-08-25 14:17:12,154 - INFO - {'symbol': 'SDPUSDT', 'price': '0.00013'}
2023-08-25 14:17:12,558 - INFO - {'symbol': 'SDPUSDT', 'price': '0.00013'}
2023-08-25 14:17:13,161 - INFO - {'symbol': 'SDPUSDT', 'price': '0.00013'}
2023-08-25 14:17:13,711 - INFO - {'symbol': 'SDPUSDT', 'price': '0.00013'}
2023-08-25 14:17:14,484 - INFO - {'symbol': 'SDPUSDT', 'price': '0.00013'}
2023-08-25 14:17:15,333 - INFO - {'symbol': 'SDPUSDT', 'price': '0.00013'}
2023-08-25 14:17:16,060 - INFO - {'symbol': 'SDPUSDT', 'price': '0.00013'}
2023-08-25 14:17:18,092 - INFO - {'symbol': 'SDPUSDT', 'price': '0.00013'}
2023-08-25 14:17:18,803 - INFO - {'symbol': 'SDPUSDT', 'price': '0.00013'}
2023-08-25 14:17:19,194 - INFO - {'symbol': 'SDPUSDT', 'price': '0.00013'}
2023-08-25 14:17:21,246 - INFO - {'symbol': 'SDPUSDT', 'price': '0.00013'}
2023-08-25 14:17:22,000 - INFO - {'symbol': 'SDPUSDT', 'price': '0.00013'}
2023-08-25 14:17:22,730 - INFO - {'symbol': 'SDPUSDT', 'price': '0.00013'}
2023-08-25 14:17:23,263 - INFO - {'symbol': 'SDPUSDT', 'price': '0.00013'}
2023-08-25 14:17:23,954 - INFO - {'symbol': 'SDPUSDT', 'price': '0.00013'}
2023-08-25 14:17:25,942 - INFO - {'symbol': 'SDPUSDT', 'price': '0.00013'}
2023-08-25 14:17:26,678 - INFO - {'symbol': 'SDPUSDT', 'price': '0.00013'}
2023-08-25 14:17:27,082 - INFO - {'symbol': 'SDPUSDT', 'price': '0.00013'}
2023-08-25 14:17:27,464 - INFO - {'symbol': 'SDPUSDT', 'price': '0.00013'}
2023-08-25 14:17:28,039 - INFO - {'symbol': 'SDPUSDT', 'price': '0.00013'}
2023-08-25 14:17:28,438 - INFO - {'symbol': 'SDPUSDT', 'price': '0.00013'}
2023-08-25 14:17:29,152 - INFO - {'symbol': 'SDPUSDT', 'price': '0.00013'}
2023-08-25 14:17:29,893 - INFO - {'symbol': 'SDPUSDT', 'price': '0.00013'}
2023-08-25 14:17:30,375 - INFO - {'symbol': 'SDPUSDT', 'price': '0.00013'}
2023-08-25 14:17:30,856 - INFO - {'symbol': 'SDPUSDT', 'price': '0.00013'}
2023-08-25 14:17:31,592 - INFO - {'symbol': 'SDPUSDT', 'price': '0.00013'}
2023-08-25 14:17:31,989 - INFO - {'symbol': 'SDPUSDT', 'price': '0.00013'}
2023-08-25 14:17:32,384 - INFO - {'symbol': 'SDPUSDT', 'price': '0.00013'}
2023-08-25 14:17:33,132 - INFO - {'symbol': 'SDPUSDT', 'price': '0.00013'}
2023-08-25 14:17:33,870 - INFO - {'symbol': 'SDPUSDT', 'price': '0.00013'}
2023-08-25 14:17:34,588 - INFO - {'symbol': 'SDPUSDT', 'price': '0.00013'}
2023-08-25 14:17:34,997 - INFO - {'symbol': 'SDPUSDT', 'price': '0.00013'}
2023-08-25 14:17:35,769 - INFO - {'symbol': 'SDPUSDT', 'price': '0.00013'}
2023-08-25 14:17:36,493 - INFO - {'symbol': 'SDPUSDT', 'price': '0.00013'}
2023-08-25 14:17:36,909 - INFO - {'symbol': 'SDPUSDT', 'price': '0.00013'}
2023-08-25 14:17:37,316 - INFO - {'symbol': 'SDPUSDT', 'price': '0.00013'}
2023-08-25 14:17:37,881 - INFO - {'symbol': 'SDPUSDT', 'price': '0.00013'}
2023-08-25 14:17:38,597 - INFO - {'symbol': 'SDPUSDT', 'price': '0.00013'}
2023-08-25 14:17:39,045 - INFO - {'symbol': 'SDPUSDT', 'price': '0.00013'}
2023-08-25 14:17:39,456 - INFO - {'symbol': 'SDPUSDT', 'price': '0.00013'}
2023-08-25 14:17:40,236 - INFO - {'symbol': 'SDPUSDT', 'price': '0.00013'}
2023-08-25 14:17:40,697 - INFO - {'symbol': 'SDPUSDT', 'price': '0.00013'}
2023-08-25 14:17:41,464 - INFO - {'symbol': 'SDPUSDT', 'price': '0.00013'}
2023-08-25 14:17:42,187 - INFO - {'symbol': 'SDPUSDT', 'price': '0.00013'}
2023-08-25 14:17:42,628 - INFO - {'symbol': 'SDPUSDT', 'price': '0.00013'}
2023-08-25 14:17:43,047 - INFO - {'symbol': 'SDPUSDT', 'price': '0.00013'}
2023-08-25 14:17:43,773 - INFO - {'symbol': 'SDPUSDT', 'price': '0.00013'}
2023-08-25 14:17:44,229 - INFO - {'symbol': 'SDPUSDT', 'price': '0.00013'}
2023-08-25 14:17:44,975 - INFO - {'symbol': 'SDPUSDT', 'price': '0.00013'}
2023-08-25 14:17:45,676 - INFO - {'symbol': 'SDPUSDT', 'price': '0.00013'}
2023-08-25 14:17:46,383 - INFO - {'symbol': 'SDPUSDT', 'price': '0.00013'}
2023-08-25 14:17:46,971 - INFO - {'symbol': 'SDPUSDT', 'price': '0.00013'}
2023-08-25 14:17:47,763 - INFO - {'symbol': 'SDPUSDT', 'price': '0.00013'}
2023-08-25 14:17:48,426 - INFO - {'symbol': 'SDPUSDT', 'price': '0.00013'}
2023-08-25 14:17:49,126 - INFO - {'symbol': 'SDPUSDT', 'price': '0.00013'}
2023-08-25 14:17:49,547 - INFO - {'symbol': 'SDPUSDT', 'price': '0.00013'}
2023-08-25 14:17:50,016 - INFO - {'symbol': 'SDPUSDT', 'price': '0.00013'}
2023-08-25 14:17:50,544 - INFO - {'symbol': 'SDPUSDT', 'price': '0.00013'}
2023-08-25 14:17:50,935 - INFO - {'symbol': 'SDPUSDT', 'price': '0.00013'}
2023-08-25 14:17:51,722 - INFO - {'symbol': 'SDPUSDT', 'price': '0.00013'}
2023-08-25 14:17:52,456 - INFO - {'symbol': 'SDPUSDT', 'price': '0.00013'}
2023-08-25 14:17:53,158 - INFO - {'symbol': 'SDPUSDT', 'price': '0.00013'}
2023-08-25 14:17:53,561 - INFO - {'symbol': 'SDPUSDT', 'price': '0.00013'}
2023-08-25 14:17:53,951 - INFO - {'symbol': 'SDPUSDT', 'price': '0.00013'}
2023-08-25 14:17:54,377 - INFO - {'symbol': 'SDPUSDT', 'price': '0.00013'}
2023-08-25 14:17:54,797 - INFO - {'symbol': 'SDPUSDT', 'price': '0.00013'}
2023-08-25 14:17:55,235 - INFO - {'symbol': 'SDPUSDT', 'price': '0.00013'}
2023-08-25 14:17:55,980 - INFO - {'symbol': 'SDPUSDT', 'price': '0.00013'}
2023-08-25 14:17:56,461 - INFO - {'symbol': 'SDPUSDT', 'price': '0.00013'}
2023-08-25 14:17:56,852 - INFO - {'symbol': 'SDPUSDT', 'price': '0.00013'}
2023-08-25 14:17:57,571 - INFO - {'symbol': 'SDPUSDT', 'price': '0.00013'}
2023-08-25 14:17:57,971 - INFO - {'symbol': 'SDPUSDT', 'price': '0.00013'}
2023-08-25 14:17:58,383 - INFO - {'symbol': 'SDPUSDT', 'price': '0.00013'}
2023-08-25 14:17:58,792 - INFO - {'symbol': 'SDPUSDT', 'price': '0.00013'}
2023-08-25 14:17:59,217 - INFO - {'symbol': 'SDPUSDT', 'price': '0.00013'}
2023-08-25 14:17:59,986 - INFO - {'symbol': 'SDPUSDT', 'price': '0.00013'}
2023-08-25 14:18:00,412 - INFO - {'symbol': 'SDPUSDT', 'price': '0.00013'}
2023-08-25 14:18:01,162 - INFO - {'symbol': 'SDPUSDT', 'price': '0.00013'}
2023-08-25 14:18:02,036 - INFO - {'symbol': 'SDPUSDT', 'price': '0.00013'}
2023-08-25 14:18:02,778 - INFO - {'symbol': 'SDPUSDT', 'price': '0.00013'}
2023-08-25 14:18:03,566 - INFO - {'symbol': 'SDPUSDT', 'price': '0.00013'}
2023-08-25 14:18:04,311 - INFO - {'symbol': 'SDPUSDT', 'price': '0.00013'}
2023-08-25 14:18:04,835 - INFO - {'symbol': 'SDPUSDT', 'price': '0.00013'}
2023-08-25 14:18:05,202 - INFO - {'symbol': 'SDPUSDT', 'price': '0.00013'}
2023-08-25 14:18:05,598 - INFO - {'symbol': 'SDPUSDT', 'price': '0.00013'}
2023-08-25 14:18:06,313 - INFO - {'symbol': 'SDPUSDT', 'price': '0.00013'}
2023-08-25 14:18:06,745 - INFO - {'symbol': 'SDPUSDT', 'price': '0.00013'}
2023-08-25 14:18:07,174 - INFO - {'symbol': 'SDPUSDT', 'price': '0.00013'}
2023-08-25 14:18:07,623 - INFO - {'symbol': 'SDPUSDT', 'price': '0.00013'}
2023-08-25 14:18:08,083 - INFO - {'symbol': 'SDPUSDT', 'price': '0.00013'}
2023-08-25 14:18:08,495 - INFO - {'symbol': 'SDPUSDT', 'price': '0.00013'}
2023-08-25 14:18:09,262 - INFO - {'symbol': 'SDPUSDT', 'price': '0.00013'}
2023-08-25 14:18:09,809 - INFO - {'symbol': 'SDPUSDT', 'price': '0.00013'}
2023-08-25 14:18:10,219 - INFO - {'symbol': 'SDPUSDT', 'price': '0.00013'}
2023-08-25 14:18:12,078 - INFO - {'symbol': 'SDPUSDT', 'price': '0.00013'}
2023-08-25 14:18:12,488 - INFO - {'symbol': 'SDPUSDT', 'price': '0.00013'}
2023-08-25 14:18:13,204 - INFO - {'symbol': 'SDPUSDT', 'price': '0.00013'}
2023-08-25 14:18:13,912 - INFO - {'symbol': 'SDPUSDT', 'price': '0.00013'}
2023-08-25 14:18:14,307 - INFO - {'symbol': 'SDPUSDT', 'price': '0.00013'}
2023-08-25 14:18:14,700 - INFO - {'symbol': 'SDPUSDT', 'price': '0.00013'}
2023-08-25 14:18:15,094 - INFO - {'symbol': 'SDPUSDT', 'price': '0.00013'}
2023-08-25 14:18:15,499 - INFO - {'symbol': 'SDPUSDT', 'price': '0.00013'}
2023-08-25 14:18:15,880 - INFO - {'symbol': 'SDPUSDT', 'price': '0.00013'}
2023-08-25 14:18:16,519 - INFO - {'symbol': 'SDPUSDT', 'price': '0.00013'}
2023-08-25 14:18:17,260 - INFO - {'symbol': 'SDPUSDT', 'price': '0.00013'}
2023-08-25 14:18:17,674 - INFO - {'symbol': 'SDPUSDT', 'price': '0.00013'}
2023-08-25 14:18:18,142 - INFO - {'symbol': 'SDPUSDT', 'price': '0.00013'}
2023-08-25 14:18:18,681 - INFO - {'symbol': 'SDPUSDT', 'price': '0.00013'}
2023-08-25 14:18:19,169 - INFO - {'symbol': 'SDPUSDT', 'price': '0.00013'}
2023-08-25 14:18:19,630 - INFO - {'symbol': 'SDPUSDT', 'price': '0.00013'}
2023-08-25 14:18:20,028 - INFO - {'symbol': 'SDPUSDT', 'price': '0.00013'}
2023-08-25 14:18:20,772 - INFO - {'symbol': 'SDPUSDT', 'price': '0.00013'}
2023-08-25 14:18:21,242 - INFO - {'symbol': 'SDPUSDT', 'price': '0.00013'}
2023-08-25 14:18:22,003 - INFO - {'symbol': 'SDPUSDT', 'price': '0.00013'}
2023-08-25 14:18:22,393 - INFO - {'symbol': 'SDPUSDT', 'price': '0.00013'}
2023-08-25 14:18:23,076 - INFO - {'symbol': 'SDPUSDT', 'price': '0.00013'}
2023-08-25 14:18:23,733 - INFO - {'symbol': 'SDPUSDT', 'price': '0.00013'}
2023-08-25 14:18:24,129 - INFO - {'symbol': 'SDPUSDT', 'price': '0.00013'}
2023-08-25 14:18:24,654 - INFO - {'symbol': 'SDPUSDT', 'price': '0.00013'}
2023-08-25 14:18:25,352 - INFO - {'symbol': 'SDPUSDT', 'price': '0.00013'}
2023-08-25 14:18:25,800 - INFO - {'symbol': 'SDPUSDT', 'price': '0.00013'}
2023-08-25 14:18:26,551 - INFO - {'symbol': 'SDPUSDT', 'price': '0.00013'}
2023-08-25 14:18:27,131 - INFO - {'symbol': 'SDPUSDT', 'price': '0.00013'}
2023-08-25 14:18:27,729 - INFO - {'symbol': 'SDPUSDT', 'price': '0.00013'}
2023-08-25 14:18:29,693 - INFO - {'symbol': 'SDPUSDT', 'price': '0.00013'}
2023-08-25 14:18:30,331 - INFO - {'symbol': 'SDPUSDT', 'price': '0.00013'}
2023-08-25 14:18:30,812 - INFO - {'symbol': 'SDPUSDT', 'price': '0.00013'}
2023-08-25 14:18:31,199 - INFO - {'symbol': 'SDPUSDT', 'price': '0.00013'}
2023-08-25 14:18:31,665 - INFO - {'symbol': 'SDPUSDT', 'price': '0.00013'}
2023-08-25 14:18:32,101 - INFO - {'symbol': 'SDPUSDT', 'price': '0.00013'}
2023-08-25 14:18:32,863 - INFO - {'symbol': 'SDPUSDT', 'price': '0.00013'}
2023-08-25 14:18:33,271 - INFO - {'symbol': 'SDPUSDT', 'price': '0.00013'}
2023-08-25 14:18:34,037 - INFO - {'symbol': 'SDPUSDT', 'price': '0.00013'}
2023-08-25 14:18:34,430 - INFO - {'symbol': 'SDPUSDT', 'price': '0.00013'}
2023-08-25 14:18:35,022 - INFO - {'symbol': 'SDPUSDT', 'price': '0.00013'}
2023-08-25 14:18:35,429 - INFO - {'symbol': 'SDPUSDT', 'price': '0.00013'}
2023-08-25 14:18:35,826 - INFO - {'symbol': 'SDPUSDT', 'price': '0.00013'}
2023-08-25 14:18:36,554 - INFO - {'symbol': 'SDPUSDT', 'price': '0.00013'}
2023-08-25 14:18:37,279 - INFO - {'symbol': 'SDPUSDT', 'price': '0.00013'}
2023-08-25 14:18:37,677 - INFO - {'symbol': 'SDPUSDT', 'price': '0.00013'}
2023-08-25 14:18:38,065 - INFO - {'symbol': 'SDPUSDT', 'price': '0.00013'}
2023-08-25 14:18:38,542 - INFO - {'symbol': 'SDPUSDT', 'price': '0.00013'}
2023-08-25 14:18:39,285 - INFO - {'symbol': 'SDPUSDT', 'price': '0.00013'}
2023-08-25 14:18:39,890 - INFO - {'symbol': 'SDPUSDT', 'price': '0.00013'}
2023-08-25 14:18:40,330 - INFO - {'symbol': 'SDPUSDT', 'price': '0.00013'}
2023-08-25 14:18:40,826 - INFO - {'symbol': 'SDPUSDT', 'price': '0.00013'}
2023-08-25 14:18:41,577 - INFO - {'symbol': 'SDPUSDT', 'price': '0.00013'}
2023-08-25 14:18:42,132 - INFO - {'symbol': 'SDPUSDT', 'price': '0.00013'}
2023-08-25 14:18:42,561 - INFO - {'symbol': 'SDPUSDT', 'price': '0.00013'}
2023-08-25 14:18:42,987 - INFO - {'symbol': 'SDPUSDT', 'price': '0.00013'}
2023-08-25 14:18:43,424 - INFO - {'symbol': 'SDPUSDT', 'price': '0.00013'}
2023-08-25 14:18:44,154 - INFO - {'symbol': 'SDPUSDT', 'price': '0.00013'}
2023-08-25 14:18:44,854 - INFO - {'symbol': 'SDPUSDT', 'price': '0.00013'}
2023-08-25 14:18:45,569 - INFO - {'symbol': 'SDPUSDT', 'price': '0.00013'}
2023-08-25 14:18:46,277 - INFO - {'symbol': 'SDPUSDT', 'price': '0.00013'}
2023-08-25 14:18:46,743 - INFO - {'symbol': 'SDPUSDT', 'price': '0.00013'}
2023-08-25 14:18:47,435 - INFO - {'symbol': 'SDPUSDT', 'price': '0.00013'}
2023-08-25 14:18:48,082 - INFO - {'symbol': 'SDPUSDT', 'price': '0.00013'}
2023-08-25 14:18:48,474 - INFO - {'symbol': 'SDPUSDT', 'price': '0.00013'}
2023-08-25 14:18:49,183 - INFO - {'symbol': 'SDPUSDT', 'price': '0.00013'}
2023-08-25 14:18:49,708 - INFO - {'symbol': 'SDPUSDT', 'price': '0.00013'}
2023-08-25 14:18:50,416 - INFO - {'symbol': 'SDPUSDT', 'price': '0.00013'}
2023-08-25 14:18:51,122 - INFO - {'symbol': 'SDPUSDT', 'price': '0.00013'}
2023-08-25 14:18:51,523 - INFO - {'symbol': 'SDPUSDT', 'price': '0.00013'}
2023-08-25 14:18:51,914 - INFO - {'symbol': 'SDPUSDT', 'price': '0.00013'}
2023-08-25 14:18:52,365 - INFO - {'symbol': 'SDPUSDT', 'price': '0.00013'}
2023-08-25 14:18:53,120 - INFO - {'symbol': 'SDPUSDT', 'price': '0.00013'}
2023-08-25 14:18:53,519 - INFO - {'symbol': 'SDPUSDT', 'price': '0.00013'}
2023-08-25 14:18:54,203 - INFO - {'symbol': 'SDPUSDT', 'price': '0.00013'}
2023-08-25 14:18:54,674 - INFO - {'symbol': 'SDPUSDT', 'price': '0.00013'}
2023-08-25 14:18:55,079 - INFO - {'symbol': 'SDPUSDT', 'price': '0.00013'}
2023-08-25 14:18:55,849 - INFO - {'symbol': 'SDPUSDT', 'price': '0.00013'}
2023-08-25 14:18:56,547 - INFO - {'symbol': 'SDPUSDT', 'price': '0.00013'}
2023-08-25 14:18:57,005 - INFO - {'symbol': 'SDPUSDT', 'price': '0.00013'}
2023-08-25 14:18:57,447 - INFO - {'symbol': 'SDPUSDT', 'price': '0.00013'}
2023-08-25 14:18:57,835 - INFO - {'symbol': 'SDPUSDT', 'price': '0.00013'}
2023-08-25 14:18:58,238 - INFO - {'symbol': 'SDPUSDT', 'price': '0.00013'}
2023-08-25 14:18:59,020 - INFO - {'symbol': 'SDPUSDT', 'price': '0.00013'}
2023-08-25 14:18:59,422 - INFO - {'symbol': 'SDPUSDT', 'price': '0.00013'}
2023-08-25 14:18:59,829 - INFO - {'symbol': 'SDPUSDT', 'price': '0.00013'}
2023-08-25 14:19:00,229 - INFO - {'symbol': 'SDPUSDT', 'price': '0.00013'}
2023-08-25 14:19:01,033 - INFO - {'symbol': 'SDPUSDT', 'price': '0.00013'}
2023-08-25 14:19:01,715 - INFO - {'symbol': 'SDPUSDT', 'price': '0.00013'}
2023-08-25 14:19:02,181 - INFO - {'symbol': 'SDPUSDT', 'price': '0.000134'}
2023-08-25 14:19:02,588 - INFO - {'symbol': 'SDPUSDT', 'price': '0.000134'}
2023-08-25 14:19:03,001 - INFO - {'symbol': 'SDPUSDT', 'price': '0.000134'}
2023-08-25 14:19:03,714 - INFO - {'symbol': 'SDPUSDT', 'price': '0.000134'}
2023-08-25 14:19:04,469 - INFO - {'symbol': 'SDPUSDT', 'price': '0.000134'}
2023-08-25 14:19:04,927 - INFO - {'symbol': 'SDPUSDT', 'price': '0.000134'}
2023-08-25 14:19:05,323 - INFO - {'symbol': 'SDPUSDT', 'price': '0.000134'}
2023-08-25 14:19:05,731 - INFO - {'symbol': 'SDPUSDT', 'price': '0.000134'}
2023-08-25 14:19:06,473 - INFO - {'symbol': 'SDPUSDT', 'price': '0.000134'}
2023-08-25 14:19:06,854 - INFO - {'symbol': 'SDPUSDT', 'price': '0.000134'}
2023-08-25 14:19:07,243 - INFO - {'symbol': 'SDPUSDT', 'price': '0.000134'}
2023-08-25 14:19:07,895 - INFO - {'symbol': 'SDPUSDT', 'price': '0.000134'}
2023-08-25 14:19:08,626 - INFO - {'symbol': 'SDPUSDT', 'price': '0.000134'}
2023-08-25 14:19:09,022 - INFO - {'symbol': 'SDPUSDT', 'price': '0.000134'}
2023-08-25 14:19:09,410 - INFO - {'symbol': 'SDPUSDT', 'price': '0.000134'}
2023-08-25 14:19:09,875 - INFO - {'symbol': 'SDPUSDT', 'price': '0.000134'}
2023-08-25 14:19:10,273 - INFO - {'symbol': 'SDPUSDT', 'price': '0.000134'}
2023-08-25 14:19:10,825 - INFO - {'symbol': 'SDPUSDT', 'price': '0.000134'}
2023-08-25 14:19:11,237 - INFO - {'symbol': 'SDPUSDT', 'price': '0.000134'}
2023-08-25 14:19:11,921 - INFO - {'symbol': 'SDPUSDT', 'price': '0.000134'}
2023-08-25 14:19:12,630 - INFO - {'symbol': 'SDPUSDT', 'price': '0.000134'}
2023-08-25 14:19:13,142 - INFO - {'symbol': 'SDPUSDT', 'price': '0.000134'}
2023-08-25 14:19:13,577 - INFO - {'symbol': 'SDPUSDT', 'price': '0.000134'}
2023-08-25 14:19:14,282 - INFO - {'symbol': 'SDPUSDT', 'price': '0.000134'}
2023-08-25 14:19:14,703 - INFO - {'symbol': 'SDPUSDT', 'price': '0.000134'}
2023-08-25 14:19:15,120 - INFO - {'symbol': 'SDPUSDT', 'price': '0.000134'}
2023-08-25 14:19:15,546 - INFO - {'symbol': 'SDPUSDT', 'price': '0.000134'}
2023-08-25 14:19:16,096 - INFO - {'symbol': 'SDPUSDT', 'price': '0.000134'}
2023-08-25 14:19:16,558 - INFO - {'symbol': 'SDPUSDT', 'price': '0.000134'}
2023-08-25 14:19:17,255 - INFO - {'symbol': 'SDPUSDT', 'price': '0.000134'}
2023-08-25 14:19:17,678 - INFO - {'symbol': 'SDPUSDT', 'price': '0.000134'}
2023-08-25 14:19:18,092 - INFO - {'symbol': 'SDPUSDT', 'price': '0.000134'}
2023-08-25 14:19:18,830 - INFO - {'symbol': 'SDPUSDT', 'price': '0.000134'}
2023-08-25 14:19:19,433 - INFO - {'symbol': 'SDPUSDT', 'price': '0.000134'}
2023-08-25 14:19:19,852 - INFO - {'symbol': 'SDPUSDT', 'price': '0.000134'}
2023-08-25 14:19:20,580 - INFO - {'symbol': 'SDPUSDT', 'price': '0.000134'}
2023-08-25 14:19:21,010 - INFO - {'symbol': 'SDPUSDT', 'price': '0.000134'}
2023-08-25 14:19:21,700 - INFO - {'symbol': 'SDPUSDT', 'price': '0.000134'}
2023-08-25 14:19:22,115 - INFO - {'symbol': 'SDPUSDT', 'price': '0.000134'}
2023-08-25 14:19:22,678 - INFO - {'symbol': 'SDPUSDT', 'price': '0.000134'}
2023-08-25 14:19:23,369 - INFO - {'symbol': 'SDPUSDT', 'price': '0.000134'}
2023-08-25 14:19:23,824 - INFO - {'symbol': 'SDPUSDT', 'price': '0.000134'}
2023-08-25 14:19:24,223 - INFO - {'symbol': 'SDPUSDT', 'price': '0.000134'}
2023-08-25 14:19:25,489 - INFO - {'symbol': 'SDPUSDT', 'price': '0.000134'}
2023-08-25 14:19:25,902 - INFO - {'symbol': 'SDPUSDT', 'price': '0.000134'}
2023-08-25 14:19:26,553 - INFO - {'symbol': 'SDPUSDT', 'price': '0.000134'}
2023-08-25 14:19:26,949 - INFO - {'symbol': 'SDPUSDT', 'price': '0.000134'}
2023-08-25 14:19:27,816 - INFO - {'symbol': 'SDPUSDT', 'price': '0.000134'}
2023-08-25 14:19:30,165 - INFO - {'symbol': 'SDPUSDT', 'price': '0.000134'}
2023-08-25 14:19:31,076 - INFO - {'symbol': 'SDPUSDT', 'price': '0.000134'}
2023-08-25 14:19:31,884 - INFO - {'symbol': 'SDPUSDT', 'price': '0.000134'}
2023-08-25 14:19:32,688 - INFO - {'symbol': 'SDPUSDT', 'price': '0.000134'}
2023-08-25 14:19:38,207 - INFO - {'symbol': 'SDPUSDT', 'price': '0.000134'}
2023-08-25 14:19:38,993 - INFO - {'symbol': 'SDPUSDT', 'price': '0.000134'}
2023-08-25 14:19:40,022 - INFO - {'symbol': 'SDPUSDT', 'price': '0.000134'}
2023-08-25 14:19:40,816 - INFO - {'symbol': 'SDPUSDT', 'price': '0.000134'}
2023-08-25 14:19:41,613 - INFO - {'symbol': 'SDPUSDT', 'price': '0.000134'}
2023-08-25 14:19:42,564 - INFO - {'symbol': 'SDPUSDT', 'price': '0.000134'}
2023-08-25 14:19:43,459 - INFO - {'symbol': 'SDPUSDT', 'price': '0.000134'}
2023-08-25 14:19:44,259 - INFO - {'symbol': 'SDPUSDT', 'price': '0.000134'}
2023-08-25 14:19:48,070 - INFO - {'symbol': 'SDPUSDT', 'price': '0.000134'}
2023-08-25 14:19:48,890 - INFO - {'symbol': 'SDPUSDT', 'price': '0.000134'}
2023-08-25 14:19:49,488 - INFO - {'symbol': 'SDPUSDT', 'price': '0.000134'}
2023-08-25 14:19:49,895 - INFO - {'symbol': 'SDPUSDT', 'price': '0.000134'}
2023-08-25 14:19:50,434 - INFO - {'symbol': 'SDPUSDT', 'price': '0.000134'}
2023-08-25 14:19:50,838 - INFO - {'symbol': 'SDPUSDT', 'price': '0.000134'}
2023-08-25 14:19:51,356 - INFO - {'symbol': 'SDPUSDT', 'price': '0.000134'}
2023-08-25 14:19:52,123 - INFO - {'symbol': 'SDPUSDT', 'price': '0.000134'}
2023-08-25 14:19:52,714 - INFO - {'symbol': 'SDPUSDT', 'price': '0.000134'}
2023-08-25 14:19:53,129 - INFO - {'symbol': 'SDPUSDT', 'price': '0.000134'}
2023-08-25 14:19:53,528 - INFO - {'symbol': 'SDPUSDT', 'price': '0.000134'}
2023-08-25 14:19:54,021 - INFO - {'symbol': 'SDPUSDT', 'price': '0.000134'}
2023-08-25 14:19:54,433 - INFO - {'symbol': 'SDPUSDT', 'price': '0.000134'}
2023-08-25 14:19:54,866 - INFO - {'symbol': 'SDPUSDT', 'price': '0.000134'}
2023-08-25 14:19:55,611 - INFO - {'symbol': 'SDPUSDT', 'price': '0.000134'}
2023-08-25 14:19:56,125 - INFO - {'symbol': 'SDPUSDT', 'price': '0.000134'}
2023-08-25 14:19:56,549 - INFO - {'symbol': 'SDPUSDT', 'price': '0.000134'}
2023-08-25 14:19:56,993 - INFO - {'symbol': 'SDPUSDT', 'price': '0.000134'}
2023-08-25 14:19:57,397 - INFO - {'symbol': 'SDPUSDT', 'price': '0.000134'}
2023-08-25 14:19:58,140 - INFO - {'symbol': 'SDPUSDT', 'price': '0.000134'}
2023-08-25 14:19:58,678 - INFO - {'symbol': 'SDPUSDT', 'price': '0.000134'}
2023-08-25 14:19:59,098 - INFO - {'symbol': 'SDPUSDT', 'price': '0.000134'}
2023-08-25 14:20:01,006 - INFO - {'symbol': 'SDPUSDT', 'price': '0.000134'}
2023-08-25 14:20:01,466 - INFO - {'symbol': 'SDPUSDT', 'price': '0.000134'}
2023-08-25 14:20:01,885 - INFO - {'symbol': 'SDPUSDT', 'price': '0.000134'}
2023-08-25 14:20:02,756 - INFO - {'symbol': 'SDPUSDT', 'price': '0.000134'}
2023-08-25 14:20:03,545 - INFO - {'symbol': 'SDPUSDT', 'price': '0.000134'}
2023-08-25 14:20:04,292 - INFO - {'symbol': 'SDPUSDT', 'price': '0.000134'}
2023-08-25 14:20:05,047 - INFO - {'symbol': 'SDPUSDT', 'price': '0.000134'}
2023-08-25 14:20:05,444 - INFO - {'symbol': 'SDPUSDT', 'price': '0.000134'}
2023-08-25 14:20:06,007 - INFO - {'symbol': 'SDPUSDT', 'price': '0.000134'}
2023-08-25 14:20:06,610 - INFO - {'symbol': 'SDPUSDT', 'price': '0.000134'}
2023-08-25 14:20:07,402 - INFO - {'symbol': 'SDPUSDT', 'price': '0.000133'}
2023-08-25 14:20:07,810 - INFO - {'symbol': 'SDPUSDT', 'price': '0.000133'}
2023-08-25 14:20:08,362 - INFO - {'symbol': 'SDPUSDT', 'price': '0.000133'}
2023-08-25 14:20:08,838 - INFO - {'symbol': 'SDPUSDT', 'price': '0.000133'}
2023-08-25 14:20:09,395 - INFO - {'symbol': 'SDPUSDT', 'price': '0.000133'}
2023-08-25 14:20:10,160 - INFO - {'symbol': 'SDPUSDT', 'price': '0.000133'}
2023-08-25 14:20:10,554 - INFO - {'symbol': 'SDPUSDT', 'price': '0.000133'}
2023-08-25 14:20:11,023 - INFO - {'symbol': 'SDPUSDT', 'price': '0.000133'}
2023-08-25 14:20:11,752 - INFO - {'symbol': 'SDPUSDT', 'price': '0.000133'}
2023-08-25 14:20:12,260 - INFO - {'symbol': 'SDPUSDT', 'price': '0.000133'}
2023-08-25 14:20:13,044 - INFO - {'symbol': 'SDPUSDT', 'price': '0.000133'}
2023-08-25 14:20:13,787 - INFO - {'symbol': 'SDPUSDT', 'price': '0.000133'}
2023-08-25 14:20:14,349 - INFO - {'symbol': 'SDPUSDT', 'price': '0.000133'}
2023-08-25 14:20:15,073 - INFO - {'symbol': 'SDPUSDT', 'price': '0.000133'}
2023-08-25 14:20:15,830 - INFO - {'symbol': 'SDPUSDT', 'price': '0.000133'}
2023-08-25 14:20:16,302 - INFO - {'symbol': 'SDPUSDT', 'price': '0.0001242'}
2023-08-25 14:20:16,917 - INFO - {'symbol': 'SDPUSDT', 'price': '0.000133'}
2023-08-25 14:20:17,330 - INFO - {'symbol': 'SDPUSDT', 'price': '0.000133'}
2023-08-25 14:20:17,729 - INFO - {'symbol': 'SDPUSDT', 'price': '0.0001242'}
2023-08-25 14:20:18,513 - INFO - {'symbol': 'SDPUSDT', 'price': '0.0001242'}
2023-08-25 14:20:19,270 - INFO - {'symbol': 'SDPUSDT', 'price': '0.0001242'}
2023-08-25 14:20:19,671 - INFO - {'symbol': 'SDPUSDT', 'price': '0.0001242'}
2023-08-25 14:20:20,071 - INFO - {'symbol': 'SDPUSDT', 'price': '0.0001242'}
2023-08-25 14:20:20,617 - INFO - {'symbol': 'SDPUSDT', 'price': '0.0001242'}
2023-08-25 14:20:21,066 - INFO - {'symbol': 'SDPUSDT', 'price': '0.0001242'}
2023-08-25 14:20:21,500 - INFO - {'symbol': 'SDPUSDT', 'price': '0.0001242'}
2023-08-25 14:20:22,305 - INFO - {'symbol': 'SDPUSDT', 'price': '0.0001242'}
2023-08-25 14:20:22,726 - INFO - {'symbol': 'SDPUSDT', 'price': '0.0001242'}
2023-08-25 14:20:23,234 - INFO - {'symbol': 'SDPUSDT', 'price': '0.0001242'}
2023-08-25 14:20:23,925 - INFO - {'symbol': 'SDPUSDT', 'price': '0.0001242'}
2023-08-25 14:20:24,473 - INFO - {'symbol': 'SDPUSDT', 'price': '0.0001242'}
2023-08-25 14:20:25,195 - INFO - {'symbol': 'SDPUSDT', 'price': '0.0001242'}
2023-08-25 14:20:25,897 - INFO - {'symbol': 'SDPUSDT', 'price': '0.0001242'}
2023-08-25 14:20:26,397 - INFO - {'symbol': 'SDPUSDT', 'price': '0.0001329'}
2023-08-25 14:20:26,803 - INFO - {'symbol': 'SDPUSDT', 'price': '0.0001329'}
2023-08-25 14:20:27,546 - INFO - {'symbol': 'SDPUSDT', 'price': '0.0001329'}
2023-08-25 14:20:28,037 - INFO - {'symbol': 'SDPUSDT', 'price': '0.0001329'}
2023-08-25 14:20:28,439 - INFO - {'symbol': 'SDPUSDT', 'price': '0.0001329'}
2023-08-25 14:20:29,067 - INFO - {'symbol': 'SDPUSDT', 'price': '0.0001329'}
2023-08-25 14:20:29,473 - INFO - {'symbol': 'SDPUSDT', 'price': '0.0001329'}
2023-08-25 14:20:30,054 - INFO - {'symbol': 'SDPUSDT', 'price': '0.0001329'}
2023-08-25 14:20:30,445 - INFO - {'symbol': 'SDPUSDT', 'price': '0.0001329'}
2023-08-25 14:20:30,996 - INFO - {'symbol': 'SDPUSDT', 'price': '0.0001329'}
2023-08-25 14:20:31,393 - INFO - {'symbol': 'SDPUSDT', 'price': '0.0001329'}
2023-08-25 14:20:31,925 - INFO - {'symbol': 'SDPUSDT', 'price': '0.0001329'}
2023-08-25 14:20:32,329 - INFO - {'symbol': 'SDPUSDT', 'price': '0.0001329'}
2023-08-25 14:20:32,753 - INFO - {'symbol': 'SDPUSDT', 'price': '0.0001329'}
2023-08-25 14:20:33,158 - INFO - {'symbol': 'SDPUSDT', 'price': '0.0001329'}
2023-08-25 14:20:33,665 - INFO - {'symbol': 'SDPUSDT', 'price': '0.0001329'}
2023-08-25 14:20:35,590 - INFO - {'symbol': 'SDPUSDT', 'price': '0.0001329'}
2023-08-25 14:20:35,984 - INFO - {'symbol': 'SDPUSDT', 'price': '0.0001329'}
2023-08-25 14:20:36,698 - INFO - {'symbol': 'SDPUSDT', 'price': '0.0001329'}
2023-08-25 14:20:37,187 - INFO - {'symbol': 'SDPUSDT', 'price': '0.0001329'}
2023-08-25 14:20:37,925 - INFO - {'symbol': 'SDPUSDT', 'price': '0.0001329'}
2023-08-25 14:20:38,314 - INFO - {'symbol': 'SDPUSDT', 'price': '0.0001329'}
2023-08-25 14:20:38,741 - INFO - {'symbol': 'SDPUSDT', 'price': '0.0001329'}
2023-08-25 14:20:39,245 - INFO - {'symbol': 'SDPUSDT', 'price': '0.0001329'}
2023-08-25 14:20:39,773 - INFO - {'symbol': 'SDPUSDT', 'price': '0.0001329'}
2023-08-25 14:20:40,478 - INFO - {'symbol': 'SDPUSDT', 'price': '0.0001329'}
2023-08-25 14:20:41,226 - INFO - {'symbol': 'SDPUSDT', 'price': '0.0001329'}
2023-08-25 14:20:41,897 - INFO - {'symbol': 'SDPUSDT', 'price': '0.0001329'}
2023-08-25 14:20:42,278 - INFO - {'symbol': 'SDPUSDT', 'price': '0.0001329'}
2023-08-25 14:20:42,982 - INFO - {'symbol': 'SDPUSDT', 'price': '0.0001329'}
2023-08-25 14:20:43,509 - INFO - {'symbol': 'SDPUSDT', 'price': '0.0001329'}
2023-08-25 14:20:43,906 - INFO - {'symbol': 'SDPUSDT', 'price': '0.0001329'}
2023-08-25 14:20:44,659 - INFO - {'symbol': 'SDPUSDT', 'price': '0.0001329'}
2023-08-25 14:20:45,346 - INFO - {'symbol': 'SDPUSDT', 'price': '0.0001329'}
2023-08-25 14:20:45,928 - INFO - {'symbol': 'SDPUSDT', 'price': '0.0001329'}
2023-08-25 14:20:46,594 - INFO - {'symbol': 'SDPUSDT', 'price': '0.0001329'}
2023-08-25 14:20:46,987 - INFO - {'symbol': 'SDPUSDT', 'price': '0.0001329'}
2023-08-25 14:20:47,558 - INFO - {'symbol': 'SDPUSDT', 'price': '0.0001329'}
2023-08-25 14:20:48,195 - INFO - {'symbol': 'SDPUSDT', 'price': '0.0001226'}
2023-08-25 14:20:48,593 - INFO - {'symbol': 'SDPUSDT', 'price': '0.0001226'}
2023-08-25 14:20:48,981 - INFO - {'symbol': 'SDPUSDT', 'price': '0.0001226'}
2023-08-25 14:20:49,655 - INFO - {'symbol': 'SDPUSDT', 'price': '0.0001226'}
2023-08-25 14:20:50,315 - INFO - {'symbol': 'SDPUSDT', 'price': '0.0001226'}
2023-08-25 14:20:50,773 - INFO - {'symbol': 'SDPUSDT', 'price': '0.0001226'}
2023-08-25 14:20:51,426 - INFO - {'symbol': 'SDPUSDT', 'price': '0.0001226'}
2023-08-25 14:20:51,967 - INFO - {'symbol': 'SDPUSDT', 'price': '0.00012'}
2023-08-25 14:20:52,627 - INFO - {'symbol': 'SDPUSDT', 'price': '0.000128'}
2023-08-25 14:20:53,052 - INFO - {'symbol': 'SDPUSDT', 'price': '0.000128'}
2023-08-25 14:20:53,610 - INFO - {'symbol': 'SDPUSDT', 'price': '0.000128'}
2023-08-25 14:20:53,994 - INFO - {'symbol': 'SDPUSDT', 'price': '0.000128'}
2023-08-25 14:20:54,687 - INFO - {'symbol': 'SDPUSDT', 'price': '0.000128'}
2023-08-25 14:20:55,399 - INFO - {'symbol': 'SDPUSDT', 'price': '0.000128'}
2023-08-25 14:20:56,073 - INFO - {'symbol': 'SDPUSDT', 'price': '0.000128'}
2023-08-25 14:20:56,473 - INFO - {'symbol': 'SDPUSDT', 'price': '0.000128'}
2023-08-25 14:20:57,148 - INFO - {'symbol': 'SDPUSDT', 'price': '0.000128'}
2023-08-25 14:20:57,537 - INFO - {'symbol': 'SDPUSDT', 'price': '0.000128'}
2023-08-25 14:20:58,203 - INFO - {'symbol': 'SDPUSDT', 'price': '0.000128'}
2023-08-25 14:20:58,658 - INFO - {'symbol': 'SDPUSDT', 'price': '0.000128'}
2023-08-25 14:20:59,335 - INFO - {'symbol': 'SDPUSDT', 'price': '0.000128'}
2023-08-25 14:21:00,012 - INFO - {'symbol': 'SDPUSDT', 'price': '0.000128'}
2023-08-25 14:21:00,730 - INFO - {'symbol': 'SDPUSDT', 'price': '0.000128'}
2023-08-25 14:21:01,430 - INFO - {'symbol': 'SDPUSDT', 'price': '0.000128'}
2023-08-25 14:21:01,786 - INFO - {'symbol': 'SDPUSDT', 'price': '0.000128'}
2023-08-25 14:21:02,185 - INFO - {'symbol': 'SDPUSDT', 'price': '0.000128'}
2023-08-25 14:21:02,674 - INFO - {'symbol': 'SDPUSDT', 'price': '0.000128'}
2023-08-25 14:21:03,206 - INFO - {'symbol': 'SDPUSDT', 'price': '0.000128'}
2023-08-25 14:21:03,899 - INFO - {'symbol': 'SDPUSDT', 'price': '0.000128'}
2023-08-25 14:21:04,342 - INFO - {'symbol': 'SDPUSDT', 'price': '0.000119'}
2023-08-25 14:21:04,811 - INFO - {'symbol': 'SDPUSDT', 'price': '0.000119'}
2023-08-25 14:21:05,253 - INFO - {'symbol': 'SDPUSDT', 'price': '0.000119'}
2023-08-25 14:21:05,661 - INFO - {'symbol': 'SDPUSDT', 'price': '0.000119'}
2023-08-25 14:21:06,057 - INFO - {'symbol': 'SDPUSDT', 'price': '0.0001183'}
2023-08-25 14:21:06,706 - INFO - {'symbol': 'SDPUSDT', 'price': '0.0001183'}
2023-08-25 14:21:07,371 - INFO - {'symbol': 'SDPUSDT', 'price': '0.0001183'}
2023-08-25 14:21:08,060 - INFO - {'symbol': 'SDPUSDT', 'price': '0.0001183'}
2023-08-25 14:21:08,752 - INFO - {'symbol': 'SDPUSDT', 'price': '0.0001183'}
2023-08-25 14:21:09,150 - INFO - {'symbol': 'SDPUSDT', 'price': '0.0001183'}
2023-08-25 14:21:09,588 - INFO - {'symbol': 'SDPUSDT', 'price': '0.00011'}
2023-08-25 14:21:10,321 - INFO - {'symbol': 'SDPUSDT', 'price': '0.00011'}
2023-08-25 14:21:10,963 - INFO - {'symbol': 'SDPUSDT', 'price': '0.00011'}
2023-08-25 14:21:11,358 - INFO - {'symbol': 'SDPUSDT', 'price': '0.000106'}
2023-08-25 14:21:12,063 - INFO - {'symbol': 'SDPUSDT', 'price': '0.000106'}
2023-08-25 14:21:12,829 - INFO - {'symbol': 'SDPUSDT', 'price': '0.000106'}
2023-08-25 14:21:13,230 - INFO - {'symbol': 'SDPUSDT', 'price': '0.000106'}
2023-08-25 14:21:13,969 - INFO - {'symbol': 'SDPUSDT', 'price': '0.000106'}
2023-08-25 14:21:14,389 - INFO - {'symbol': 'SDPUSDT', 'price': '0.000103'}
2023-08-25 14:21:15,037 - INFO - {'symbol': 'SDPUSDT', 'price': '0.000103'}
2023-08-25 14:21:15,524 - INFO - {'symbol': 'SDPUSDT', 'price': '0.000103'}
2023-08-25 14:21:16,106 - INFO - {'symbol': 'SDPUSDT', 'price': '0.000103'}
2023-08-25 14:21:16,575 - INFO - {'symbol': 'SDPUSDT', 'price': '0.000103'}
2023-08-25 14:21:17,321 - INFO - {'symbol': 'SDPUSDT', 'price': '0.000103'}
2023-08-25 14:21:17,988 - INFO - {'symbol': 'SDPUSDT', 'price': '0.000103'}
2023-08-25 14:21:18,470 - INFO - {'symbol': 'SDPUSDT', 'price': '0.000103'}
2023-08-25 14:21:19,162 - INFO - {'symbol': 'SDPUSDT', 'price': '0.000103'}
2023-08-25 14:21:19,585 - INFO - {'symbol': 'SDPUSDT', 'price': '0.000103'}
2023-08-25 14:21:20,189 - INFO - {'symbol': 'SDPUSDT', 'price': '0.000103'}
2023-08-25 14:21:20,774 - INFO - {'symbol': 'SDPUSDT', 'price': '0.000104'}
2023-08-25 14:21:21,435 - INFO - {'symbol': 'SDPUSDT', 'price': '0.000104'}
2023-08-25 14:21:21,835 - INFO - {'symbol': 'SDPUSDT', 'price': '0.000104'}
2023-08-25 14:21:22,540 - INFO - {'symbol': 'SDPUSDT', 'price': '0.000104'}
2023-08-25 14:21:23,217 - INFO - {'symbol': 'SDPUSDT', 'price': '0.000104'}
2023-08-25 14:21:23,689 - INFO - {'symbol': 'SDPUSDT', 'price': '0.000104'}
2023-08-25 14:21:24,366 - INFO - {'symbol': 'SDPUSDT', 'price': '0.000104'}
2023-08-25 14:21:24,806 - INFO - {'symbol': 'SDPUSDT', 'price': '0.000104'}
2023-08-25 14:21:25,250 - INFO - {'symbol': 'SDPUSDT', 'price': '0.000104'}
2023-08-25 14:21:25,638 - INFO - {'symbol': 'SDPUSDT', 'price': '0.000104'}
2023-08-25 14:21:26,041 - INFO - {'symbol': 'SDPUSDT', 'price': '0.000104'}
2023-08-25 14:21:26,546 - INFO - {'symbol': 'SDPUSDT', 'price': '0.000104'}
2023-08-25 14:21:27,244 - INFO - {'symbol': 'SDPUSDT', 'price': '0.000104'}
2023-08-25 14:21:27,634 - INFO - {'symbol': 'SDPUSDT', 'price': '0.000108'}
2023-08-25 14:21:28,151 - INFO - {'symbol': 'SDPUSDT', 'price': '0.000108'}
2023-08-25 14:21:28,564 - INFO - {'symbol': 'SDPUSDT', 'price': '0.000108'}
2023-08-25 14:21:28,979 - INFO - {'symbol': 'SDPUSDT', 'price': '0.000108'}
2023-08-25 14:21:29,706 - INFO - {'symbol': 'SDPUSDT', 'price': '0.000108'}
2023-08-25 14:21:30,154 - INFO - {'symbol': 'SDPUSDT', 'price': '0.000108'}
2023-08-25 14:21:30,828 - INFO - {'symbol': 'SDPUSDT', 'price': '0.000108'}
2023-08-25 14:21:31,552 - INFO - {'symbol': 'SDPUSDT', 'price': '0.000108'}
2023-08-25 14:21:31,951 - INFO - {'symbol': 'SDPUSDT', 'price': '0.000108'}
2023-08-25 14:21:32,365 - INFO - {'symbol': 'SDPUSDT', 'price': '0.000108'}
2023-08-25 14:21:32,750 - INFO - {'symbol': 'SDPUSDT', 'price': '0.000108'}
2023-08-25 14:21:33,473 - INFO - {'symbol': 'SDPUSDT', 'price': '0.000108'}
2023-08-25 14:21:33,964 - INFO - {'symbol': 'SDPUSDT', 'price': '0.000108'}
2023-08-25 14:21:34,652 - INFO - {'symbol': 'SDPUSDT', 'price': '0.000108'}
2023-08-25 14:21:35,101 - INFO - {'symbol': 'SDPUSDT', 'price': '0.000108'}
2023-08-25 14:21:35,586 - INFO - {'symbol': 'SDPUSDT', 'price': '0.000108'}
2023-08-25 14:21:36,256 - INFO - {'symbol': 'SDPUSDT', 'price': '0.000108'}
2023-08-25 14:21:36,648 - INFO - {'symbol': 'SDPUSDT', 'price': '0.000108'}
2023-08-25 14:21:37,036 - INFO - {'symbol': 'SDPUSDT', 'price': '0.000108'}
2023-08-25 14:21:37,417 - INFO - {'symbol': 'SDPUSDT', 'price': '0.000108'}
2023-08-25 14:21:37,816 - INFO - {'symbol': 'SDPUSDT', 'price': '0.000108'}
2023-08-25 14:21:38,228 - INFO - {'symbol': 'SDPUSDT', 'price': '0.000108'}
2023-08-25 14:21:38,623 - INFO - {'symbol': 'SDPUSDT', 'price': '0.000108'}
2023-08-25 14:21:39,028 - INFO - {'symbol': 'SDPUSDT', 'price': '0.0001043'}
2023-08-25 14:21:39,426 - INFO - {'symbol': 'SDPUSDT', 'price': '0.0001043'}
2023-08-25 14:21:39,824 - INFO - {'symbol': 'SDPUSDT', 'price': '0.0001043'}
2023-08-25 14:21:40,501 - INFO - {'symbol': 'SDPUSDT', 'price': '0.0001043'}
2023-08-25 14:21:41,194 - INFO - {'symbol': 'SDPUSDT', 'price': '0.0001043'}
2023-08-25 14:21:41,571 - INFO - {'symbol': 'SDPUSDT', 'price': '0.0001043'}
2023-08-25 14:21:42,277 - INFO - {'symbol': 'SDPUSDT', 'price': '0.0001043'}
2023-08-25 14:21:42,662 - INFO - {'symbol': 'SDPUSDT', 'price': '0.0001043'}
2023-08-25 14:21:43,064 - INFO - {'symbol': 'SDPUSDT', 'price': '0.0001043'}
2023-08-25 14:21:43,446 - INFO - {'symbol': 'SDPUSDT', 'price': '0.0001043'}
2023-08-25 14:21:43,834 - INFO - {'symbol': 'SDPUSDT', 'price': '0.0001043'}
2023-08-25 14:21:44,215 - INFO - {'symbol': 'SDPUSDT', 'price': '0.0001043'}
2023-08-25 14:21:44,605 - INFO - {'symbol': 'SDPUSDT', 'price': '0.0001043'}
2023-08-25 14:21:45,233 - INFO - {'symbol': 'SDPUSDT', 'price': '0.0001043'}
2023-08-25 14:21:45,617 - INFO - {'symbol': 'SDPUSDT', 'price': '0.0001043'}
2023-08-25 14:21:46,300 - INFO - {'symbol': 'SDPUSDT', 'price': '0.0001043'}
2023-08-25 14:21:46,991 - INFO - {'symbol': 'SDPUSDT', 'price': '0.0001055'}
2023-08-25 14:21:47,382 - INFO - {'symbol': 'SDPUSDT', 'price': '0.0001055'}
2023-08-25 14:21:48,110 - INFO - {'symbol': 'SDPUSDT', 'price': '0.000105'}
2023-08-25 14:21:48,530 - INFO - {'symbol': 'SDPUSDT', 'price': '0.000105'}
2023-08-25 14:21:49,059 - INFO - {'symbol': 'SDPUSDT', 'price': '0.000105'}
2023-08-25 14:21:49,769 - INFO - {'symbol': 'SDPUSDT', 'price': '0.000105'}
2023-08-25 14:21:50,232 - INFO - {'symbol': 'SDPUSDT', 'price': '0.000105'}
2023-08-25 14:21:50,634 - INFO - {'symbol': 'SDPUSDT', 'price': '0.000105'}
2023-08-25 14:21:51,030 - INFO - {'symbol': 'SDPUSDT', 'price': '0.0001081'}
2023-08-25 14:21:51,435 - INFO - {'symbol': 'SDPUSDT', 'price': '0.0001081'}
2023-08-25 14:21:52,038 - INFO - {'symbol': 'SDPUSDT', 'price': '0.0001081'}
2023-08-25 14:21:52,944 - INFO - {'symbol': 'SDPUSDT', 'price': '0.0001081'}
2023-08-25 14:21:53,350 - INFO - {'symbol': 'SDPUSDT', 'price': '0.0001081'}
2023-08-25 14:21:53,868 - INFO - {'symbol': 'SDPUSDT', 'price': '0.0001081'}
2023-08-25 14:21:54,254 - INFO - {'symbol': 'SDPUSDT', 'price': '0.0001081'}
2023-08-25 14:21:56,089 - INFO - {'symbol': 'SDPUSDT', 'price': '0.0001081'}
2023-08-25 14:21:56,822 - INFO - {'symbol': 'SDPUSDT', 'price': '0.0001081'}
2023-08-25 14:21:57,231 - INFO - {'symbol': 'SDPUSDT', 'price': '0.0001081'}
2023-08-25 14:21:57,778 - INFO - {'symbol': 'SDPUSDT', 'price': '0.0001081'}
2023-08-25 14:21:58,537 - INFO - {'symbol': 'SDPUSDT', 'price': '0.0001081'}
2023-08-25 14:21:58,983 - INFO - {'symbol': 'SDPUSDT', 'price': '0.0001081'}
2023-08-25 14:21:59,539 - INFO - {'symbol': 'SDPUSDT', 'price': '0.0001081'}
2023-08-25 14:22:00,136 - INFO - {'symbol': 'SDPUSDT', 'price': '0.0001081'}
2023-08-25 14:22:00,687 - INFO - {'symbol': 'SDPUSDT', 'price': '0.0001081'}
2023-08-25 14:22:01,081 - INFO - {'symbol': 'SDPUSDT', 'price': '0.0001081'}
2023-08-25 14:22:01,474 - INFO - {'symbol': 'SDPUSDT', 'price': '0.0001081'}
2023-08-25 14:22:01,865 - INFO - {'symbol': 'SDPUSDT', 'price': '0.0001081'}
2023-08-25 14:22:02,597 - INFO - {'symbol': 'SDPUSDT', 'price': '0.0001081'}
2023-08-25 14:22:03,252 - INFO - {'symbol': 'SDPUSDT', 'price': '0.0001081'}
2023-08-25 14:22:03,651 - INFO - {'symbol': 'SDPUSDT', 'price': '0.0001086'}
2023-08-25 14:22:04,214 - INFO - {'symbol': 'SDPUSDT', 'price': '0.0001086'}
2023-08-25 14:22:04,698 - INFO - {'symbol': 'SDPUSDT', 'price': '0.0001086'}
2023-08-25 14:22:05,315 - INFO - {'symbol': 'SDPUSDT', 'price': '0.0001086'}
2023-08-25 14:22:06,013 - INFO - {'symbol': 'SDPUSDT', 'price': '0.0001086'}
2023-08-25 14:22:06,439 - INFO - {'symbol': 'SDPUSDT', 'price': '0.0001086'}
2023-08-25 14:22:06,881 - INFO - {'symbol': 'SDPUSDT', 'price': '0.0001086'}
2023-08-25 14:22:07,299 - INFO - {'symbol': 'SDPUSDT', 'price': '0.0001086'}
2023-08-25 14:22:07,700 - INFO - {'symbol': 'SDPUSDT', 'price': '0.0001086'}
2023-08-25 14:22:08,129 - INFO - {'symbol': 'SDPUSDT', 'price': '0.0001086'}
2023-08-25 14:22:08,533 - INFO - {'symbol': 'SDPUSDT', 'price': '0.0001086'}
2023-08-25 14:22:08,992 - INFO - {'symbol': 'SDPUSDT', 'price': '0.0001086'}
2023-08-25 14:22:09,455 - INFO - {'symbol': 'SDPUSDT', 'price': '0.0001086'}
2023-08-25 14:22:10,052 - INFO - {'symbol': 'SDPUSDT', 'price': '0.0001086'}
2023-08-25 14:22:10,444 - INFO - {'symbol': 'SDPUSDT', 'price': '0.0001086'}
2023-08-25 14:22:10,866 - INFO - {'symbol': 'SDPUSDT', 'price': '0.000111'}
2023-08-25 14:22:11,711 - INFO - {'symbol': 'SDPUSDT', 'price': '0.000111'}
2023-08-25 14:22:12,110 - INFO - {'symbol': 'SDPUSDT', 'price': '0.000111'}
2023-08-25 14:22:12,518 - INFO - {'symbol': 'SDPUSDT', 'price': '0.000111'}
2023-08-25 14:22:13,028 - INFO - {'symbol': 'SDPUSDT', 'price': '0.000111'}
2023-08-25 14:22:13,719 - INFO - {'symbol': 'SDPUSDT', 'price': '0.000111'}
2023-08-25 14:22:14,359 - INFO - {'symbol': 'SDPUSDT', 'price': '0.000111'}
2023-08-25 14:22:14,744 - INFO - {'symbol': 'SDPUSDT', 'price': '0.000111'}
2023-08-25 14:22:15,138 - INFO - {'symbol': 'SDPUSDT', 'price': '0.000111'}
2023-08-25 14:22:15,744 - INFO - {'symbol': 'SDPUSDT', 'price': '0.000111'}
2023-08-25 14:22:16,149 - INFO - {'symbol': 'SDPUSDT', 'price': '0.000111'}
2023-08-25 14:22:16,854 - INFO - {'symbol': 'SDPUSDT', 'price': '0.000111'}
2023-08-25 14:22:17,302 - INFO - {'symbol': 'SDPUSDT', 'price': '0.000111'}
2023-08-25 14:22:17,708 - INFO - {'symbol': 'SDPUSDT', 'price': '0.000111'}
2023-08-25 14:22:18,345 - INFO - {'symbol': 'SDPUSDT', 'price': '0.000111'}
2023-08-25 14:22:18,761 - INFO - {'symbol': 'SDPUSDT', 'price': '0.000111'}
2023-08-25 14:22:19,165 - INFO - {'symbol': 'SDPUSDT', 'price': '0.000111'}
2023-08-25 14:22:19,705 - INFO - {'symbol': 'SDPUSDT', 'price': '0.000111'}
2023-08-25 14:22:20,151 - INFO - {'symbol': 'SDPUSDT', 'price': '0.000111'}
2023-08-25 14:22:20,826 - INFO - {'symbol': 'SDPUSDT', 'price': '0.000111'}
2023-08-25 14:22:21,321 - INFO - {'symbol': 'SDPUSDT', 'price': '0.00011'}
2023-08-25 14:22:21,772 - INFO - {'symbol': 'SDPUSDT', 'price': '0.00011'}
2023-08-25 14:22:22,182 - INFO - {'symbol': 'SDPUSDT', 'price': '0.00011'}
2023-08-25 14:22:22,567 - INFO - {'symbol': 'SDPUSDT', 'price': '0.00011'}
2023-08-25 14:22:23,009 - INFO - {'symbol': 'SDPUSDT', 'price': '0.00011'}
2023-08-25 14:22:23,539 - INFO - {'symbol': 'SDPUSDT', 'price': '0.00011'}
2023-08-25 14:22:23,997 - INFO - {'symbol': 'SDPUSDT', 'price': '0.00011'}
2023-08-25 14:22:24,399 - INFO - {'symbol': 'SDPUSDT', 'price': '0.00011'}
2023-08-25 14:22:24,997 - INFO - {'symbol': 'SDPUSDT', 'price': '0.00011'}
2023-08-25 14:22:25,593 - INFO - {'symbol': 'SDPUSDT', 'price': '0.00011'}
2023-08-25 14:22:25,984 - INFO - {'symbol': 'SDPUSDT', 'price': '0.00011'}
2023-08-25 14:22:26,428 - INFO - {'symbol': 'SDPUSDT', 'price': '0.00011'}
2023-08-25 14:22:27,076 - INFO - {'symbol': 'SDPUSDT', 'price': '0.000112'}
2023-08-25 14:22:27,599 - INFO - {'symbol': 'SDPUSDT', 'price': '0.000112'}
2023-08-25 14:22:28,103 - INFO - {'symbol': 'SDPUSDT', 'price': '0.000112'}
2023-08-25 14:22:28,539 - INFO - {'symbol': 'SDPUSDT', 'price': '0.000112'}
2023-08-25 14:22:28,934 - INFO - {'symbol': 'SDPUSDT', 'price': '0.000112'}
2023-08-25 14:22:29,316 - INFO - {'symbol': 'SDPUSDT', 'price': '0.000112'}
2023-08-25 14:22:29,713 - INFO - {'symbol': 'SDPUSDT', 'price': '0.000112'}
2023-08-25 14:22:30,115 - INFO - {'symbol': 'SDPUSDT', 'price': '0.000112'}
2023-08-25 14:22:30,523 - INFO - {'symbol': 'SDPUSDT', 'price': '0.000112'}
2023-08-25 14:22:31,155 - INFO - {'symbol': 'SDPUSDT', 'price': '0.000112'}
2023-08-25 14:22:31,734 - INFO - {'symbol': 'SDPUSDT', 'price': '0.000112'}
2023-08-25 14:22:32,161 - INFO - {'symbol': 'SDPUSDT', 'price': '0.000112'}
2023-08-25 14:22:32,683 - INFO - {'symbol': 'SDPUSDT', 'price': '0.000112'}
2023-08-25 14:22:33,244 - INFO - {'symbol': 'SDPUSDT', 'price': '0.000112'}
2023-08-25 14:22:33,687 - INFO - {'symbol': 'SDPUSDT', 'price': '0.000112'}
2023-08-25 14:22:34,210 - INFO - {'symbol': 'SDPUSDT', 'price': '0.000112'}
2023-08-25 14:22:34,739 - INFO - {'symbol': 'SDPUSDT', 'price': '0.000112'}
2023-08-25 14:22:35,155 - INFO - {'symbol': 'SDPUSDT', 'price': '0.000112'}
2023-08-25 14:22:35,554 - INFO - {'symbol': 'SDPUSDT', 'price': '0.000112'}
2023-08-25 14:22:35,940 - INFO - {'symbol': 'SDPUSDT', 'price': '0.000112'}
2023-08-25 14:22:36,474 - INFO - {'symbol': 'SDPUSDT', 'price': '0.000112'}
2023-08-25 14:22:37,016 - INFO - {'symbol': 'SDPUSDT', 'price': '0.000112'}
2023-08-25 14:22:37,422 - INFO - {'symbol': 'SDPUSDT', 'price': '0.000112'}
2023-08-25 14:22:38,129 - INFO - {'symbol': 'SDPUSDT', 'price': '0.000112'}
2023-08-25 14:22:38,586 - INFO - {'symbol': 'SDPUSDT', 'price': '0.000112'}
2023-08-25 14:22:39,002 - INFO - {'symbol': 'SDPUSDT', 'price': '0.000112'}
2023-08-25 14:22:39,398 - INFO - {'symbol': 'SDPUSDT', 'price': '0.000112'}
2023-08-25 14:22:39,808 - INFO - {'symbol': 'SDPUSDT', 'price': '0.000112'}
2023-08-25 14:22:40,199 - INFO - {'symbol': 'SDPUSDT', 'price': '0.000112'}
2023-08-25 14:22:40,593 - INFO - {'symbol': 'SDPUSDT', 'price': '0.000112'}
2023-08-25 14:22:40,980 - INFO - {'symbol': 'SDPUSDT', 'price': '0.000112'}
2023-08-25 14:22:41,388 - INFO - {'symbol': 'SDPUSDT', 'price': '0.000112'}
2023-08-25 14:22:41,827 - INFO - {'symbol': 'SDPUSDT', 'price': '0.000112'}
2023-08-25 14:22:42,259 - INFO - {'symbol': 'SDPUSDT', 'price': '0.000112'}
2023-08-25 14:22:42,651 - INFO - {'symbol': 'SDPUSDT', 'price': '0.000112'}
2023-08-25 14:22:43,049 - INFO - {'symbol': 'SDPUSDT', 'price': '0.000112'}
2023-08-25 14:22:43,438 - INFO - {'symbol': 'SDPUSDT', 'price': '0.000112'}
2023-08-25 14:22:43,853 - INFO - {'symbol': 'SDPUSDT', 'price': '0.000112'}
2023-08-25 14:22:44,359 - INFO - {'symbol': 'SDPUSDT', 'price': '0.000112'}
2023-08-25 14:22:44,756 - INFO - {'symbol': 'SDPUSDT', 'price': '0.000112'}
2023-08-25 14:22:45,152 - INFO - {'symbol': 'SDPUSDT', 'price': '0.000112'}
2023-08-25 14:22:45,555 - INFO - {'symbol': 'SDPUSDT', 'price': '0.000114'}
2023-08-25 14:22:45,950 - INFO - {'symbol': 'SDPUSDT', 'price': '0.000114'}
2023-08-25 14:22:46,492 - INFO - {'symbol': 'SDPUSDT', 'price': '0.000114'}
2023-08-25 14:22:47,007 - INFO - {'symbol': 'SDPUSDT', 'price': '0.000114'}
2023-08-25 14:22:47,490 - INFO - {'symbol': 'SDPUSDT', 'price': '0.000114'}
2023-08-25 14:22:47,895 - INFO - {'symbol': 'SDPUSDT', 'price': '0.000114'}
2023-08-25 14:22:48,288 - INFO - {'symbol': 'SDPUSDT', 'price': '0.000114'}
2023-08-25 14:22:48,748 - INFO - {'symbol': 'SDPUSDT', 'price': '0.000114'}
2023-08-25 14:22:49,276 - INFO - {'symbol': 'SDPUSDT', 'price': '0.000115'}
2023-08-25 14:22:49,685 - INFO - {'symbol': 'SDPUSDT', 'price': '0.000115'}
2023-08-25 14:22:50,101 - INFO - {'symbol': 'SDPUSDT', 'price': '0.000115'}
2023-08-25 14:22:50,662 - INFO - {'symbol': 'SDPUSDT', 'price': '0.000115'}
2023-08-25 14:22:51,066 - INFO - {'symbol': 'SDPUSDT', 'price': '0.000115'}
2023-08-25 14:22:51,456 - INFO - {'symbol': 'SDPUSDT', 'price': '0.000115'}
2023-08-25 14:22:51,854 - INFO - {'symbol': 'SDPUSDT', 'price': '0.000115'}
2023-08-25 14:22:52,246 - INFO - {'symbol': 'SDPUSDT', 'price': '0.000112'}
2023-08-25 14:22:52,642 - INFO - {'symbol': 'SDPUSDT', 'price': '0.000112'}
2023-08-25 14:22:53,050 - INFO - {'symbol': 'SDPUSDT', 'price': '0.000112'}
2023-08-25 14:22:53,446 - INFO - {'symbol': 'SDPUSDT', 'price': '0.000112'}
2023-08-25 14:22:53,848 - INFO - {'symbol': 'SDPUSDT', 'price': '0.000112'}
2023-08-25 14:22:54,294 - INFO - {'symbol': 'SDPUSDT', 'price': '0.000112'}
2023-08-25 14:22:54,683 - INFO - {'symbol': 'SDPUSDT', 'price': '0.000112'}
2023-08-25 14:22:55,072 - INFO - {'symbol': 'SDPUSDT', 'price': '0.000112'}
2023-08-25 14:22:55,464 - INFO - {'symbol': 'SDPUSDT', 'price': '0.000112'}
2023-08-25 14:22:55,871 - INFO - {'symbol': 'SDPUSDT', 'price': '0.000112'}
2023-08-25 14:22:56,469 - INFO - {'symbol': 'SDPUSDT', 'price': '0.000112'}
2023-08-25 14:22:56,874 - INFO - {'symbol': 'SDPUSDT', 'price': '0.000112'}
2023-08-25 14:22:57,276 - INFO - {'symbol': 'SDPUSDT', 'price': '0.000112'}
2023-08-25 14:22:57,678 - INFO - {'symbol': 'SDPUSDT', 'price': '0.000112'}
2023-08-25 14:22:58,073 - INFO - {'symbol': 'SDPUSDT', 'price': '0.000112'}
2023-08-25 14:22:58,480 - INFO - {'symbol': 'SDPUSDT', 'price': '0.000112'}
2023-08-25 14:22:58,881 - INFO - {'symbol': 'SDPUSDT', 'price': '0.000112'}
2023-08-25 14:22:59,288 - INFO - {'symbol': 'SDPUSDT', 'price': '0.000112'}
2023-08-25 14:22:59,691 - INFO - {'symbol': 'SDPUSDT', 'price': '0.000112'}
2023-08-25 14:23:00,088 - INFO - {'symbol': 'SDPUSDT', 'price': '0.000112'}
2023-08-25 14:23:00,490 - INFO - {'symbol': 'SDPUSDT', 'price': '0.000112'}
2023-08-25 14:23:00,911 - INFO - {'symbol': 'SDPUSDT', 'price': '0.000112'}
2023-08-25 14:23:01,309 - INFO - {'symbol': 'SDPUSDT', 'price': '0.000117'}
2023-08-25 14:23:01,797 - INFO - {'symbol': 'SDPUSDT', 'price': '0.000117'}
2023-08-25 14:23:02,196 - INFO - {'symbol': 'SDPUSDT', 'price': '0.000118'}
2023-08-25 14:23:02,594 - INFO - {'symbol': 'SDPUSDT', 'price': '0.000117'}
2023-08-25 14:23:02,989 - INFO - {'symbol': 'SDPUSDT', 'price': '0.000118'}
2023-08-25 14:23:03,412 - INFO - {'symbol': 'SDPUSDT', 'price': '0.000118'}
2023-08-25 14:23:03,811 - INFO - {'symbol': 'SDPUSDT', 'price': '0.000118'}
2023-08-25 14:23:04,199 - INFO - {'symbol': 'SDPUSDT', 'price': '0.000118'}
2023-08-25 14:23:04,590 - INFO - {'symbol': 'SDPUSDT', 'price': '0.000118'}
2023-08-25 14:23:05,012 - INFO - {'symbol': 'SDPUSDT', 'price': '0.000118'}
2023-08-25 14:23:05,429 - INFO - {'symbol': 'SDPUSDT', 'price': '0.000118'}
2023-08-25 14:23:05,811 - INFO - {'symbol': 'SDPUSDT', 'price': '0.000118'}
2023-08-25 14:23:06,224 - INFO - {'symbol': 'SDPUSDT', 'price': '0.000118'}
2023-08-25 14:23:06,628 - INFO - {'symbol': 'SDPUSDT', 'price': '0.000118'}
2023-08-25 14:23:07,018 - INFO - {'symbol': 'SDPUSDT', 'price': '0.000118'}
2023-08-25 14:23:07,401 - INFO - {'symbol': 'SDPUSDT', 'price': '0.000118'}
2023-08-25 14:23:07,871 - INFO - {'symbol': 'SDPUSDT', 'price': '0.000118'}
2023-08-25 14:23:08,272 - INFO - {'symbol': 'SDPUSDT', 'price': '0.000118'}
2023-08-25 14:23:08,662 - INFO - {'symbol': 'SDPUSDT', 'price': '0.000118'}
2023-08-25 14:23:09,060 - INFO - {'symbol': 'SDPUSDT', 'price': '0.000118'}
2023-08-25 14:23:09,452 - INFO - {'symbol': 'SDPUSDT', 'price': '0.000118'}
2023-08-25 14:23:09,910 - INFO - {'symbol': 'SDPUSDT', 'price': '0.000118'}
2023-08-25 14:23:10,311 - INFO - {'symbol': 'SDPUSDT', 'price': '0.000118'}
2023-08-25 14:23:10,702 - INFO - {'symbol': 'SDPUSDT', 'price': '0.000118'}
2023-08-25 14:23:11,124 - INFO - {'symbol': 'SDPUSDT', 'price': '0.000118'}
2023-08-25 14:23:11,576 - INFO - {'symbol': 'SDPUSDT', 'price': '0.000118'}
2023-08-25 14:23:11,977 - INFO - {'symbol': 'SDPUSDT', 'price': '0.000118'}
2023-08-25 14:23:12,368 - INFO - {'symbol': 'SDPUSDT', 'price': '0.000118'}
2023-08-25 14:23:12,755 - INFO - {'symbol': 'SDPUSDT', 'price': '0.000118'}
2023-08-25 14:23:13,194 - INFO - {'symbol': 'SDPUSDT', 'price': '0.000118'}
2023-08-25 14:23:13,586 - INFO - {'symbol': 'SDPUSDT', 'price': '0.000118'}
2023-08-25 14:23:13,974 - INFO - {'symbol': 'SDPUSDT', 'price': '0.0001125'}
2023-08-25 14:23:14,363 - INFO - {'symbol': 'SDPUSDT', 'price': '0.0001125'}
2023-08-25 14:23:14,797 - INFO - {'symbol': 'SDPUSDT', 'price': '0.0001125'}
2023-08-25 14:23:15,198 - INFO - {'symbol': 'SDPUSDT', 'price': '0.0001125'}
2023-08-25 14:23:15,591 - INFO - {'symbol': 'SDPUSDT', 'price': '0.0001086'}
2023-08-25 14:23:15,998 - INFO - {'symbol': 'SDPUSDT', 'price': '0.0001125'}
2023-08-25 14:23:16,368 - INFO - {'symbol': 'SDPUSDT', 'price': '0.0001086'}
2023-08-25 14:23:16,772 - INFO - {'symbol': 'SDPUSDT', 'price': '0.0001086'}
2023-08-25 14:23:17,283 - INFO - {'symbol': 'SDPUSDT', 'price': '0.0001086'}
2023-08-25 14:23:17,677 - INFO - {'symbol': 'SDPUSDT', 'price': '0.0001086'}
2023-08-25 14:23:18,070 - INFO - {'symbol': 'SDPUSDT', 'price': '0.0001086'}
2023-08-25 14:23:18,457 - INFO - {'symbol': 'SDPUSDT', 'price': '0.0001086'}
2023-08-25 14:23:18,858 - INFO - {'symbol': 'SDPUSDT', 'price': '0.0001086'}
2023-08-25 14:23:19,343 - INFO - {'symbol': 'SDPUSDT', 'price': '0.0001086'}
2023-08-25 14:23:19,780 - INFO - {'symbol': 'SDPUSDT', 'price': '0.0001086'}
2023-08-25 14:23:20,194 - INFO - {'symbol': 'SDPUSDT', 'price': '0.0001086'}
2023-08-25 14:23:20,588 - INFO - {'symbol': 'SDPUSDT', 'price': '0.0001086'}
2023-08-25 14:23:20,975 - INFO - {'symbol': 'SDPUSDT', 'price': '0.0001086'}
2023-08-25 14:23:21,386 - INFO - {'symbol': 'SDPUSDT', 'price': '0.0001086'}
2023-08-25 14:23:21,789 - INFO - {'symbol': 'SDPUSDT', 'price': '0.0001086'}
2023-08-25 14:23:22,174 - INFO - {'symbol': 'SDPUSDT', 'price': '0.0001086'}
2023-08-25 14:23:22,663 - INFO - {'symbol': 'SDPUSDT', 'price': '0.0001086'}
2023-08-25 14:23:23,045 - INFO - {'symbol': 'SDPUSDT', 'price': '0.0001086'}
2023-08-25 14:23:23,442 - INFO - {'symbol': 'SDPUSDT', 'price': '0.0001086'}
2023-08-25 14:23:23,848 - INFO - {'symbol': 'SDPUSDT', 'price': '0.0001086'}
2023-08-25 14:23:24,244 - INFO - {'symbol': 'SDPUSDT', 'price': '0.0001086'}
2023-08-25 14:23:24,640 - INFO - {'symbol': 'SDPUSDT', 'price': '0.0001086'}
2023-08-25 14:23:25,030 - INFO - {'symbol': 'SDPUSDT', 'price': '0.0001086'}
2023-08-25 14:23:25,434 - INFO - {'symbol': 'SDPUSDT', 'price': '0.0001086'}
2023-08-25 14:23:25,847 - INFO - {'symbol': 'SDPUSDT', 'price': '0.0001086'}
2023-08-25 14:23:26,235 - INFO - {'symbol': 'SDPUSDT', 'price': '0.0001086'}
2023-08-25 14:23:26,627 - INFO - {'symbol': 'SDPUSDT', 'price': '0.0001086'}
2023-08-25 14:23:27,026 - INFO - {'symbol': 'SDPUSDT', 'price': '0.0001086'}
2023-08-25 14:23:27,419 - INFO - {'symbol': 'SDPUSDT', 'price': '0.000109'}
2023-08-25 14:23:27,813 - INFO - {'symbol': 'SDPUSDT', 'price': '0.0001086'}
2023-08-25 14:23:28,217 - INFO - {'symbol': 'SDPUSDT', 'price': '0.000109'}
2023-08-25 14:23:28,613 - INFO - {'symbol': 'SDPUSDT', 'price': '0.000109'}
2023-08-25 14:23:29,007 - INFO - {'symbol': 'SDPUSDT', 'price': '0.000109'}
2023-08-25 14:23:29,430 - INFO - {'symbol': 'SDPUSDT', 'price': '0.000109'}
2023-08-25 14:23:29,820 - INFO - {'symbol': 'SDPUSDT', 'price': '0.000109'}
2023-08-25 14:23:30,236 - INFO - {'symbol': 'SDPUSDT', 'price': '0.000109'}
2023-08-25 14:23:30,634 - INFO - {'symbol': 'SDPUSDT', 'price': '0.000109'}
2023-08-25 14:23:31,022 - INFO - {'symbol': 'SDPUSDT', 'price': '0.000109'}
2023-08-25 14:23:31,434 - INFO - {'symbol': 'SDPUSDT', 'price': '0.000109'}
2023-08-25 14:23:31,817 - INFO - {'symbol': 'SDPUSDT', 'price': '0.000109'}
2023-08-25 14:23:32,204 - INFO - {'symbol': 'SDPUSDT', 'price': '0.000109'}
2023-08-25 14:23:32,641 - INFO - {'symbol': 'SDPUSDT', 'price': '0.000109'}
2023-08-25 14:23:33,028 - INFO - {'symbol': 'SDPUSDT', 'price': '0.000109'}
2023-08-25 14:23:33,414 - INFO - {'symbol': 'SDPUSDT', 'price': '0.000109'}
2023-08-25 14:23:33,818 - INFO - {'symbol': 'SDPUSDT', 'price': '0.000109'}
2023-08-25 14:23:34,200 - INFO - {'symbol': 'SDPUSDT', 'price': '0.00011'}
2023-08-25 14:23:34,595 - INFO - {'symbol': 'SDPUSDT', 'price': '0.000109'}
2023-08-25 14:23:34,996 - INFO - {'symbol': 'SDPUSDT', 'price': '0.00011'}
2023-08-25 14:23:35,409 - INFO - {'symbol': 'SDPUSDT', 'price': '0.00011'}
2023-08-25 14:23:35,807 - INFO - {'symbol': 'SDPUSDT', 'price': '0.00011'}
2023-08-25 14:23:36,210 - INFO - {'symbol': 'SDPUSDT', 'price': '0.00011'}
2023-08-25 14:23:36,602 - INFO - {'symbol': 'SDPUSDT', 'price': '0.00011'}
2023-08-25 14:23:36,985 - INFO - {'symbol': 'SDPUSDT', 'price': '0.00011'}
2023-08-25 14:23:37,377 - INFO - {'symbol': 'SDPUSDT', 'price': '0.00011'}
2023-08-25 14:23:37,765 - INFO - {'symbol': 'SDPUSDT', 'price': '0.00011'}
2023-08-25 14:23:38,172 - INFO - {'symbol': 'SDPUSDT', 'price': '0.00011'}
2023-08-25 14:23:38,575 - INFO - {'symbol': 'SDPUSDT', 'price': '0.00011'}
2023-08-25 14:23:38,974 - INFO - {'symbol': 'SDPUSDT', 'price': '0.00011'}
2023-08-25 14:23:39,375 - INFO - {'symbol': 'SDPUSDT', 'price': '0.00011'}
2023-08-25 14:23:39,792 - INFO - {'symbol': 'SDPUSDT', 'price': '0.00011'}
2023-08-25 14:23:40,195 - INFO - {'symbol': 'SDPUSDT', 'price': '0.00011'}
2023-08-25 14:23:40,592 - INFO - {'symbol': 'SDPUSDT', 'price': '0.00011'}
2023-08-25 14:23:40,992 - INFO - {'symbol': 'SDPUSDT', 'price': '0.00011'}
2023-08-25 14:23:41,417 - INFO - {'symbol': 'SDPUSDT', 'price': '0.00011'}
2023-08-25 14:23:41,864 - INFO - {'symbol': 'SDPUSDT', 'price': '0.00011'}
2023-08-25 14:23:42,263 - INFO - {'symbol': 'SDPUSDT', 'price': '0.00011'}
2023-08-25 14:23:42,656 - INFO - {'symbol': 'SDPUSDT', 'price': '0.000105'}
2023-08-25 14:23:43,052 - INFO - {'symbol': 'SDPUSDT', 'price': '0.00011'}
2023-08-25 14:23:43,452 - INFO - {'symbol': 'SDPUSDT', 'price': '0.000105'}
2023-08-25 14:23:43,834 - INFO - {'symbol': 'SDPUSDT', 'price': '0.000105'}
2023-08-25 14:23:44,227 - INFO - {'symbol': 'SDPUSDT', 'price': '0.000105'}
2023-08-25 14:23:44,606 - INFO - {'symbol': 'SDPUSDT', 'price': '0.000105'}
2023-08-25 14:23:45,008 - INFO - {'symbol': 'SDPUSDT', 'price': '0.000105'}
2023-08-25 14:23:45,413 - INFO - {'symbol': 'SDPUSDT', 'price': '0.000105'}
2023-08-25 14:23:45,809 - INFO - {'symbol': 'SDPUSDT', 'price': '0.000105'}
2023-08-25 14:23:46,213 - INFO - {'symbol': 'SDPUSDT', 'price': '0.000105'}
2023-08-25 14:23:46,577 - INFO - {'symbol': 'SDPUSDT', 'price': '0.000105'}
2023-08-25 14:23:46,972 - INFO - {'symbol': 'SDPUSDT', 'price': '0.000105'}
2023-08-25 14:23:47,377 - INFO - {'symbol': 'SDPUSDT', 'price': '0.000105'}
2023-08-25 14:23:47,780 - INFO - {'symbol': 'SDPUSDT', 'price': '0.000105'}
2023-08-25 14:23:48,240 - INFO - {'symbol': 'SDPUSDT', 'price': '0.000105'}
2023-08-25 14:23:48,630 - INFO - {'symbol': 'SDPUSDT', 'price': '0.000105'}
2023-08-25 14:23:49,035 - INFO - {'symbol': 'SDPUSDT', 'price': '0.000105'}
2023-08-25 14:23:49,431 - INFO - {'symbol': 'SDPUSDT', 'price': '0.000105'}
2023-08-25 14:23:49,834 - INFO - {'symbol': 'SDPUSDT', 'price': '0.000105'}
2023-08-25 14:23:50,248 - INFO - {'symbol': 'SDPUSDT', 'price': '0.00012'}
2023-08-25 14:23:50,667 - INFO - {'symbol': 'SDPUSDT', 'price': '0.00012'}
2023-08-25 14:23:51,080 - INFO - {'symbol': 'SDPUSDT', 'price': '0.00012'}
2023-08-25 14:23:51,472 - INFO - {'symbol': 'SDPUSDT', 'price': '0.00012'}
2023-08-25 14:23:51,881 - INFO - {'symbol': 'SDPUSDT', 'price': '0.00012'}
2023-08-25 14:23:52,281 - INFO - {'symbol': 'SDPUSDT', 'price': '0.00012'}
2023-08-25 14:23:52,678 - INFO - {'symbol': 'SDPUSDT', 'price': '0.00012'}
2023-08-25 14:23:53,077 - INFO - {'symbol': 'SDPUSDT', 'price': '0.00012'}
2023-08-25 14:23:53,496 - INFO - {'symbol': 'SDPUSDT', 'price': '0.00012'}
2023-08-25 14:23:53,906 - INFO - {'symbol': 'SDPUSDT', 'price': '0.000103'}
2023-08-25 14:23:54,260 - INFO - {'symbol': 'SDPUSDT', 'price': '0.000103'}
2023-08-25 14:23:54,700 - INFO - {'symbol': 'SDPUSDT', 'price': '0.000103'}
2023-08-25 14:23:55,097 - INFO - {'symbol': 'SDPUSDT', 'price': '0.000103'}
2023-08-25 14:23:55,510 - INFO - {'symbol': 'SDPUSDT', 'price': '0.000103'}
2023-08-25 14:23:55,929 - INFO - {'symbol': 'SDPUSDT', 'price': '0.000103'}
2023-08-25 14:23:56,333 - INFO - {'symbol': 'SDPUSDT', 'price': '0.000103'}
2023-08-25 14:23:56,734 - INFO - {'symbol': 'SDPUSDT', 'price': '0.000103'}
2023-08-25 14:23:57,125 - INFO - {'symbol': 'SDPUSDT', 'price': '0.000103'}
2023-08-25 14:23:57,521 - INFO - {'symbol': 'SDPUSDT', 'price': '0.000103'}
2023-08-25 14:23:57,906 - INFO - {'symbol': 'SDPUSDT', 'price': '0.000103'}
2023-08-25 14:23:58,303 - INFO - {'symbol': 'SDPUSDT', 'price': '0.000105'}
2023-08-25 14:23:58,699 - INFO - {'symbol': 'SDPUSDT', 'price': '0.000105'}
2023-08-25 14:23:59,110 - INFO - {'symbol': 'SDPUSDT', 'price': '0.000105'}
2023-08-25 14:23:59,518 - INFO - {'symbol': 'SDPUSDT', 'price': '0.000105'}
2023-08-25 14:23:59,910 - INFO - {'symbol': 'SDPUSDT', 'price': '0.000105'}
2023-08-25 14:24:00,308 - INFO - {'symbol': 'SDPUSDT', 'price': '0.000105'}
2023-08-25 14:24:00,700 - INFO - {'symbol': 'SDPUSDT', 'price': '0.000105'}
2023-08-25 14:24:01,150 - INFO - {'symbol': 'SDPUSDT', 'price': '0.000105'}
2023-08-25 14:24:01,553 - INFO - {'symbol': 'SDPUSDT', 'price': '0.000105'}
2023-08-25 14:24:01,955 - INFO - {'symbol': 'SDPUSDT', 'price': '0.000105'}
2023-08-25 14:24:02,372 - INFO - {'symbol': 'SDPUSDT', 'price': '0.000105'}
2023-08-25 14:24:02,813 - INFO - {'symbol': 'SDPUSDT', 'price': '0.000105'}
2023-08-25 14:24:03,211 - INFO - {'symbol': 'SDPUSDT', 'price': '0.000105'}
2023-08-25 14:24:03,600 - INFO - {'symbol': 'SDPUSDT', 'price': '0.000105'}
2023-08-25 14:24:04,011 - INFO - {'symbol': 'SDPUSDT', 'price': '0.000105'}
2023-08-25 14:24:04,408 - INFO - {'symbol': 'SDPUSDT', 'price': '0.000105'}
2023-08-25 14:24:04,803 - INFO - {'symbol': 'SDPUSDT', 'price': '0.000105'}
2023-08-25 14:24:05,189 - INFO - {'symbol': 'SDPUSDT', 'price': '0.000105'}
2023-08-25 14:24:05,580 - INFO - {'symbol': 'SDPUSDT', 'price': '0.000105'}
2023-08-25 14:24:05,947 - INFO - {'symbol': 'SDPUSDT', 'price': '0.000109'}
2023-08-25 14:24:06,349 - INFO - {'symbol': 'SDPUSDT', 'price': '0.000109'}
2023-08-25 14:24:06,732 - INFO - {'symbol': 'SDPUSDT', 'price': '0.000109'}
2023-08-25 14:24:07,136 - INFO - {'symbol': 'SDPUSDT', 'price': '0.000109'}
2023-08-25 14:24:07,529 - INFO - {'symbol': 'SDPUSDT', 'price': '0.000109'}
2023-08-25 14:24:07,926 - INFO - {'symbol': 'SDPUSDT', 'price': '0.000104'}
2023-08-25 14:24:08,321 - INFO - {'symbol': 'SDPUSDT', 'price': '0.000104'}
2023-08-25 14:24:08,708 - INFO - {'symbol': 'SDPUSDT', 'price': '0.000104'}
2023-08-25 14:24:09,117 - INFO - {'symbol': 'SDPUSDT', 'price': '0.000104'}
2023-08-25 14:24:09,523 - INFO - {'symbol': 'SDPUSDT', 'price': '0.000105'}
2023-08-25 14:24:09,912 - INFO - {'symbol': 'SDPUSDT', 'price': '0.000105'}
2023-08-25 14:24:10,310 - INFO - {'symbol': 'SDPUSDT', 'price': '0.000105'}
2023-08-25 14:24:10,696 - INFO - {'symbol': 'SDPUSDT', 'price': '0.000105'}
2023-08-25 14:24:11,096 - INFO - {'symbol': 'SDPUSDT', 'price': '0.000105'}
2023-08-25 14:24:11,488 - INFO - {'symbol': 'SDPUSDT', 'price': '0.000105'}
2023-08-25 14:24:11,897 - INFO - {'symbol': 'SDPUSDT', 'price': '0.000105'}
2023-08-25 14:24:12,298 - INFO - {'symbol': 'SDPUSDT', 'price': '0.000105'}
2023-08-25 14:24:12,692 - INFO - {'symbol': 'SDPUSDT', 'price': '0.000105'}
2023-08-25 14:24:13,101 - INFO - {'symbol': 'SDPUSDT', 'price': '0.000105'}
2023-08-25 14:24:13,500 - INFO - {'symbol': 'SDPUSDT', 'price': '0.000105'}
2023-08-25 14:24:13,895 - INFO - {'symbol': 'SDPUSDT', 'price': '0.000105'}
2023-08-25 14:24:14,304 - INFO - {'symbol': 'SDPUSDT', 'price': '0.000105'}
2023-08-25 14:24:14,687 - INFO - {'symbol': 'SDPUSDT', 'price': '0.000105'}
2023-08-25 14:24:15,085 - INFO - {'symbol': 'SDPUSDT', 'price': '0.000105'}
2023-08-25 14:24:15,489 - INFO - {'symbol': 'SDPUSDT', 'price': '0.000105'}
2023-08-25 14:24:15,878 - INFO - {'symbol': 'SDPUSDT', 'price': '0.000105'}
2023-08-25 14:24:16,280 - INFO - {'symbol': 'SDPUSDT', 'price': '0.000105'}
2023-08-25 14:24:16,683 - INFO - {'symbol': 'SDPUSDT', 'price': '0.000105'}
2023-08-25 14:24:17,072 - INFO - {'symbol': 'SDPUSDT', 'price': '0.000105'}
2023-08-25 14:24:17,471 - INFO - {'symbol': 'SDPUSDT', 'price': '0.000105'}
2023-08-25 14:24:17,865 - INFO - {'symbol': 'SDPUSDT', 'price': '0.000105'}
2023-08-25 14:24:18,265 - INFO - {'symbol': 'SDPUSDT', 'price': '0.000105'}
2023-08-25 14:24:18,676 - INFO - {'symbol': 'SDPUSDT', 'price': '0.000105'}
2023-08-25 14:24:19,074 - INFO - {'symbol': 'SDPUSDT', 'price': '0.000115'}
2023-08-25 14:24:19,464 - INFO - {'symbol': 'SDPUSDT', 'price': '0.000115'}
2023-08-25 14:24:19,867 - INFO - {'symbol': 'SDPUSDT', 'price': '0.000115'}
2023-08-25 14:24:20,266 - INFO - {'symbol': 'SDPUSDT', 'price': '0.000115'}
2023-08-25 14:24:20,673 - INFO - {'symbol': 'SDPUSDT', 'price': '0.000115'}
2023-08-25 14:24:21,110 - INFO - {'symbol': 'SDPUSDT', 'price': '0.000115'}
2023-08-25 14:24:21,492 - INFO - {'symbol': 'SDPUSDT', 'price': '0.000115'}
2023-08-25 14:24:21,896 - INFO - {'symbol': 'SDPUSDT', 'price': '0.000115'}
2023-08-25 14:24:22,293 - INFO - {'symbol': 'SDPUSDT', 'price': '0.000115'}
2023-08-25 14:24:22,676 - INFO - {'symbol': 'SDPUSDT', 'price': '0.000115'}
2023-08-25 14:24:23,081 - INFO - {'symbol': 'SDPUSDT', 'price': '0.000115'}
2023-08-25 14:24:24,047 - INFO - {'symbol': 'SDPUSDT', 'price': '0.000115'}
2023-08-25 14:24:24,438 - INFO - {'symbol': 'SDPUSDT', 'price': '0.000115'}
2023-08-25 14:24:24,837 - INFO - {'symbol': 'SDPUSDT', 'price': '0.000115'}
2023-08-25 14:24:25,241 - INFO - {'symbol': 'SDPUSDT', 'price': '0.000115'}
2023-08-25 14:24:25,652 - INFO - {'symbol': 'SDPUSDT', 'price': '0.000115'}
2023-08-25 14:24:26,044 - INFO - {'symbol': 'SDPUSDT', 'price': '0.000115'}
2023-08-25 14:24:26,450 - INFO - {'symbol': 'SDPUSDT', 'price': '0.000115'}
2023-08-25 14:24:26,875 - INFO - {'symbol': 'SDPUSDT', 'price': '0.000115'}
2023-08-25 14:24:27,287 - INFO - {'symbol': 'SDPUSDT', 'price': '0.000115'}
2023-08-25 14:24:27,677 - INFO - {'symbol': 'SDPUSDT', 'price': '0.000115'}
2023-08-25 14:24:28,170 - INFO - {'symbol': 'SDPUSDT', 'price': '0.000115'}
2023-08-25 14:24:28,567 - INFO - {'symbol': 'SDPUSDT', 'price': '0.000115'}
2023-08-25 14:24:28,961 - INFO - {'symbol': 'SDPUSDT', 'price': '0.000115'}
2023-08-25 14:24:29,360 - INFO - {'symbol': 'SDPUSDT', 'price': '0.000115'}
2023-08-25 14:24:29,821 - INFO - {'symbol': 'SDPUSDT', 'price': '0.000115'}
2023-08-25 14:24:30,209 - INFO - {'symbol': 'SDPUSDT', 'price': '0.000115'}
2023-08-25 14:24:30,614 - INFO - {'symbol': 'SDPUSDT', 'price': '0.000115'}
2023-08-25 14:24:31,000 - INFO - {'symbol': 'SDPUSDT', 'price': '0.000115'}
2023-08-25 14:24:31,402 - INFO - {'symbol': 'SDPUSDT', 'price': '0.000115'}
2023-08-25 14:24:31,789 - INFO - {'symbol': 'SDPUSDT', 'price': '0.000115'}
2023-08-25 14:24:32,184 - INFO - {'symbol': 'SDPUSDT', 'price': '0.000115'}
2023-08-25 14:24:32,569 - INFO - {'symbol': 'SDPUSDT', 'price': '0.000115'}
2023-08-25 14:24:32,986 - INFO - {'symbol': 'SDPUSDT', 'price': '0.0001149'}
2023-08-25 14:24:33,380 - INFO - {'symbol': 'SDPUSDT', 'price': '0.0001149'}
2023-08-25 14:24:33,781 - INFO - {'symbol': 'SDPUSDT', 'price': '0.0001149'}
2023-08-25 14:24:34,171 - INFO - {'symbol': 'SDPUSDT', 'price': '0.00011'}
2023-08-25 14:24:34,553 - INFO - {'symbol': 'SDPUSDT', 'price': '0.0001149'}
2023-08-25 14:24:34,953 - INFO - {'symbol': 'SDPUSDT', 'price': '0.0001149'}
2023-08-25 14:24:35,349 - INFO - {'symbol': 'SDPUSDT', 'price': '0.0001149'}
2023-08-25 14:24:35,755 - INFO - {'symbol': 'SDPUSDT', 'price': '0.0001149'}
2023-08-25 14:24:36,155 - INFO - {'symbol': 'SDPUSDT', 'price': '0.0001149'}
2023-08-25 14:24:36,547 - INFO - {'symbol': 'SDPUSDT', 'price': '0.0001148'}
2023-08-25 14:24:36,933 - INFO - {'symbol': 'SDPUSDT', 'price': '0.0001149'}
2023-08-25 14:24:37,329 - INFO - {'symbol': 'SDPUSDT', 'price': '0.0001149'}
2023-08-25 14:24:37,723 - INFO - {'symbol': 'SDPUSDT', 'price': '0.0001148'}
2023-08-25 14:24:38,155 - INFO - {'symbol': 'SDPUSDT', 'price': '0.0001148'}
2023-08-25 14:24:38,557 - INFO - {'symbol': 'SDPUSDT', 'price': '0.0001148'}
2023-08-25 14:24:38,954 - INFO - {'symbol': 'SDPUSDT', 'price': '0.0001148'}
2023-08-25 14:24:39,355 - INFO - {'symbol': 'SDPUSDT', 'price': '0.0001148'}
2023-08-25 14:24:39,760 - INFO - {'symbol': 'SDPUSDT', 'price': '0.0001148'}
2023-08-25 14:24:40,164 - INFO - {'symbol': 'SDPUSDT', 'price': '0.0001148'}
2023-08-25 14:24:40,556 - INFO - {'symbol': 'SDPUSDT', 'price': '0.0001148'}
2023-08-25 14:24:40,996 - INFO - {'symbol': 'SDPUSDT', 'price': '0.0001148'}
2023-08-25 14:24:41,410 - INFO - {'symbol': 'SDPUSDT', 'price': '0.0001148'}
2023-08-25 14:24:41,808 - INFO - {'symbol': 'SDPUSDT', 'price': '0.0001148'}
2023-08-25 14:24:42,211 - INFO - {'symbol': 'SDPUSDT', 'price': '0.0001148'}
2023-08-25 14:24:42,679 - INFO - {'symbol': 'SDPUSDT', 'price': '0.0001148'}
2023-08-25 14:24:43,067 - INFO - {'symbol': 'SDPUSDT', 'price': '0.0001148'}
2023-08-25 14:24:43,498 - INFO - {'symbol': 'SDPUSDT', 'price': '0.0001148'}
2023-08-25 14:24:43,937 - INFO - {'symbol': 'SDPUSDT', 'price': '0.0001148'}
2023-08-25 14:24:44,330 - INFO - {'symbol': 'SDPUSDT', 'price': '0.0001148'}
2023-08-25 14:24:44,731 - INFO - {'symbol': 'SDPUSDT', 'price': '0.0001148'}
2023-08-25 14:24:45,125 - INFO - {'symbol': 'SDPUSDT', 'price': '0.0001148'}
2023-08-25 14:24:45,520 - INFO - {'symbol': 'SDPUSDT', 'price': '0.0001148'}
2023-08-25 14:24:45,922 - INFO - {'symbol': 'SDPUSDT', 'price': '0.0001148'}
2023-08-25 14:24:46,306 - INFO - {'symbol': 'SDPUSDT', 'price': '0.0001148'}
2023-08-25 14:24:46,691 - INFO - {'symbol': 'SDPUSDT', 'price': '0.0001148'}
2023-08-25 14:24:47,073 - INFO - {'symbol': 'SDPUSDT', 'price': '0.0001148'}
2023-08-25 14:24:47,475 - INFO - {'symbol': 'SDPUSDT', 'price': '0.0001148'}
2023-08-25 14:24:47,884 - INFO - {'symbol': 'SDPUSDT', 'price': '0.0001148'}
2023-08-25 14:24:48,273 - INFO - {'symbol': 'SDPUSDT', 'price': '0.0001148'}
2023-08-25 14:24:48,666 - INFO - {'symbol': 'SDPUSDT', 'price': '0.000115'}
2023-08-25 14:24:49,060 - INFO - {'symbol': 'SDPUSDT', 'price': '0.000115'}
2023-08-25 14:24:49,451 - INFO - {'symbol': 'SDPUSDT', 'price': '0.000115'}
2023-08-25 14:24:49,853 - INFO - {'symbol': 'SDPUSDT', 'price': '0.000115'}
2023-08-25 14:24:50,273 - INFO - {'symbol': 'SDPUSDT', 'price': '0.000115'}
2023-08-25 14:24:50,674 - INFO - {'symbol': 'SDPUSDT', 'price': '0.000115'}
2023-08-25 14:24:51,061 - INFO - {'symbol': 'SDPUSDT', 'price': '0.000115'}
2023-08-25 14:24:51,452 - INFO - {'symbol': 'SDPUSDT', 'price': '0.000115'}
2023-08-25 14:24:51,844 - INFO - {'symbol': 'SDPUSDT', 'price': '0.000115'}
2023-08-25 14:24:52,250 - INFO - {'symbol': 'SDPUSDT', 'price': '0.000115'}
2023-08-25 14:24:52,641 - INFO - {'symbol': 'SDPUSDT', 'price': '0.000115'}
2023-08-25 14:24:53,052 - INFO - {'symbol': 'SDPUSDT', 'price': '0.000115'}
2023-08-25 14:24:53,459 - INFO - {'symbol': 'SDPUSDT', 'price': '0.000115'}
2023-08-25 14:24:53,854 - INFO - {'symbol': 'SDPUSDT', 'price': '0.000115'}
2023-08-25 14:24:54,237 - INFO - {'symbol': 'SDPUSDT', 'price': '0.000115'}
2023-08-25 14:24:54,638 - INFO - {'symbol': 'SDPUSDT', 'price': '0.000115'}
2023-08-25 14:24:55,035 - INFO - {'symbol': 'SDPUSDT', 'price': '0.000115'}
2023-08-25 14:24:55,437 - INFO - {'symbol': 'SDPUSDT', 'price': '0.0001297'}
2023-08-25 14:24:55,832 - INFO - {'symbol': 'SDPUSDT', 'price': '0.0001297'}
2023-08-25 14:24:56,221 - INFO - {'symbol': 'SDPUSDT', 'price': '0.0001297'}
2023-08-25 14:24:56,610 - INFO - {'symbol': 'SDPUSDT', 'price': '0.0001297'}
2023-08-25 14:24:57,025 - INFO - {'symbol': 'SDPUSDT', 'price': '0.0001297'}
2023-08-25 14:24:57,437 - INFO - {'symbol': 'SDPUSDT', 'price': '0.0001297'}
2023-08-25 14:24:57,857 - INFO - {'symbol': 'SDPUSDT', 'price': '0.0001297'}
2023-08-25 14:24:58,254 - INFO - {'symbol': 'SDPUSDT', 'price': '0.0001297'}
2023-08-25 14:24:58,693 - INFO - {'symbol': 'SDPUSDT', 'price': '0.0001297'}
2023-08-25 14:24:59,089 - INFO - {'symbol': 'SDPUSDT', 'price': '0.0001297'}
2023-08-25 14:24:59,478 - INFO - {'symbol': 'SDPUSDT', 'price': '0.0001297'}
2023-08-25 14:24:59,870 - INFO - {'symbol': 'SDPUSDT', 'price': '0.0001297'}
2023-08-25 14:25:00,265 - INFO - {'symbol': 'SDPUSDT', 'price': '0.0001297'}
2023-08-25 14:25:01,147 - INFO - {'symbol': 'SDPUSDT', 'price': '0.0001297'}
2023-08-25 14:25:01,536 - INFO - {'symbol': 'SDPUSDT', 'price': '0.0001297'}
2023-08-25 14:25:01,935 - INFO - {'symbol': 'SDPUSDT', 'price': '0.0001297'}
2023-08-25 14:25:02,323 - INFO - {'symbol': 'SDPUSDT', 'price': '0.0001297'}
2023-08-25 14:25:02,714 - INFO - {'symbol': 'SDPUSDT', 'price': '0.0001297'}
2023-08-25 14:25:03,103 - INFO - {'symbol': 'SDPUSDT', 'price': '0.0001297'}
2023-08-25 14:25:03,491 - INFO - {'symbol': 'SDPUSDT', 'price': '0.0001297'}
2023-08-25 14:25:03,894 - INFO - {'symbol': 'SDPUSDT', 'price': '0.0001297'}
2023-08-25 14:25:04,297 - INFO - {'symbol': 'SDPUSDT', 'price': '0.0001297'}
2023-08-25 14:25:04,700 - INFO - {'symbol': 'SDPUSDT', 'price': '0.0001297'}
2023-08-25 14:25:05,115 - INFO - {'symbol': 'SDPUSDT', 'price': '0.0001297'}
2023-08-25 14:25:05,527 - INFO - {'symbol': 'SDPUSDT', 'price': '0.0001297'}
2023-08-25 14:25:05,922 - INFO - {'symbol': 'SDPUSDT', 'price': '0.0001297'}
2023-08-25 14:25:06,305 - INFO - {'symbol': 'SDPUSDT', 'price': '0.0001297'}
2023-08-25 14:25:06,692 - INFO - {'symbol': 'SDPUSDT', 'price': '0.0001297'}
2023-08-25 14:25:07,081 - INFO - {'symbol': 'SDPUSDT', 'price': '0.0001297'}
2023-08-25 14:25:07,475 - INFO - {'symbol': 'SDPUSDT', 'price': '0.0001297'}
2023-08-25 14:25:07,880 - INFO - {'symbol': 'SDPUSDT', 'price': '0.0001297'}
2023-08-25 14:25:08,262 - INFO - {'symbol': 'SDPUSDT', 'price': '0.0001297'}
2023-08-25 14:25:08,654 - INFO - {'symbol': 'SDPUSDT', 'price': '0.0001296'}
2023-08-25 14:25:09,041 - INFO - {'symbol': 'SDPUSDT', 'price': '0.0001296'}
2023-08-25 14:25:09,441 - INFO - {'symbol': 'SDPUSDT', 'price': '0.000112'}
2023-08-25 14:25:09,837 - INFO - {'symbol': 'SDPUSDT', 'price': '0.000112'}
2023-08-25 14:25:10,240 - INFO - {'symbol': 'SDPUSDT', 'price': '0.000112'}
2023-08-25 14:25:10,629 - INFO - {'symbol': 'SDPUSDT', 'price': '0.000112'}
2023-08-25 14:25:11,027 - INFO - {'symbol': 'SDPUSDT', 'price': '0.000112'}
2023-08-25 14:25:11,424 - INFO - {'symbol': 'SDPUSDT', 'price': '0.000112'}
2023-08-25 14:25:11,814 - INFO - {'symbol': 'SDPUSDT', 'price': '0.000112'}
2023-08-25 14:25:12,212 - INFO - {'symbol': 'SDPUSDT', 'price': '0.000112'}
2023-08-25 14:25:12,627 - INFO - {'symbol': 'SDPUSDT', 'price': '0.000112'}
2023-08-25 14:25:13,027 - INFO - {'symbol': 'SDPUSDT', 'price': '0.000112'}
2023-08-25 14:25:13,408 - INFO - {'symbol': 'SDPUSDT', 'price': '0.000112'}
2023-08-25 14:25:13,809 - INFO - {'symbol': 'SDPUSDT', 'price': '0.000112'}
2023-08-25 14:25:14,200 - INFO - {'symbol': 'SDPUSDT', 'price': '0.000112'}
2023-08-25 14:25:14,592 - INFO - {'symbol': 'SDPUSDT', 'price': '0.000112'}
2023-08-25 14:25:14,976 - INFO - {'symbol': 'SDPUSDT', 'price': '0.000112'}
2023-08-25 14:25:15,382 - INFO - {'symbol': 'SDPUSDT', 'price': '0.000112'}
2023-08-25 14:25:15,771 - INFO - {'symbol': 'SDPUSDT', 'price': '0.000112'}
2023-08-25 14:25:16,170 - INFO - {'symbol': 'SDPUSDT', 'price': '0.000112'}
2023-08-25 14:25:16,579 - INFO - {'symbol': 'SDPUSDT', 'price': '0.000112'}
2023-08-25 14:25:16,958 - INFO - {'symbol': 'SDPUSDT', 'price': '0.000112'}
2023-08-25 14:25:17,317 - INFO - {'symbol': 'SDPUSDT', 'price': '0.000112'}
2023-08-25 14:25:17,706 - INFO - {'symbol': 'SDPUSDT', 'price': '0.000112'}
2023-08-25 14:25:18,104 - INFO - {'symbol': 'SDPUSDT', 'price': '0.000112'}
2023-08-25 14:25:18,497 - INFO - {'symbol': 'SDPUSDT', 'price': '0.000112'}
2023-08-25 14:25:18,904 - INFO - {'symbol': 'SDPUSDT', 'price': '0.000112'}
2023-08-25 14:25:19,297 - INFO - {'symbol': 'SDPUSDT', 'price': '0.000112'}
2023-08-25 14:25:19,737 - INFO - {'symbol': 'SDPUSDT', 'price': '0.000112'}
2023-08-25 14:25:20,131 - INFO - {'symbol': 'SDPUSDT', 'price': '0.000112'}
2023-08-25 14:25:20,516 - INFO - {'symbol': 'SDPUSDT', 'price': '0.000112'}
2023-08-25 14:25:20,904 - INFO - {'symbol': 'SDPUSDT', 'price': '0.000112'}
2023-08-25 14:25:21,295 - INFO - {'symbol': 'SDPUSDT', 'price': '0.000112'}
2023-08-25 14:25:21,707 - INFO - {'symbol': 'SDPUSDT', 'price': '0.000112'}
2023-08-25 14:25:22,100 - INFO - {'symbol': 'SDPUSDT', 'price': '0.000112'}
2023-08-25 14:25:22,503 - INFO - {'symbol': 'SDPUSDT', 'price': '0.000112'}
2023-08-25 14:25:22,885 - INFO - {'symbol': 'SDPUSDT', 'price': '0.000112'}
2023-08-25 14:25:23,279 - INFO - {'symbol': 'SDPUSDT', 'price': '0.00011'}
2023-08-25 14:25:23,674 - INFO - {'symbol': 'SDPUSDT', 'price': '0.00011'}
2023-08-25 14:25:24,065 - INFO - {'symbol': 'SDPUSDT', 'price': '0.00011'}
2023-08-25 14:25:24,452 - INFO - {'symbol': 'SDPUSDT', 'price': '0.00011'}
2023-08-25 14:25:24,859 - INFO - {'symbol': 'SDPUSDT', 'price': '0.00011'}
2023-08-25 14:25:25,258 - INFO - {'symbol': 'SDPUSDT', 'price': '0.00011'}
2023-08-25 14:25:25,656 - INFO - {'symbol': 'SDPUSDT', 'price': '0.00011'}
2023-08-25 14:25:26,056 - INFO - {'symbol': 'SDPUSDT', 'price': '0.00011'}
2023-08-25 14:25:26,452 - INFO - {'symbol': 'SDPUSDT', 'price': '0.00011'}
2023-08-25 14:25:26,853 - INFO - {'symbol': 'SDPUSDT', 'price': '0.00011'}
2023-08-25 14:25:27,240 - INFO - {'symbol': 'SDPUSDT', 'price': '0.00011'}
2023-08-25 14:25:27,636 - INFO - {'symbol': 'SDPUSDT', 'price': '0.000125'}
2023-08-25 14:25:28,035 - INFO - {'symbol': 'SDPUSDT', 'price': '0.000125'}
2023-08-25 14:25:28,439 - INFO - {'symbol': 'SDPUSDT', 'price': '0.000125'}
2023-08-25 14:25:28,824 - INFO - {'symbol': 'SDPUSDT', 'price': '0.000125'}
2023-08-25 14:25:29,245 - INFO - {'symbol': 'SDPUSDT', 'price': '0.000125'}
2023-08-25 14:25:29,646 - INFO - {'symbol': 'SDPUSDT', 'price': '0.000125'}
2023-08-25 14:25:30,037 - INFO - {'symbol': 'SDPUSDT', 'price': '0.000125'}
2023-08-25 14:25:30,429 - INFO - {'symbol': 'SDPUSDT', 'price': '0.000125'}
2023-08-25 14:25:30,824 - INFO - {'symbol': 'SDPUSDT', 'price': '0.000125'}
2023-08-25 14:25:31,227 - INFO - {'symbol': 'SDPUSDT', 'price': '0.000111'}
2023-08-25 14:25:31,628 - INFO - {'symbol': 'SDPUSDT', 'price': '0.000125'}
2023-08-25 14:25:32,021 - INFO - {'symbol': 'SDPUSDT', 'price': '0.000125'}
2023-08-25 14:25:32,417 - INFO - {'symbol': 'SDPUSDT', 'price': '0.000111'}
2023-08-25 14:25:32,820 - INFO - {'symbol': 'SDPUSDT', 'price': '0.000111'}
2023-08-25 14:25:33,212 - INFO - {'symbol': 'SDPUSDT', 'price': '0.000111'}
2023-08-25 14:25:33,613 - INFO - {'symbol': 'SDPUSDT', 'price': '0.000111'}
2023-08-25 14:25:33,997 - INFO - {'symbol': 'SDPUSDT', 'price': '0.000111'}
2023-08-25 14:25:34,389 - INFO - {'symbol': 'SDPUSDT', 'price': '0.000111'}
2023-08-25 14:25:34,789 - INFO - {'symbol': 'SDPUSDT', 'price': '0.000111'}
2023-08-25 14:25:35,182 - INFO - {'symbol': 'SDPUSDT', 'price': '0.000111'}
2023-08-25 14:25:35,574 - INFO - {'symbol': 'SDPUSDT', 'price': '0.000111'}
2023-08-25 14:25:35,972 - INFO - {'symbol': 'SDPUSDT', 'price': '0.000111'}
2023-08-25 14:25:36,368 - INFO - {'symbol': 'SDPUSDT', 'price': '0.000111'}
2023-08-25 14:25:36,758 - INFO - {'symbol': 'SDPUSDT', 'price': '0.000111'}
2023-08-25 14:25:37,178 - INFO - {'symbol': 'SDPUSDT', 'price': '0.000111'}
2023-08-25 14:25:37,580 - INFO - {'symbol': 'SDPUSDT', 'price': '0.000111'}
2023-08-25 14:25:37,977 - INFO - {'symbol': 'SDPUSDT', 'price': '0.000111'}
2023-08-25 14:25:38,838 - INFO - {'symbol': 'SDPUSDT', 'price': '0.000111'}
2023-08-25 14:25:39,246 - INFO - {'symbol': 'SDPUSDT', 'price': '0.000111'}
2023-08-25 14:25:39,638 - INFO - {'symbol': 'SDPUSDT', 'price': '0.000111'}
2023-08-25 14:25:40,028 - INFO - {'symbol': 'SDPUSDT', 'price': '0.000111'}
2023-08-25 14:25:40,435 - INFO - {'symbol': 'SDPUSDT', 'price': '0.000111'}
2023-08-25 14:25:40,827 - INFO - {'symbol': 'SDPUSDT', 'price': '0.000111'}
2023-08-25 14:25:41,213 - INFO - {'symbol': 'SDPUSDT', 'price': '0.000111'}
2023-08-25 14:25:41,602 - INFO - {'symbol': 'SDPUSDT', 'price': '0.000112'}
2023-08-25 14:25:42,004 - INFO - {'symbol': 'SDPUSDT', 'price': '0.000112'}
2023-08-25 14:25:42,424 - INFO - {'symbol': 'SDPUSDT', 'price': '0.000112'}
2023-08-25 14:25:42,818 - INFO - {'symbol': 'SDPUSDT', 'price': '0.000112'}
2023-08-25 14:25:43,220 - INFO - {'symbol': 'SDPUSDT', 'price': '0.000112'}
2023-08-25 14:25:43,609 - INFO - {'symbol': 'SDPUSDT', 'price': '0.000112'}
2023-08-25 14:25:44,011 - INFO - {'symbol': 'SDPUSDT', 'price': '0.000112'}
2023-08-25 14:25:44,400 - INFO - {'symbol': 'SDPUSDT', 'price': '0.000112'}
2023-08-25 14:25:44,788 - INFO - {'symbol': 'SDPUSDT', 'price': '0.000112'}
2023-08-25 14:25:45,202 - INFO - {'symbol': 'SDPUSDT', 'price': '0.000112'}
2023-08-25 14:25:45,599 - INFO - {'symbol': 'SDPUSDT', 'price': '0.000112'}
2023-08-25 14:25:45,987 - INFO - {'symbol': 'SDPUSDT', 'price': '0.000112'}
2023-08-25 14:25:46,379 - INFO - {'symbol': 'SDPUSDT', 'price': '0.000112'}
2023-08-25 14:25:46,774 - INFO - {'symbol': 'SDPUSDT', 'price': '0.000112'}
2023-08-25 14:25:47,175 - INFO - {'symbol': 'SDPUSDT', 'price': '0.000112'}
2023-08-25 14:25:47,563 - INFO - {'symbol': 'SDPUSDT', 'price': '0.000112'}
2023-08-25 14:25:47,977 - INFO - {'symbol': 'SDPUSDT', 'price': '0.000112'}
2023-08-25 14:25:48,380 - INFO - {'symbol': 'SDPUSDT', 'price': '0.000112'}
2023-08-25 14:25:48,775 - INFO - {'symbol': 'SDPUSDT', 'price': '0.000112'}
2023-08-25 14:25:49,190 - INFO - {'symbol': 'SDPUSDT', 'price': '0.000112'}
2023-08-25 14:25:49,576 - INFO - {'symbol': 'SDPUSDT', 'price': '0.000112'}
2023-08-25 14:25:49,990 - INFO - {'symbol': 'SDPUSDT', 'price': '0.000112'}
2023-08-25 14:25:50,367 - INFO - {'symbol': 'SDPUSDT', 'price': '0.000112'}
2023-08-25 14:25:50,760 - INFO - {'symbol': 'SDPUSDT', 'price': '0.000112'}
2023-08-25 14:25:51,155 - INFO - {'symbol': 'SDPUSDT', 'price': '0.000112'}
2023-08-25 14:25:51,557 - INFO - {'symbol': 'SDPUSDT', 'price': '0.000112'}
2023-08-25 14:25:51,945 - INFO - {'symbol': 'SDPUSDT', 'price': '0.0001082'}
2023-08-25 14:25:52,342 - INFO - {'symbol': 'SDPUSDT', 'price': '0.0001082'}
2023-08-25 14:25:52,747 - INFO - {'symbol': 'SDPUSDT', 'price': '0.0001082'}
2023-08-25 14:25:53,141 - INFO - {'symbol': 'SDPUSDT', 'price': '0.0001082'}
2023-08-25 14:25:53,530 - INFO - {'symbol': 'SDPUSDT', 'price': '0.0001082'}
2023-08-25 14:25:53,922 - INFO - {'symbol': 'SDPUSDT', 'price': '0.0001082'}
2023-08-25 14:25:54,317 - INFO - {'symbol': 'SDPUSDT', 'price': '0.0001082'}
2023-08-25 14:25:54,710 - INFO - {'symbol': 'SDPUSDT', 'price': '0.0001082'}
2023-08-25 14:25:55,120 - INFO - {'symbol': 'SDPUSDT', 'price': '0.0001082'}
2023-08-25 14:25:55,511 - INFO - {'symbol': 'SDPUSDT', 'price': '0.0001082'}
2023-08-25 14:25:55,912 - INFO - {'symbol': 'SDPUSDT', 'price': '0.0001082'}
2023-08-25 14:25:56,295 - INFO - {'symbol': 'SDPUSDT', 'price': '0.0001082'}
2023-08-25 14:25:56,693 - INFO - {'symbol': 'SDPUSDT', 'price': '0.0001082'}
2023-08-25 14:25:57,086 - INFO - {'symbol': 'SDPUSDT', 'price': '0.0001082'}
2023-08-25 14:25:57,484 - INFO - {'symbol': 'SDPUSDT', 'price': '0.0001082'}
2023-08-25 14:25:57,884 - INFO - {'symbol': 'SDPUSDT', 'price': '0.0001082'}
2023-08-25 14:25:58,283 - INFO - {'symbol': 'SDPUSDT', 'price': '0.0001082'}
2023-08-25 14:25:58,671 - INFO - {'symbol': 'SDPUSDT', 'price': '0.0001082'}
2023-08-25 14:25:59,080 - INFO - {'symbol': 'SDPUSDT', 'price': '0.0001082'}
2023-08-25 14:25:59,470 - INFO - {'symbol': 'SDPUSDT', 'price': '0.0001082'}
2023-08-25 14:25:59,871 - INFO - {'symbol': 'SDPUSDT', 'price': '0.0001082'}
2023-08-25 14:26:00,263 - INFO - {'symbol': 'SDPUSDT', 'price': '0.0001082'}
2023-08-25 14:26:00,643 - INFO - {'symbol': 'SDPUSDT', 'price': '0.0001082'}
2023-08-25 14:26:01,046 - INFO - {'symbol': 'SDPUSDT', 'price': '0.0001082'}
2023-08-25 14:26:01,449 - INFO - {'symbol': 'SDPUSDT', 'price': '0.000111'}
2023-08-25 14:26:01,834 - INFO - {'symbol': 'SDPUSDT', 'price': '0.000111'}
2023-08-25 14:26:02,234 - INFO - {'symbol': 'SDPUSDT', 'price': '0.000111'}
2023-08-25 14:26:02,639 - INFO - {'symbol': 'SDPUSDT', 'price': '0.000111'}
2023-08-25 14:26:03,039 - INFO - {'symbol': 'SDPUSDT', 'price': '0.000111'}
2023-08-25 14:26:03,436 - INFO - {'symbol': 'SDPUSDT', 'price': '0.000111'}
2023-08-25 14:26:03,826 - INFO - {'symbol': 'SDPUSDT', 'price': '0.000111'}
2023-08-25 14:26:04,231 - INFO - {'symbol': 'SDPUSDT', 'price': '0.000111'}
2023-08-25 14:26:04,633 - INFO - {'symbol': 'SDPUSDT', 'price': '0.000111'}
2023-08-25 14:26:05,015 - INFO - {'symbol': 'SDPUSDT', 'price': '0.000111'}
2023-08-25 14:26:05,412 - INFO - {'symbol': 'SDPUSDT', 'price': '0.000111'}
2023-08-25 14:26:05,803 - INFO - {'symbol': 'SDPUSDT', 'price': '0.000111'}
2023-08-25 14:26:06,190 - INFO - {'symbol': 'SDPUSDT', 'price': '0.000111'}
2023-08-25 14:26:06,588 - INFO - {'symbol': 'SDPUSDT', 'price': '0.000111'}
2023-08-25 14:26:06,988 - INFO - {'symbol': 'SDPUSDT', 'price': '0.000111'}
2023-08-25 14:26:07,376 - INFO - {'symbol': 'SDPUSDT', 'price': '0.000111'}
2023-08-25 14:26:07,767 - INFO - {'symbol': 'SDPUSDT', 'price': '0.000111'}
2023-08-25 14:26:08,155 - INFO - {'symbol': 'SDPUSDT', 'price': '0.00011'}
2023-08-25 14:26:08,552 - INFO - {'symbol': 'SDPUSDT', 'price': '0.000111'}
2023-08-25 14:26:09,004 - INFO - {'symbol': 'SDPUSDT', 'price': '0.000111'}
2023-08-25 14:26:09,396 - INFO - {'symbol': 'SDPUSDT', 'price': '0.00011'}
2023-08-25 14:26:09,802 - INFO - {'symbol': 'SDPUSDT', 'price': '0.00011'}
2023-08-25 14:26:10,208 - INFO - {'symbol': 'SDPUSDT', 'price': '0.000111'}
2023-08-25 14:26:10,605 - INFO - {'symbol': 'SDPUSDT', 'price': '0.000111'}
2023-08-25 14:26:11,003 - INFO - {'symbol': 'SDPUSDT', 'price': '0.000111'}
2023-08-25 14:26:11,411 - INFO - {'symbol': 'SDPUSDT', 'price': '0.000111'}
2023-08-25 14:26:11,799 - INFO - {'symbol': 'SDPUSDT', 'price': '0.000111'}
2023-08-25 14:26:12,198 - INFO - {'symbol': 'SDPUSDT', 'price': '0.0001083'}
2023-08-25 14:26:12,591 - INFO - {'symbol': 'SDPUSDT', 'price': '0.000111'}
2023-08-25 14:26:12,997 - INFO - {'symbol': 'SDPUSDT', 'price': '0.0001083'}
2023-08-25 14:26:13,410 - INFO - {'symbol': 'SDPUSDT', 'price': '0.0001083'}
2023-08-25 14:26:13,807 - INFO - {'symbol': 'SDPUSDT', 'price': '0.0001083'}
2023-08-25 14:26:14,214 - INFO - {'symbol': 'SDPUSDT', 'price': '0.0001083'}
2023-08-25 14:26:14,615 - INFO - {'symbol': 'SDPUSDT', 'price': '0.0001083'}
2023-08-25 14:26:15,018 - INFO - {'symbol': 'SDPUSDT', 'price': '0.0001083'}
2023-08-25 14:26:15,409 - INFO - {'symbol': 'SDPUSDT', 'price': '0.0001083'}
2023-08-25 14:26:15,831 - INFO - {'symbol': 'SDPUSDT', 'price': '0.0001083'}
2023-08-25 14:26:16,238 - INFO - {'symbol': 'SDPUSDT', 'price': '0.0001083'}
2023-08-25 14:26:16,634 - INFO - {'symbol': 'SDPUSDT', 'price': '0.0001083'}
2023-08-25 14:26:17,033 - INFO - {'symbol': 'SDPUSDT', 'price': '0.0001083'}
2023-08-25 14:26:17,444 - INFO - {'symbol': 'SDPUSDT', 'price': '0.0001083'}
2023-08-25 14:26:17,834 - INFO - {'symbol': 'SDPUSDT', 'price': '0.0001083'}
2023-08-25 14:26:18,229 - INFO - {'symbol': 'SDPUSDT', 'price': '0.0001083'}
2023-08-25 14:26:18,635 - INFO - {'symbol': 'SDPUSDT', 'price': '0.0001083'}
2023-08-25 14:26:19,028 - INFO - {'symbol': 'SDPUSDT', 'price': '0.0001083'}
2023-08-25 14:26:19,481 - INFO - {'symbol': 'SDPUSDT', 'price': '0.0001083'}
2023-08-25 14:26:19,882 - INFO - {'symbol': 'SDPUSDT', 'price': '0.0001083'}
2023-08-25 14:26:20,337 - INFO - {'symbol': 'SDPUSDT', 'price': '0.0001083'}
2023-08-25 14:26:20,738 - INFO - {'symbol': 'SDPUSDT', 'price': '0.0001083'}
2023-08-25 14:26:21,135 - INFO - {'symbol': 'SDPUSDT', 'price': '0.0001083'}
2023-08-25 14:26:21,543 - INFO - {'symbol': 'SDPUSDT', 'price': '0.0001083'}
2023-08-25 14:26:21,936 - INFO - {'symbol': 'SDPUSDT', 'price': '0.0001083'}
2023-08-25 14:26:22,324 - INFO - {'symbol': 'SDPUSDT', 'price': '0.0001083'}
2023-08-25 14:26:22,741 - INFO - {'symbol': 'SDPUSDT', 'price': '0.0001083'}
2023-08-25 14:26:23,133 - INFO - {'symbol': 'SDPUSDT', 'price': '0.0001083'}
2023-08-25 14:26:23,521 - INFO - {'symbol': 'SDPUSDT', 'price': '0.0001083'}
2023-08-25 14:26:23,914 - INFO - {'symbol': 'SDPUSDT', 'price': '0.0001083'}
2023-08-25 14:26:24,325 - INFO - {'symbol': 'SDPUSDT', 'price': '0.0001083'}
2023-08-25 14:26:24,706 - INFO - {'symbol': 'SDPUSDT', 'price': '0.0001083'}
2023-08-25 14:26:25,101 - INFO - {'symbol': 'SDPUSDT', 'price': '0.0001083'}
2023-08-25 14:26:25,499 - INFO - {'symbol': 'SDPUSDT', 'price': '0.0001083'}
2023-08-25 14:26:25,901 - INFO - {'symbol': 'SDPUSDT', 'price': '0.0001083'}
2023-08-25 14:26:26,304 - INFO - {'symbol': 'SDPUSDT', 'price': '0.0001083'}
2023-08-25 14:26:26,695 - INFO - {'symbol': 'SDPUSDT', 'price': '0.0001083'}
2023-08-25 14:26:27,082 - INFO - {'symbol': 'SDPUSDT', 'price': '0.0001083'}
2023-08-25 14:26:27,481 - INFO - {'symbol': 'SDPUSDT', 'price': '0.0001083'}
2023-08-25 14:26:27,948 - INFO - {'symbol': 'SDPUSDT', 'price': '0.0001083'}
2023-08-25 14:26:28,337 - INFO - {'symbol': 'SDPUSDT', 'price': '0.0001083'}
2023-08-25 14:26:28,737 - INFO - {'symbol': 'SDPUSDT', 'price': '0.0001083'}
2023-08-25 14:26:29,607 - INFO - {'symbol': 'SDPUSDT', 'price': '0.0001083'}
2023-08-25 14:26:30,012 - INFO - {'symbol': 'SDPUSDT', 'price': '0.0001083'}
2023-08-25 14:26:30,410 - INFO - {'symbol': 'SDPUSDT', 'price': '0.0001083'}
2023-08-25 14:26:30,806 - INFO - {'symbol': 'SDPUSDT', 'price': '0.0001083'}
2023-08-25 14:26:31,212 - INFO - {'symbol': 'SDPUSDT', 'price': '0.0001083'}
2023-08-25 14:26:31,605 - INFO - {'symbol': 'SDPUSDT', 'price': '0.0001083'}
2023-08-25 14:26:32,000 - INFO - {'symbol': 'SDPUSDT', 'price': '0.0001083'}
2023-08-25 14:26:32,437 - INFO - {'symbol': 'SDPUSDT', 'price': '0.000108'}
2023-08-25 14:26:32,864 - INFO - {'symbol': 'SDPUSDT', 'price': '0.000108'}
2023-08-25 14:26:33,281 - INFO - {'symbol': 'SDPUSDT', 'price': '0.000108'}
2023-08-25 14:26:33,680 - INFO - {'symbol': 'SDPUSDT', 'price': '0.000108'}
2023-08-25 14:26:34,081 - INFO - {'symbol': 'SDPUSDT', 'price': '0.000108'}
2023-08-25 14:26:34,472 - INFO - {'symbol': 'SDPUSDT', 'price': '0.000108'}
2023-08-25 14:26:34,865 - INFO - {'symbol': 'SDPUSDT', 'price': '0.000108'}
2023-08-25 14:26:35,269 - INFO - {'symbol': 'SDPUSDT', 'price': '0.000108'}
2023-08-25 14:26:35,679 - INFO - {'symbol': 'SDPUSDT', 'price': '0.000108'}
2023-08-25 14:26:36,079 - INFO - {'symbol': 'SDPUSDT', 'price': '0.000108'}
2023-08-25 14:26:36,491 - INFO - {'symbol': 'SDPUSDT', 'price': '0.000108'}
2023-08-25 14:26:36,879 - INFO - {'symbol': 'SDPUSDT', 'price': '0.000108'}
2023-08-25 14:26:37,290 - INFO - {'symbol': 'SDPUSDT', 'price': '0.000108'}
2023-08-25 14:26:37,687 - INFO - {'symbol': 'SDPUSDT', 'price': '0.000108'}
2023-08-25 14:26:38,096 - INFO - {'symbol': 'SDPUSDT', 'price': '0.000108'}
2023-08-25 14:26:38,484 - INFO - {'symbol': 'SDPUSDT', 'price': '0.000108'}
2023-08-25 14:26:38,880 - INFO - {'symbol': 'SDPUSDT', 'price': '0.000108'}
2023-08-25 14:26:39,274 - INFO - {'symbol': 'SDPUSDT', 'price': '0.000108'}
2023-08-25 14:26:39,666 - INFO - {'symbol': 'SDPUSDT', 'price': '0.000108'}
2023-08-25 14:26:40,078 - INFO - {'symbol': 'SDPUSDT', 'price': '0.000108'}
2023-08-25 14:26:40,477 - INFO - {'symbol': 'SDPUSDT', 'price': '0.000108'}
2023-08-25 14:26:40,875 - INFO - {'symbol': 'SDPUSDT', 'price': '0.000108'}
2023-08-25 14:26:41,280 - INFO - {'symbol': 'SDPUSDT', 'price': '0.000108'}
2023-08-25 14:26:41,670 - INFO - {'symbol': 'SDPUSDT', 'price': '0.000108'}
2023-08-25 14:26:42,073 - INFO - {'symbol': 'SDPUSDT', 'price': '0.000108'}
2023-08-25 14:26:42,486 - INFO - {'symbol': 'SDPUSDT', 'price': '0.000108'}
2023-08-25 14:26:42,888 - INFO - {'symbol': 'SDPUSDT', 'price': '0.000108'}
2023-08-25 14:26:43,306 - INFO - {'symbol': 'SDPUSDT', 'price': '0.000108'}
2023-08-25 14:26:43,703 - INFO - {'symbol': 'SDPUSDT', 'price': '0.000108'}
2023-08-25 14:26:44,097 - INFO - {'symbol': 'SDPUSDT', 'price': '0.000108'}
2023-08-25 14:26:44,489 - INFO - {'symbol': 'SDPUSDT', 'price': '0.000108'}
2023-08-25 14:26:44,875 - INFO - {'symbol': 'SDPUSDT', 'price': '0.000108'}
2023-08-25 14:26:45,270 - INFO - {'symbol': 'SDPUSDT', 'price': '0.000108'}
2023-08-25 14:26:45,662 - INFO - {'symbol': 'SDPUSDT', 'price': '0.000108'}
2023-08-25 14:26:46,063 - INFO - {'symbol': 'SDPUSDT', 'price': '0.000108'}
2023-08-25 14:26:46,460 - INFO - {'symbol': 'SDPUSDT', 'price': '0.000108'}
2023-08-25 14:26:46,859 - INFO - {'symbol': 'SDPUSDT', 'price': '0.000108'}
2023-08-25 14:26:47,242 - INFO - {'symbol': 'SDPUSDT', 'price': '0.000108'}
2023-08-25 14:26:47,643 - INFO - {'symbol': 'SDPUSDT', 'price': '0.000108'}
2023-08-25 14:26:48,029 - INFO - {'symbol': 'SDPUSDT', 'price': '0.000108'}
2023-08-25 14:26:48,381 - INFO - {'symbol': 'SDPUSDT', 'price': '0.000108'}
2023-08-25 14:26:48,775 - INFO - {'symbol': 'SDPUSDT', 'price': '0.000108'}
2023-08-25 14:26:49,166 - INFO - {'symbol': 'SDPUSDT', 'price': '0.000108'}
2023-08-25 14:26:49,563 - INFO - {'symbol': 'SDPUSDT', 'price': '0.0001057'}
2023-08-25 14:26:49,968 - INFO - {'symbol': 'SDPUSDT', 'price': '0.0001057'}
2023-08-25 14:26:50,360 - INFO - {'symbol': 'SDPUSDT', 'price': '0.000108'}
2023-08-25 14:26:50,757 - INFO - {'symbol': 'SDPUSDT', 'price': '0.0001057'}
2023-08-25 14:26:51,156 - INFO - {'symbol': 'SDPUSDT', 'price': '0.0001057'}
2023-08-25 14:26:51,565 - INFO - {'symbol': 'SDPUSDT', 'price': '0.0001057'}
2023-08-25 14:26:51,961 - INFO - {'symbol': 'SDPUSDT', 'price': '0.0001057'}
2023-08-25 14:26:52,358 - INFO - {'symbol': 'SDPUSDT', 'price': '0.0001057'}
2023-08-25 14:26:52,752 - INFO - {'symbol': 'SDPUSDT', 'price': '0.0001057'}
2023-08-25 14:26:53,151 - INFO - {'symbol': 'SDPUSDT', 'price': '0.0001057'}
2023-08-25 14:26:53,542 - INFO - {'symbol': 'SDPUSDT', 'price': '0.0001057'}
2023-08-25 14:26:53,940 - INFO - {'symbol': 'SDPUSDT', 'price': '0.0001057'}
2023-08-25 14:26:54,342 - INFO - {'symbol': 'SDPUSDT', 'price': '0.0001057'}
2023-08-25 14:26:54,776 - INFO - {'symbol': 'SDPUSDT', 'price': '0.0001057'}
2023-08-25 14:26:55,172 - INFO - {'symbol': 'SDPUSDT', 'price': '0.0001057'}
2023-08-25 14:26:55,568 - INFO - {'symbol': 'SDPUSDT', 'price': '0.0001057'}
2023-08-25 14:26:55,967 - INFO - {'symbol': 'SDPUSDT', 'price': '0.0001057'}
2023-08-25 14:26:56,371 - INFO - {'symbol': 'SDPUSDT', 'price': '0.0001057'}
2023-08-25 14:26:56,766 - INFO - {'symbol': 'SDPUSDT', 'price': '0.0001057'}
2023-08-25 14:26:57,179 - INFO - {'symbol': 'SDPUSDT', 'price': '0.000105'}
2023-08-25 14:26:57,577 - INFO - {'symbol': 'SDPUSDT', 'price': '0.000105'}
2023-08-25 14:26:57,984 - INFO - {'symbol': 'SDPUSDT', 'price': '0.000105'}
2023-08-25 14:26:58,387 - INFO - {'symbol': 'SDPUSDT', 'price': '0.000105'}
2023-08-25 14:26:58,790 - INFO - {'symbol': 'SDPUSDT', 'price': '0.000105'}
2023-08-25 14:26:59,188 - INFO - {'symbol': 'SDPUSDT', 'price': '0.000105'}
2023-08-25 14:26:59,582 - INFO - {'symbol': 'SDPUSDT', 'price': '0.000105'}
2023-08-25 14:26:59,975 - INFO - {'symbol': 'SDPUSDT', 'price': '0.000105'}
2023-08-25 14:27:00,386 - INFO - {'symbol': 'SDPUSDT', 'price': '0.000105'}
2023-08-25 14:27:00,777 - INFO - {'symbol': 'SDPUSDT', 'price': '0.000105'}
2023-08-25 14:27:01,173 - INFO - {'symbol': 'SDPUSDT', 'price': '0.000105'}
2023-08-25 14:27:01,572 - INFO - {'symbol': 'SDPUSDT', 'price': '0.000105'}
2023-08-25 14:27:01,984 - INFO - {'symbol': 'SDPUSDT', 'price': '0.000105'}
2023-08-25 14:27:02,370 - INFO - {'symbol': 'SDPUSDT', 'price': '0.000105'}
2023-08-25 14:27:02,756 - INFO - {'symbol': 'SDPUSDT', 'price': '0.000105'}
2023-08-25 14:27:03,147 - INFO - {'symbol': 'SDPUSDT', 'price': '0.000105'}
2023-08-25 14:27:03,539 - INFO - {'symbol': 'SDPUSDT', 'price': '0.000105'}
2023-08-25 14:27:03,936 - INFO - {'symbol': 'SDPUSDT', 'price': '0.000105'}
2023-08-25 14:27:04,331 - INFO - {'symbol': 'SDPUSDT', 'price': '0.000105'}
2023-08-25 14:27:04,717 - INFO - {'symbol': 'SDPUSDT', 'price': '0.000105'}
2023-08-25 14:27:05,111 - INFO - {'symbol': 'SDPUSDT', 'price': '0.000105'}
2023-08-25 14:27:05,513 - INFO - {'symbol': 'SDPUSDT', 'price': '0.000105'}
2023-08-25 14:27:05,903 - INFO - {'symbol': 'SDPUSDT', 'price': '0.000105'}
2023-08-25 14:27:06,304 - INFO - {'symbol': 'SDPUSDT', 'price': '0.000105'}
2023-08-25 14:27:06,697 - INFO - {'symbol': 'SDPUSDT', 'price': '0.000105'}
2023-08-25 14:27:07,088 - INFO - {'symbol': 'SDPUSDT', 'price': '0.000105'}
2023-08-25 14:27:07,491 - INFO - {'symbol': 'SDPUSDT', 'price': '0.000105'}
2023-08-25 14:27:07,888 - INFO - {'symbol': 'SDPUSDT', 'price': '0.000105'}
2023-08-25 14:27:08,277 - INFO - {'symbol': 'SDPUSDT', 'price': '0.000105'}
2023-08-25 14:27:08,664 - INFO - {'symbol': 'SDPUSDT', 'price': '0.000105'}
2023-08-25 14:27:09,055 - INFO - {'symbol': 'SDPUSDT', 'price': '0.000105'}
2023-08-25 14:27:09,440 - INFO - {'symbol': 'SDPUSDT', 'price': '0.000105'}
2023-08-25 14:27:09,845 - INFO - {'symbol': 'SDPUSDT', 'price': '0.000105'}
2023-08-25 14:27:10,236 - INFO - {'symbol': 'SDPUSDT', 'price': '0.000105'}
2023-08-25 14:27:10,639 - INFO - {'symbol': 'SDPUSDT', 'price': '0.000105'}
2023-08-25 14:27:11,044 - INFO - {'symbol': 'SDPUSDT', 'price': '0.000105'}
2023-08-25 14:27:11,431 - INFO - {'symbol': 'SDPUSDT', 'price': '0.000105'}
2023-08-25 14:27:11,820 - INFO - {'symbol': 'SDPUSDT', 'price': '0.000105'}
2023-08-25 14:27:12,211 - INFO - {'symbol': 'SDPUSDT', 'price': '0.000105'}
2023-08-25 14:27:12,550 - INFO - {'symbol': 'SDPUSDT', 'price': '0.000105'}
2023-08-25 14:27:12,938 - INFO - {'symbol': 'SDPUSDT', 'price': '0.000105'}
2023-08-25 14:27:13,329 - INFO - {'symbol': 'SDPUSDT', 'price': '0.000105'}
2023-08-25 14:27:13,721 - INFO - {'symbol': 'SDPUSDT', 'price': '0.000105'}
2023-08-25 14:27:14,124 - INFO - {'symbol': 'SDPUSDT', 'price': '0.000105'}
2023-08-25 14:27:14,526 - INFO - {'symbol': 'SDPUSDT', 'price': '0.000105'}
2023-08-25 14:27:14,920 - INFO - {'symbol': 'SDPUSDT', 'price': '0.000105'}
2023-08-25 14:27:15,327 - INFO - {'symbol': 'SDPUSDT', 'price': '0.000105'}
2023-08-25 14:27:15,723 - INFO - {'symbol': 'SDPUSDT', 'price': '0.000105'}
2023-08-25 14:27:16,118 - INFO - {'symbol': 'SDPUSDT', 'price': '0.000105'}
2023-08-25 14:27:16,540 - INFO - {'symbol': 'SDPUSDT', 'price': '0.000105'}
2023-08-25 14:27:16,923 - INFO - {'symbol': 'SDPUSDT', 'price': '0.000105'}
2023-08-25 14:27:17,316 - INFO - {'symbol': 'SDPUSDT', 'price': '0.000105'}
2023-08-25 14:27:17,709 - INFO - {'symbol': 'SDPUSDT', 'price': '0.000105'}
2023-08-25 14:27:18,110 - INFO - {'symbol': 'SDPUSDT', 'price': '0.000105'}
2023-08-25 14:27:18,503 - INFO - {'symbol': 'SDPUSDT', 'price': '0.000105'}
2023-08-25 14:27:18,898 - INFO - {'symbol': 'SDPUSDT', 'price': '0.000105'}
2023-08-25 14:27:19,287 - INFO - {'symbol': 'SDPUSDT', 'price': '0.000105'}
2023-08-25 14:27:19,685 - INFO - {'symbol': 'SDPUSDT', 'price': '0.0001014'}
2023-08-25 14:27:20,081 - INFO - {'symbol': 'SDPUSDT', 'price': '0.0001014'}
2023-08-25 14:27:20,481 - INFO - {'symbol': 'SDPUSDT', 'price': '0.0001014'}
2023-08-25 14:27:20,868 - INFO - {'symbol': 'SDPUSDT', 'price': '0.0001051'}
2023-08-25 14:27:21,287 - INFO - {'symbol': 'SDPUSDT', 'price': '0.0001051'}
2023-08-25 14:27:21,691 - INFO - {'symbol': 'SDPUSDT', 'price': '0.0001051'}
2023-08-25 14:27:22,093 - INFO - {'symbol': 'SDPUSDT', 'price': '0.0001051'}
2023-08-25 14:27:22,485 - INFO - {'symbol': 'SDPUSDT', 'price': '0.0001051'}
2023-08-25 14:27:22,901 - INFO - {'symbol': 'SDPUSDT', 'price': '0.0001051'}
2023-08-25 14:27:23,299 - INFO - {'symbol': 'SDPUSDT', 'price': '0.0001051'}
2023-08-25 14:27:23,699 - INFO - {'symbol': 'SDPUSDT', 'price': '0.0001051'}
2023-08-25 14:27:24,089 - INFO - {'symbol': 'SDPUSDT', 'price': '0.0001051'}
2023-08-25 14:27:24,494 - INFO - {'symbol': 'SDPUSDT', 'price': '0.0001051'}
2023-08-25 14:27:24,890 - INFO - {'symbol': 'SDPUSDT', 'price': '0.0001051'}
2023-08-25 14:27:25,294 - INFO - {'symbol': 'SDPUSDT', 'price': '0.0001051'}
2023-08-25 14:27:25,695 - INFO - {'symbol': 'SDPUSDT', 'price': '0.0001051'}
2023-08-25 14:27:26,104 - INFO - {'symbol': 'SDPUSDT', 'price': '0.0001051'}
2023-08-25 14:27:26,501 - INFO - {'symbol': 'SDPUSDT', 'price': '0.0001051'}
2023-08-25 14:27:26,891 - INFO - {'symbol': 'SDPUSDT', 'price': '0.0001051'}
2023-08-25 14:27:27,273 - INFO - {'symbol': 'SDPUSDT', 'price': '0.0001051'}
2023-08-25 14:27:27,668 - INFO - {'symbol': 'SDPUSDT', 'price': '0.0001051'}
2023-08-25 14:27:28,066 - INFO - {'symbol': 'SDPUSDT', 'price': '0.0001051'}
2023-08-25 14:27:28,464 - INFO - {'symbol': 'SDPUSDT', 'price': '0.0001051'}
2023-08-25 14:27:28,871 - INFO - {'symbol': 'SDPUSDT', 'price': '0.0001051'}
2023-08-25 14:27:29,268 - INFO - {'symbol': 'SDPUSDT', 'price': '0.0001051'}
2023-08-25 14:27:29,658 - INFO - {'symbol': 'SDPUSDT', 'price': '0.0001051'}
2023-08-25 14:27:30,062 - INFO - {'symbol': 'SDPUSDT', 'price': '0.0001051'}
2023-08-25 14:27:30,468 - INFO - {'symbol': 'SDPUSDT', 'price': '0.0001051'}
2023-08-25 14:27:30,859 - INFO - {'symbol': 'SDPUSDT', 'price': '0.0001051'}
2023-08-25 14:27:31,253 - INFO - {'symbol': 'SDPUSDT', 'price': '0.0001051'}
2023-08-25 14:27:31,636 - INFO - {'symbol': 'SDPUSDT', 'price': '0.0001051'}
2023-08-25 14:27:32,044 - INFO - {'symbol': 'SDPUSDT', 'price': '0.0001051'}
2023-08-25 14:27:32,448 - INFO - {'symbol': 'SDPUSDT', 'price': '0.0001051'}
2023-08-25 14:27:32,845 - INFO - {'symbol': 'SDPUSDT', 'price': '0.0001051'}
2023-08-25 14:27:33,242 - INFO - {'symbol': 'SDPUSDT', 'price': '0.0001051'}
2023-08-25 14:27:33,626 - INFO - {'symbol': 'SDPUSDT', 'price': '0.0001051'}
2023-08-25 14:27:34,023 - INFO - {'symbol': 'SDPUSDT', 'price': '0.0001051'}
2023-08-25 14:27:34,418 - INFO - {'symbol': 'SDPUSDT', 'price': '0.0001051'}
2023-08-25 14:27:34,810 - INFO - {'symbol': 'SDPUSDT', 'price': '0.0001051'}
2023-08-25 14:27:35,204 - INFO - {'symbol': 'SDPUSDT', 'price': '0.0001051'}
2023-08-25 14:27:35,639 - INFO - {'symbol': 'SDPUSDT', 'price': '0.0001051'}
2023-08-25 14:27:36,044 - INFO - {'symbol': 'SDPUSDT', 'price': '0.0001051'}
2023-08-25 14:27:36,436 - INFO - {'symbol': 'SDPUSDT', 'price': '0.0001051'}
2023-08-25 14:27:36,842 - INFO - {'symbol': 'SDPUSDT', 'price': '0.0001051'}
2023-08-25 14:27:37,243 - INFO - {'symbol': 'SDPUSDT', 'price': '0.0001051'}
2023-08-25 14:27:37,640 - INFO - {'symbol': 'SDPUSDT', 'price': '0.0001051'}
2023-08-25 14:27:38,045 - INFO - {'symbol': 'SDPUSDT', 'price': '0.0001051'}
2023-08-25 14:27:38,442 - INFO - {'symbol': 'SDPUSDT', 'price': '0.0001051'}
2023-08-25 14:27:38,843 - INFO - {'symbol': 'SDPUSDT', 'price': '0.0001051'}
2023-08-25 14:27:39,239 - INFO - {'symbol': 'SDPUSDT', 'price': '0.0001051'}
2023-08-25 14:27:39,632 - INFO - {'symbol': 'SDPUSDT', 'price': '0.0001051'}
2023-08-25 14:27:40,017 - INFO - {'symbol': 'SDPUSDT', 'price': '0.0001051'}
2023-08-25 14:27:40,431 - INFO - {'symbol': 'SDPUSDT', 'price': '0.0001051'}
2023-08-25 14:27:40,819 - INFO - {'symbol': 'SDPUSDT', 'price': '0.0001051'}
2023-08-25 14:27:41,200 - INFO - {'symbol': 'SDPUSDT', 'price': '0.0001051'}
2023-08-25 14:27:41,605 - INFO - {'symbol': 'SDPUSDT', 'price': '0.0001051'}
2023-08-25 14:27:41,999 - INFO - {'symbol': 'SDPUSDT', 'price': '0.0001051'}
2023-08-25 14:27:42,392 - INFO - {'symbol': 'SDPUSDT', 'price': '0.0001051'}
2023-08-25 14:27:42,785 - INFO - {'symbol': 'SDPUSDT', 'price': '0.0001051'}
2023-08-25 14:27:43,172 - INFO - {'symbol': 'SDPUSDT', 'price': '0.0001051'}
2023-08-25 14:27:43,559 - INFO - {'symbol': 'SDPUSDT', 'price': '0.0001051'}
2023-08-25 14:27:43,953 - INFO - {'symbol': 'SDPUSDT', 'price': '0.0001051'}
2023-08-25 14:27:44,353 - INFO - {'symbol': 'SDPUSDT', 'price': '0.0001051'}
2023-08-25 14:27:44,754 - INFO - {'symbol': 'SDPUSDT', 'price': '0.0001051'}
2023-08-25 14:27:45,156 - INFO - {'symbol': 'SDPUSDT', 'price': '0.0001051'}
2023-08-25 14:27:45,597 - INFO - {'symbol': 'SDPUSDT', 'price': '0.0001017'}
2023-08-25 14:27:45,993 - INFO - {'symbol': 'SDPUSDT', 'price': '0.0001017'}
2023-08-25 14:27:46,383 - INFO - {'symbol': 'SDPUSDT', 'price': '0.0001017'}
2023-08-25 14:27:46,800 - INFO - {'symbol': 'SDPUSDT', 'price': '0.0001017'}
2023-08-25 14:27:47,202 - INFO - {'symbol': 'SDPUSDT', 'price': '0.0001017'}
2023-08-25 14:27:47,593 - INFO - {'symbol': 'SDPUSDT', 'price': '0.0001017'}
2023-08-25 14:27:47,991 - INFO - {'symbol': 'SDPUSDT', 'price': '0.0001017'}
2023-08-25 14:27:48,397 - INFO - {'symbol': 'SDPUSDT', 'price': '0.0001017'}
2023-08-25 14:27:48,793 - INFO - {'symbol': 'SDPUSDT', 'price': '0.0001017'}
2023-08-25 14:27:49,182 - INFO - {'symbol': 'SDPUSDT', 'price': '0.0001017'}
2023-08-25 14:27:49,569 - INFO - {'symbol': 'SDPUSDT', 'price': '0.0001017'}
2023-08-25 14:27:49,964 - INFO - {'symbol': 'SDPUSDT', 'price': '0.0001017'}
2023-08-25 14:27:50,373 - INFO - {'symbol': 'SDPUSDT', 'price': '0.0001017'}
2023-08-25 14:27:50,776 - INFO - {'symbol': 'SDPUSDT', 'price': '0.0001017'}
2023-08-25 14:27:51,179 - INFO - {'symbol': 'SDPUSDT', 'price': '0.0001017'}
2023-08-25 14:27:51,591 - INFO - {'symbol': 'SDPUSDT', 'price': '0.0001017'}
2023-08-25 14:27:52,003 - INFO - {'symbol': 'SDPUSDT', 'price': '0.0001017'}
2023-08-25 14:27:52,409 - INFO - {'symbol': 'SDPUSDT', 'price': '0.000104'}
2023-08-25 14:27:52,797 - INFO - {'symbol': 'SDPUSDT', 'price': '0.000104'}
2023-08-25 14:27:53,193 - INFO - {'symbol': 'SDPUSDT', 'price': '0.000104'}
2023-08-25 14:27:53,576 - INFO - {'symbol': 'SDPUSDT', 'price': '0.000104'}
2023-08-25 14:27:53,977 - INFO - {'symbol': 'SDPUSDT', 'price': '0.0001017'}
2023-08-25 14:27:54,376 - INFO - {'symbol': 'SDPUSDT', 'price': '0.0001017'}
2023-08-25 14:27:54,781 - INFO - {'symbol': 'SDPUSDT', 'price': '0.0001017'}
2023-08-25 14:27:55,184 - INFO - {'symbol': 'SDPUSDT', 'price': '0.0001017'}
2023-08-25 14:27:55,580 - INFO - {'symbol': 'SDPUSDT', 'price': '0.0001017'}
2023-08-25 14:27:55,967 - INFO - {'symbol': 'SDPUSDT', 'price': '0.0001017'}
2023-08-25 14:27:56,401 - INFO - {'symbol': 'SDPUSDT', 'price': '0.0001017'}
2023-08-25 14:27:56,795 - INFO - {'symbol': 'SDPUSDT', 'price': '0.0001017'}
2023-08-25 14:27:57,187 - INFO - {'symbol': 'SDPUSDT', 'price': '0.0001017'}
2023-08-25 14:27:57,587 - INFO - {'symbol': 'SDPUSDT', 'price': '0.0001017'}
2023-08-25 14:27:58,020 - INFO - {'symbol': 'SDPUSDT', 'price': '0.0001017'}
2023-08-25 14:27:58,425 - INFO - {'symbol': 'SDPUSDT', 'price': '0.0001017'}
2023-08-25 14:27:58,814 - INFO - {'symbol': 'SDPUSDT', 'price': '0.0001017'}
2023-08-25 14:27:59,216 - INFO - {'symbol': 'SDPUSDT', 'price': '0.0001017'}
2023-08-25 14:27:59,614 - INFO - {'symbol': 'SDPUSDT', 'price': '0.0001017'}
2023-08-25 14:28:00,009 - INFO - {'symbol': 'SDPUSDT', 'price': '0.0001017'}
2023-08-25 14:28:00,410 - INFO - {'symbol': 'SDPUSDT', 'price': '0.0001017'}
2023-08-25 14:28:00,805 - INFO - {'symbol': 'SDPUSDT', 'price': '0.0001017'}
2023-08-25 14:28:01,204 - INFO - {'symbol': 'SDPUSDT', 'price': '0.0001017'}
2023-08-25 14:28:01,616 - INFO - {'symbol': 'SDPUSDT', 'price': '0.0001017'}
2023-08-25 14:28:02,041 - INFO - {'symbol': 'SDPUSDT', 'price': '0.0001017'}
2023-08-25 14:28:02,451 - INFO - {'symbol': 'SDPUSDT', 'price': '0.0001017'}
2023-08-25 14:28:02,855 - INFO - {'symbol': 'SDPUSDT', 'price': '0.0001017'}
2023-08-25 14:28:03,249 - INFO - {'symbol': 'SDPUSDT', 'price': '0.0001017'}
2023-08-25 14:28:03,649 - INFO - {'symbol': 'SDPUSDT', 'price': '0.0001017'}
2023-08-25 14:28:04,040 - INFO - {'symbol': 'SDPUSDT', 'price': '0.0001017'}
2023-08-25 14:28:04,435 - INFO - {'symbol': 'SDPUSDT', 'price': '0.0001017'}
2023-08-25 14:28:04,829 - INFO - {'symbol': 'SDPUSDT', 'price': '0.0001017'}
2023-08-25 14:28:05,208 - INFO - {'symbol': 'SDPUSDT', 'price': '0.0001017'}
2023-08-25 14:28:05,608 - INFO - {'symbol': 'SDPUSDT', 'price': '0.0001017'}
2023-08-25 14:28:06,004 - INFO - {'symbol': 'SDPUSDT', 'price': '0.0001017'}
2023-08-25 14:28:06,399 - INFO - {'symbol': 'SDPUSDT', 'price': '0.0001017'}
2023-08-25 14:28:06,791 - INFO - {'symbol': 'SDPUSDT', 'price': '0.0001017'}
2023-08-25 14:28:07,197 - INFO - {'symbol': 'SDPUSDT', 'price': '0.0001017'}
2023-08-25 14:28:07,576 - INFO - {'symbol': 'SDPUSDT', 'price': '0.0001017'}
2023-08-25 14:28:07,963 - INFO - {'symbol': 'SDPUSDT', 'price': '0.0001017'}
2023-08-25 14:28:08,366 - INFO - {'symbol': 'SDPUSDT', 'price': '0.0001017'}
2023-08-25 14:28:08,761 - INFO - {'symbol': 'SDPUSDT', 'price': '0.0001017'}
2023-08-25 14:28:09,153 - INFO - {'symbol': 'SDPUSDT', 'price': '0.0001022'}
2023-08-25 14:28:09,547 - INFO - {'symbol': 'SDPUSDT', 'price': '0.0001022'}
2023-08-25 14:28:09,927 - INFO - {'symbol': 'SDPUSDT', 'price': '0.0001022'}
2023-08-25 14:28:10,325 - INFO - {'symbol': 'SDPUSDT', 'price': '0.0001022'}
2023-08-25 14:28:10,727 - INFO - {'symbol': 'SDPUSDT', 'price': '0.0001022'}
2023-08-25 14:28:11,130 - INFO - {'symbol': 'SDPUSDT', 'price': '0.0001022'}
2023-08-25 14:28:11,523 - INFO - {'symbol': 'SDPUSDT', 'price': '0.0001022'}
2023-08-25 14:28:11,918 - INFO - {'symbol': 'SDPUSDT', 'price': '0.0001022'}
2023-08-25 14:28:12,312 - INFO - {'symbol': 'SDPUSDT', 'price': '0.0001022'}
2023-08-25 14:28:12,712 - INFO - {'symbol': 'SDPUSDT', 'price': '0.0001015'}
2023-08-25 14:28:13,111 - INFO - {'symbol': 'SDPUSDT', 'price': '0.0001015'}
2023-08-25 14:28:13,519 - INFO - {'symbol': 'SDPUSDT', 'price': '0.0001015'}
2023-08-25 14:28:13,922 - INFO - {'symbol': 'SDPUSDT', 'price': '0.0001015'}
2023-08-25 14:28:14,321 - INFO - {'symbol': 'SDPUSDT', 'price': '0.0001015'}
2023-08-25 14:28:14,718 - INFO - {'symbol': 'SDPUSDT', 'price': '0.0001015'}
2023-08-25 14:28:15,102 - INFO - {'symbol': 'SDPUSDT', 'price': '0.0001015'}
2023-08-25 14:28:15,491 - INFO - {'symbol': 'SDPUSDT', 'price': '0.0001015'}
2023-08-25 14:28:15,888 - INFO - {'symbol': 'SDPUSDT', 'price': '0.0001015'}
2023-08-25 14:28:16,290 - INFO - {'symbol': 'SDPUSDT', 'price': '0.0001015'}
2023-08-25 14:28:16,682 - INFO - {'symbol': 'SDPUSDT', 'price': '0.0001015'}
2023-08-25 14:28:17,074 - INFO - {'symbol': 'SDPUSDT', 'price': '0.0001015'}
2023-08-25 14:28:17,466 - INFO - {'symbol': 'SDPUSDT', 'price': '0.0001015'}
2023-08-25 14:28:17,852 - INFO - {'symbol': 'SDPUSDT', 'price': '0.0001015'}
2023-08-25 14:28:18,241 - INFO - {'symbol': 'SDPUSDT', 'price': '0.0001015'}
2023-08-25 14:28:18,651 - INFO - {'symbol': 'SDPUSDT', 'price': '0.0001015'}
2023-08-25 14:28:19,042 - INFO - {'symbol': 'SDPUSDT', 'price': '0.0001015'}
2023-08-25 14:28:19,438 - INFO - {'symbol': 'SDPUSDT', 'price': '0.0001015'}
2023-08-25 14:28:19,831 - INFO - {'symbol': 'SDPUSDT', 'price': '0.0001015'}
2023-08-25 14:28:20,234 - INFO - {'symbol': 'SDPUSDT', 'price': '0.0001015'}
2023-08-25 14:28:20,661 - INFO - {'symbol': 'SDPUSDT', 'price': '0.0001015'}
2023-08-25 14:28:21,066 - INFO - {'symbol': 'SDPUSDT', 'price': '0.0001015'}
2023-08-25 14:28:21,461 - INFO - {'symbol': 'SDPUSDT', 'price': '0.0001015'}
2023-08-25 14:28:21,849 - INFO - {'symbol': 'SDPUSDT', 'price': '0.0001015'}
2023-08-25 14:28:22,245 - INFO - {'symbol': 'SDPUSDT', 'price': '0.0001015'}
2023-08-25 14:28:22,653 - INFO - {'symbol': 'SDPUSDT', 'price': '0.0001015'}
2023-08-25 14:28:23,039 - INFO - {'symbol': 'SDPUSDT', 'price': '0.0001015'}
2023-08-25 14:28:23,435 - INFO - {'symbol': 'SDPUSDT', 'price': '0.0001015'}
2023-08-25 14:28:23,825 - INFO - {'symbol': 'SDPUSDT', 'price': '0.0001015'}
2023-08-25 14:28:24,208 - INFO - {'symbol': 'SDPUSDT', 'price': '0.0001'}
2023-08-25 14:28:24,597 - INFO - {'symbol': 'SDPUSDT', 'price': '0.0001'}
2023-08-25 14:28:24,983 - INFO - {'symbol': 'SDPUSDT', 'price': '0.0001'}
2023-08-25 14:28:25,417 - INFO - {'symbol': 'SDPUSDT', 'price': '0.0001'}
2023-08-25 14:28:25,812 - INFO - {'symbol': 'SDPUSDT', 'price': '0.0001'}
2023-08-25 14:28:26,201 - INFO - {'symbol': 'SDPUSDT', 'price': '0.0001'}
2023-08-25 14:28:26,585 - INFO - {'symbol': 'SDPUSDT', 'price': '0.0001'}
2023-08-25 14:28:26,988 - INFO - {'symbol': 'SDPUSDT', 'price': '0.0001'}
2023-08-25 14:28:27,378 - INFO - {'symbol': 'SDPUSDT', 'price': '0.0001'}
2023-08-25 14:28:27,768 - INFO - {'symbol': 'SDPUSDT', 'price': '0.0001'}
2023-08-25 14:28:28,176 - INFO - {'symbol': 'SDPUSDT', 'price': '0.0001'}
2023-08-25 14:28:28,563 - INFO - {'symbol': 'SDPUSDT', 'price': '0.0001'}
2023-08-25 14:28:28,958 - INFO - {'symbol': 'SDPUSDT', 'price': '0.0001'}
2023-08-25 14:28:29,355 - INFO - {'symbol': 'SDPUSDT', 'price': '0.0001'}
2023-08-25 14:28:29,753 - INFO - {'symbol': 'SDPUSDT', 'price': '0.0001'}
2023-08-25 14:28:30,167 - INFO - {'symbol': 'SDPUSDT', 'price': '0.0001'}
2023-08-25 14:28:30,581 - INFO - {'symbol': 'SDPUSDT', 'price': '0.0001'}
2023-08-25 14:28:30,972 - INFO - {'symbol': 'SDPUSDT', 'price': '0.000094'}
2023-08-25 14:28:31,376 - INFO - {'symbol': 'SDPUSDT', 'price': '0.0000931'}
2023-08-25 14:28:31,761 - INFO - {'symbol': 'SDPUSDT', 'price': '0.0000931'}
2023-08-25 14:28:32,153 - INFO - {'symbol': 'SDPUSDT', 'price': '0.0000931'}
2023-08-25 14:28:32,540 - INFO - {'symbol': 'SDPUSDT', 'price': '0.0000931'}
2023-08-25 14:28:32,942 - INFO - {'symbol': 'SDPUSDT', 'price': '0.0000931'}
2023-08-25 14:28:33,341 - INFO - {'symbol': 'SDPUSDT', 'price': '0.0000931'}
2023-08-25 14:28:33,731 - INFO - {'symbol': 'SDPUSDT', 'price': '0.0000931'}
2023-08-25 14:28:34,137 - INFO - {'symbol': 'SDPUSDT', 'price': '0.0000931'}
2023-08-25 14:28:34,523 - INFO - {'symbol': 'SDPUSDT', 'price': '0.0000931'}
2023-08-25 14:28:34,933 - INFO - {'symbol': 'SDPUSDT', 'price': '0.0000931'}
2023-08-25 14:28:35,327 - INFO - {'symbol': 'SDPUSDT', 'price': '0.0000931'}
2023-08-25 14:28:35,735 - INFO - {'symbol': 'SDPUSDT', 'price': '0.0000931'}
2023-08-25 14:28:36,125 - INFO - {'symbol': 'SDPUSDT', 'price': '0.0000931'}
2023-08-25 14:28:36,519 - INFO - {'symbol': 'SDPUSDT', 'price': '0.0000931'}
2023-08-25 14:28:36,961 - INFO - {'symbol': 'SDPUSDT', 'price': '0.0000931'}
2023-08-25 14:28:37,361 - INFO - {'symbol': 'SDPUSDT', 'price': '0.0000931'}
2023-08-25 14:28:37,797 - INFO - {'symbol': 'SDPUSDT', 'price': '0.0000931'}
2023-08-25 14:28:38,191 - INFO - {'symbol': 'SDPUSDT', 'price': '0.0000931'}
2023-08-25 14:28:38,573 - INFO - {'symbol': 'SDPUSDT', 'price': '0.0000931'}
2023-08-25 14:28:38,972 - INFO - {'symbol': 'SDPUSDT', 'price': '0.0000931'}
2023-08-25 14:28:39,388 - INFO - {'symbol': 'SDPUSDT', 'price': '0.0000931'}
2023-08-25 14:28:39,775 - INFO - {'symbol': 'SDPUSDT', 'price': '0.0000931'}
2023-08-25 14:28:40,169 - INFO - {'symbol': 'SDPUSDT', 'price': '0.0000931'}
2023-08-25 14:28:40,620 - INFO - {'symbol': 'SDPUSDT', 'price': '0.0000931'}
2023-08-25 14:28:41,016 - INFO - {'symbol': 'SDPUSDT', 'price': '0.0000931'}
2023-08-25 14:28:41,400 - INFO - {'symbol': 'SDPUSDT', 'price': '0.0000931'}
2023-08-25 14:28:41,800 - INFO - {'symbol': 'SDPUSDT', 'price': '0.0000931'}
2023-08-25 14:28:42,192 - INFO - {'symbol': 'SDPUSDT', 'price': '0.0000932'}
2023-08-25 14:28:42,584 - INFO - {'symbol': 'SDPUSDT', 'price': '0.0000932'}
2023-08-25 14:28:42,983 - INFO - {'symbol': 'SDPUSDT', 'price': '0.0000932'}
2023-08-25 14:28:43,469 - INFO - {'symbol': 'SDPUSDT', 'price': '0.0000932'}
2023-08-25 14:28:43,861 - INFO - {'symbol': 'SDPUSDT', 'price': '0.0000932'}
2023-08-25 14:28:44,253 - INFO - {'symbol': 'SDPUSDT', 'price': '0.0000932'}
2023-08-25 14:28:44,638 - INFO - {'symbol': 'SDPUSDT', 'price': '0.0000932'}
2023-08-25 14:28:45,046 - INFO - {'symbol': 'SDPUSDT', 'price': '0.0000932'}
2023-08-25 14:28:45,446 - INFO - {'symbol': 'SDPUSDT', 'price': '0.0000932'}
2023-08-25 14:28:45,845 - INFO - {'symbol': 'SDPUSDT', 'price': '0.0000932'}
2023-08-25 14:28:46,236 - INFO - {'symbol': 'SDPUSDT', 'price': '0.0000931'}
2023-08-25 14:28:46,630 - INFO - {'symbol': 'SDPUSDT', 'price': '0.0000932'}
2023-08-25 14:28:47,032 - INFO - {'symbol': 'SDPUSDT', 'price': '0.0000931'}
2023-08-25 14:28:47,427 - INFO - {'symbol': 'SDPUSDT', 'price': '0.0000931'}
2023-08-25 14:28:47,821 - INFO - {'symbol': 'SDPUSDT', 'price': '0.00009'}
2023-08-25 14:28:48,239 - INFO - {'symbol': 'SDPUSDT', 'price': '0.00009'}
2023-08-25 14:28:48,664 - INFO - {'symbol': 'SDPUSDT', 'price': '0.00009'}
2023-08-25 14:28:49,079 - INFO - {'symbol': 'SDPUSDT', 'price': '0.00009'}
2023-08-25 14:28:49,466 - INFO - {'symbol': 'SDPUSDT', 'price': '0.00009'}
2023-08-25 14:28:49,903 - INFO - {'symbol': 'SDPUSDT', 'price': '0.00009'}
2023-08-25 14:28:50,316 - INFO - {'symbol': 'SDPUSDT', 'price': '0.00009'}
2023-08-25 14:28:50,718 - INFO - {'symbol': 'SDPUSDT', 'price': '0.00009'}
2023-08-25 14:28:51,114 - INFO - {'symbol': 'SDPUSDT', 'price': '0.00009'}
2023-08-25 14:28:51,518 - INFO - {'symbol': 'SDPUSDT', 'price': '0.0000836'}
2023-08-25 14:28:51,910 - INFO - {'symbol': 'SDPUSDT', 'price': '0.0000836'}
2023-08-25 14:28:52,317 - INFO - {'symbol': 'SDPUSDT', 'price': '0.00009'}
2023-08-25 14:28:52,705 - INFO - {'symbol': 'SDPUSDT', 'price': '0.0000836'}
2023-08-25 14:28:53,099 - INFO - {'symbol': 'SDPUSDT', 'price': '0.0000836'}
2023-08-25 14:28:53,489 - INFO - {'symbol': 'SDPUSDT', 'price': '0.0000836'}
2023-08-25 14:28:53,893 - INFO - {'symbol': 'SDPUSDT', 'price': '0.0000836'}
2023-08-25 14:28:54,279 - INFO - {'symbol': 'SDPUSDT', 'price': '0.0000836'}
2023-08-25 14:28:54,675 - INFO - {'symbol': 'SDPUSDT', 'price': '0.0000836'}
2023-08-25 14:28:55,076 - INFO - {'symbol': 'SDPUSDT', 'price': '0.0000836'}
2023-08-25 14:28:55,492 - INFO - {'symbol': 'SDPUSDT', 'price': '0.0000836'}
2023-08-25 14:28:55,882 - INFO - {'symbol': 'SDPUSDT', 'price': '0.0000836'}
2023-08-25 14:28:56,328 - INFO - {'symbol': 'SDPUSDT', 'price': '0.0000836'}
2023-08-25 14:28:56,728 - INFO - {'symbol': 'SDPUSDT', 'price': '0.0000836'}
2023-08-25 14:28:57,131 - INFO - {'symbol': 'SDPUSDT', 'price': '0.0000836'}
2023-08-25 14:28:57,516 - INFO - {'symbol': 'SDPUSDT', 'price': '0.0000836'}
2023-08-25 14:28:57,914 - INFO - {'symbol': 'SDPUSDT', 'price': '0.0000836'}
2023-08-25 14:28:58,312 - INFO - {'symbol': 'SDPUSDT', 'price': '0.0000836'}
2023-08-25 14:28:58,702 - INFO - {'symbol': 'SDPUSDT', 'price': '0.0000836'}
2023-08-25 14:28:59,104 - INFO - {'symbol': 'SDPUSDT', 'price': '0.0000836'}
2023-08-25 14:28:59,506 - INFO - {'symbol': 'SDPUSDT', 'price': '0.0000836'}
2023-08-25 14:28:59,920 - INFO - {'symbol': 'SDPUSDT', 'price': '0.0000836'}
2023-08-25 14:29:00,340 - INFO - {'symbol': 'SDPUSDT', 'price': '0.0000836'}
2023-08-25 14:29:00,724 - INFO - {'symbol': 'SDPUSDT', 'price': '0.0000836'}
2023-08-25 14:29:01,116 - INFO - {'symbol': 'SDPUSDT', 'price': '0.0000836'}
2023-08-25 14:29:01,518 - INFO - {'symbol': 'SDPUSDT', 'price': '0.0000836'}
2023-08-25 14:29:01,950 - INFO - {'symbol': 'SDPUSDT', 'price': '0.0000836'}
2023-08-25 14:29:02,353 - INFO - {'symbol': 'SDPUSDT', 'price': '0.0000836'}
2023-08-25 14:29:02,758 - INFO - {'symbol': 'SDPUSDT', 'price': '0.0000836'}
2023-08-25 14:29:03,159 - INFO - {'symbol': 'SDPUSDT', 'price': '0.0000836'}
2023-08-25 14:29:03,569 - INFO - {'symbol': 'SDPUSDT', 'price': '0.0000836'}
2023-08-25 14:29:03,969 - INFO - {'symbol': 'SDPUSDT', 'price': '0.0000836'}
2023-08-25 14:29:04,394 - INFO - {'symbol': 'SDPUSDT', 'price': '0.0000836'}
2023-08-25 14:29:04,788 - INFO - {'symbol': 'SDPUSDT', 'price': '0.0000836'}
2023-08-25 14:29:05,179 - INFO - {'symbol': 'SDPUSDT', 'price': '0.0000836'}
2023-08-25 14:29:05,600 - INFO - {'symbol': 'SDPUSDT', 'price': '0.0000836'}
2023-08-25 14:29:05,991 - INFO - {'symbol': 'SDPUSDT', 'price': '0.0000836'}
2023-08-25 14:29:06,391 - INFO - {'symbol': 'SDPUSDT', 'price': '0.0000836'}
2023-08-25 14:29:06,802 - INFO - {'symbol': 'SDPUSDT', 'price': '0.0000836'}
2023-08-25 14:29:07,200 - INFO - {'symbol': 'SDPUSDT', 'price': '0.0000836'}
2023-08-25 14:29:07,610 - INFO - {'symbol': 'SDPUSDT', 'price': '0.000086'}
2023-08-25 14:29:08,011 - INFO - {'symbol': 'SDPUSDT', 'price': '0.000086'}
2023-08-25 14:29:08,415 - INFO - {'symbol': 'SDPUSDT', 'price': '0.000086'}
2023-08-25 14:29:08,800 - INFO - {'symbol': 'SDPUSDT', 'price': '0.000086'}
2023-08-25 14:29:09,196 - INFO - {'symbol': 'SDPUSDT', 'price': '0.000086'}
2023-08-25 14:29:09,591 - INFO - {'symbol': 'SDPUSDT', 'price': '0.000086'}
2023-08-25 14:29:09,996 - INFO - {'symbol': 'SDPUSDT', 'price': '0.000086'}
2023-08-25 14:29:10,413 - INFO - {'symbol': 'SDPUSDT', 'price': '0.000086'}
2023-08-25 14:29:10,833 - INFO - {'symbol': 'SDPUSDT', 'price': '0.000086'}
2023-08-25 14:29:11,228 - INFO - {'symbol': 'SDPUSDT', 'price': '0.000086'}
2023-08-25 14:29:11,614 - INFO - {'symbol': 'SDPUSDT', 'price': '0.000086'}
2023-08-25 14:29:12,011 - INFO - {'symbol': 'SDPUSDT', 'price': '0.000086'}
2023-08-25 14:29:12,409 - INFO - {'symbol': 'SDPUSDT', 'price': '0.000086'}
2023-08-25 14:29:12,815 - INFO - {'symbol': 'SDPUSDT', 'price': '0.000086'}
2023-08-25 14:29:13,213 - INFO - {'symbol': 'SDPUSDT', 'price': '0.000086'}
2023-08-25 14:29:13,611 - INFO - {'symbol': 'SDPUSDT', 'price': '0.000086'}
2023-08-25 14:29:14,011 - INFO - {'symbol': 'SDPUSDT', 'price': '0.000086'}
2023-08-25 14:29:14,408 - INFO - {'symbol': 'SDPUSDT', 'price': '0.000086'}
2023-08-25 14:29:14,805 - INFO - {'symbol': 'SDPUSDT', 'price': '0.000086'}
2023-08-25 14:29:15,204 - INFO - {'symbol': 'SDPUSDT', 'price': '0.000086'}
2023-08-25 14:29:15,619 - INFO - {'symbol': 'SDPUSDT', 'price': '0.000085'}
2023-08-25 14:29:16,022 - INFO - {'symbol': 'SDPUSDT', 'price': '0.000085'}
2023-08-25 14:29:16,419 - INFO - {'symbol': 'SDPUSDT', 'price': '0.000085'}
2023-08-25 14:29:16,811 - INFO - {'symbol': 'SDPUSDT', 'price': '0.000085'}
2023-08-25 14:29:17,228 - INFO - {'symbol': 'SDPUSDT', 'price': '0.000085'}
2023-08-25 14:29:17,634 - INFO - {'symbol': 'SDPUSDT', 'price': '0.000085'}
2023-08-25 14:29:18,041 - INFO - {'symbol': 'SDPUSDT', 'price': '0.000085'}
2023-08-25 14:29:18,438 - INFO - {'symbol': 'SDPUSDT', 'price': '0.000085'}
2023-08-25 14:29:18,818 - INFO - {'symbol': 'SDPUSDT', 'price': '0.000085'}
2023-08-25 14:29:19,225 - INFO - {'symbol': 'SDPUSDT', 'price': '0.000085'}
2023-08-25 14:29:19,808 - INFO - {'symbol': 'SDPUSDT', 'price': '0.000085'}
2023-08-25 14:29:20,205 - INFO - {'symbol': 'SDPUSDT', 'price': '0.000085'}
2023-08-25 14:29:20,661 - INFO - {'symbol': 'SDPUSDT', 'price': '0.000085'}
2023-08-25 14:29:21,050 - INFO - {'symbol': 'SDPUSDT', 'price': '0.000085'}
2023-08-25 14:29:21,443 - INFO - {'symbol': 'SDPUSDT', 'price': '0.000085'}
2023-08-25 14:29:21,858 - INFO - {'symbol': 'SDPUSDT', 'price': '0.000085'}
2023-08-25 14:29:22,267 - INFO - {'symbol': 'SDPUSDT', 'price': '0.000085'}
2023-08-25 14:29:22,664 - INFO - {'symbol': 'SDPUSDT', 'price': '0.0001119'}
2023-08-25 14:29:23,138 - INFO - {'symbol': 'SDPUSDT', 'price': '0.000085'}
2023-08-25 14:29:23,563 - INFO - {'symbol': 'SDPUSDT', 'price': '0.0001119'}
2023-08-25 14:29:23,957 - INFO - {'symbol': 'SDPUSDT', 'price': '0.0001119'}
2023-08-25 14:29:24,356 - INFO - {'symbol': 'SDPUSDT', 'price': '0.0001119'}
2023-08-25 14:29:25,250 - INFO - {'symbol': 'SDPUSDT', 'price': '0.0001119'}
2023-08-25 14:29:25,654 - INFO - {'symbol': 'SDPUSDT', 'price': '0.0001119'}
2023-08-25 14:29:26,080 - INFO - {'symbol': 'SDPUSDT', 'price': '0.0001166'}
2023-08-25 14:29:26,480 - INFO - {'symbol': 'SDPUSDT', 'price': '0.0001166'}
2023-08-25 14:29:26,917 - INFO - {'symbol': 'SDPUSDT', 'price': '0.0001166'}
2023-08-25 14:29:27,366 - INFO - {'symbol': 'SDPUSDT', 'price': '0.0001166'}
2023-08-25 14:29:27,767 - INFO - {'symbol': 'SDPUSDT', 'price': '0.0001166'}
2023-08-25 14:29:28,175 - INFO - {'symbol': 'SDPUSDT', 'price': '0.0001166'}
2023-08-25 14:29:28,571 - INFO - {'symbol': 'SDPUSDT', 'price': '0.0001166'}
2023-08-25 14:29:28,970 - INFO - {'symbol': 'SDPUSDT', 'price': '0.0001166'}
2023-08-25 14:29:29,454 - INFO - {'symbol': 'SDPUSDT', 'price': '0.0001166'}
2023-08-25 14:29:29,842 - INFO - {'symbol': 'SDPUSDT', 'price': '0.0001166'}
2023-08-25 14:29:30,237 - INFO - {'symbol': 'SDPUSDT', 'price': '0.0001166'}
2023-08-25 14:29:30,625 - INFO - {'symbol': 'SDPUSDT', 'price': '0.0001166'}
2023-08-25 14:29:31,022 - INFO - {'symbol': 'SDPUSDT', 'price': '0.0001166'}
2023-08-25 14:29:31,459 - INFO - {'symbol': 'SDPUSDT', 'price': '0.0001166'}
2023-08-25 14:29:31,863 - INFO - {'symbol': 'SDPUSDT', 'price': '0.000111'}
2023-08-25 14:29:32,260 - INFO - {'symbol': 'SDPUSDT', 'price': '0.000111'}
2023-08-25 14:29:32,652 - INFO - {'symbol': 'SDPUSDT', 'price': '0.000111'}
2023-08-25 14:29:33,083 - INFO - {'symbol': 'SDPUSDT', 'price': '0.000111'}
2023-08-25 14:29:33,471 - INFO - {'symbol': 'SDPUSDT', 'price': '0.000111'}
2023-08-25 14:29:33,858 - INFO - {'symbol': 'SDPUSDT', 'price': '0.000111'}
2023-08-25 14:29:34,249 - INFO - {'symbol': 'SDPUSDT', 'price': '0.000111'}
2023-08-25 14:29:34,653 - INFO - {'symbol': 'SDPUSDT', 'price': '0.000111'}
2023-08-25 14:29:35,045 - INFO - {'symbol': 'SDPUSDT', 'price': '0.000111'}
2023-08-25 14:29:35,492 - INFO - {'symbol': 'SDPUSDT', 'price': '0.000111'}
2023-08-25 14:29:35,882 - INFO - {'symbol': 'SDPUSDT', 'price': '0.000111'}
2023-08-25 14:29:36,264 - INFO - {'symbol': 'SDPUSDT', 'price': '0.000111'}
2023-08-25 14:29:36,705 - INFO - {'symbol': 'SDPUSDT', 'price': '0.000111'}
2023-08-25 14:29:37,138 - INFO - {'symbol': 'SDPUSDT', 'price': '0.000111'}
2023-08-25 14:29:37,541 - INFO - {'symbol': 'SDPUSDT', 'price': '0.000111'}
2023-08-25 14:29:37,936 - INFO - {'symbol': 'SDPUSDT', 'price': '0.000111'}
2023-08-25 14:29:38,328 - INFO - {'symbol': 'SDPUSDT', 'price': '0.000111'}
2023-08-25 14:29:38,762 - INFO - {'symbol': 'SDPUSDT', 'price': '0.000111'}
2023-08-25 14:29:39,152 - INFO - {'symbol': 'SDPUSDT', 'price': '0.000111'}
2023-08-25 14:29:39,542 - INFO - {'symbol': 'SDPUSDT', 'price': '0.000111'}
2023-08-25 14:29:39,955 - INFO - {'symbol': 'SDPUSDT', 'price': '0.000111'}
2023-08-25 14:29:40,372 - INFO - {'symbol': 'SDPUSDT', 'price': '0.000111'}
2023-08-25 14:29:40,756 - INFO - {'symbol': 'SDPUSDT', 'price': '0.000111'}
2023-08-25 14:29:41,158 - INFO - {'symbol': 'SDPUSDT', 'price': '0.000111'}
2023-08-25 14:29:41,569 - INFO - {'symbol': 'SDPUSDT', 'price': '0.000111'}
2023-08-25 14:29:41,962 - INFO - {'symbol': 'SDPUSDT', 'price': '0.000111'}
2023-08-25 14:29:42,349 - INFO - {'symbol': 'SDPUSDT', 'price': '0.000111'}
2023-08-25 14:29:42,751 - INFO - {'symbol': 'SDPUSDT', 'price': '0.000111'}
2023-08-25 14:29:43,150 - INFO - {'symbol': 'SDPUSDT', 'price': '0.000111'}
2023-08-25 14:29:43,538 - INFO - {'symbol': 'SDPUSDT', 'price': '0.000111'}
2023-08-25 14:29:43,929 - INFO - {'symbol': 'SDPUSDT', 'price': '0.000111'}
2023-08-25 14:29:44,335 - INFO - {'symbol': 'SDPUSDT', 'price': '0.000111'}
2023-08-25 14:29:44,731 - INFO - {'symbol': 'SDPUSDT', 'price': '0.000111'}
2023-08-25 14:29:45,126 - INFO - {'symbol': 'SDPUSDT', 'price': '0.000111'}
2023-08-25 14:29:45,575 - INFO - {'symbol': 'SDPUSDT', 'price': '0.000111'}
2023-08-25 14:29:45,981 - INFO - {'symbol': 'SDPUSDT', 'price': '0.000111'}
2023-08-25 14:29:46,363 - INFO - {'symbol': 'SDPUSDT', 'price': '0.000111'}
2023-08-25 14:29:46,752 - INFO - {'symbol': 'SDPUSDT', 'price': '0.000111'}
2023-08-25 14:29:47,138 - INFO - {'symbol': 'SDPUSDT', 'price': '0.000111'}
2023-08-25 14:29:47,542 - INFO - {'symbol': 'SDPUSDT', 'price': '0.000111'}
2023-08-25 14:29:47,935 - INFO - {'symbol': 'SDPUSDT', 'price': '0.000111'}
2023-08-25 14:29:48,329 - INFO - {'symbol': 'SDPUSDT', 'price': '0.000111'}
2023-08-25 14:29:48,732 - INFO - {'symbol': 'SDPUSDT', 'price': '0.000111'}
2023-08-25 14:29:49,120 - INFO - {'symbol': 'SDPUSDT', 'price': '0.000111'}
2023-08-25 14:29:49,556 - INFO - {'symbol': 'SDPUSDT', 'price': '0.000111'}
2023-08-25 14:29:49,941 - INFO - {'symbol': 'SDPUSDT', 'price': '0.000111'}
2023-08-25 14:29:50,334 - INFO - {'symbol': 'SDPUSDT', 'price': '0.000111'}
2023-08-25 14:29:50,727 - INFO - {'symbol': 'SDPUSDT', 'price': '0.000111'}
2023-08-25 14:29:51,128 - INFO - {'symbol': 'SDPUSDT', 'price': '0.000111'}
2023-08-25 14:29:51,523 - INFO - {'symbol': 'SDPUSDT', 'price': '0.000111'}
2023-08-25 14:29:51,930 - INFO - {'symbol': 'SDPUSDT', 'price': '0.000111'}
2023-08-25 14:29:52,291 - INFO - {'symbol': 'SDPUSDT', 'price': '0.000111'}
2023-08-25 14:29:52,686 - INFO - {'symbol': 'SDPUSDT', 'price': '0.000111'}
2023-08-25 14:29:53,095 - INFO - {'symbol': 'SDPUSDT', 'price': '0.000111'}
2023-08-25 14:29:53,497 - INFO - {'symbol': 'SDPUSDT', 'price': '0.000094'}
2023-08-25 14:29:53,915 - INFO - {'symbol': 'SDPUSDT', 'price': '0.000094'}
2023-08-25 14:29:54,318 - INFO - {'symbol': 'SDPUSDT', 'price': '0.000111'}
2023-08-25 14:29:54,704 - INFO - {'symbol': 'SDPUSDT', 'price': '0.000095'}
2023-08-25 14:29:55,128 - INFO - {'symbol': 'SDPUSDT', 'price': '0.000095'}
2023-08-25 14:29:55,512 - INFO - {'symbol': 'SDPUSDT', 'price': '0.000095'}
2023-08-25 14:29:55,912 - INFO - {'symbol': 'SDPUSDT', 'price': '0.000095'}
2023-08-25 14:29:56,310 - INFO - {'symbol': 'SDPUSDT', 'price': '0.000095'}
2023-08-25 14:29:56,704 - INFO - {'symbol': 'SDPUSDT', 'price': '0.000095'}
2023-08-25 14:29:57,095 - INFO - {'symbol': 'SDPUSDT', 'price': '0.000095'}
2023-08-25 14:29:57,477 - INFO - {'symbol': 'SDPUSDT', 'price': '0.000095'}
2023-08-25 14:29:57,876 - INFO - {'symbol': 'SDPUSDT', 'price': '0.000095'}
2023-08-25 14:29:58,271 - INFO - {'symbol': 'SDPUSDT', 'price': '0.000095'}
2023-08-25 14:29:58,671 - INFO - {'symbol': 'SDPUSDT', 'price': '0.000095'}
2023-08-25 14:29:59,090 - INFO - {'symbol': 'SDPUSDT', 'price': '0.000095'}
2023-08-25 14:29:59,484 - INFO - {'symbol': 'SDPUSDT', 'price': '0.000095'}
2023-08-25 14:29:59,873 - INFO - {'symbol': 'SDPUSDT', 'price': '0.000095'}
2023-08-25 14:30:00,263 - INFO - {'symbol': 'SDPUSDT', 'price': '0.000095'}
2023-08-25 14:30:00,266 - INFO - Heartbeat
2023-08-25 14:31:40,064 - INFO - MOMOV2USDT will be awailable at 2023-08-26 11:00:00 UTC, 20:28:19.935374 from now
2023-08-25 14:32:02,251 - INFO - PEELUSDT will be awailable at 2023-08-26 12:00:00 UTC, 21:27:57.748150 from now
2023-08-25 14:32:03,000 - INFO - Heartbeat
2023-08-25 14:33:03,630 - INFO - Heartbeat
2023-08-25 14:34:04,788 - INFO - Heartbeat
2023-08-25 14:35:09,685 - INFO - Heartbeat
2023-08-25 14:36:10,902 - INFO - Heartbeat
2023-08-25 14:37:14,829 - INFO - Heartbeat
2023-08-25 14:38:16,314 - INFO - Heartbeat
2023-08-25 14:39:50,071 - INFO - PEPECOMMUNITYUSDT will be awailable at 2023-08-25 16:00:00 UTC, 1:20:09.928272 from now
2023-08-25 14:39:50,695 - INFO - Heartbeat
2023-08-25 14:40:54,566 - INFO - Heartbeat
2023-08-25 14:41:56,117 - INFO - Heartbeat
